merchant_id,merchant_name,state,mcc_clean,merchant_category_clean,business_type_clean,city_clean,onboarding_date_clean,merchant_status_clean,avg_ticket_was_negative,declared_avg_ticket_size_clean,settlement_account_on_file
MCH2849,"BHAVSAR, KOTA AND ZACHARIA",Punjab,7011,Hotel / Lodging,Private Limited,Ludhiana,2025-09-23 00:00:00,INACTIVE,False,2432.18,False
MCH4314,Deshmukh Ltd,Punjab,5699,Apparel,Private Limited,Jalandhar,,INACTIVE,False,986.05,True
MCH3899,Goswami-Bath,Telangana,4131,Transportation,Sole Proprietor,Hyderabad,2023-01-14 00:00:00,ACTIVE,True,1271.48,False
MCH4859,VASA-RAJU,Telangana,5812,Restaurant,Sole Proprietor,Hyderabad,2025-03-17 02:59:45,ACTIVE,False,214.0,True
MCH6848,Dora LLC,Tamil Nadu,5311,Department Store,Partnership,Chennai,2025-09-20 22:23:18,ACTIVE,False,1272.49,True
MCH9933,Bali-Zachariah,Rajasthan,5411,Grocery,Sole Proprietor,Jaipur,2023-06-07 00:00:00,ACTIVE,False,1549.0,True
MCH2637,Joshi Group,Tamil Nadu,5999,Misc Retail,Partnership,Chennai,2025-02-20 00:00:00,ACTIVE,True,760.41,False
MCH8708,"Mukherjee, Sami and Purohit",Telangana,5999,Misc Retail,Sole Proprietor,Hyderabad,2026-01-28 00:00:00,SUSPENDED,False,2919.92,False
MCH2430,Bora Group,Punjab,4814,Telecom,Individual,Amritsar,2026-01-27 15:52:53,ACTIVE,False,827.43,True
MCH8556,"Rout, Dhillon and Sinha",Rajasthan,5942,Book Store,Sole Proprietor,Jaipur,2023-05-04 17:49:00,ACTIVE,False,,False
MCH9997,"Kalita, Dass and Balay",Punjab,5999,Misc Retail,Individual,Ludhiana,2023-07-12 00:00:00,ACTIVE,False,2233.91,True
MCH6945,Barad LLC,Punjab,5311,Department Store,Partnership,Ludhiana,2025-09-13 06:55:00,ACTIVE,False,3350.77,False
MCH4323,"Ben, Wagle and Shan",Tamil Nadu,5812,Restaurant,Sole Proprietor,Chennai,2023-05-11 05:53:16,SUSPENDED,False,,True
MCH7645,Majumdar-Nagarajan,Punjab,5912,Medical / Pharmacy,Sole Proprietor,Amritsar,2024-09-21 00:00:00,ACTIVE,False,1396.81,True
MCH9815,"NARASIMHAN, VASA AND GOSWAMI",Delhi,5942,Book Store,Individual,Delhi,2025-11-10 04:53:00,ACTIVE,True,528.91,True
MCH2934,Warri0r-Siba1,Punjab,5999,Misc Retail,Individual,Amritsar,2025-04-07 00:00:00,ACTIVE,False,,False
MCH3140,"Zachariah,RajagopalandSamra",Punjab,4814,Telecom,Private Limited,Amritsar,2023-09-04 17:37:45,ACTIVE,False,363.21,False
MCH2833,Kapoor-Shankar,Punjab,7011,Hotel / Lodging,Sole Proprietor,Jalandar,,ACTIVE,False,474.69,True
MCH5089,Korpal-Parmer,Rajasthan,5311,Department Store,Private Limited,Jaipur,2024-06-14 00:00:00,ACTIVE,False,3730.0,False
MCH9951,Natt Group,Tamil Nadu,5912,Medical / Pharmacy,Partnership,Chennai,2024-02-05 00:00:00,ACTIVE,False,1765.37,True
MCH4962,venkataraman-mannan,Tamil Nadu,5942,Book Store,Private Limited,Chennai,2025-07-15 06:02:14,ACTIVE,False,266.61,True
MCH1541,Bhattacharyya-Hans,West Bengal,7011,Hotel / Lodging,Private Limited,Kolkata,2024-03-24 00:00:00,ACTIVE,False,621.01,True
MCH9993,Chadha-Tailor,Punjab,5942,Book Store,Private Limited,Ludhiana,2026-01-05 00:00:00,INACTIVE,False,2368.65,False
MCH8365,Som-Dhar,Maharashtra,5999,Misc Retail,Individual,Pune,2025-08-30 00:00:00,ACTIVE,False,269.48,False
MCH2536,Divan-Radhakrishnan,Maharashtra,4131,Transportation,Private Limited,Poona,2025-07-09 00:00:00,ACTIVE,False,,True
MCH6777,LALL-DATE,Uttar Pradesh,5411,Grocery,Partnership,Lko,2023-12-20 14:05:11,ACTIVE,False,1143.87,True
MCH8152,chaudhari plc,Punjab,5912,Medical / Pharmacy,Sole Proprietor,Jalandhar,2023-07-24 20:56:00,ACTIVE,False,1648.01,False
MCH2665,"Arora, Bir and Mahal",Uttar Pradesh,5311,Department Store,Sole Proprietor,Lko,2024-11-15 20:23:00,INACTIVE,False,2101.74,True
MCH6326,"Barad,MurtyandTella",Tamil Nadu,5942,Book Store,Private Limited,Chennai,2024-06-22 18:08:00,ACTIVE,True,671.62,True
MCH5563,"Dubey, Wali and Yadav",West Bengal,,,Sole Proprietor,Kolkata,2024-01-28 00:00:00,ACTIVE,False,2198.0,True
MCH3063,Bansal Inc,Rajasthan,4131,Transportation,Individual,Jaipur,2025-07-02 00:00:00,INACTIVE,False,282.67,False
MCH7974,"Verma, Koshy and Bhardwaj",Rajasthan,5411,Grocery,Individual,Jaipur,2023-10-04 00:00:00,ACTIVE,False,460.5,True
MCH5575,Sandal LLC,Tamil Nadu,5411,Grocery,Partnership,Chennai,2024-02-13 00:00:00,ACTIVE,False,5255.72,True
MCH7433,"Sahota, Desai and Sarma",Maharashtra,5999,Misc Retail,Individual,Pune,2024-02-24 00:00:00,ACTIVE,False,867.14,False
MCH1331,"Garg, Bobal and Jain",West Bengal,4131,Transportation,Individual,Kolkata,2024-06-29 00:00:00,ACTIVE,False,3720.61,False
MCH1168,Sekhon Inc,Telangana,5411,Grocery,Sole Proprietor,Hyderabad,2025-07-26 21:06:00,ACTIVE,False,6003.0,False
MCH2698,KalaLLC,Uttar Pradesh,7011,Hotel / Lodging,Individual,Lucknow,2023-08-19 00:00:00,INACTIVE,False,3590.19,True
MCH6451,Chandran Group,Punjab,5311,Department Store,Individual,Jalandar,2025-10-07 00:00:00,INACTIVE,False,165.95,True
MCH2255,Lal Ltd,Rajasthan,5311,Department Store,Individual,Jaipur,2023-05-29 00:00:00,ACTIVE,False,1404.67,True
MCH7312,Ramakrishnan-Banerjee,Maharashtra,5311,Department Store,Sole Proprietor,Mumbai,2024-02-24 11:03:00,ACTIVE,False,977.96,True
MCH8549,"Amb1e, Sangha and C0mar",Punjab,4814,Telecom,Individual,Ludhiana,2026-01-12 00:00:00,ACTIVE,False,1130.69,True
MCH9784,lal ltd,Tamil Nadu,5812,Restaurant,Partnership,Chennai,2024-12-28 05:21:00,ACTIVE,False,1442.84,True
MCH5395,"Dada, Jani and Kaul",Tamil Nadu,5942,Book Store,Partnership,Chennai,2025-03-06 00:00:00,ACTIVE,True,698.53,False
MCH6067,Chaw1a-Gangu1y,Maharashtra,,,Sole Proprietor,Mumbai,2025-12-03 00:00:00,INACTIVE,False,700.95,True
MCH4786,EDWIN PLC,Punjab,5699,Apparel,Individual,Ludhiana,2024-12-15 00:00:00,ACTIVE,False,3435.22,True
MCH3559,Chokshi Inc,Karnataka,5812,Restaurant,Private Limited,Bangalore,2024-12-23 00:00:00,SUSPENDED,True,535.7,True
MCH3955,"Swamy, Dhingra and Sheth",Tamil Nadu,5311,Department Store,Individual,Chennai,2024-11-25 00:00:00,SUSPENDED,False,508.0,False
MCH3558,"Bhattacharyya, Mahal and Setty",Rajasthan,4131,Transportation,Partnership,Jaipur,2023-07-28 00:00:00,ACTIVE,False,4448.97,True
MCH6403,"Sahni, Kapur and Ganesh",Tamil Nadu,,,Private Limited,Chennai,2024-05-30 00:00:00,ACTIVE,False,344.49,False
MCH3455,Singhal LLC,Punjab,5311,Department Store,Individual,Jalandar,2026-01-06 05:10:00,ACTIVE,False,11222.95,False
MCH8578,Bhatt LLC,Maharashtra,4131,Transportation,Sole Proprietor,Poona,2023-08-26 23:42:00,INACTIVE,False,2462.04,True
MCH8716,"Naik, Chada and Divan",Punjab,5999,Misc Retail,Private Limited,Ldh,2023-01-11 00:00:00,ACTIVE,False,225.43,True
MCH9697,Walla Ltd,Karnataka,,,Individual,Bangalore,2025-07-21 00:00:00,ACTIVE,False,1081.86,False
MCH1170,"Wali, Bala and Sanghvi",Karnataka,5311,Department Store,Sole Proprietor,Bangalore,2023-04-01 15:30:00,INACTIVE,False,1109.65,False
MCH8705,"Sahota, Kale and Patil",Delhi,4131,Transportation,Private Limited,Delhi,2024-11-10 00:00:00,ACTIVE,False,1127.21,True
MCH5146,Wadhwa-Swamy,Punjab,5311,Department Store,Partnership,Jalandhar,2023-11-05 00:00:00,ACTIVE,False,,False
MCH7239,Tata-Hayer,Tamil Nadu,7011,Hotel / Lodging,Individual,Chennai,2025-06-09 00:00:00,ACTIVE,False,1929.61,True
MCH3953,"Ray, Minhas and Yohannan",West Bengal,5411,Grocery,Sole Proprietor,Kolkata,2023-03-18 00:00:00,ACTIVE,False,8126.93,True
MCH3697,Cherian LLC,Tamil Nadu,7011,Hotel / Lodging,Individual,Chennai,2023-11-04 13:30:00,ACTIVE,False,2525.65,False
MCH6046,"Palla, Yadav and Bhatnagar",Karnataka,5999,Misc Retail,Individual,Bangalore,2024-03-27 20:41:48,ACTIVE,False,2396.76,False
MCH7759,"SANKARAN, PATEL AND NARAIN",West Bengal,5699,Apparel,Sole Proprietor,Kolkata,2025-10-15 13:32:26,ACTIVE,False,,True
MCH5657,Natt-Goel,Delhi,5999,Misc Retail,Individual,Delhi,,ACTIVE,False,1355.0,False
MCH2432,Parmar-Parmer,West Bengal,4131,Transportation,Individual,Kolkata,,ACTIVE,False,2557.63,False
MCH1358,"CHAUDRY, BARAL AND MODI",Punjab,4131,Transportation,Individual,Ludhiana,2025-06-07 00:00:00,ACTIVE,False,2115.38,True
MCH7337,NATH-NARAYAN,Telangana,5699,Apparel,Individual,Hyderabad,2024-07-28 00:00:00,ACTIVE,False,3029.85,False
MCH9319,LadInc,Punjab,5699,Apparel,Sole Proprietor,Jalandhar,2025-07-20 00:00:00,ACTIVE,False,839.54,True
MCH6329,Srinivas-Banerjee,West Bengal,,,Individual,Kolkata,2024-05-12 00:00:00,ACTIVE,False,199.46,True
MCH3206,Ahuja-Din,Telangana,5311,Department Store,Sole Proprietor,Hyderabad,2026-01-11 13:50:54,ACTIVE,False,1244.0,True
MCH5632,Tandon Ltd,Karnataka,5311,Department Store,Sole Proprietor,Bangalore,2025-05-29 12:56:08,ACTIVE,False,270.52,False
MCH3281,Ranganathan and Sons,West Bengal,5311,Department Store,Partnership,Kolkata,2024-03-01 00:00:00,ACTIVE,True,649.49,True
MCH2978,Deshpande LLC,Uttar Pradesh,7011,Hotel / Lodging,Private Limited,Lucknow,2023-02-01 23:57:31,ACTIVE,False,194.6,True
MCH7219,Dhawan-Saha,Delhi,7011,Hotel / Lodging,Individual,Delhi,2026-01-06 00:00:00,INACTIVE,False,2354.94,True
MCH3757,Chokshi PLC,Rajasthan,4814,Telecom,Private Limited,Jaipur,2025-10-23 10:04:00,ACTIVE,False,2492.69,True
MCH1214,Padmanabhan Gr0up,Punjab,4814,Telecom,Individual,Amritsar,2025-08-24 00:00:00,ACTIVE,True,362.46,False
MCH2249,Bahri-Nagarajan,Punjab,7011,Hotel / Lodging,Sole Proprietor,Ludhiana,2024-11-17 00:00:00,ACTIVE,False,590.8,True
MCH9098,Manda and Sons,Karnataka,5812,Restaurant,Partnership,Bangalore,2024-03-03 16:14:27,ACTIVE,False,870.0,True
MCH7932,SETHI LTD,Karnataka,4814,Telecom,Private Limited,Bangalore,2025-04-20 22:28:00,ACTIVE,False,4410.18,True
MCH3497,"Gokhale, Parmer and Contractor",Punjab,,,Individual,Jalandhar,2023-11-03 21:39:51,ACTIVE,True,403.24,False
MCH8517,"Bandi, Bir and Buch",Delhi,5912,Medical / Pharmacy,Individual,Delhi,2025-05-12 00:00:00,ACTIVE,False,2544.34,True
MCH6890,Pandit-Narasimhan,West Bengal,7011,Hotel / Lodging,Private Limited,Kolkata,2024-04-21 00:00:00,INACTIVE,False,525.87,True
MCH6632,"Om, Mall and Sandhu",Uttar Pradesh,,,Partnership,Lucknow,2023-07-28 00:00:00,SUSPENDED,False,996.13,True
MCH7269,La11-Raman,Uttar Pradesh,4814,Telecom,Private Limited,Lko,2023-10-25 09:50:57,ACTIVE,False,1031.92,True
MCH1492,"PANCHAL, BAIL AND NADKARNI",Rajasthan,5912,Medical / Pharmacy,Sole Proprietor,Jaipur,2024-07-05 00:00:00,SUSPENDED,False,6674.02,False
MCH6115,Padmanabhan-Chahal,Maharashtra,,,Private Limited,Mumbai,2024-03-01 00:00:00,INACTIVE,False,266.65,True
MCH5950,Dey-Raj,Punjab,5999,Misc Retail,Sole Proprietor,Amritsar,2025-11-29 00:00:00,ACTIVE,True,3256.77,True
MCH3556,Andra-Nagar,Maharashtra,5999,Misc Retail,Sole Proprietor,Pune,2025-05-04 18:43:19,ACTIVE,False,1107.13,False
MCH4842,Pa11a LLC,West Bengal,5942,Book Store,Individual,Kolkata,2024-12-19 00:00:00,ACTIVE,False,3127.0,True
MCH2922,Chhabra-Jha,Maharashtra,5999,Misc Retail,Sole Proprietor,Mumbai,2024-10-10 00:00:00,ACTIVE,True,1096.49,True
MCH3604,"Shetty, Bali and Sama",Punjab,5411,Grocery,Partnership,Ludhiana,2023-01-04 01:07:44,ACTIVE,False,394.0,True
MCH9785,Nagarajan PLC,Maharashtra,5699,Apparel,Individual,Mumbai,2025-08-06 00:00:00,ACTIVE,False,2709.78,False
MCH7659,"Pandya, Bakshi and Chaudhary",Tamil Nadu,4131,Transportation,Private Limited,Chennai,2023-04-16 18:19:00,ACTIVE,False,1564.19,True
MCH1600,"warrior, anand and kata",Tamil Nadu,5311,Department Store,Individual,Chennai,2025-10-07 00:00:00,ACTIVE,False,2937.03,True
MCH4029,Kuruvilla and Sons,Maharashtra,5411,Grocery,Private Limited,Pune,,ACTIVE,False,55.43,True
MCH1392,Johal-Gaba,Maharashtra,5912,Medical / Pharmacy,Private Limited,Pune,2024-02-20 00:00:00,INACTIVE,False,4352.7,True
MCH4985,HAYRE AND SONS,Uttar Pradesh,5942,Book Store,Partnership,Lucknow,2023-08-01 00:00:00,ACTIVE,False,1981.89,True
MCH8808,"Kothari, Bansal and Gupta",Karnataka,,,Individual,Bangalore,2025-09-19 01:30:00,ACTIVE,False,380.0,True
MCH2074,D’Alia Inc,Rajasthan,5699,Apparel,Partnership,Jaipur,2025-10-22 19:54:55,ACTIVE,False,1616.2,True
MCH1256,Vala Inc,West Bengal,5912,Medical / Pharmacy,Sole Proprietor,Kolkata,2025-01-17 00:00:00,SUSPENDED,False,1415.24,False
MCH8440,"Chacko, Natarajan and Menon",Maharashtra,5999,Misc Retail,Individual,Mumbai,2025-01-19 00:00:00,ACTIVE,False,775.41,False
MCH3060,Deep-Tata,Punjab,5311,Department Store,Individual,Amritsar,2023-04-17 00:00:00,ACTIVE,True,2601.81,False
MCH4025,Hegde-Sule,Telangana,5311,Department Store,Individual,Hyderabad,,INACTIVE,False,1108.29,True
MCH6970,CHOPRA-LOKE,Rajasthan,5311,Department Store,Partnership,Jaipur,2025-02-13 00:00:00,ACTIVE,False,564.18,False
MCH2850,Reddy-Kara,Rajasthan,4131,Transportation,Private Limited,Jaipur,2024-04-22 00:00:00,ACTIVE,True,953.86,True
MCH3401,chana llc,Tamil Nadu,5411,Grocery,Individual,Chennai,,ACTIVE,False,3703.23,True
MCH1060,"Subramaniam, Rama and Contractor",Telangana,4131,Transportation,Individual,Hyderabad,2024-05-02 09:00:14,ACTIVE,False,480.0,True
MCH9966,"Kara, Chanda and Hayre",West Bengal,4131,Transportation,Individual,Kolkata,2024-01-16 20:22:00,ACTIVE,False,3566.37,True
MCH2723,Purohit-Dani,Punjab,,,Individual,Amritsar,2024-04-16 04:10:00,ACTIVE,False,1384.67,True
MCH1457,Shetty Group,Punjab,5999,Misc Retail,Individual,Jalandar,2025-07-11 00:00:00,ACTIVE,False,1159.43,True
MCH7866,Bhattacharyya and Sons,Delhi,5311,Department Store,Partnership,Delhi,2025-10-31 05:29:00,ACTIVE,False,2522.0,True
MCH9528,Kibe-Memon,Delhi,5699,Apparel,Sole Proprietor,Delhi,2025-12-07 00:00:00,ACTIVE,False,5399.84,True
MCH3971,Sura PLC,Delhi,7011,Hotel / Lodging,Individual,Delhi,2024-04-17 13:25:57,ACTIVE,False,748.82,False
MCH8031,CHOKSHI LTD,Telangana,7011,Hotel / Lodging,Individual,Hyderabad,2025-07-26 00:00:00,ACTIVE,False,2110.06,True
MCH8431,Bala Group,Punjab,4131,Transportation,Individual,Ldh,2025-05-02 00:00:00,ACTIVE,False,964.23,True
MCH3058,Patla-Padmanabhan,Maharashtra,5942,Book Store,Individual,Pune,2024-10-18 00:00:00,ACTIVE,False,974.77,True
MCH8327,Men0n Ltd,Karnataka,,,Individual,Bangalore,2023-06-18 18:05:34,INACTIVE,False,1670.04,False
MCH2412,Nadig Inc,Telangana,5942,Book Store,Individual,Hyderabad,2024-12-08 07:03:51,ACTIVE,False,144.12,True
MCH2904,IYENGAR-COMAR,Delhi,5999,Misc Retail,Private Limited,Delhi,2026-01-05 00:00:00,ACTIVE,False,1147.91,True
MCH5405,Balan-Sabharwal,Karnataka,5812,Restaurant,Individual,Bangalore,2023-04-07 06:56:55,ACTIVE,False,2280.95,False
MCH3926,Master-Sarin,Telangana,5999,Misc Retail,Individual,Hyderabad,2025-05-08 00:00:00,ACTIVE,False,1913.5,False
MCH8130,"Kale, Kumer and Chand",Punjab,,,Partnership,Ludhiana,2026-02-05 04:03:44,ACTIVE,False,419.61,True
MCH1571,"Rao, Viswanathan and Joshi",Tamil Nadu,4131,Transportation,Sole Proprietor,Chennai,2023-08-03 04:40:51,ACTIVE,False,866.2,False
MCH9626,Gu1ati-Chhabra,Uttar Pradesh,4814,Telecom,Partnership,Lucknow,2025-02-21 13:12:50,ACTIVE,False,880.0,False
MCH2099,"tara, date and thakur",Tamil Nadu,4131,Transportation,Sole Proprietor,Chennai,2023-06-28 00:00:00,ACTIVE,False,1054.15,True
MCH1841,Kadakia-Rao,West Bengal,,,Sole Proprietor,Kolkata,2025-07-01 00:00:00,ACTIVE,False,532.17,True
MCH7901,BALA GROUP,Rajasthan,5812,Restaurant,Partnership,Jaipur,2023-03-02 12:07:59,ACTIVE,False,,True
MCH5570,"Sahni, Bala and Sharma",Delhi,5999,Misc Retail,Individual,Delhi,2025-11-28 06:01:37,SUSPENDED,False,1506.33,False
MCH5328,Dhaliwal Inc,West Bengal,5812,Restaurant,Private Limited,Kolkata,2025-04-19 00:00:00,ACTIVE,False,375.06,False
MCH2408,"Kumar, Din and Sule",Karnataka,5999,Misc Retail,Sole Proprietor,Bangalore,,ACTIVE,True,2001.55,False
MCH9448,"Sant, Manda and Khurana",Punjab,,,Partnership,Jalandhar,2023-10-08 00:00:00,INACTIVE,False,522.0,True
MCH9463,Boase and Sons,Punjab,5942,Book Store,Private Limited,Amritsar,2025-06-01 16:04:50,ACTIVE,False,835.0,True
MCH5882,"Barad, Kara and Gokhale",Tamil Nadu,,,Sole Proprietor,Chennai,2024-09-25 00:00:00,INACTIVE,False,626.5,True
MCH5072,Shroff-Sangha,Rajasthan,5999,Misc Retail,Private Limited,Jaipur,2024-12-08 00:00:00,ACTIVE,False,3955.29,True
MCH2817,Keer and Sons,Punjab,5999,Misc Retail,Private Limited,Ludhiana,2025-05-19 00:00:00,INACTIVE,False,2074.28,True
MCH8984,Sharma Group,Punjab,5812,Restaurant,Private Limited,Ludhiana,2023-06-21 00:00:00,ACTIVE,False,590.58,False
MCH6109,Sampath Ltd,Punjab,4814,Telecom,Individual,Ldh,2026-01-15 23:34:00,ACTIVE,False,399.08,True
MCH5182,"kadakia, raman and badal",Punjab,4131,Transportation,Sole Proprietor,Amritsar,2023-07-15 00:00:00,INACTIVE,False,932.0,True
MCH4839,Sura-Mall,Punjab,,,Private Limited,Ludhiana,2025-12-08 00:00:00,ACTIVE,False,682.13,False
MCH4369,"Gupta,ManeandBhasin",Telangana,5812,Restaurant,Individual,Hyderabad,2025-03-03 00:00:00,ACTIVE,False,950.76,False
MCH3333,Dada PLC,Maharashtra,5999,Misc Retail,Private Limited,Mumbai,2024-03-18 00:00:00,ACTIVE,False,668.0,False
MCH9278,Pant PLC,Karnataka,5942,Book Store,Partnership,Bangalore,2024-06-25 23:31:00,ACTIVE,False,822.0,True
MCH7305,Iyer-Nagi,Maharashtra,5699,Apparel,Individual,Mumbai,2023-08-23 00:00:00,ACTIVE,False,1967.89,False
MCH7912,Sarma-Arya,Uttar Pradesh,5699,Apparel,Private Limited,Lucknow,2025-01-01 00:00:00,ACTIVE,False,1318.64,True
MCH8809,"Doshi, Ghose and Amble",Maharashtra,5411,Grocery,Individual,Mumbai,,ACTIVE,False,3965.67,False
MCH5498,"Gera, Narayan and Sankaran",West Bengal,5311,Department Store,Partnership,Kolkata,2025-11-10 00:00:00,ACTIVE,False,849.49,True
MCH5923,"Banik, Yogi and Seth",Delhi,4814,Telecom,Individual,Delhi,,INACTIVE,False,378.2,True
MCH6450,"Goel, Madan and Gola",Tamil Nadu,5942,Book Store,Individual,Chennai,2025-10-15 00:00:00,SUSPENDED,False,855.0,False
MCH6822,"Sankar, Deol and Goswami",Rajasthan,4814,Telecom,Sole Proprietor,Jaipur,2025-03-31 00:00:00,INACTIVE,True,1194.99,True
MCH5995,Bassi Ltd,Uttar Pradesh,5812,Restaurant,Private Limited,Lko,2024-02-01 00:00:00,ACTIVE,False,2631.68,True
MCH5879,"Sridhar, Sani and Ma11",Telangana,4814,Telecom,Individual,Hyderabad,2025-12-30 20:57:31,ACTIVE,True,3624.48,True
MCH4682,Chaudry LLC,Telangana,4131,Transportation,Individual,Hyderabad,2024-01-28 10:50:34,ACTIVE,True,1772.5,False
MCH1261,"Cheema, Savant and Bakshi",Punjab,5311,Department Store,Sole Proprietor,Ludhiana,2024-06-03 00:00:00,INACTIVE,False,,True
MCH2964,Bala-Sarkar,Punjab,4814,Telecom,Individual,Jalandar,2025-06-20 00:00:00,ACTIVE,False,1298.45,True
MCH5362,"kunda, tiwari and nagi",Rajasthan,5912,Medical / Pharmacy,Private Limited,Jaipur,2024-08-09 20:44:38,INACTIVE,False,1922.99,False
MCH5285,"Yadav, Dhawan and Bahri",Karnataka,5311,Department Store,Individual,Bangalore,2025-08-03 00:00:00,ACTIVE,False,220.0,True
MCH3998,"krish, tak and peri",Punjab,4814,Telecom,Partnership,Ludhiana,2023-08-16 00:00:00,ACTIVE,False,1019.25,False
MCH4926,Shankar Ltd,Telangana,5812,Restaurant,Individual,Hyderabad,2024-12-28 03:14:33,ACTIVE,False,,True
MCH9424,Sur-Bajaj,Karnataka,5311,Department Store,Sole Proprietor,Bangalore,2025-04-18 00:00:00,ACTIVE,False,1902.79,True
MCH7504,Balay PLC,Tamil Nadu,7011,Hotel / Lodging,Individual,Chennai,2025-10-24 10:34:44,ACTIVE,False,1030.01,True
MCH2504,Mittal Ltd,Maharashtra,5999,Misc Retail,Individual,Pune,2024-12-29 00:00:00,INACTIVE,False,1689.96,True
MCH8484,"Grover, Swamy and Johal",West Bengal,5912,Medical / Pharmacy,Private Limited,Kolkata,2023-08-17 22:00:16,SUSPENDED,False,1273.08,False
MCH3023,Arora LLC,Karnataka,7011,Hotel / Lodging,Individual,Bangalore,2025-02-03 00:00:00,INACTIVE,False,1722.88,False
MCH4106,Dey and Sons,Telangana,5411,Grocery,Private Limited,Hyderabad,2026-01-31 00:00:00,ACTIVE,False,4216.77,True
MCH6059,Bhargava PLC,Rajasthan,7011,Hotel / Lodging,Private Limited,Jaipur,2025-07-16 00:00:00,SUSPENDED,False,333.57,True
MCH4801,Bhargava-Basak,Uttar Pradesh,5311,Department Store,Sole Proprietor,Lucknow,2025-11-18 06:19:46,ACTIVE,False,2920.36,True
MCH3418,Parsa-Parikh,Telangana,5912,Medical / Pharmacy,Partnership,Hyderabad,2024-07-15 00:00:00,ACTIVE,False,8725.31,True
MCH6052,nayak-wadhwa,Rajasthan,5912,Medical / Pharmacy,Private Limited,Jaipur,2023-07-12 00:00:00,ACTIVE,False,600.38,True
MCH6923,"kumar, hayre and grover",Uttar Pradesh,5942,Book Store,Partnership,Lko,2024-03-12 00:00:00,INACTIVE,False,937.24,True
MCH7749,"dhaliwal, chaudhari and lad",Uttar Pradesh,4131,Transportation,Private Limited,Lko,2023-03-28 01:45:50,ACTIVE,False,472.27,False
MCH7607,"vyas, ramakrishnan and narayanan",Punjab,,,Sole Proprietor,Amritsar,2025-01-02 19:37:48,ACTIVE,False,7039.03,True
MCH4864,Date Ltd,Karnataka,5411,Grocery,Private Limited,Bangalore,2023-12-06 01:02:00,ACTIVE,False,4042.64,True
MCH1843,Edwin and Sons,Delhi,5999,Misc Retail,Sole Proprietor,Delhi,2024-09-19 00:00:00,ACTIVE,False,,False
MCH2559,"Sastry, Dhar and Kibe",Maharashtra,7011,Hotel / Lodging,Partnership,Pune,2023-05-08 00:00:00,ACTIVE,False,1827.84,True
MCH5927,"Hayer, Palla and Ganesh",Uttar Pradesh,5699,Apparel,Private Limited,Lucknow,2024-06-16 00:00:00,ACTIVE,False,3764.09,False
MCH6105,upadhyay plc,West Bengal,7011,Hotel / Lodging,Sole Proprietor,Kolkata,2024-02-07 00:26:26,ACTIVE,False,527.81,False
MCH8782,SWAMY-KHURANA,Punjab,5699,Apparel,Sole Proprietor,Amritsar,2025-04-29 00:00:00,ACTIVE,False,1314.55,False
MCH8019,Chaudhry-Naidu,Rajasthan,5942,Book Store,Private Limited,Jaipur,,ACTIVE,False,888.78,False
MCH6707,Chandra Group,Punjab,4814,Telecom,Private Limited,Ldh,2024-02-10 21:32:02,ACTIVE,False,648.63,False
MCH4743,Ahluwalia-Bansal,Punjab,,,Private Limited,Ludhiana,2023-08-23 00:00:00,INACTIVE,False,486.29,True
MCH4277,"Lad, Krish and Lad",Telangana,4131,Transportation,Private Limited,Hyderabad,2024-06-04 00:00:00,ACTIVE,False,472.96,False
MCH4867,"Nath, Taneja and Dey",Karnataka,5812,Restaurant,Partnership,Bangalore,2024-08-05 00:00:00,ACTIVE,False,726.56,True
MCH4282,PINGLE LTD,Punjab,5311,Department Store,Sole Proprietor,Amritsar,2023-05-26 08:14:58,ACTIVE,False,816.0,False
MCH5737,"Chaudhary, Raghavan and Brahmbhatt",Punjab,5912,Medical / Pharmacy,Individual,Amritsar,2026-02-25 00:00:00,ACTIVE,False,1419.52,False
MCH6519,Mane-Madan,Punjab,5699,Apparel,Partnership,Ludhiana,2024-12-25 00:00:00,ACTIVE,False,978.4,False
MCH2902,"Narang, Varghese and Sur",Punjab,4131,Transportation,Individual,Amritsar,2023-04-11 16:20:00,ACTIVE,False,1675.0,False
MCH8374,"KOHLI, CHAKRABORTY AND WALI",Uttar Pradesh,5942,Book Store,Sole Proprietor,Lucknow,2025-02-16 16:31:03,ACTIVE,False,838.62,False
MCH2217,"Rai, Bala and Shenoy",Maharashtra,5411,Grocery,Individual,Mumbai,2023-08-15 00:00:00,ACTIVE,False,728.77,True
MCH4739,Karpe-Doshi,Uttar Pradesh,5411,Grocery,Individual,Lucknow,2023-10-20 00:00:00,ACTIVE,True,1100.69,True
MCH1345,Bhat Inc,Telangana,5311,Department Store,Private Limited,Hyderabad,2025-01-28 00:00:00,ACTIVE,False,1702.79,True
MCH2493,"Tella, Lata and Tripathi",Rajasthan,4814,Telecom,Individual,Jaipur,2023-10-28 00:00:00,ACTIVE,True,4200.08,True
MCH2471,Das Group,Punjab,5942,Book Store,Individual,Jalandhar,2024-05-30 00:00:00,ACTIVE,False,3177.16,True
MCH8854,Kohli-Aurora,Tamil Nadu,4131,Transportation,Private Limited,Chennai,2023-12-04 00:00:00,ACTIVE,True,429.48,True
MCH5056,subramaniam plc,Karnataka,5411,Grocery,Partnership,Bangalore,,SUSPENDED,False,473.92,True
MCH8225,Bedi-Date,Maharashtra,,,Private Limited,Poona,2024-02-28 00:00:00,ACTIVE,False,2289.3,True
MCH2118,Jani-Subramaniam,Punjab,5942,Book Store,Partnership,Ludhiana,2024-05-30 00:00:00,ACTIVE,False,1546.09,True
MCH6738,"Jain, Kothari and Subramanian",Delhi,4814,Telecom,Individual,Delhi,2025-12-06 23:26:23,INACTIVE,False,1846.61,True
MCH7699,chakraborty llc,Karnataka,7011,Hotel / Lodging,Sole Proprietor,Bangalore,2023-01-29 00:00:00,ACTIVE,False,145.86,False
MCH8299,Garde PLC,Rajasthan,5812,Restaurant,Partnership,Jaipur,2023-01-06 00:00:00,ACTIVE,False,1496.13,False
MCH8401,Pandey PLC,Tamil Nadu,,,Partnership,Chennai,2025-09-09 00:00:00,INACTIVE,False,625.0,True
MCH8730,"Bhasin, Mall and Sarraf",Punjab,5999,Misc Retail,Private Limited,Jalandhar,2025-02-13 00:00:00,ACTIVE,False,937.7,True
MCH1375,"sahota, johal and shanker",Punjab,5411,Grocery,Individual,Jalandhar,2025-03-02 00:00:00,SUSPENDED,False,1836.94,True
MCH2655,"Brahmbhatt, Desai and Sangha",Punjab,4814,Telecom,Sole Proprietor,Amritsar,2026-01-04 00:00:00,ACTIVE,False,3102.0,True
MCH5127,Sankar Group,Delhi,7011,Hotel / Lodging,Partnership,Delhi,2024-09-06 00:00:00,ACTIVE,False,2034.47,True
MCH2676,Desai Ltd,Punjab,4814,Telecom,Private Limited,Ludhiana,2025-10-05 00:00:00,ACTIVE,False,399.5,False
MCH9304,Char Ltd,Karnataka,4814,Telecom,Individual,Bangalore,2024-01-05 00:00:00,ACTIVE,False,531.14,False
MCH8051,"saxena, kamdar and kannan",Delhi,5942,Book Store,Partnership,Delhi,2024-10-17 00:00:00,ACTIVE,False,598.72,False
MCH6016,Batta-Roy,Punjab,5942,Book Store,Private Limited,Jalandhar,2023-07-02 00:00:00,ACTIVE,False,3694.66,False
MCH3674,Wason and Sons,Delhi,5812,Restaurant,Individual,Delhi,2025-07-19 21:11:25,ACTIVE,True,582.77,True
MCH7021,"dewan, banerjee and purohit",Karnataka,7011,Hotel / Lodging,Sole Proprietor,Bangalore,2024-07-01 00:00:00,ACTIVE,False,969.81,True
MCH7490,datta ltd,West Bengal,5912,Medical / Pharmacy,Sole Proprietor,Kolkata,2023-11-12 16:38:03,ACTIVE,False,1590.69,False
MCH7430,Pingle-Lata,Uttar Pradesh,5311,Department Store,Individual,Lucknow,2024-09-07 13:29:37,ACTIVE,False,2426.91,True
MCH4477,Edwin Group,Maharashtra,5912,Medical / Pharmacy,Partnership,Poona,2025-12-19 00:00:00,ACTIVE,False,1145.96,False
MCH1772,"Thakur, Talwar and Chahal",Maharashtra,5912,Medical / Pharmacy,Partnership,Pune,2025-11-19 01:49:18,ACTIVE,False,645.09,True
MCH3070,"Patel, Sandal and Sinha",Telangana,4814,Telecom,Individual,Hyderabad,2025-09-18 00:00:00,ACTIVE,False,1706.27,True
MCH3776,"Kapadia, Sathe and Shenoy",Delhi,5311,Department Store,Partnership,Delhi,,ACTIVE,False,1854.99,True
MCH3523,"Khare, Radhakrishnan and Gala",Rajasthan,5812,Restaurant,Individual,Jaipur,2025-12-04 00:00:00,ACTIVE,True,577.79,False
MCH5712,Goda-Kashyap,Punjab,5942,Book Store,Private Limited,Amritsar,2025-01-12 00:00:00,ACTIVE,False,,True
MCH4233,Padmanabhan and Sons,Punjab,5999,Misc Retail,Sole Proprietor,Ludhiana,2025-02-04 00:00:00,ACTIVE,False,1697.48,True
MCH8197,Virk-Venkataraman,West Bengal,5912,Medical / Pharmacy,Sole Proprietor,Kolkata,2024-01-03 00:00:00,ACTIVE,False,964.03,False
MCH8756,Warrior Inc,Punjab,5699,Apparel,Private Limited,Jalandar,2023-10-04 00:00:00,ACTIVE,False,1476.03,True
MCH1863,Sachar-Gokhale,Telangana,5942,Book Store,Private Limited,Hyderabad,2024-03-24 16:08:37,ACTIVE,False,760.42,True
MCH1836,"Nazareth, Bahl and Manda",Telangana,5411,Grocery,Private Limited,Hyderabad,2023-11-15 00:00:00,ACTIVE,False,,True
MCH9918,"Jha, Kumer and Srivastava",Karnataka,5699,Apparel,Sole Proprietor,Bangalore,2024-01-16 02:34:09,INACTIVE,False,902.09,True
MCH7336,Krishnan and Sons,Punjab,5812,Restaurant,Partnership,Jalandhar,2024-09-03 00:09:50,ACTIVE,False,1122.92,True
MCH9307,"Bajwa, Dhawan and Guha",Punjab,,,Sole Proprietor,Jalandar,2024-03-07 00:00:00,ACTIVE,False,468.19,False
MCH8233,Patel Ltd,Punjab,5411,Grocery,Partnership,Jalandar,2024-12-28 17:57:00,ACTIVE,False,1942.94,False
MCH6671,Chandran-Dada,Punjab,5699,Apparel,Partnership,Amritsar,2023-04-12 00:00:00,ACTIVE,False,2579.5,True
MCH9620,prakash group,Punjab,5411,Grocery,Partnership,Ludhiana,2023-02-02 08:54:57,ACTIVE,False,2975.01,False
MCH2769,sehgal plc,Punjab,4814,Telecom,Private Limited,Amritsar,2023-09-19 00:00:00,ACTIVE,False,131.0,True
MCH3618,"Narang, Atwal and Merchant",Maharashtra,,,Sole Proprietor,Mumbai,2023-07-25 00:00:00,ACTIVE,False,1728.22,True
MCH2165,Venkataraman-Seshadri,Maharashtra,5912,Medical / Pharmacy,Sole Proprietor,Pune,2024-06-26 00:00:00,ACTIVE,False,137.68,False
MCH1832,Mistry-Chaudhary,Telangana,5999,Misc Retail,Individual,Hyderabad,2024-12-11 00:06:45,INACTIVE,False,448.33,False
MCH1640,Trivedi-Agrawal,Punjab,5411,Grocery,Private Limited,Jalandhar,2025-01-25 11:29:34,ACTIVE,False,2316.65,True
MCH7314,Mahajan-B0rde,Uttar Pradesh,5999,Misc Retail,Partnership,Lucknow,2023-01-05 09:53:50,ACTIVE,False,1003.0,True
MCH8612,KURIAN-GODA,Maharashtra,5812,Restaurant,Sole Proprietor,Mumbai,2023-07-18 06:11:37,ACTIVE,False,1133.93,True
MCH4118,Upadhyay LLC,West Bengal,4131,Transportation,Private Limited,Kolkata,2024-03-16 00:00:00,ACTIVE,False,,False
MCH1197,"Gaba, Wadhwa and Sahni",Maharashtra,5411,Grocery,Private Limited,Mumbai,2024-08-01 00:00:00,ACTIVE,False,488.96,True
MCH1718,Wason-Vaidya,Punjab,5311,Department Store,Private Limited,Jalandhar,2025-04-04 17:19:00,ACTIVE,False,705.66,False
MCH9800,Dasgupta-Sathe,Punjab,7011,Hotel / Lodging,Partnership,Ludhiana,2024-06-13 13:22:14,ACTIVE,False,,True
MCH2198,"Arya, Dalal and Keer",Rajasthan,5812,Restaurant,Private Limited,Jaipur,2023-09-08 16:05:16,ACTIVE,False,2776.31,False
MCH3395,"Boase, Dutt and Sami",Rajasthan,5912,Medical / Pharmacy,Partnership,Jaipur,2024-07-22 00:00:00,INACTIVE,False,619.0,False
MCH3547,RAMANATHAN-DADA,Delhi,5812,Restaurant,Private Limited,Delhi,2025-02-03 00:00:00,ACTIVE,False,5262.6,False
MCH7837,Wali Group,West Bengal,,,Individual,Kolkata,2023-06-03 00:00:00,ACTIVE,False,803.03,False
MCH3890,Tata-Bal,Maharashtra,,,Individual,Poona,2026-02-22 00:00:00,ACTIVE,False,668.0,False
MCH7218,Varghese-Arya,Uttar Pradesh,7011,Hotel / Lodging,Private Limited,Lko,2025-12-25 00:00:00,ACTIVE,False,2725.82,True
MCH2943,Kh0s1a LLC,Maharashtra,5812,Restaurant,Private Limited,Mumbai,2024-03-29 00:00:00,ACTIVE,False,2741.64,True
MCH2083,Patla-Basak,West Bengal,5912,Medical / Pharmacy,Individual,Kolkata,2024-10-08 01:26:00,SUSPENDED,False,556.93,False
MCH3361,Sabharwal-Shah,Punjab,,,Partnership,Jalandhar,2024-01-06 00:00:00,INACTIVE,False,887.23,True
MCH1195,Cherian-Rana,Punjab,4131,Transportation,Sole Proprietor,Jalandhar,2025-09-09 00:00:00,ACTIVE,False,364.17,False
MCH6131,"Dhar, Dada and Bakshi",Karnataka,,,Partnership,Bangalore,2024-03-10 19:58:24,ACTIVE,False,1921.0,True
MCH9996,Kala-Nadkarni,Delhi,5699,Apparel,Private Limited,Delhi,2023-01-03 00:00:00,ACTIVE,False,628.11,True
MCH1164,Goda PLC,Punjab,4131,Transportation,Partnership,Ludhiana,2025-10-27 00:00:00,ACTIVE,False,953.0,False
MCH1956,Sodhi PLC,Punjab,5912,Medical / Pharmacy,Individual,Amritsar,2025-09-28 15:41:51,INACTIVE,False,1459.74,True
MCH8136,Bora Inc,Punjab,7011,Hotel / Lodging,Sole Proprietor,Amritsar,2025-10-27 00:00:00,INACTIVE,False,635.0,True
MCH5366,Bali Ltd,Uttar Pradesh,5311,Department Store,Private Limited,Lucknow,2024-02-25 00:00:00,INACTIVE,False,1551.58,True
MCH2870,"Loyal, Buch and Ghose",Delhi,5812,Restaurant,Sole Proprietor,Delhi,2025-05-27 02:11:43,ACTIVE,False,2213.61,False
MCH5443,LOYAL-NARASIMHAN,West Bengal,7011,Hotel / Lodging,Individual,Kolkata,2023-09-12 04:07:04,ACTIVE,False,1593.65,True
MCH1929,"Bahri,DaraandSaran",Rajasthan,5942,Book Store,Private Limited,Jaipur,2025-12-26 09:06:43,ACTIVE,True,2563.73,True
MCH7851,"Warrior, Hora and Dayal",Punjab,4814,Telecom,Individual,Jalandar,2024-02-07 00:00:00,ACTIVE,False,,True
MCH8407,Dey Group,Uttar Pradesh,4131,Transportation,Individual,Lucknow,2024-07-10 00:00:00,ACTIVE,False,2726.27,False
MCH4104,Sawhney-Suri,Telangana,4814,Telecom,Individual,Hyderabad,2023-12-15 00:00:00,INACTIVE,False,295.0,True
MCH5549,Bahri Ltd,Tamil Nadu,5812,Restaurant,Partnership,Chennai,2023-10-06 00:00:00,ACTIVE,False,1045.04,True
MCH5092,Dubey-Gade,West Bengal,4814,Telecom,Partnership,Kolkata,2023-07-01 00:00:00,ACTIVE,False,730.73,False
MCH4481,Nagi Inc,Maharashtra,5699,Apparel,Partnership,Poona,2023-11-28 12:44:00,ACTIVE,False,2759.79,False
MCH6783,"Deep, Pall and Suri",Uttar Pradesh,5912,Medical / Pharmacy,Individual,Lko,2025-11-28 13:45:00,ACTIVE,False,1131.0,False
MCH7896,Samra LLC,West Bengal,7011,Hotel / Lodging,Private Limited,Kolkata,2023-10-16 00:00:00,SUSPENDED,False,2276.65,True
MCH8600,"KALITA, BAINS AND GANDHI",Delhi,5812,Restaurant,Sole Proprietor,Delhi,2024-07-06 00:00:00,ACTIVE,False,855.0,True
MCH8725,Gala Group,Rajasthan,7011,Hotel / Lodging,Private Limited,Jaipur,2024-08-14 22:49:00,ACTIVE,False,7512.0,True
MCH3280,"Vohra, Bora and Vasa",Maharashtra,5411,Grocery,Private Limited,Pune,2023-10-16 16:01:00,SUSPENDED,False,412.76,False
MCH4809,Viswanathan PLC,West Bengal,7011,Hotel / Lodging,Individual,Kolkata,2023-07-12 14:32:20,ACTIVE,False,1713.6,False
MCH3327,Balay Ltd,Punjab,5912,Medical / Pharmacy,Partnership,Amritsar,2024-06-10 00:00:00,ACTIVE,False,799.92,True
MCH1984,"Lala, Wagle and Bal",Tamil Nadu,5699,Apparel,Partnership,Chennai,2025-01-08 00:00:00,ACTIVE,False,5244.88,False
MCH3824,Chand-Sarna,West Bengal,5812,Restaurant,Sole Proprietor,Kolkata,2025-08-24 00:00:00,ACTIVE,False,733.85,False
MCH2846,"SHA, RAMANATHAN AND KOTA",Rajasthan,5411,Grocery,Individual,Jaipur,2025-09-30 00:00:00,INACTIVE,False,2995.95,True
MCH2576,"Shan,SemandPau",Telangana,5311,Department Store,Partnership,Hyderabad,2023-12-03 00:00:00,ACTIVE,False,472.21,True
MCH3841,"SANDHU, KHOSLA AND GUHA",Karnataka,5999,Misc Retail,Partnership,Bangalore,2024-09-16 00:00:00,INACTIVE,False,2207.18,True
MCH1952,Madan Inc,Tamil Nadu,5942,Book Store,Partnership,Chennai,2024-06-28 00:00:00,INACTIVE,False,1643.17,True
MCH4574,Cherian and Sons,Uttar Pradesh,5311,Department Store,Individual,Lucknow,2024-08-31 00:00:00,ACTIVE,False,789.16,True
MCH5841,Nori Group,Maharashtra,5912,Medical / Pharmacy,Sole Proprietor,Mumbai,2023-01-11 06:18:00,ACTIVE,False,466.44,False
MCH4530,"BHANDARI, RAMAKRISHNAN AND SRINIVASAN",Maharashtra,5812,Restaurant,Partnership,Pune,2023-12-10 00:00:00,ACTIVE,False,669.95,True
MCH1213,Ray LLC,Maharashtra,5912,Medical / Pharmacy,Partnership,Pune,2024-01-07 18:33:52,ACTIVE,False,1556.0,True
MCH5608,raman-behl,Punjab,5812,Restaurant,Individual,Amritsar,2023-10-05 00:00:00,ACTIVE,False,251.88,False
MCH6388,pillai-subramaniam,Punjab,5699,Apparel,Sole Proprietor,Jalandar,2023-04-28 10:55:00,INACTIVE,False,2418.46,True
MCH3755,Hayer and Sons,Maharashtra,5812,Restaurant,Private Limited,Poona,2025-08-02 17:59:03,ACTIVE,False,1098.64,True
MCH8598,"Raghavan, Nadig and Karpe",Maharashtra,5812,Restaurant,Sole Proprietor,Pune,2024-06-16 14:32:56,ACTIVE,False,1385.16,True
MCH4077,Din LLC,Rajasthan,4131,Transportation,Sole Proprietor,Jaipur,2024-09-21 00:00:00,ACTIVE,False,640.73,False
MCH2719,"RANGANATHAN, MALL AND AGGARWAL",Uttar Pradesh,5812,Restaurant,Partnership,Lucknow,2024-05-24 21:02:58,ACTIVE,False,2283.24,False
MCH1004,Pillai-Mohan,Uttar Pradesh,4131,Transportation,Sole Proprietor,Lko,2023-04-08 00:00:00,ACTIVE,False,342.7,True
MCH1275,Kata Group,Uttar Pradesh,7011,Hotel / Lodging,Partnership,Lucknow,2025-09-11 07:33:00,ACTIVE,False,252.53,True
MCH6039,Padmanabhan-Bora,Uttar Pradesh,4814,Telecom,Sole Proprietor,Lucknow,,ACTIVE,False,6727.69,False
MCH5249,Tak Inc,Uttar Pradesh,7011,Hotel / Lodging,Private Limited,Lucknow,2025-03-10 00:00:00,ACTIVE,True,1525.16,False
MCH7876,Yadav-Bansal,Uttar Pradesh,5942,Book Store,Individual,Lucknow,2024-09-22 00:00:00,ACTIVE,True,549.03,False
MCH1725,"Narayanan, Thaker and Sandhu",Rajasthan,5999,Misc Retail,Partnership,Jaipur,2025-02-15 04:37:51,ACTIVE,False,385.5,True
MCH7331,Kala-Loyal,Telangana,5311,Department Store,Sole Proprietor,Hyderabad,2024-05-20 00:00:00,ACTIVE,False,,True
MCH8537,Sunder LLC,Tamil Nadu,4131,Transportation,Private Limited,Chennai,2025-09-16 00:00:00,ACTIVE,False,1072.34,True
MCH6218,chad-bhakta,Tamil Nadu,5411,Grocery,Sole Proprietor,Chennai,2023-12-23 00:00:00,ACTIVE,False,218.0,True
MCH7050,CHAND AND SONS,Karnataka,5912,Medical / Pharmacy,Private Limited,Bangalore,2025-02-04 15:33:07,ACTIVE,False,781.34,True
MCH5701,"Lad, Thakkar and Nazareth",West Bengal,4131,Transportation,Private Limited,Kolkata,,ACTIVE,False,1254.73,True
MCH4287,"Kuruvilla, Chanda and Sood",Punjab,4131,Transportation,Individual,Jalandhar,2025-04-01 00:00:00,ACTIVE,False,1244.04,False
MCH2525,NARAYAN-MALLICK,Punjab,5912,Medical / Pharmacy,Sole Proprietor,Amritsar,2025-03-17 22:22:00,ACTIVE,False,1084.48,False
MCH5842,"Dutt, Trivedi and Dhingra",Punjab,5942,Book Store,Partnership,Amritsar,2024-01-21 11:32:28,ACTIVE,False,182.55,True
MCH5213,Keer-Yadav,Punjab,7011,Hotel / Lodging,Private Limited,Jalandhar,2023-09-04 17:38:00,ACTIVE,False,2157.19,True
MCH9332,Gupta Inc,Maharashtra,5912,Medical / Pharmacy,Private Limited,Pune,2023-09-24 00:00:00,ACTIVE,False,1393.93,False
MCH6651,"CHOUDHRY, SARMA AND SESHADRI",Delhi,7011,Hotel / Lodging,Sole Proprietor,Delhi,2024-10-05 13:55:27,ACTIVE,False,2606.0,True
MCH7521,Boase PLC,West Bengal,4131,Transportation,Sole Proprietor,Kolkata,2026-01-27 00:00:00,ACTIVE,False,880.0,True
MCH7096,Saxena-Kara,Rajasthan,5942,Book Store,Partnership,Jaipur,2025-01-25 02:10:00,ACTIVE,False,1167.73,False
MCH9546,"Mohan, Tak and Dhingra",Punjab,5999,Misc Retail,Sole Proprietor,Amritsar,2024-11-20 10:50:24,ACTIVE,False,1645.26,True
MCH7095,SONI-DUBEY,Maharashtra,5812,Restaurant,Individual,Mumbai,2025-05-01 00:00:00,ACTIVE,False,589.1,False
MCH8889,"Mahal, Edwin and Dasgupta",Maharashtra,5699,Apparel,Sole Proprietor,Poona,2023-03-26 00:00:00,SUSPENDED,True,1329.62,False
MCH4847,Dhillon-Pillay,Uttar Pradesh,7011,Hotel / Lodging,Private Limited,Lucknow,2023-12-10 00:00:00,ACTIVE,False,2178.15,True
MCH3237,Gaba Inc,Delhi,5999,Misc Retail,Sole Proprietor,Delhi,2023-03-06 15:03:00,SUSPENDED,False,,True
MCH4319,"CHAUDHRY, RAJAN AND LAD",Rajasthan,5812,Restaurant,Private Limited,Jaipur,2025-07-13 00:00:00,SUSPENDED,False,1128.44,False
MCH2137,Saran and Sons,Delhi,5699,Apparel,Private Limited,Delhi,2023-11-10 00:00:00,ACTIVE,False,2376.86,False
MCH6219,"Morar, Walla and Behl",Delhi,5912,Medical / Pharmacy,Partnership,Delhi,2024-06-24 00:00:00,ACTIVE,False,4347.57,False
MCH9624,Brar-Chad,Punjab,5311,Department Store,Individual,Amritsar,2025-02-04 00:00:00,SUSPENDED,False,2595.66,True
MCH6299,Pathak-Mukherjee,Delhi,5999,Misc Retail,Individual,Delhi,2025-02-02 00:00:00,ACTIVE,False,256.83,False
MCH6852,Swamy-Srinivas,Tamil Nadu,4814,Telecom,Private Limited,Chennai,,ACTIVE,True,449.44,True
MCH7614,WaliLtd,Maharashtra,5699,Apparel,Individual,Mumbai,2023-07-03 00:00:00,ACTIVE,False,969.0,True
MCH2757,Chhabra-Dugar,West Bengal,5699,Apparel,Sole Proprietor,Kolkata,2025-11-16 00:00:00,ACTIVE,False,1214.2,True
MCH4667,Kapur-Gara,Delhi,5812,Restaurant,Private Limited,Delhi,2025-10-30 17:47:05,ACTIVE,False,1043.72,True
MCH8715,"Raju,LokeandVora",Telangana,5999,Misc Retail,Partnership,Hyderabad,2025-09-14 00:00:00,ACTIVE,False,1332.26,False
MCH9964,Dua Inc,Maharashtra,4131,Transportation,Sole Proprietor,Mumbai,2023-02-06 00:00:00,INACTIVE,False,794.67,False
MCH5447,Chhabra-Bajaj,Telangana,,,Sole Proprietor,Hyderabad,2025-04-08 02:41:21,ACTIVE,False,363.53,True
MCH4928,"NARANG, BEDI AND SACHAR",Punjab,5699,Apparel,Private Limited,Jalandar,2025-09-25 00:00:00,ACTIVE,False,3146.1,False
MCH4398,"BOSE, DHAR AND OZA",Punjab,5812,Restaurant,Individual,Jalandhar,2024-03-06 00:00:00,ACTIVE,False,580.38,True
MCH2997,Mohanty Ltd,Karnataka,7011,Hotel / Lodging,Individual,Bangalore,2024-10-16 00:00:00,ACTIVE,False,2948.35,True
MCH7098,Patla PLC,Rajasthan,4131,Transportation,Individual,Jaipur,2024-11-14 15:07:19,ACTIVE,False,926.0,False
MCH2435,"BADAL, CHADA AND NARANG",Punjab,5699,Apparel,Private Limited,Ludhiana,,ACTIVE,False,2576.23,True
MCH7360,RAJAN-SAHNI,West Bengal,,,Partnership,Kolkata,2023-11-05 00:00:00,INACTIVE,False,1218.43,True
MCH7790,Barman-Roy,Tamil Nadu,5942,Book Store,Sole Proprietor,Chennai,2025-05-28 00:00:00,ACTIVE,False,1525.46,True
MCH1899,Subramaniam-Bedi,Punjab,,,Private Limited,Ludhiana,2025-09-27 00:00:00,ACTIVE,False,,True
MCH7258,"om, swaminathan and ray",Rajasthan,5699,Apparel,Private Limited,Jaipur,2024-07-16 08:10:14,INACTIVE,False,472.89,True
MCH9180,RamaswamyPLC,Maharashtra,5699,Apparel,Individual,Pune,2025-08-08 00:00:00,ACTIVE,True,1761.26,False
MCH6756,Mangal PLC,West Bengal,5812,Restaurant,Individual,Kolkata,2024-12-21 00:00:00,ACTIVE,False,689.85,True
MCH4066,Swaminathan and Sons,Telangana,5311,Department Store,Partnership,Hyderabad,2025-05-24 14:56:00,ACTIVE,False,972.63,False
MCH3199,deshmukh-karnik,Rajasthan,5311,Department Store,Partnership,Jaipur,2023-08-10 00:00:00,ACTIVE,False,2251.19,True
MCH5135,kapoor ltd,Tamil Nadu,5699,Apparel,Partnership,Chennai,2024-02-25 00:00:00,ACTIVE,False,1221.22,True
MCH1894,Setty-Doshi,Karnataka,5812,Restaurant,Partnership,Bangalore,2025-08-11 00:00:00,ACTIVE,False,2961.06,True
MCH9744,Walia Inc,Karnataka,5942,Book Store,Sole Proprietor,Bangalore,2024-06-24 00:00:00,SUSPENDED,False,574.28,True
MCH4325,choudhry llc,Rajasthan,7011,Hotel / Lodging,Private Limited,Jaipur,2023-06-07 00:00:00,INACTIVE,False,,False
MCH1353,Chada and Sons,Rajasthan,4131,Transportation,Partnership,Jaipur,2023-11-25 07:19:00,ACTIVE,False,2641.0,False
MCH6896,Padmanabhan-Purohit,West Bengal,4814,Telecom,Private Limited,Kolkata,2025-09-10 00:00:00,ACTIVE,False,1862.46,True
MCH7953,Deep Group,Maharashtra,5411,Grocery,Sole Proprietor,Mumbai,2025-08-07 00:00:00,ACTIVE,False,1668.75,True
MCH4248,"Bahl, Prashad and Reddy",Uttar Pradesh,5311,Department Store,Sole Proprietor,Lucknow,2025-06-30 00:00:00,ACTIVE,False,4921.5,False
MCH3613,LAD-CHACKO,Rajasthan,4814,Telecom,Private Limited,Jaipur,2025-04-02 00:00:00,ACTIVE,False,466.16,True
MCH6188,"Batta, Choudhary and Bhalla",West Bengal,4131,Transportation,Private Limited,Kolkata,2026-01-09 00:00:00,ACTIVE,False,163.0,True
MCH3598,Kapur-Sahni,Karnataka,4814,Telecom,Private Limited,Bangalore,2024-12-07 15:58:25,ACTIVE,False,7252.05,True
MCH3255,"Shah, Kala and Sarraf",Punjab,7011,Hotel / Lodging,Private Limited,Jalandhar,2024-06-09 00:00:00,ACTIVE,False,807.0,True
MCH3684,Chahal-Reddy,Delhi,,,Partnership,Delhi,,ACTIVE,False,629.48,False
MCH9858,"Memon, Mohanty and Ghosh",Maharashtra,4131,Transportation,Sole Proprietor,Mumbai,2025-12-11 20:43:32,ACTIVE,False,911.0,True
MCH4023,"Dhaliwal, Dugar and Vasa",Tamil Nadu,5942,Book Store,Partnership,Chennai,2023-01-02 00:00:00,ACTIVE,True,2123.31,True
MCH5017,"Datta, Sinha and Pat1a",West Bengal,7011,Hotel / Lodging,Sole Proprietor,Kolkata,2024-11-25 00:00:00,ACTIVE,False,617.0,True
MCH9109,"Som, Mittal and Wable",Punjab,5699,Apparel,Partnership,Amritsar,2024-11-08 00:00:00,ACTIVE,False,553.0,True
MCH2063,Bhavsar Gr0up,Tamil Nadu,4131,Transportation,Private Limited,Chennai,2025-10-10 15:34:00,ACTIVE,False,2405.73,False
MCH7802,Venkatesh LLC,Uttar Pradesh,5912,Medical / Pharmacy,Partnership,Lucknow,2024-04-12 13:06:25,ACTIVE,False,1493.43,True
MCH4022,Varughese-Taneja,Karnataka,5699,Apparel,Individual,Bangalore,2025-12-12 06:48:08,SUSPENDED,False,724.48,True
MCH6163,Mani Ltd,Telangana,5942,Book Store,Partnership,Hyderabad,2025-10-30 00:00:00,ACTIVE,False,2298.3,True
MCH1438,"Memon, Chaudhuri and Choudhry",Punjab,5812,Restaurant,Sole Proprietor,Amritsar,2024-05-17 00:00:00,ACTIVE,False,2393.0,False
MCH7794,Kalita PLC,Delhi,5912,Medical / Pharmacy,Partnership,Delhi,2025-01-05 18:59:00,ACTIVE,False,622.63,True
MCH4947,M0han-Sah0ta,Maharashtra,4131,Transportation,Individual,Mumbai,2025-04-22 00:00:00,ACTIVE,False,1906.18,True
MCH2748,"Banerjee, Wason and Dyal",Maharashtra,5812,Restaurant,Private Limited,Pune,2023-11-16 23:24:41,ACTIVE,False,1037.44,True
MCH7651,Sur Inc,Punjab,5912,Medical / Pharmacy,Sole Proprietor,Jalandhar,2025-07-24 13:48:53,ACTIVE,False,1138.07,True
MCH3093,"DUBE, VENKATESH AND JHA",West Bengal,5999,Misc Retail,Private Limited,Kolkata,2024-10-22 10:22:00,ACTIVE,False,1107.0,True
MCH1494,Joshi-Bala,Maharashtra,5311,Department Store,Sole Proprietor,Mumbai,2023-12-07 00:00:00,ACTIVE,False,997.33,True
MCH2548,ANNE LLC,West Bengal,5812,Restaurant,Partnership,Kolkata,2024-03-28 00:00:00,ACTIVE,False,2367.01,False
MCH7306,Devi-Narang,Delhi,4131,Transportation,Individual,Delhi,2024-10-20 05:44:44,ACTIVE,False,539.76,True
MCH3983,"Magar, Tara and Gera",Punjab,5912,Medical / Pharmacy,Sole Proprietor,Amritsar,2024-12-15 02:44:24,ACTIVE,False,511.0,True
MCH4587,Karnik and Sons,Rajasthan,5311,Department Store,Partnership,Jaipur,2025-02-07 00:00:00,ACTIVE,False,2493.1,False
MCH3555,Chaudhari-Dutta,West Bengal,5311,Department Store,Partnership,Kolkata,2023-03-31 00:00:00,ACTIVE,False,712.21,True
MCH8994,Shukla-Manne,West Bengal,,,Partnership,Kolkata,2025-11-22 15:26:14,ACTIVE,False,2951.22,True
MCH3240,"roy, dash and bobal",Maharashtra,5411,Grocery,Partnership,Pune,2023-11-13 00:00:00,ACTIVE,False,1077.02,True
MCH1417,"sekhon, parsa and bandi",Maharashtra,4814,Telecom,Sole Proprietor,Mumbai,2026-01-26 00:00:00,ACTIVE,False,1501.66,False
MCH4322,Patla PLC,Maharashtra,4814,Telecom,Private Limited,Pune,2025-10-17 00:00:00,ACTIVE,False,274.0,True
MCH1130,"K0thari, Singh and Sura",Punjab,5311,Department Store,Sole Proprietor,Ldh,2025-09-20 00:31:00,ACTIVE,False,3514.91,False
MCH5559,Muni-Raval,Punjab,5411,Grocery,Private Limited,Jalandhar,2026-01-21 00:00:00,ACTIVE,False,723.26,False
MCH5695,Divan Inc,Telangana,5699,Apparel,Individual,Hyderabad,2025-08-20 19:03:23,ACTIVE,False,,True
MCH4475,"Ray, Kulkarni and Suresh",Punjab,5311,Department Store,Private Limited,Ludhiana,2024-03-03 00:00:00,ACTIVE,False,3417.23,True
MCH8410,Kade LLC,Uttar Pradesh,5411,Grocery,Partnership,Lko,2024-11-08 00:00:00,ACTIVE,False,893.08,True
MCH5478,"Prashad, Tripathi and Bala",Rajasthan,4814,Telecom,Private Limited,Jaipur,2024-06-14 00:00:00,ACTIVE,False,3789.33,True
MCH1616,"Suresh, Borra and Ganesh",Tamil Nadu,4814,Telecom,Individual,Chennai,2023-11-10 00:00:00,ACTIVE,False,2818.0,False
MCH5237,Deep-Raja,Maharashtra,5999,Misc Retail,Individual,Mumbai,2025-02-13 16:43:39,ACTIVE,False,986.24,True
MCH4956,Kant-Setty,Rajasthan,5411,Grocery,Sole Proprietor,Jaipur,2025-01-22 00:00:00,ACTIVE,False,6450.59,True
MCH3966,NATH-DIXIT,Maharashtra,5411,Grocery,Partnership,Pune,2023-08-21 00:00:00,ACTIVE,False,1005.47,True
MCH6331,Wagle-Sinha,Karnataka,5912,Medical / Pharmacy,Sole Proprietor,Bangalore,2024-05-10 06:43:00,ACTIVE,False,2605.3,True
MCH7185,agarwal plc,Maharashtra,7011,Hotel / Lodging,Individual,Pune,2025-08-26 00:00:00,ACTIVE,False,1255.08,False
MCH9884,Sidhu Group,Tamil Nadu,7011,Hotel / Lodging,Partnership,Chennai,2023-10-27 00:00:00,ACTIVE,False,1570.58,True
MCH7321,"Krishna, Saraf and Pant",West Bengal,,,Partnership,Kolkata,2024-02-28 10:01:00,ACTIVE,False,954.48,False
MCH8673,Goswami and Sons,Delhi,5812,Restaurant,Private Limited,Delhi,2026-02-25 00:00:00,ACTIVE,False,979.86,True
MCH6919,Mander Ltd,Punjab,5999,Misc Retail,Partnership,Jalandhar,2024-05-02 02:08:00,ACTIVE,False,2549.85,True
MCH7323,Koshy-Comar,Tamil Nadu,5311,Department Store,Sole Proprietor,Chennai,2026-02-15 00:00:00,ACTIVE,False,973.0,False
MCH2236,Yohannan-Chada,West Bengal,5311,Department Store,Private Limited,Kolkata,2023-01-24 08:58:43,INACTIVE,False,5340.64,True
MCH8212,Taneja Ltd,Tamil Nadu,5311,Department Store,Private Limited,Chennai,2023-07-03 00:00:00,INACTIVE,False,2159.07,False
MCH4912,Devi Group,West Bengal,,,Sole Proprietor,Kolkata,2025-07-07 01:25:23,ACTIVE,False,1738.86,True
MCH2580,Rajag0pa1an-S0man,Rajasthan,5812,Restaurant,Private Limited,Jaipur,2023-07-17 00:00:00,ACTIVE,False,7864.69,True
MCH8306,Magar-Gaba,Delhi,4131,Transportation,Private Limited,Delhi,2025-11-22 00:00:00,INACTIVE,False,840.15,False
MCH9973,"Parsa, Loyal and Pai",Uttar Pradesh,4814,Telecom,Partnership,Lko,2024-04-19 00:00:00,ACTIVE,False,1836.29,True
MCH6600,raju inc,Karnataka,7011,Hotel / Lodging,Individual,Bangalore,2025-04-18 00:00:00,ACTIVE,False,484.58,True
MCH5626,"Borah, Bedi and Khalsa",Telangana,7011,Hotel / Lodging,Sole Proprietor,Hyderabad,2026-02-25 00:00:00,SUSPENDED,False,1422.38,False
MCH8570,Reddy Ltd,Telangana,5942,Book Store,Partnership,Hyderabad,2023-03-28 00:00:00,ACTIVE,False,528.1,True
MCH9693,"Babu, Murty and Rao",Maharashtra,5942,Book Store,Sole Proprietor,Pune,2023-07-25 19:48:00,ACTIVE,False,1260.07,True
MCH8744,Prashad LLC,Punjab,5942,Book Store,Individual,Jalandar,2025-03-31 16:57:30,ACTIVE,False,3282.54,True
MCH6033,"Sama, Basak and Majumdar",Telangana,5999,Misc Retail,Private Limited,Hyderabad,2025-03-05 00:00:00,ACTIVE,False,365.0,True
MCH6989,Raju LLC,Rajasthan,5699,Apparel,Individual,Jaipur,2023-11-03 00:00:00,INACTIVE,False,1427.8,True
MCH7400,"Kunda, Ramachandran and Khurana",Maharashtra,5942,Book Store,Private Limited,Pune,2024-02-11 00:00:00,INACTIVE,False,9167.75,False
MCH6449,Chakraborty-Hans,Telangana,5812,Restaurant,Sole Proprietor,Hyderabad,2024-03-01 00:00:00,ACTIVE,False,1506.6,True
MCH2081,Swaminathan and Sons,Punjab,7011,Hotel / Lodging,Individual,Jalandar,2026-02-24 00:00:00,ACTIVE,False,515.0,False
MCH7256,Arora-Raman,Uttar Pradesh,4131,Transportation,Sole Proprietor,Lucknow,2026-02-14 00:00:00,ACTIVE,False,449.65,False
MCH5112,Agarwa1 Ltd,Tamil Nadu,5311,Department Store,Private Limited,Chennai,2026-02-18 00:00:00,ACTIVE,False,782.67,False
MCH3163,Dada-Kalita,Telangana,5912,Medical / Pharmacy,Partnership,Hyderabad,2026-01-16 00:00:00,ACTIVE,False,963.91,False
MCH2589,Dhawan-Thaker,Telangana,5311,Department Store,Sole Proprietor,Hyderabad,2025-12-01 00:00:00,INACTIVE,True,611.95,True
MCH5959,nigam group,Maharashtra,5942,Book Store,Private Limited,Mumbai,2025-06-14 00:00:00,INACTIVE,False,2495.0,True
MCH2899,Sampath-Mannan,Karnataka,5812,Restaurant,Individual,Bangalore,2023-05-27 00:00:00,ACTIVE,True,379.53,False
MCH1465,"Shah, Solanki and Rajagopalan",Uttar Pradesh,5699,Apparel,Individual,Lko,2024-10-04 00:00:00,SUSPENDED,False,725.72,True
MCH9824,Memon-Mistry,Punjab,4814,Telecom,Partnership,Ludhiana,2024-08-16 02:30:46,SUSPENDED,False,837.47,False
MCH1828,Goel PLC,Tamil Nadu,5699,Apparel,Private Limited,Chennai,2025-10-15 00:00:00,ACTIVE,False,4227.93,True
MCH7748,chhabra group,Maharashtra,5812,Restaurant,Individual,Poona,2025-12-26 00:00:00,ACTIVE,False,1602.16,True
MCH5767,pandya inc,Rajasthan,4814,Telecom,Individual,Jaipur,2024-01-09 00:00:00,ACTIVE,False,793.79,True
MCH8058,"Tripathi, Bhagat and Kala",Telangana,5999,Misc Retail,Private Limited,Hyderabad,2024-07-28 00:00:00,ACTIVE,False,259.88,False
MCH3535,"Mammen, Patla and Kala",Rajasthan,4131,Transportation,Sole Proprietor,Jaipur,2025-08-08 00:00:00,ACTIVE,False,1091.98,False
MCH2910,"Mall, Sankaran and Mittal",Delhi,4131,Transportation,Private Limited,Delhi,2025-09-28 00:00:00,ACTIVE,False,3631.28,True
MCH6263,"Bahri, Bajaj and Mander",Tamil Nadu,5942,Book Store,Individual,Chennai,2025-09-10 00:00:00,INACTIVE,False,667.85,False
MCH1270,Tiwari and Sons,Telangana,5311,Department Store,Private Limited,Hyderabad,2023-06-02 14:56:50,ACTIVE,False,1107.02,False
MCH1913,"Sandal, Srinivas and Lata",Uttar Pradesh,5912,Medical / Pharmacy,Partnership,Lko,2023-06-09 00:00:00,ACTIVE,False,468.17,True
MCH3765,Mohanty LLC,Telangana,5311,Department Store,Partnership,Hyderabad,2023-06-20 05:11:20,ACTIVE,False,1911.75,True
MCH6737,Kohli Inc,Punjab,5942,Book Store,Partnership,Ludhiana,2023-07-06 00:00:00,ACTIVE,False,675.29,True
MCH9749,"Vasa, Jha and Babu",Tamil Nadu,7011,Hotel / Lodging,Sole Proprietor,Chennai,2025-04-08 00:00:00,ACTIVE,False,276.87,True
MCH3803,"Tara, Wali and Sachdev",Uttar Pradesh,5942,Book Store,Individual,Lucknow,2025-10-14 23:06:00,ACTIVE,False,2461.72,False
MCH1645,Savant-Singha1,Tamil Nadu,5942,Book Store,Sole Proprietor,Chennai,2024-04-19 00:00:00,ACTIVE,False,337.0,True
MCH6441,Bhatia and Sons,Uttar Pradesh,7011,Hotel / Lodging,Partnership,Lucknow,2025-12-20 07:37:00,ACTIVE,False,995.16,False
MCH2650,Choudhary Ltd,Delhi,5942,Book Store,Individual,Delhi,2024-09-22 00:00:00,INACTIVE,False,1197.2,False
MCH9883,"K0rpa1, Bera and Sachdeva",Karnataka,4814,Telecom,Partnership,Bangalore,2025-07-08 00:00:00,ACTIVE,False,1595.57,False
MCH8663,Khalsa Group,Punjab,,,Partnership,Jalandhar,2023-04-05 00:00:00,INACTIVE,False,338.0,True
MCH1786,"Ganguly, Mammen and Babu",Maharashtra,5411,Grocery,Sole Proprietor,Pune,2025-05-22 00:00:00,ACTIVE,False,1212.0,True
MCH6164,"Bir, Patil and Chahal",Maharashtra,,,Sole Proprietor,Mumbai,2023-03-01 18:39:00,ACTIVE,False,1451.0,True
MCH3997,Bhatia Inc,West Bengal,4814,Telecom,Partnership,Kolkata,2025-01-19 14:57:11,INACTIVE,True,702.23,True
MCH6860,buch plc,West Bengal,5699,Apparel,Private Limited,Kolkata,2025-01-09 00:00:00,ACTIVE,False,364.0,False
MCH8900,Nadkarni-Khare,Uttar Pradesh,5812,Restaurant,Individual,Lucknow,2025-06-11 00:00:00,INACTIVE,False,1349.0,True
MCH2981,"RASTOGI, VARMA AND SARRAF",Uttar Pradesh,5999,Misc Retail,Partnership,Lucknow,2023-10-07 00:00:00,ACTIVE,False,1266.61,True
MCH9554,Kale Ltd,West Bengal,4814,Telecom,Partnership,Kolkata,2025-12-07 00:00:00,SUSPENDED,False,696.0,False
MCH2800,Raja-Naik,Karnataka,5311,Department Store,Private Limited,Bangalore,2024-04-18 00:00:00,INACTIVE,False,1096.85,True
MCH5921,Saraf-Saraf,Rajasthan,7011,Hotel / Lodging,Individual,Jaipur,2025-05-31 15:14:51,INACTIVE,False,352.95,True
MCH3384,GILL-BAKSHI,West Bengal,5999,Misc Retail,Partnership,Kolkata,2023-06-27 00:00:00,ACTIVE,False,1223.35,True
MCH6960,DAS-DHAWAN,Rajasthan,,,Partnership,Jaipur,2023-01-22 00:00:00,ACTIVE,False,1832.0,False
MCH3325,Varty-Vig,West Bengal,5912,Medical / Pharmacy,Partnership,Kolkata,2023-10-29 00:00:00,ACTIVE,False,4212.0,True
MCH2575,Rast0gi-Verma,Maharashtra,5912,Medical / Pharmacy,Individual,Pune,2025-04-09 16:48:12,ACTIVE,False,549.08,True
MCH3348,"Chauhan, Chowdhury and Dhillon",Punjab,5942,Book Store,Individual,Amritsar,2023-12-16 00:00:00,ACTIVE,True,3038.21,True
MCH8842,"Bala, Pillai and Kala",Punjab,5999,Misc Retail,Partnership,Amritsar,2023-04-23 00:00:00,SUSPENDED,False,,True
MCH1473,Lata-Khurana,Telangana,,,Partnership,Hyderabad,,INACTIVE,False,326.76,False
MCH9995,ben-krish,Maharashtra,,,Sole Proprietor,Pune,2025-09-11 20:22:00,ACTIVE,False,2919.94,True
MCH9398,"Soman, Murthy and Mangat",Karnataka,5411,Grocery,Partnership,Bangalore,2026-02-21 00:00:00,ACTIVE,False,5429.9,False
MCH8505,Kamdar-Ghosh,Rajasthan,5942,Book Store,Private Limited,Jaipur,2023-08-02 00:00:00,ACTIVE,False,517.98,True
MCH3780,HEGDE GROUP,Uttar Pradesh,5311,Department Store,Private Limited,Lucknow,2026-02-27 20:38:00,SUSPENDED,False,315.62,True
MCH5762,Hayre and Sons,West Bengal,5942,Book Store,Sole Proprietor,Kolkata,2024-01-05 06:19:29,ACTIVE,False,823.98,True
MCH7108,Krishnan Group,Delhi,5411,Grocery,Sole Proprietor,Delhi,2023-05-14 00:00:00,ACTIVE,False,567.27,False
MCH6035,radhakrishnan-chad,Delhi,5812,Restaurant,Partnership,Delhi,2026-01-25 00:00:00,ACTIVE,False,706.81,False
MCH4693,Dhingra-Bava,Maharashtra,7011,Hotel / Lodging,Private Limited,Mumbai,2024-12-28 01:09:00,ACTIVE,False,3445.16,False
MCH8928,Deo PLC,Tamil Nadu,4131,Transportation,Partnership,Chennai,2024-10-18 05:30:00,ACTIVE,False,1547.93,True
MCH2205,Mannan and Sons,Punjab,5999,Misc Retail,Sole Proprietor,Ludhiana,2023-07-23 00:00:00,INACTIVE,False,490.97,True
MCH4033,Kota PLC,Punjab,5699,Apparel,Individual,Ludhiana,2025-02-23 00:33:29,ACTIVE,True,1305.4,True
MCH3154,Bhardwaj Ltd,Maharashtra,4131,Transportation,Individual,Mumbai,2024-10-28 07:15:31,INACTIVE,False,633.37,True
MCH3548,"Bhakta, Dhaliwal and Comar",Rajasthan,4814,Telecom,Individual,Jaipur,,ACTIVE,False,1931.09,True
MCH6354,"Gulati, Khosla and Peri",Uttar Pradesh,5812,Restaurant,Partnership,Lucknow,2025-08-14 00:00:00,ACTIVE,False,122.8,False
MCH3611,"ratti, sunder and kapoor",Karnataka,4131,Transportation,Private Limited,Bangalore,,ACTIVE,False,787.19,True
MCH3886,Gandhi Inc,West Bengal,5812,Restaurant,Sole Proprietor,Kolkata,2025-12-18 00:00:00,ACTIVE,True,3831.0,True
MCH2357,SHAN LTD,Punjab,5999,Misc Retail,Individual,Jalandhar,2025-06-16 00:00:00,ACTIVE,False,945.26,True
MCH1148,Deep-Manda,Punjab,4131,Transportation,Individual,Amritsar,2025-06-15 00:35:23,ACTIVE,False,3461.0,False
MCH4026,NAGY LTD,West Bengal,5812,Restaurant,Private Limited,Kolkata,,ACTIVE,False,1027.0,False
MCH1522,Mody Inc,Rajasthan,5912,Medical / Pharmacy,Sole Proprietor,Jaipur,2024-08-04 00:00:00,ACTIVE,False,631.57,False
MCH6144,Ravi-Dhingra,Telangana,5912,Medical / Pharmacy,Private Limited,Hyderabad,2023-04-28 00:00:00,ACTIVE,False,2686.0,False
MCH6062,Kata PLC,Maharashtra,5699,Apparel,Sole Proprietor,Mumbai,2025-09-10 00:00:00,ACTIVE,False,9045.0,True
MCH6084,"Jaggi, Ganguly and Mall",Punjab,5699,Apparel,Private Limited,Ludhiana,2023-08-30 00:27:10,ACTIVE,False,1089.53,False
MCH9506,"SAVANT, BAINS AND BALI",Maharashtra,5912,Medical / Pharmacy,Partnership,Poona,2025-01-12 00:00:00,ACTIVE,False,353.01,True
MCH6594,Varkey-Bhatti,Maharashtra,5411,Grocery,Partnership,Poona,2025-01-24 23:13:22,ACTIVE,False,1271.0,True
MCH6013,Date Ltd,Maharashtra,5699,Apparel,Individual,Mumbai,2025-11-12 09:48:09,INACTIVE,False,138.89,True
MCH3388,"Chaudhary, Patel and Bhatti",Delhi,7011,Hotel / Lodging,Partnership,Delhi,2026-02-10 03:56:14,INACTIVE,False,2198.14,False
MCH2382,Parsa-Mandal,Punjab,4814,Telecom,Individual,Jalandhar,2026-01-30 05:50:43,SUSPENDED,False,16892.62,False
MCH9975,Nadkarni-Sane,Delhi,5999,Misc Retail,Sole Proprietor,Delhi,2025-08-02 00:00:00,ACTIVE,False,4465.19,True
MCH5316,Madan Ltd,West Bengal,5311,Department Store,Individual,Kolkata,2023-05-11 17:42:55,ACTIVE,False,706.61,False
MCH3594,Khalsa Inc,Tamil Nadu,5999,Misc Retail,Partnership,Chennai,,ACTIVE,False,381.0,True
MCH4583,Krish-Dar,Maharashtra,5812,Restaurant,Sole Proprietor,Mumbai,2025-11-23 00:00:00,ACTIVE,False,4726.0,True
MCH6165,Sibal-Bora,Rajasthan,7011,Hotel / Lodging,Sole Proprietor,Jaipur,2024-06-17 04:49:02,ACTIVE,True,820.87,True
MCH4417,Nair-Bhavsar,Punjab,5942,Book Store,Private Limited,Jalandhar,2024-10-26 00:00:00,ACTIVE,False,291.65,True
MCH5375,"Zacharia, Krishnamurthy and Talwar",Maharashtra,5699,Apparel,Individual,Pune,2023-02-04 11:37:21,ACTIVE,True,872.85,True
MCH8896,Yadav-Padmanabhan,Telangana,4131,Transportation,Private Limited,Hyderabad,2024-02-05 00:00:00,ACTIVE,False,1243.9,True
MCH7835,"DUGAR, DHAWAN AND DE",Uttar Pradesh,7011,Hotel / Lodging,Private Limited,Lucknow,2023-12-26 12:25:00,SUSPENDED,False,1744.59,False
MCH8334,"Rai,BandiandJayaraman",West Bengal,,,Partnership,Kolkata,2024-08-17 14:07:20,ACTIVE,False,3117.64,True
MCH3758,Dube Ltd,Delhi,5999,Misc Retail,Sole Proprietor,Delhi,2023-09-10 22:18:52,ACTIVE,False,1607.42,True
MCH8412,Sachdeva-Mutti,Karnataka,5311,Department Store,Private Limited,Bangalore,2023-03-01 00:00:00,ACTIVE,False,2327.41,False
MCH7582,Gola Ltd,West Bengal,4131,Transportation,Individual,Kolkata,2024-07-31 16:49:00,ACTIVE,False,1056.25,False
MCH4815,"KARAN, BHATTACHARYYA AND SARAN",West Bengal,5912,Medical / Pharmacy,Private Limited,Kolkata,2025-04-10 08:18:32,ACTIVE,False,1152.86,True
MCH4875,"Sangha, Sodhi and Banik",West Bengal,5999,Misc Retail,Sole Proprietor,Kolkata,2023-03-12 09:59:00,INACTIVE,False,303.18,False
MCH3184,"Sane, Dhawan and Prabhakar",Maharashtra,4814,Telecom,Individual,Mumbai,2023-12-09 00:00:00,ACTIVE,False,1192.54,False
MCH4930,Dasgupta-Dua,Rajasthan,,,Partnership,Jaipur,2025-06-25 14:06:00,ACTIVE,True,1023.36,False
MCH7078,"Vasa, Gade and Viswanathan",Maharashtra,5699,Apparel,Individual,Mumbai,2025-08-17 00:00:00,ACTIVE,False,660.73,True
MCH3593,"Kara,BrarandApte",Maharashtra,4814,Telecom,Private Limited,Mumbai,2023-12-04 15:44:19,ACTIVE,False,474.6,False
MCH8980,SIBAL AND SONS,West Bengal,5999,Misc Retail,Sole Proprietor,Kolkata,,ACTIVE,True,972.53,True
MCH2605,Gera-Karpe,Maharashtra,5699,Apparel,Individual,Mumbai,2026-02-25 00:00:00,ACTIVE,False,1371.0,True
MCH1035,Minhas-Khatri,Maharashtra,5812,Restaurant,Sole Proprietor,Mumbai,2024-01-24 00:00:00,ACTIVE,False,5777.68,True
MCH1458,Chatterjee-Saran,Punjab,,,Sole Proprietor,Jalandar,2025-05-09 00:00:00,INACTIVE,False,658.54,True
MCH2108,Sankar-Desai,Punjab,5912,Medical / Pharmacy,Sole Proprietor,Ludhiana,2023-10-30 00:00:00,SUSPENDED,False,1535.43,True
MCH6726,Boase-Chatterjee,Tamil Nadu,7011,Hotel / Lodging,Individual,Chennai,2024-04-10 07:16:24,SUSPENDED,False,1583.09,False
MCH6966,"Wali, Mand and Prabhakar",Punjab,5942,Book Store,Partnership,Amritsar,2023-10-16 00:00:00,ACTIVE,False,2789.87,False
MCH5370,Lala LLC,Delhi,5311,Department Store,Individual,Delhi,2025-05-07 03:36:09,ACTIVE,False,1448.94,False
MCH7199,MANDA AND SONS,Delhi,5942,Book Store,Sole Proprietor,Delhi,2026-02-10 11:11:00,ACTIVE,False,1077.86,False
MCH2528,Cherian Ltd,Punjab,5999,Misc Retail,Private Limited,Jalandhar,2024-08-03 00:00:00,ACTIVE,False,830.85,False
MCH9160,Som Ltd,Punjab,4814,Telecom,Partnership,Ludhiana,2025-01-29 00:00:00,ACTIVE,False,722.22,True
MCH5776,Varma-Bahri,Maharashtra,5699,Apparel,Individual,Mumbai,2025-04-10 00:00:00,INACTIVE,False,807.85,True
MCH1854,"Sule, Prashad and Balay",Punjab,,,Partnership,Amritsar,2023-09-21 00:00:00,ACTIVE,False,5318.31,True
MCH1936,"Batra, Ramanathan and Din",Telangana,5912,Medical / Pharmacy,Sole Proprietor,Hyderabad,2024-07-16 00:00:00,ACTIVE,False,143.98,True
MCH4486,"Bumb, Kibe and Saraf",Tamil Nadu,4814,Telecom,Private Limited,Chennai,2026-02-14 00:00:00,ACTIVE,False,2112.84,True
MCH3078,"gandhi, rout and sankaran",Karnataka,7011,Hotel / Lodging,Sole Proprietor,Bangalore,2023-07-10 04:10:18,ACTIVE,False,752.09,False
MCH1234,Comar-Kari,Punjab,4131,Transportation,Sole Proprietor,Jalandhar,,ACTIVE,False,1120.89,True
MCH9228,Ram Inc,Telangana,5999,Misc Retail,Individual,Hyderabad,2025-10-19 16:20:00,ACTIVE,False,1661.79,True
MCH4675,"MINHAS, NARAYAN AND BANDI",Punjab,,,Sole Proprietor,Jalandhar,2023-06-15 10:04:37,ACTIVE,False,,False
MCH8603,mane ltd,Punjab,5812,Restaurant,Sole Proprietor,Ludhiana,2023-04-01 16:26:07,ACTIVE,False,258.46,True
MCH8245,"Dhillon, Saran and Kalita",Punjab,7011,Hotel / Lodging,Partnership,Ludhiana,2025-09-06 00:00:00,ACTIVE,False,2778.0,False
MCH9780,"Kibe, Setty and Kaul",Maharashtra,5942,Book Store,Private Limited,Mumbai,2024-07-14 00:00:00,ACTIVE,False,3251.18,True
MCH1020,Garg-Kale,Punjab,4131,Transportation,Sole Proprietor,Amritsar,2023-05-09 00:00:00,ACTIVE,False,1015.68,False
MCH1990,Sawhney-Parekh,Rajasthan,4814,Telecom,Private Limited,Jaipur,2026-01-26 00:00:00,ACTIVE,False,507.78,False
MCH9814,Sekhon-Luthra,Telangana,5411,Grocery,Individual,Hyderabad,2023-06-12 00:00:00,ACTIVE,False,2338.35,False
MCH8177,Soman Inc,West Bengal,5812,Restaurant,Private Limited,Kolkata,2024-03-04 04:33:00,ACTIVE,False,2423.6,True
MCH8726,Rast0gi-Saini,Punjab,5999,Misc Retail,Partnership,Ludhiana,,ACTIVE,False,4900.29,True
MCH1378,Patil-Deshmukh,Tamil Nadu,5311,Department Store,Private Limited,Chennai,2023-10-09 00:00:00,ACTIVE,False,387.99,True
MCH4482,Sawhney-Raman,Punjab,7011,Hotel / Lodging,Private Limited,Ludhiana,,ACTIVE,False,246.88,True
MCH4363,BhagatInc,Punjab,5912,Medical / Pharmacy,Private Limited,Jalandar,2023-07-22 00:00:00,ACTIVE,False,1657.41,True
MCH1422,Merchant and Sons,Telangana,5912,Medical / Pharmacy,Individual,Hyderabad,2023-04-25 00:00:00,ACTIVE,False,4074.0,False
MCH9251,"Venkatesh, Randhawa and Lal",Uttar Pradesh,4131,Transportation,Sole Proprietor,Lucknow,2026-01-02 09:37:10,ACTIVE,False,621.25,True
MCH5829,BATTA LTD,Punjab,5812,Restaurant,Sole Proprietor,Jalandhar,2024-11-07 00:00:00,SUSPENDED,False,690.13,True
MCH6920,"Bhagat, Nadkarni and Dyal",West Bengal,5311,Department Store,Individual,Kolkata,2026-01-01 00:00:00,ACTIVE,False,410.54,True
MCH2078,Chada-Dubey,Karnataka,5311,Department Store,Individual,Bangalore,2025-03-14 00:00:00,ACTIVE,False,1915.85,False
MCH7546,Koshy LLC,Delhi,5912,Medical / Pharmacy,Individual,Delhi,2024-11-17 00:00:00,ACTIVE,False,356.0,True
MCH1904,Sandal Inc,Punjab,4814,Telecom,Individual,Jalandhar,2024-03-23 06:08:07,ACTIVE,False,1398.65,True
MCH4126,"WALI, MAHAL AND PRABHU",Telangana,4131,Transportation,Individual,Hyderabad,2023-12-09 15:51:00,ACTIVE,False,1593.0,True
MCH7222,Verma and Sons,Delhi,4814,Telecom,Individual,Delhi,2023-07-11 00:00:00,INACTIVE,True,4154.85,False
MCH5799,Nagar Inc,Punjab,7011,Hotel / Lodging,Private Limited,Jalandhar,2026-02-16 00:00:00,ACTIVE,False,209.08,True
MCH4943,Sawhney-Dugar,Tamil Nadu,7011,Hotel / Lodging,Sole Proprietor,Chennai,2023-07-16 00:00:00,INACTIVE,False,470.52,False
MCH7978,K0rpa1-Bassi,Punjab,4814,Telecom,Private Limited,Jalandhar,2025-10-26 14:25:48,ACTIVE,False,4486.97,False
MCH9009,"Singhal, Patil and Brar",Punjab,5311,Department Store,Private Limited,Jalandar,2026-02-20 19:57:40,INACTIVE,False,1016.03,True
MCH1947,"Batra, Kar and Sodhi",Karnataka,5699,Apparel,Partnership,Bangalore,2025-08-24 19:46:43,ACTIVE,False,3015.23,True
MCH3742,"Mall, Sarma and Merchant",Punjab,5999,Misc Retail,Partnership,Jalandhar,2025-06-19 08:34:00,ACTIVE,False,330.87,False
MCH4581,"Tailor, Ganesh and Menon",Maharashtra,5812,Restaurant,Partnership,Mumbai,2025-11-02 00:00:00,INACTIVE,False,1137.0,False
MCH3420,"Mani, Kota and Deol",Rajasthan,4131,Transportation,Individual,Jaipur,2024-01-18 11:43:00,INACTIVE,False,453.43,False
MCH2451,"HALDER, KANNAN AND DIXIT",West Bengal,7011,Hotel / Lodging,Private Limited,Kolkata,2025-11-20 00:00:00,INACTIVE,False,610.7,True
MCH8753,"Bhandari, Trivedi and Bora",Telangana,4131,Transportation,Partnership,Hyderabad,2024-12-27 13:54:54,INACTIVE,False,718.79,False
MCH3048,Kala Group,Rajasthan,7011,Hotel / Lodging,Private Limited,Jaipur,2023-11-11 00:00:00,ACTIVE,False,613.58,False
MCH4080,Shenoy-Kashyap,Rajasthan,4814,Telecom,Private Limited,Jaipur,2025-10-04 03:56:06,ACTIVE,False,2043.03,True
MCH6770,CHAUDHARI-DEWAN,Rajasthan,5942,Book Store,Sole Proprietor,Jaipur,,ACTIVE,False,1139.41,False
MCH4008,"deep, rajagopal and tandon",Telangana,,,Private Limited,Hyderabad,2024-06-02 00:03:04,ACTIVE,False,1196.0,False
MCH6764,rama-vora,Telangana,4131,Transportation,Partnership,Hyderabad,2025-08-22 07:58:18,ACTIVE,False,892.82,True
MCH2213,"Dash,SoniandPalla",West Bengal,7011,Hotel / Lodging,Individual,Kolkata,2023-04-30 00:00:00,ACTIVE,False,4392.08,False
MCH6637,Sagar Group,Rajasthan,5311,Department Store,Sole Proprietor,Jaipur,2023-08-16 00:00:00,ACTIVE,True,2926.37,False
MCH9388,"mahajan, dixit and memon",West Bengal,7011,Hotel / Lodging,Partnership,Kolkata,2024-11-21 00:00:00,ACTIVE,False,1507.31,False
MCH5077,"Chauhan, Thakur and Chacko",Rajasthan,5411,Grocery,Individual,Jaipur,2023-11-12 01:16:55,INACTIVE,False,250.88,True
MCH8364,KataPLC,Maharashtra,5912,Medical / Pharmacy,Individual,Mumbai,2023-11-21 12:44:00,ACTIVE,False,753.31,False
MCH5438,"Krishna, Vohra and Ghose",Tamil Nadu,5912,Medical / Pharmacy,Sole Proprietor,Chennai,2023-12-11 12:58:00,ACTIVE,False,1326.9,True
MCH4427,Deshpande LLC,Maharashtra,5812,Restaurant,Private Limited,Mumbai,2023-02-05 00:00:00,ACTIVE,False,1587.13,True
MCH4462,"Koshy, Badal and Nayar",Telangana,5699,Apparel,Individual,Hyderabad,2025-01-17 00:00:00,ACTIVE,False,937.0,True
MCH3845,Hora-Bath,Karnataka,4131,Transportation,Individual,Bangalore,2024-08-16 14:46:25,ACTIVE,False,2098.39,True
MCH8109,"Nadkarni, Sawhney and Singh",Delhi,5912,Medical / Pharmacy,Partnership,Delhi,2024-04-28 00:00:00,ACTIVE,False,5729.0,True
MCH1384,Naidu-Bhatti,Punjab,5812,Restaurant,Individual,Ludhiana,2024-03-04 00:00:00,ACTIVE,False,3910.34,False
MCH8066,Sane-Shukla,Punjab,5411,Grocery,Partnership,Amritsar,2023-08-03 00:00:00,ACTIVE,True,665.07,True
MCH1226,Nadkarni Ltd,Punjab,5912,Medical / Pharmacy,Sole Proprietor,Ludhiana,,ACTIVE,False,602.21,False
MCH6386,Mahajan Inc,Punjab,5311,Department Store,Individual,Amritsar,2025-02-03 00:00:00,ACTIVE,False,,False
MCH8380,Gola-Bal,Telangana,4814,Telecom,Individual,Hyderabad,2025-10-14 05:29:06,ACTIVE,True,3345.73,True
MCH6408,Gade and Sons,Tamil Nadu,5942,Book Store,Sole Proprietor,Chennai,2024-06-11 00:00:00,ACTIVE,False,4374.58,False
MCH1055,Dhingra-Kapoor,Karnataka,5311,Department Store,Partnership,Bangalore,2024-12-30 03:08:34,ACTIVE,True,770.74,True
MCH8512,Luthra-Bhasin,Uttar Pradesh,4131,Transportation,Sole Proprietor,Lucknow,2025-07-22 00:00:00,ACTIVE,False,2579.73,False
MCH6635,Sehgal Inc,Karnataka,5812,Restaurant,Private Limited,Bangalore,,ACTIVE,False,1810.23,False
MCH4355,Sur-Pandit,Uttar Pradesh,5699,Apparel,Partnership,Lucknow,2023-04-18 00:00:00,ACTIVE,False,,True
MCH3266,"Lalla, Baral and Pau",Tamil Nadu,5311,Department Store,Private Limited,Chennai,2025-09-17 12:56:00,ACTIVE,False,1627.34,True
MCH7780,Jain PLC,Uttar Pradesh,5912,Medical / Pharmacy,Sole Proprietor,Lucknow,2025-07-19 13:23:49,INACTIVE,False,,False
MCH9051,"Gara, Keer and Padmanabhan",Karnataka,4814,Telecom,Sole Proprietor,Bangalore,2023-07-16 00:00:00,ACTIVE,False,1715.14,True
MCH3296,Sampath-Chopra,Karnataka,5999,Misc Retail,Individual,Bangalore,2025-11-18 00:00:00,ACTIVE,False,1074.2,True
MCH4194,Srinivasan-Lala,Punjab,4131,Transportation,Individual,Ldh,2025-08-15 00:00:00,ACTIVE,False,2059.54,False
MCH4708,Loke-Ganesan,Punjab,5999,Misc Retail,Sole Proprietor,Jalandar,2024-02-22 19:47:00,ACTIVE,False,1266.56,False
MCH7027,"Vyas, Ghose and Narasimhan",Telangana,5311,Department Store,Sole Proprietor,Hyderabad,2023-04-05 00:00:00,ACTIVE,False,860.0,True
MCH7033,Mani and Sons,Maharashtra,5699,Apparel,Partnership,Mumbai,2023-07-06 00:00:00,ACTIVE,False,2767.54,False
MCH7731,DalalPLC,Tamil Nadu,7011,Hotel / Lodging,Individual,Chennai,2024-05-25 00:00:00,ACTIVE,False,2899.19,False
MCH5944,Arya Inc,Rajasthan,5699,Apparel,Partnership,Jaipur,2025-03-31 04:07:17,ACTIVE,False,394.63,False
MCH4459,Agate-Majumdar,Tamil Nadu,4131,Transportation,Sole Proprietor,Chennai,2025-07-29 00:00:00,ACTIVE,False,210.85,True
MCH1321,Borah-Dhaliwal,Punjab,7011,Hotel / Lodging,Sole Proprietor,Amritsar,2025-12-06 00:00:00,ACTIVE,False,7973.89,True
MCH3030,"Sengupta, Bhagat and Kota",Tamil Nadu,5942,Book Store,Private Limited,Chennai,2025-09-07 00:00:00,ACTIVE,False,194.19,False
MCH2654,saxena-sarkar,Maharashtra,4814,Telecom,Sole Proprietor,Pune,2026-01-10 00:00:00,ACTIVE,False,3080.46,False
MCH5880,"Varty, Ratta and Venkataraman",Punjab,5699,Apparel,Sole Proprietor,Amritsar,2023-06-11 00:00:00,ACTIVE,False,1913.84,True
MCH3987,"Dubey, Aggarwa1 and Mangat",Telangana,5942,Book Store,Individual,Hyderabad,2024-04-20 00:00:00,ACTIVE,False,474.5,True
MCH7318,Keer-Rao,Maharashtra,,,Partnership,Pune,2023-11-27 00:00:00,ACTIVE,False,502.45,True
MCH8729,"Chowdhury, Krishnamurthy and Parekh",West Bengal,5942,Book Store,Private Limited,Kolkata,2024-02-07 00:00:00,ACTIVE,False,870.42,True
MCH3737,Raval-Kurian,Maharashtra,5812,Restaurant,Individual,Mumbai,2026-01-23 00:00:00,ACTIVE,True,352.99,False
MCH5984,acharya-badal,West Bengal,5999,Misc Retail,Sole Proprietor,Kolkata,2023-01-03 00:00:00,ACTIVE,False,515.0,False
MCH6639,Sandal Group,Punjab,5812,Restaurant,Sole Proprietor,Amritsar,2024-05-29 07:36:20,ACTIVE,False,3334.16,True
MCH3917,CHOWDHURY-PANDIT,Telangana,,,Private Limited,Hyderabad,2023-04-02 00:00:00,ACTIVE,True,445.99,True
MCH9306,Zachariah-Anne,Maharashtra,5942,Book Store,Partnership,Mumbai,2026-02-10 00:00:00,ACTIVE,False,1250.09,True
MCH3414,Sahota Ltd,Punjab,4814,Telecom,Private Limited,Amritsar,2025-12-29 00:00:00,ACTIVE,False,1607.54,True
MCH2120,"Yohannan, Patla and Parmer",Delhi,7011,Hotel / Lodging,Partnership,Delhi,2024-01-01 00:00:00,ACTIVE,True,3366.53,True
MCH9104,Goel PLC,Karnataka,5311,Department Store,Private Limited,Bangalore,2025-06-30 21:37:07,ACTIVE,False,2640.29,False
MCH3313,Comar-Sidhu,Uttar Pradesh,5311,Department Store,Sole Proprietor,Lucknow,2023-07-30 00:00:00,INACTIVE,False,408.55,True
MCH8335,Bhatti-Keer,Telangana,,,Sole Proprietor,Hyderabad,2024-03-06 00:00:00,INACTIVE,False,1335.83,False
MCH2332,Toor Inc,Punjab,7011,Hotel / Lodging,Individual,Ludhiana,2023-04-20 08:12:00,ACTIVE,True,3555.73,True
MCH1592,AgateInc,Telangana,5311,Department Store,Private Limited,Hyderabad,2025-01-30 02:00:41,SUSPENDED,False,1072.45,True
MCH3805,Issac-Munshi,Karnataka,5999,Misc Retail,Private Limited,Bangalore,2023-02-19 00:00:00,ACTIVE,False,7651.0,True
MCH8562,Radhakrishnan-Apte,Tamil Nadu,5812,Restaurant,Private Limited,Chennai,2023-12-04 06:47:00,ACTIVE,False,1647.0,False
MCH4099,"Dewan, Rastogi and Jayaraman",Punjab,,,Individual,Ldh,2025-08-06 12:15:48,ACTIVE,False,1926.0,False
MCH5696,Mittal Group,Tamil Nadu,5411,Grocery,Private Limited,Chennai,2024-05-18 00:00:00,ACTIVE,False,2595.13,False
MCH5573,Vora-Natarajan,Delhi,4814,Telecom,Individual,Delhi,,INACTIVE,False,2579.11,False
MCH1793,Jaggi PLC,Delhi,7011,Hotel / Lodging,Sole Proprietor,Delhi,2024-08-21 00:47:16,ACTIVE,False,2705.89,False
MCH2135,"Singh, Talwar and Sur",Punjab,5411,Grocery,Private Limited,Jalandhar,2025-01-15 00:00:00,SUSPENDED,False,704.34,False
MCH7943,Chaudhary-Rana,West Bengal,5912,Medical / Pharmacy,Individual,Kolkata,2024-12-27 00:00:00,ACTIVE,False,3927.63,True
MCH5917,"TARA, BHASIN AND SINGH",Maharashtra,5912,Medical / Pharmacy,Sole Proprietor,Pune,2023-08-26 00:00:00,SUSPENDED,False,443.4,True
MCH1474,"sami, sur and tank",Maharashtra,4131,Transportation,Private Limited,Pune,,ACTIVE,False,1645.61,True
MCH4893,jani-verma,Punjab,4131,Transportation,Partnership,Jalandar,2023-08-11 22:02:04,ACTIVE,False,1601.52,False
MCH9591,BALI GROUP,Punjab,5999,Misc Retail,Sole Proprietor,Ludhiana,2026-01-14 00:00:00,ACTIVE,False,3007.14,False
MCH4972,Seshadri-Dalal,Maharashtra,5311,Department Store,Partnership,Poona,2025-10-03 00:00:00,ACTIVE,True,1064.98,True
MCH1789,Loke-Chanda,Rajasthan,5942,Book Store,Partnership,Jaipur,2023-02-25 00:00:00,ACTIVE,False,15713.68,False
MCH5258,Kibe-Ramanathan,Delhi,,,Partnership,Delhi,2024-08-15 00:00:00,ACTIVE,False,3143.33,True
MCH4805,JOSHI PLC,Telangana,5999,Misc Retail,Sole Proprietor,Hyderabad,2023-08-26 00:00:00,ACTIVE,False,4206.25,False
MCH2861,Hayer Inc,Maharashtra,5311,Department Store,Private Limited,Pune,2024-11-09 19:09:35,ACTIVE,False,676.0,True
MCH8999,"BORDE, REDDY AND MITAL",Punjab,4131,Transportation,Sole Proprietor,Jalandhar,2024-06-30 00:00:00,ACTIVE,True,561.7,True
MCH3279,"Zachariah, Gill and Palla",Maharashtra,5812,Restaurant,Individual,Pune,2025-12-25 00:00:00,ACTIVE,False,,False
MCH1293,"Kohli, Rajan and Nair",Rajasthan,5699,Apparel,Sole Proprietor,Jaipur,2023-09-04 06:47:00,ACTIVE,False,915.17,True
MCH8912,Nagar PLC,Maharashtra,5942,Book Store,Private Limited,Mumbai,2024-02-17 00:00:00,ACTIVE,False,196.56,False
MCH9848,B0rde Inc,Telangana,,,Private Limited,Hyderabad,2024-02-03 00:00:00,ACTIVE,False,1173.29,True
MCH1296,Gaba-Rama,Delhi,5912,Medical / Pharmacy,Individual,Delhi,2023-01-16 00:00:00,ACTIVE,False,2547.8,True
MCH9920,Oommen-Mitra,Rajasthan,5411,Grocery,Private Limited,Jaipur,2024-01-17 00:00:00,ACTIVE,False,767.57,True
MCH8126,"SAXENA, MITRA AND CHADA",Uttar Pradesh,5912,Medical / Pharmacy,Individual,Lucknow,2025-03-12 00:00:00,SUSPENDED,False,844.44,True
MCH8990,Konda-Comar,Karnataka,4131,Transportation,Private Limited,Bangalore,2023-05-12 14:14:04,ACTIVE,False,273.69,False
MCH9952,Vig-Doctor,Uttar Pradesh,,,Private Limited,Lucknow,2024-10-27 00:00:00,ACTIVE,False,856.86,True
MCH6904,Master-Bhat,Maharashtra,5311,Department Store,Partnership,Mumbai,2023-05-08 00:00:00,ACTIVE,False,252.96,False
MCH2691,PATHAK AND SONS,Uttar Pradesh,,,Private Limited,Lucknow,2024-09-06 00:00:00,ACTIVE,False,5340.32,False
MCH5457,Deol PLC,Rajasthan,5942,Book Store,Sole Proprietor,Jaipur,2024-12-30 13:09:01,ACTIVE,False,1085.1,True
MCH2187,Balan and Sons,Karnataka,5999,Misc Retail,Sole Proprietor,Bangalore,2024-10-22 00:00:00,ACTIVE,False,1340.0,False
MCH7157,Bir Inc,Uttar Pradesh,,,Private Limited,Lucknow,2023-04-16 00:00:00,ACTIVE,False,906.12,False
MCH2265,"Bail, Gopal and Khare",Uttar Pradesh,,,Partnership,Lko,2024-08-04 00:00:00,INACTIVE,True,785.4,True
MCH6939,Sampath Ltd,Uttar Pradesh,5999,Misc Retail,Sole Proprietor,Lko,2025-07-01 11:23:00,ACTIVE,False,2962.51,True
MCH3539,"Korpal, Nair and Chana",Maharashtra,5699,Apparel,Sole Proprietor,Mumbai,2024-05-29 00:00:00,INACTIVE,False,2681.05,True
MCH9543,"G0ur, Raju and Dara",Punjab,4131,Transportation,Individual,Amritsar,2024-02-10 00:00:00,ACTIVE,True,458.0,False
MCH5704,RAVEL-TALWAR,Tamil Nadu,4131,Transportation,Sole Proprietor,Chennai,2025-09-25 08:00:41,INACTIVE,True,4204.94,True
MCH4844,Trivedi-De01,Karnataka,7011,Hotel / Lodging,Individual,Bangalore,2024-06-23 06:58:47,ACTIVE,False,798.53,False
MCH7895,Pau PLC,Punjab,,,Individual,Amritsar,2023-06-08 09:45:00,ACTIVE,False,583.0,False
MCH4109,"Lal, Handa and Mammen",West Bengal,5942,Book Store,Individual,Kolkata,2024-07-01 21:55:00,ACTIVE,False,1181.07,False
MCH3682,"Dash, Kashyap and Goda",Punjab,5311,Department Store,Private Limited,Amritsar,2025-12-01 18:10:00,INACTIVE,False,1702.0,True
MCH7933,BaradInc,Punjab,5812,Restaurant,Individual,Amritsar,2025-07-26 00:00:00,INACTIVE,False,1177.0,False
MCH5176,"Samra,SampathandChaudhuri",Punjab,4131,Transportation,Individual,Jalandhar,2025-03-18 00:00:00,ACTIVE,False,905.0,False
MCH5389,sem llc,Rajasthan,4131,Transportation,Partnership,Jaipur,2024-06-16 06:06:18,ACTIVE,False,342.38,True
MCH1439,Chawla Ltd,Tamil Nadu,,,Individual,Chennai,2023-05-10 00:00:00,ACTIVE,False,6190.53,True
MCH6405,Jaggi Ltd,Delhi,5411,Grocery,Partnership,Delhi,2024-01-26 06:23:00,ACTIVE,False,4074.0,True
MCH4308,Natt Group,Delhi,5912,Medical / Pharmacy,Partnership,Delhi,2023-01-16 00:00:00,ACTIVE,False,2114.37,True
MCH1876,"Deol, Sandal and Nagi",Karnataka,5999,Misc Retail,Partnership,Bangalore,2024-04-29 00:00:00,ACTIVE,False,603.93,True
MCH1862,Puri Inc,Maharashtra,4131,Transportation,Individual,Mumbai,2024-11-15 12:30:15,ACTIVE,False,1444.68,True
MCH6979,Tiwari and Sons,Maharashtra,5999,Misc Retail,Sole Proprietor,Mumbai,,ACTIVE,False,2312.0,True
MCH8661,Kapoor and Sons,Maharashtra,,,Partnership,Mumbai,,ACTIVE,False,1762.47,False
MCH6948,"Kala,LokeandSinghal",Karnataka,4814,Telecom,Individual,Bangalore,2025-07-16 00:00:00,ACTIVE,True,752.55,False
MCH9063,"Bhatt, Sabharwal and Devi",West Bengal,5699,Apparel,Sole Proprietor,Kolkata,2023-09-10 00:00:00,INACTIVE,False,,True
MCH3354,"Barad, Ahluwalia and Mahal",Uttar Pradesh,5942,Book Store,Partnership,Lucknow,2026-02-06 09:23:45,ACTIVE,False,906.14,True
MCH3440,"Sahni, Thakur and Kale",Telangana,5411,Grocery,Partnership,Hyderabad,2024-10-14 11:53:00,ACTIVE,False,797.0,True
MCH5553,Salvi-Contractor,West Bengal,5411,Grocery,Individual,Kolkata,2024-03-21 00:00:00,ACTIVE,False,3894.89,False
MCH9941,Bava and Sons,Telangana,5999,Misc Retail,Private Limited,Hyderabad,2024-12-02 03:24:00,ACTIVE,True,2534.64,True
MCH1309,"Jhaveri, Dasgupta and Kata",Maharashtra,5699,Apparel,Individual,Mumbai,2023-09-20 00:00:00,ACTIVE,False,929.23,True
MCH6206,"chander, bawa and setty",Uttar Pradesh,7011,Hotel / Lodging,Sole Proprietor,Lucknow,2025-12-08 05:06:00,ACTIVE,False,1545.95,False
MCH5425,"Bora, Kibe and Yadav",Delhi,4814,Telecom,Individual,Delhi,,SUSPENDED,False,810.1,True
MCH7379,"Doctor, Dyal and Vaidya",Punjab,5912,Medical / Pharmacy,Partnership,Jalandhar,2023-03-07 00:00:00,ACTIVE,False,198.46,True
MCH5787,Bassi Inc,Maharashtra,7011,Hotel / Lodging,Sole Proprietor,Mumbai,2025-06-24 00:00:00,ACTIVE,False,555.97,True
MCH6903,sanghvi-suresh,Maharashtra,5912,Medical / Pharmacy,Sole Proprietor,Pune,2024-12-01 00:00:00,ACTIVE,False,3930.65,True
MCH9521,"soni, bal and thaman",Punjab,5699,Apparel,Partnership,Ludhiana,2023-05-04 07:18:00,INACTIVE,False,155.0,False
MCH8409,"Dua, Naidu and Agate",Maharashtra,4131,Transportation,Individual,Mumbai,2024-09-05 14:57:07,ACTIVE,False,1474.83,False
MCH2495,"sibal, shankar and malhotra",Karnataka,5699,Apparel,Individual,Bangalore,2025-07-20 20:24:00,ACTIVE,False,529.0,False
MCH6155,"Mukhopadhyay, Doshi and Gopal",Punjab,5411,Grocery,Sole Proprietor,Jalandhar,2025-10-03 00:00:00,ACTIVE,True,830.87,True
MCH3051,Hora-Mahajan,Rajasthan,5699,Apparel,Private Limited,Jaipur,2023-03-04 00:00:00,ACTIVE,False,3699.21,False
MCH8619,Salvi-Nazareth,Delhi,5411,Grocery,Sole Proprietor,Delhi,2024-07-25 00:00:00,ACTIVE,False,860.21,False
MCH2494,Sane Ltd,Punjab,5699,Apparel,Partnership,Amritsar,,ACTIVE,False,582.0,True
MCH4963,AtwalLtd,Telangana,5912,Medical / Pharmacy,Sole Proprietor,Hyderabad,2024-09-17 15:34:47,ACTIVE,False,,False
MCH2693,Tandon-Kaur,Tamil Nadu,5311,Department Store,Individual,Chennai,2025-04-06 00:00:00,ACTIVE,False,1966.59,True
MCH8885,"Dhawan,DevanandChokshi",Delhi,5699,Apparel,Individual,Delhi,2025-09-12 04:35:13,ACTIVE,False,,False
MCH8974,"Shukla, Gaba and Sani",Delhi,5912,Medical / Pharmacy,Sole Proprietor,Delhi,2026-02-15 00:00:00,ACTIVE,False,438.78,True
MCH9992,Rajagopalan PLC,Karnataka,7011,Hotel / Lodging,Sole Proprietor,Bangalore,2024-02-07 00:00:00,ACTIVE,False,577.93,True
MCH8450,narayanan llc,Punjab,5912,Medical / Pharmacy,Sole Proprietor,Ldh,,ACTIVE,True,1022.45,True
MCH5642,Ganguly-Kalla,Punjab,5912,Medical / Pharmacy,Private Limited,Jalandar,2025-11-19 00:00:00,ACTIVE,True,870.56,True
MCH6207,"Ganesan, Bajwa and Reddy",Rajasthan,5912,Medical / Pharmacy,Partnership,Jaipur,2023-03-21 00:00:00,ACTIVE,False,391.96,True
MCH8855,"Rau, Dua and Nadkarni",Punjab,5411,Grocery,Private Limited,Ludhiana,2025-06-06 02:15:00,ACTIVE,False,2893.79,True
MCH7324,Grover-Murty,Punjab,5942,Book Store,Partnership,Jalandar,2025-02-12 00:00:00,SUSPENDED,False,1077.62,False
MCH4552,"Palla, Mutti and Jayaraman",Rajasthan,4131,Transportation,Sole Proprietor,Jaipur,2025-07-21 01:20:00,ACTIVE,False,912.53,True
MCH6918,Sant Ltd,Tamil Nadu,4131,Transportation,Private Limited,Chennai,2023-01-15 00:00:00,ACTIVE,False,472.0,False
MCH6228,"Kar, Agarwal and Karpe",Karnataka,5812,Restaurant,Private Limited,Bangalore,2024-08-05 00:00:00,ACTIVE,False,1145.75,False
MCH9688,choudhry llc,Karnataka,5942,Book Store,Sole Proprietor,Bangalore,2023-10-18 00:00:00,ACTIVE,False,825.43,False
MCH1811,Varkey Inc,Karnataka,5311,Department Store,Sole Proprietor,Bangalore,2026-02-25 00:00:00,ACTIVE,False,592.0,False
MCH3501,Chandran-Tripathi,Maharashtra,5999,Misc Retail,Private Limited,Mumbai,,ACTIVE,False,1658.21,True
MCH2218,"Upadhyay, Sharma and Kothari",Uttar Pradesh,7011,Hotel / Lodging,Partnership,Lko,2024-04-23 18:51:00,ACTIVE,True,341.57,True
MCH3587,Sagar-Raval,Punjab,7011,Hotel / Lodging,Partnership,Jalandar,2024-07-31 00:00:00,ACTIVE,False,1064.25,False
MCH5269,"Lala, Raval and Sahni",Punjab,5942,Book Store,Partnership,Jalandhar,2024-10-21 00:00:00,ACTIVE,False,873.0,True
MCH8750,"Bawa, Chatterjee and Sathe",Punjab,7011,Hotel / Lodging,Individual,Ludhiana,2025-11-30 21:13:53,ACTIVE,False,3120.06,True
MCH6425,Pall-Kanda,Delhi,5942,Book Store,Sole Proprietor,Delhi,,ACTIVE,True,1143.39,False
MCH8325,"Kaul, Bumb and Bal",Punjab,5411,Grocery,Sole Proprietor,Amritsar,2025-03-19 00:00:00,INACTIVE,False,183.98,False
MCH5780,"Kumar, Bedi and Borah",Karnataka,5942,Book Store,Individual,Bangalore,2025-01-12 18:36:00,INACTIVE,False,845.88,False
MCH7332,"Mutti, Reddy and Guha",West Bengal,5311,Department Store,Private Limited,Kolkata,2025-05-04 00:00:00,ACTIVE,False,1708.81,True
MCH6332,Shuk1a-Hayre,Uttar Pradesh,5311,Department Store,Sole Proprietor,Lko,2026-01-12 17:50:00,ACTIVE,False,788.91,False
MCH1002,"Apte, Saha and Edwin",Karnataka,5812,Restaurant,Private Limited,Bangalore,2026-01-07 09:01:00,ACTIVE,False,1671.2,True
MCH9383,"Sekhon,PadmanabhanandRege",Tamil Nadu,5942,Book Store,Individual,Chennai,2026-01-24 02:02:00,SUSPENDED,False,2841.0,True
MCH3875,natt ltd,Punjab,5812,Restaurant,Private Limited,Jalandhar,2025-04-07 00:00:00,ACTIVE,False,4372.03,False
MCH9956,"Sanghvi, Ghose and Din",Delhi,5311,Department Store,Private Limited,Delhi,2025-11-29 16:15:00,ACTIVE,False,2309.81,False
MCH3654,Ganesan Ltd,Punjab,5812,Restaurant,Sole Proprietor,Jalandhar,2024-02-11 00:00:00,ACTIVE,False,286.1,True
MCH1073,"Dasgupta,RayandDara",Uttar Pradesh,,,Partnership,Lucknow,2024-09-22 00:00:00,SUSPENDED,False,1002.63,True
MCH4469,mane and sons,Telangana,4131,Transportation,Partnership,Hyderabad,2025-05-18 16:24:00,ACTIVE,False,1447.11,True
MCH7630,"RAMA, KALITA AND JHA",Maharashtra,4131,Transportation,Individual,Mumbai,2025-10-01 00:00:00,ACTIVE,False,2393.0,True
MCH8672,"Ganguly, Sarin and Merchant",Punjab,5311,Department Store,Individual,Jalandhar,2025-06-09 00:00:00,INACTIVE,False,1816.05,True
MCH6302,Gour-Rattan,Telangana,4131,Transportation,Individual,Hyderabad,2024-09-29 00:00:00,ACTIVE,False,966.01,True
MCH1081,Mistry Group,Maharashtra,5812,Restaurant,Private Limited,Mumbai,2025-05-27 00:00:00,ACTIVE,False,2299.04,True
MCH7843,Rastogi-Das,Punjab,5812,Restaurant,Partnership,Amritsar,2025-04-03 00:00:00,ACTIVE,True,1274.89,True
MCH5354,Datta-Vala,Punjab,5812,Restaurant,Partnership,Ludhiana,2023-02-16 01:25:53,ACTIVE,False,2213.0,True
MCH7063,"Garg, Bawa and Hans",Uttar Pradesh,4814,Telecom,Private Limited,Lko,2025-12-28 00:00:00,ACTIVE,False,2717.9,False
MCH6325,"Sathe, Seth and Varghese",Delhi,5311,Department Store,Partnership,Delhi,2025-04-03 00:00:00,INACTIVE,False,422.65,False
MCH8863,Sastry PLC,Maharashtra,4814,Telecom,Individual,Pune,2024-03-08 00:00:00,ACTIVE,False,,False
MCH5080,"Shere, Jha and Sarma",West Bengal,5912,Medical / Pharmacy,Sole Proprietor,Kolkata,2025-02-22 20:56:00,ACTIVE,False,2711.51,False
MCH5630,Srinivas-Doshi,Punjab,7011,Hotel / Lodging,Sole Proprietor,Amritsar,2023-04-28 00:00:00,INACTIVE,False,2338.55,True
MCH2765,Buch LLC,Rajasthan,4814,Telecom,Individual,Jaipur,2024-12-27 22:16:28,ACTIVE,False,132.32,False
MCH3533,Tiwari-Gulati,Maharashtra,7011,Hotel / Lodging,Private Limited,Mumbai,2025-10-07 00:00:00,ACTIVE,False,709.41,True
MCH1191,raval ltd,West Bengal,4814,Telecom,Individual,Kolkata,2023-01-19 00:18:56,INACTIVE,False,1670.52,False
MCH7841,Manda Group,Maharashtra,5942,Book Store,Sole Proprietor,Poona,2024-10-01 00:00:00,ACTIVE,False,14164.49,True
MCH6672,nagarajan inc,Uttar Pradesh,5812,Restaurant,Partnership,Lucknow,2024-10-11 00:00:00,ACTIVE,False,9245.49,False
MCH6999,Solanki PLC,Tamil Nadu,7011,Hotel / Lodging,Partnership,Chennai,2024-02-26 00:00:00,ACTIVE,False,926.71,False
MCH7525,Char-Narayanan,Uttar Pradesh,5942,Book Store,Individual,Lucknow,2025-03-31 00:00:00,ACTIVE,False,424.34,False
MCH9963,Mahajan and S0ns,Rajasthan,5942,Book Store,Partnership,Jaipur,2025-01-19 07:33:36,ACTIVE,False,7342.46,True
MCH2250,"Sachdev, Ma1h0tra and Saraf",Punjab,4131,Transportation,Individual,Ldh,2023-12-17 00:00:00,INACTIVE,False,4090.25,True
MCH7922,Dara LLC,Maharashtra,,,Partnership,Mumbai,2024-05-13 00:00:00,ACTIVE,False,1260.96,True
MCH8346,Sane-Ben,West Bengal,5999,Misc Retail,Private Limited,Kolkata,2024-04-03 00:00:00,ACTIVE,False,2955.96,True
MCH8460,Luthra PLC,Rajasthan,,,Private Limited,Jaipur,2023-03-10 19:52:37,ACTIVE,False,2927.81,True
MCH2926,Sule-Thaker,Karnataka,5942,Book Store,Partnership,Bangalore,2024-12-16 18:18:00,ACTIVE,False,1590.53,True
MCH9839,Natarajan-Keer,Delhi,5812,Restaurant,Individual,Delhi,2025-03-03 12:00:05,ACTIVE,False,2189.15,True
MCH3292,Sehgal-Kapur,Punjab,5912,Medical / Pharmacy,Private Limited,Jalandhar,2025-03-06 00:00:00,ACTIVE,False,751.44,False
MCH1711,"Sastry, Kota and Merchant",Punjab,5411,Grocery,Sole Proprietor,Ludhiana,2023-12-17 08:04:00,ACTIVE,False,1991.22,True
MCH7479,"Wadhwa, Bhatia and Gade",Tamil Nadu,5311,Department Store,Partnership,Chennai,2024-09-14 17:36:50,ACTIVE,False,998.0,True
MCH5483,Khare Inc,Punjab,5311,Department Store,Sole Proprietor,Jalandhar,2025-04-28 14:52:17,ACTIVE,False,827.39,True
MCH7476,Sundaram Ltd,Punjab,5411,Grocery,Sole Proprietor,Ldh,2025-07-09 15:30:17,ACTIVE,False,1389.53,True
MCH3690,Aurora Inc,Karnataka,4131,Transportation,Partnership,Bangalore,2025-04-26 00:00:00,ACTIVE,False,915.55,True
MCH8530,Chopra-Khanna,Telangana,5311,Department Store,Partnership,Hyderabad,,ACTIVE,False,442.28,False
MCH4577,"Atwal, Sura and Bhatti",Telangana,5812,Restaurant,Partnership,Hyderabad,2026-01-03 18:58:00,ACTIVE,False,316.9,True
MCH1704,"Shukla, Hari and Chopra",Uttar Pradesh,4131,Transportation,Sole Proprietor,Lucknow,2023-08-04 00:00:00,INACTIVE,False,2965.45,False
MCH3551,"Chaudry, Toor and Lala",Karnataka,4814,Telecom,Sole Proprietor,Bangalore,2023-12-15 17:19:51,ACTIVE,False,941.64,False
MCH6118,"radhakrishnan, lala and devi",Delhi,5311,Department Store,Sole Proprietor,Delhi,2024-01-06 00:00:00,ACTIVE,False,11547.0,True
MCH3984,"wadhwa, sunder and bobal",Tamil Nadu,7011,Hotel / Lodging,Private Limited,Chennai,2023-08-10 16:06:00,ACTIVE,False,1305.55,True
MCH3723,wagle-dugar,Karnataka,5411,Grocery,Individual,Bangalore,2023-05-31 00:00:00,ACTIVE,False,1906.51,True
MCH8903,Keer-Sagar,Uttar Pradesh,5411,Grocery,Partnership,Lucknow,2024-09-16 00:00:00,ACTIVE,False,841.61,False
MCH3581,"Chadha, Sankaran and Pau",West Bengal,5699,Apparel,Partnership,Kolkata,2024-05-07 00:00:00,ACTIVE,False,,False
MCH8215,"Brar, Ramesh and Kaul",Tamil Nadu,5411,Grocery,Partnership,Chennai,2023-05-23 00:00:00,INACTIVE,False,1544.34,True
MCH6481,Kalita Inc,Maharashtra,4131,Transportation,Private Limited,Mumbai,2024-11-29 00:00:00,ACTIVE,False,1389.63,True
MCH1263,Memon-Choudhary,Telangana,5912,Medical / Pharmacy,Private Limited,Hyderabad,2025-11-27 22:51:46,ACTIVE,False,1888.17,False
MCH2946,Divan Inc,Rajasthan,4814,Telecom,Private Limited,Jaipur,2024-09-22 00:00:00,ACTIVE,False,1246.97,True
MCH6782,Basu PLC,Delhi,5812,Restaurant,Private Limited,Delhi,2025-08-30 00:00:00,ACTIVE,True,406.96,False
MCH4808,padmanabhan-pathak,Uttar Pradesh,5699,Apparel,Sole Proprietor,Lucknow,2024-05-07 18:56:00,INACTIVE,True,262.16,True
MCH2851,Kalla-Jain,Maharashtra,7011,Hotel / Lodging,Individual,Mumbai,2025-11-29 00:00:00,ACTIVE,False,3022.0,True
MCH9029,Hayre and Sons,Punjab,5311,Department Store,Individual,Amritsar,2025-11-19 00:00:00,ACTIVE,False,,False
MCH2529,Sheth-Pal,Uttar Pradesh,5942,Book Store,Individual,Lucknow,2023-08-23 00:00:00,ACTIVE,False,1398.37,True
MCH5523,Behl Inc,Uttar Pradesh,5699,Apparel,Individual,Lucknow,2025-06-15 00:02:44,ACTIVE,False,2946.06,True
MCH2264,"Sule, Sarma and Sur",Delhi,5311,Department Store,Individual,Delhi,2025-10-21 00:00:00,SUSPENDED,False,4017.0,True
MCH3592,"Sem, Chandran and Dara",Delhi,5999,Misc Retail,Sole Proprietor,Delhi,2023-11-15 09:32:00,INACTIVE,True,1166.62,True
MCH2917,Gole-Rau,Tamil Nadu,5812,Restaurant,Sole Proprietor,Chennai,2025-10-10 00:00:00,INACTIVE,True,1917.48,True
MCH9566,Batra-Kaul,Delhi,5311,Department Store,Private Limited,Delhi,2025-11-28 00:00:00,ACTIVE,False,1260.75,True
MCH8902,Sabharwal Ltd,Punjab,5411,Grocery,Sole Proprietor,Amritsar,2024-12-27 00:00:00,ACTIVE,True,270.57,True
MCH7635,Karpe Inc,Maharashtra,4814,Telecom,Partnership,Mumbai,2023-05-11 12:34:38,SUSPENDED,False,6027.41,True
MCH4964,SARKAR-GODA,Maharashtra,5311,Department Store,Private Limited,Poona,2025-07-14 00:00:00,SUSPENDED,False,1517.0,False
MCH1769,"Sekhon, Goswami and Rajan",Uttar Pradesh,4814,Telecom,Sole Proprietor,Lucknow,2025-06-28 07:25:18,ACTIVE,False,1009.67,True
MCH9910,"Karan, Ram and Sengupta",Delhi,5311,Department Store,Individual,Delhi,2025-10-14 00:00:00,ACTIVE,False,191.17,True
MCH2346,Palla-Mannan,Tamil Nadu,5699,Apparel,Partnership,Chennai,2025-04-29 00:00:00,ACTIVE,False,468.76,True
MCH9725,Shan LLC,Uttar Pradesh,5699,Apparel,Individual,Lucknow,2024-12-20 00:00:00,ACTIVE,False,2250.85,True
MCH8203,lad-suresh,Punjab,,,Partnership,Ludhiana,2024-10-16 00:00:00,ACTIVE,False,937.0,True
MCH2478,"Bala, Sane and Som",Telangana,5699,Apparel,Sole Proprietor,Hyderabad,2023-02-15 00:00:00,ACTIVE,False,911.53,True
MCH9921,"Datta, Chatterjee and Khalsa",Karnataka,4131,Transportation,Private Limited,Bangalore,2024-02-22 00:00:00,ACTIVE,False,2964.42,True
MCH1005,SAGAR AND SONS,Punjab,5912,Medical / Pharmacy,Partnership,Ludhiana,2024-02-06 00:00:00,ACTIVE,False,967.53,True
MCH1442,Wadhwa-Walla,Maharashtra,7011,Hotel / Lodging,Private Limited,Pune,2025-12-13 00:00:00,ACTIVE,False,1483.74,False
MCH8660,"Ben, Guha and Sabharwa1",Uttar Pradesh,5812,Restaurant,Sole Proprietor,Lucknow,2025-07-22 00:00:00,ACTIVE,False,,True
MCH8091,"Kata, Mangat and Tiwari",Punjab,5812,Restaurant,Partnership,Amritsar,2023-09-18 00:00:00,INACTIVE,False,723.01,True
MCH4062,Rana Group,Maharashtra,5999,Misc Retail,Individual,Mumbai,2023-09-20 00:00:00,INACTIVE,False,1544.23,True
MCH7880,Ben-Khare,Tamil Nadu,4131,Transportation,Individual,Chennai,2024-01-20 00:00:00,ACTIVE,False,3857.41,False
MCH2791,"Rastogi, Mannan and Sabharwal",Delhi,,,Sole Proprietor,Delhi,2025-08-21 00:00:00,ACTIVE,False,,False
MCH2988,"Mangal, Gokhale and Malhotra",Maharashtra,5812,Restaurant,Sole Proprietor,Mumbai,2023-10-10 10:11:05,ACTIVE,False,3595.96,False
MCH7288,Sandhu Inc,Karnataka,5812,Restaurant,Partnership,Bangalore,2025-02-16 00:00:00,ACTIVE,False,1887.15,False
MCH1277,Deol-Nayak,Karnataka,4131,Transportation,Individual,Bangalore,,ACTIVE,False,1188.0,False
MCH7969,"Karan,BalandKhurana",Uttar Pradesh,4131,Transportation,Individual,Lucknow,2025-04-16 00:00:00,ACTIVE,False,836.32,False
MCH2475,Bains-Sahota,Karnataka,5411,Grocery,Individual,Bangalore,2023-08-16 00:00:00,ACTIVE,True,619.32,True
MCH6429,Doshi Group,Punjab,5699,Apparel,Sole Proprietor,Amritsar,2025-10-15 00:00:00,ACTIVE,False,369.26,True
MCH7751,"Vig, Iyer and Andra",Maharashtra,5311,Department Store,Partnership,Pune,2024-06-28 00:00:00,SUSPENDED,False,590.58,True
MCH4605,BARAD PLC,Maharashtra,5942,Book Store,Sole Proprietor,Pune,2025-06-02 22:03:20,ACTIVE,False,5165.18,True
MCH2212,Parmar Group,Punjab,,,Private Limited,Jalandhar,2025-02-01 07:40:00,ACTIVE,False,4432.56,False
MCH1530,"suresh, kadakia and iyer",Punjab,5912,Medical / Pharmacy,Private Limited,Jalandhar,2024-08-23 14:54:00,ACTIVE,False,158.58,False
MCH4511,"Walla, Kala and Devi",Telangana,4131,Transportation,Sole Proprietor,Hyderabad,2025-03-12 00:00:00,ACTIVE,False,1448.32,True
MCH2313,gulati llc,West Bengal,5999,Misc Retail,Private Limited,Kolkata,2024-06-09 00:00:00,INACTIVE,True,3231.31,True
MCH7394,Brahmbhatt PLC,Delhi,5812,Restaurant,Private Limited,Delhi,2024-07-29 00:00:00,ACTIVE,False,3620.77,True
MCH8724,Sethi-Reddy,Telangana,5411,Grocery,Private Limited,Hyderabad,2025-04-09 00:00:00,INACTIVE,False,425.41,True
MCH7653,Mishra LLC,Punjab,5699,Apparel,Individual,Jalandhar,2025-04-30 00:00:00,ACTIVE,False,7064.16,True
MCH6017,"Loyal, Sidhu and Balay",Punjab,4814,Telecom,Sole Proprietor,Amritsar,2025-08-01 01:30:00,INACTIVE,False,985.33,False
MCH8950,Handa Inc,Maharashtra,4131,Transportation,Partnership,Mumbai,2024-07-31 11:02:32,ACTIVE,False,3860.38,True
MCH5137,Bath-Keer,Karnataka,4814,Telecom,Private Limited,Bangalore,2024-06-11 00:00:00,SUSPENDED,False,634.0,True
MCH2019,WALLA-RANGANATHAN,Karnataka,5999,Misc Retail,Partnership,Bangalore,2024-05-22 00:00:00,ACTIVE,False,1915.39,False
MCH1221,"SASTRY, KAPOOR AND VARUGHESE",Punjab,5812,Restaurant,Partnership,Jalandhar,2025-04-26 00:00:00,INACTIVE,False,3430.0,False
MCH8509,merchant-kalita,Telangana,5411,Grocery,Private Limited,Hyderabad,2025-02-11 00:00:00,ACTIVE,False,329.11,True
MCH4906,Gaba LLC,Rajasthan,5812,Restaurant,Private Limited,Jaipur,2024-01-31 00:00:00,ACTIVE,False,1902.8,False
MCH2022,Nagi-Gala,Tamil Nadu,5999,Misc Retail,Individual,Chennai,2024-04-08 00:00:00,ACTIVE,False,3182.35,False
MCH5768,brar inc,Telangana,5812,Restaurant,Sole Proprietor,Hyderabad,2023-04-04 00:00:00,ACTIVE,False,1354.3,True
MCH9100,Dey-Bandi,Maharashtra,5999,Misc Retail,Sole Proprietor,Mumbai,2023-01-23 11:38:30,ACTIVE,False,707.08,True
MCH7563,Anne and Sons,Punjab,7011,Hotel / Lodging,Private Limited,Amritsar,2023-05-16 00:00:00,ACTIVE,False,300.06,True
MCH7316,TAK LTD,Rajasthan,,,Sole Proprietor,Jaipur,2024-05-26 00:00:00,ACTIVE,False,688.43,True
MCH7030,Shan Ltd,Punjab,5311,Department Store,Individual,Ludhiana,,SUSPENDED,False,466.83,False
MCH1813,Balan-Deo,Maharashtra,5311,Department Store,Partnership,Poona,2024-08-28 00:00:00,ACTIVE,True,610.94,True
MCH9859,Mukherjee-Agate,Punjab,5999,Misc Retail,Sole Proprietor,Jalandar,,ACTIVE,False,158.0,False
MCH3712,Narain-Vaidya,Telangana,7011,Hotel / Lodging,Individual,Hyderabad,2025-07-05 00:23:00,ACTIVE,False,333.0,True
MCH9242,"Kadakia, Yadav and Seshadri",Telangana,7011,Hotel / Lodging,Partnership,Hyderabad,2023-03-10 00:00:00,SUSPENDED,False,1024.36,True
MCH1651,Kumar Inc,Maharashtra,5942,Book Store,Sole Proprietor,Mumbai,2024-09-03 00:00:00,ACTIVE,False,1249.76,True
MCH7133,DinInc,Maharashtra,5411,Grocery,Private Limited,Pune,2023-05-05 02:26:09,INACTIVE,False,,False
MCH6404,Tailor Group,Rajasthan,5999,Misc Retail,Private Limited,Jaipur,2026-02-04 15:32:58,SUSPENDED,False,792.4,False
MCH5884,Raman and Sons,Tamil Nadu,4131,Transportation,Individual,Chennai,,ACTIVE,False,743.19,True
MCH4904,"Vohra, Lanka and Bumb",Tamil Nadu,4814,Telecom,Partnership,Chennai,2023-09-25 03:37:00,ACTIVE,False,1946.13,True
MCH4236,"Sinha, Shukla and Lad",Delhi,5699,Apparel,Sole Proprietor,Delhi,2025-07-08 12:08:37,ACTIVE,False,844.0,True
MCH9261,Gupta-Manne,Rajasthan,5812,Restaurant,Individual,Jaipur,2025-07-10 09:04:41,ACTIVE,False,2734.0,False
MCH8643,"Kota, Aurora and Dugal",Delhi,5699,Apparel,Sole Proprietor,Delhi,2024-04-15 14:41:15,ACTIVE,False,1011.23,True
MCH8286,"Chadha, Chaudhari and Edwin",Telangana,5912,Medical / Pharmacy,Private Limited,Hyderabad,2023-08-09 00:00:00,ACTIVE,False,1828.46,True
MCH3398,Chaudhary Ltd,Tamil Nadu,5699,Apparel,Sole Proprietor,Chennai,2023-11-18 08:31:43,INACTIVE,False,1864.25,True
MCH5648,Morar and Sons,Maharashtra,7011,Hotel / Lodging,Individual,Pune,2023-08-06 00:00:00,ACTIVE,True,972.68,True
MCH7644,Mital PLC,Tamil Nadu,7011,Hotel / Lodging,Sole Proprietor,Chennai,2024-03-07 00:00:00,ACTIVE,False,602.59,False
MCH5267,"Chandra, Som and Grewal",Telangana,4131,Transportation,Individual,Hyderabad,2025-11-30 22:52:00,ACTIVE,False,999.83,True
MCH5288,"THAMAN, MUNI AND OM",Maharashtra,5999,Misc Retail,Sole Proprietor,Pune,2023-07-08 00:00:00,ACTIVE,False,1015.84,True
MCH7075,D’Alia Group,Tamil Nadu,7011,Hotel / Lodging,Partnership,Chennai,2024-05-03 20:19:30,INACTIVE,False,1262.21,True
MCH8423,Balasubramanian and Sons,Maharashtra,5411,Grocery,Private Limited,Mumbai,2025-01-26 00:00:00,ACTIVE,False,1838.16,True
MCH7229,"Salvi, Kale and Sunder",Maharashtra,4814,Telecom,Private Limited,Pune,2025-12-23 00:00:00,ACTIVE,False,606.62,False
MCH4127,Subramaniam-Jhaveri,Rajasthan,4131,Transportation,Sole Proprietor,Jaipur,2024-05-22 00:00:00,SUSPENDED,False,5333.88,True
MCH8721,Bera-Chhabra,Uttar Pradesh,4131,Transportation,Sole Proprietor,Lko,2024-08-09 00:00:00,ACTIVE,False,2543.82,False
MCH8095,Saxena LLC,Rajasthan,5699,Apparel,Private Limited,Jaipur,2024-08-16 00:00:00,ACTIVE,False,304.22,True
MCH3656,"Sani, Rajagopalan and Sachar",Tamil Nadu,5411,Grocery,Individual,Chennai,2024-11-26 00:00:00,ACTIVE,False,901.19,True
MCH3324,Char-Gera,Maharashtra,5699,Apparel,Partnership,Pune,2026-02-20 00:00:00,SUSPENDED,False,2076.73,True
MCH3927,Basak-Shukla,Punjab,4814,Telecom,Private Limited,Jalandar,2023-03-18 00:00:00,INACTIVE,False,980.64,True
MCH2459,Gala and Sons,Rajasthan,4131,Transportation,Sole Proprietor,Jaipur,2025-04-16 00:00:00,ACTIVE,False,789.05,True
MCH9804,Bhasin-Peri,Tamil Nadu,5311,Department Store,Sole Proprietor,Chennai,2023-12-21 00:24:00,SUSPENDED,False,962.52,False
MCH9632,KADE-SHERE,Delhi,5311,Department Store,Sole Proprietor,Delhi,2025-11-28 00:00:00,ACTIVE,False,895.55,False
MCH5896,Kale Group,Telangana,5942,Book Store,Individual,Hyderabad,2023-07-21 00:00:00,ACTIVE,False,533.74,True
MCH4776,Bobal-Dutta,Telangana,5411,Grocery,Individual,Hyderabad,2026-02-26 11:47:00,ACTIVE,False,831.82,True
MCH6284,Ta1war Ltd,Punjab,7011,Hotel / Lodging,Partnership,Amritsar,2025-11-27 00:00:00,ACTIVE,True,678.88,True
MCH7698,Bhatnagar Inc,Uttar Pradesh,5999,Misc Retail,Individual,Lucknow,2023-08-24 00:13:02,ACTIVE,False,1276.92,True
MCH2628,Muni PLC,Maharashtra,,,Individual,Pune,2024-07-13 00:00:00,ACTIVE,True,1382.04,True
MCH3804,"Pingle, Choudhry and Sastry",Delhi,5942,Book Store,Sole Proprietor,Delhi,2025-10-13 00:00:00,ACTIVE,False,729.5,False
MCH8421,"KANNAN, NATH AND KALA",Punjab,4131,Transportation,Private Limited,Amritsar,2024-01-31 00:00:00,SUSPENDED,False,612.51,False
MCH9165,"Iyengar, Raja and Bhasin",Uttar Pradesh,5411,Grocery,Private Limited,Lko,2024-03-01 00:00:00,ACTIVE,False,1898.13,True
MCH6870,Basak Group,Maharashtra,4814,Telecom,Sole Proprietor,Poona,2025-04-03 00:00:00,ACTIVE,False,2497.95,True
MCH7206,srivastava and sons,Uttar Pradesh,5411,Grocery,Private Limited,Lucknow,2025-08-18 00:00:00,ACTIVE,False,1434.41,True
MCH5734,BALAN INC,Punjab,5311,Department Store,Private Limited,Jalandhar,2025-05-20 00:00:00,ACTIVE,False,2000.53,False
MCH2384,Sarkar-Aur0ra,Rajasthan,5912,Medical / Pharmacy,Sole Proprietor,Jaipur,2025-01-22 04:54:23,ACTIVE,False,4909.55,False
MCH4227,Panchal PLC,West Bengal,5999,Misc Retail,Sole Proprietor,Kolkata,2025-01-09 00:00:00,ACTIVE,False,1533.36,False
MCH3301,REDDY AND SONS,Rajasthan,5942,Book Store,Partnership,Jaipur,2023-06-25 03:39:00,ACTIVE,False,2571.65,True
MCH1294,Rajagopalan Group,Punjab,5912,Medical / Pharmacy,Individual,Amritsar,2024-08-29 05:38:00,ACTIVE,False,539.82,True
MCH1383,dubey group,Telangana,,,Individual,Hyderabad,2023-09-03 16:33:00,ACTIVE,False,,True
MCH3214,Dubey Inc,Karnataka,4131,Transportation,Individual,Bangalore,2024-07-24 00:45:00,ACTIVE,False,2052.0,True
MCH3641,"khurana, barman and suresh",Delhi,5699,Apparel,Individual,Delhi,2025-08-06 08:41:00,ACTIVE,False,2224.44,True
MCH6273,"Dubey, Narula and Jhaveri",Maharashtra,5311,Department Store,Private Limited,Pune,2025-05-06 00:00:00,ACTIVE,False,754.63,False
MCH8400,Banerjee Inc,Uttar Pradesh,5812,Restaurant,Sole Proprietor,Lucknow,,ACTIVE,False,,False
MCH5793,Pathak Group,Maharashtra,4131,Transportation,Individual,Mumbai,2025-04-27 00:00:00,ACTIVE,False,1570.7,True
MCH5745,"Bahri, Dutta and Narang",Karnataka,4131,Transportation,Individual,Bangalore,2024-03-27 07:33:00,ACTIVE,False,955.1,True
MCH4246,Rama-Dasgupta,Punjab,5311,Department Store,Individual,Amritsar,2025-01-05 00:00:00,ACTIVE,False,2336.28,False
MCH6806,Badal-Bhasin,Telangana,5411,Grocery,Individual,Hyderabad,2025-12-05 00:00:00,ACTIVE,False,23208.4,False
MCH6818,"Halder, Tata and Chand",West Bengal,7011,Hotel / Lodging,Sole Proprietor,Kolkata,2025-04-20 00:00:00,ACTIVE,False,233.0,False
MCH5378,Chaudhari Inc,Karnataka,7011,Hotel / Lodging,Individual,Bangalore,2023-12-12 00:00:00,ACTIVE,False,,True
MCH3561,Kumar LLC,Tamil Nadu,5812,Restaurant,Partnership,Chennai,2025-10-18 00:00:00,ACTIVE,False,715.0,True
MCH2945,Agarwa1-Cherian,Punjab,,,Sole Proprietor,Jalandar,2025-10-06 00:00:00,INACTIVE,False,1759.15,True
MCH3442,Choudhry-Ravi,Maharashtra,5699,Apparel,Partnership,Mumbai,2025-09-09 00:00:00,ACTIVE,False,3189.0,True
MCH4733,Sankar Inc,Rajasthan,5411,Grocery,Sole Proprietor,Jaipur,2023-01-25 00:00:00,ACTIVE,False,1176.53,True
MCH5303,walla inc,Tamil Nadu,5311,Department Store,Private Limited,Chennai,,ACTIVE,False,1019.0,False
MCH5410,Ganesh LLC,Delhi,7011,Hotel / Lodging,Partnership,Delhi,2023-01-13 16:09:00,ACTIVE,False,1114.19,False
MCH1138,"Shan,BuchandTank",Karnataka,5942,Book Store,Sole Proprietor,Bangalore,2024-07-03 21:25:00,ACTIVE,False,1369.64,True
MCH1652,Tripathi-Vasa,Punjab,5311,Department Store,Private Limited,Amritsar,2025-08-03 00:00:00,INACTIVE,False,1419.63,True
MCH4604,"Som, Kalla and Dada",Tamil Nadu,5699,Apparel,Sole Proprietor,Chennai,2024-07-02 15:25:30,ACTIVE,False,1478.97,False
MCH9380,CHAKRABARTI GROUP,Punjab,5812,Restaurant,Private Limited,Ludhiana,2023-11-23 00:00:00,ACTIVE,False,199.0,True
MCH1015,Mannan-Subramaniam,Telangana,7011,Hotel / Lodging,Individual,Hyderabad,2024-05-19 00:00:00,ACTIVE,True,1116.83,False
MCH8053,CHHABRA INC,Telangana,4814,Telecom,Individual,Hyderabad,2023-03-29 01:53:59,ACTIVE,False,1235.44,True
MCH7260,Kunda Inc,Punjab,7011,Hotel / Lodging,Private Limited,Jalandhar,2024-06-20 00:00:00,ACTIVE,False,391.11,False
MCH8713,"Shere, Loke and Butala",Delhi,4814,Telecom,Private Limited,Delhi,,INACTIVE,True,1029.16,False
MCH6001,Murthy-Batra,Punjab,7011,Hotel / Lodging,Sole Proprietor,Jalandar,2024-08-31 00:00:00,ACTIVE,False,1116.47,True
MCH1792,Palan-Naidu,Karnataka,5699,Apparel,Partnership,Bangalore,2023-01-28 00:00:00,ACTIVE,False,443.5,True
MCH8129,"Devan, Ramesh and 0ak",West Bengal,5311,Department Store,Individual,Kolkata,2025-03-22 13:11:16,ACTIVE,False,2940.0,True
MCH1775,Karnik Inc,Uttar Pradesh,5411,Grocery,Private Limited,Lucknow,2023-04-13 08:51:51,ACTIVE,False,313.0,True
MCH5556,Pau-Kale,Maharashtra,5912,Medical / Pharmacy,Private Limited,Mumbai,2023-10-31 04:23:01,ACTIVE,False,513.95,True
MCH2024,"Ram, Manda and Chopra",Maharashtra,4131,Transportation,Sole Proprietor,Pune,2025-07-24 00:00:00,ACTIVE,True,1122.98,False
MCH8932,"Venkatesh, Nayak and Ravel",Uttar Pradesh,,,Private Limited,Lucknow,2023-01-01 00:00:00,ACTIVE,False,1585.03,True
MCH4419,Gill-Ratta,Rajasthan,5912,Medical / Pharmacy,Sole Proprietor,Jaipur,2024-09-15 14:40:00,ACTIVE,False,1442.51,True
MCH5856,"WASON, SAVANT AND BAHL",Maharashtra,,,Individual,Mumbai,2026-02-11 00:00:00,ACTIVE,False,944.06,False
MCH4433,"PATIL, SUBRAMANIAN AND MADAN",West Bengal,7011,Hotel / Lodging,Partnership,Kolkata,2023-01-23 00:00:00,ACTIVE,False,830.16,True
MCH9401,Ravi LLC,Maharashtra,7011,Hotel / Lodging,Sole Proprietor,Pune,2025-11-14 00:00:00,ACTIVE,False,1824.72,True
MCH7564,"Mahal, Thaman and Dani",Punjab,,,Sole Proprietor,Jalandhar,2023-12-23 00:00:00,ACTIVE,False,503.13,True
MCH3040,"Dhar, Kunda and Desai",Rajasthan,5411,Grocery,Partnership,Jaipur,2025-03-05 00:00:00,ACTIVE,False,267.0,False
MCH1237,Agarwal-Kibe,Maharashtra,7011,Hotel / Lodging,Partnership,Mumbai,2023-03-30 00:00:00,ACTIVE,False,750.84,True
MCH5251,Sehgal-Yadav,Karnataka,5411,Grocery,Sole Proprietor,Bangalore,2024-11-18 00:00:00,ACTIVE,False,625.43,True
MCH8331,Yogi Inc,Karnataka,5999,Misc Retail,Sole Proprietor,Bangalore,2025-05-07 00:00:00,INACTIVE,False,1372.86,False
MCH3005,"Saxena, Narain and Mander",West Bengal,5699,Apparel,Private Limited,Kolkata,2024-03-25 00:00:00,INACTIVE,False,1149.79,True
MCH5957,Bose PLC,Rajasthan,5942,Book Store,Partnership,Jaipur,2023-09-22 00:00:00,INACTIVE,False,1309.17,False
MCH1320,Babu-Khatri,West Bengal,5699,Apparel,Individual,Kolkata,2023-11-24 10:52:12,SUSPENDED,False,,True
MCH9984,"Dash, Radhakrishnan and Singh",Punjab,4131,Transportation,Sole Proprietor,Amritsar,2025-11-01 00:00:00,ACTIVE,False,956.87,True
MCH2133,Bose-Saraf,Maharashtra,5999,Misc Retail,Sole Proprietor,Mumbai,2024-09-19 00:00:00,ACTIVE,True,434.11,True
MCH3470,CHOPRA-GARDE,Karnataka,4814,Telecom,Individual,Bangalore,2025-03-02 00:00:00,ACTIVE,False,509.62,False
MCH1420,Aggarwal-Garde,Maharashtra,4131,Transportation,Sole Proprietor,Mumbai,2024-03-18 00:00:00,ACTIVE,False,830.85,True
MCH5671,Bava-Arya,Telangana,5699,Apparel,Private Limited,Hyderabad,2023-11-18 22:06:00,ACTIVE,False,2123.47,True
MCH2681,Upadhyay-Bava,Maharashtra,7011,Hotel / Lodging,Individual,Pune,2024-02-16 00:00:00,ACTIVE,False,230.72,True
MCH6745,Chaudry PLC,Uttar Pradesh,7011,Hotel / Lodging,Individual,Lucknow,2023-05-16 00:00:00,INACTIVE,False,2605.91,False
MCH1647,NARULA LLC,Punjab,5699,Apparel,Individual,Ludhiana,2024-05-10 18:51:00,SUSPENDED,False,1898.14,True
MCH3341,Ramesh Inc,Maharashtra,5912,Medical / Pharmacy,Individual,Mumbai,2024-11-15 02:33:00,ACTIVE,False,1745.15,False
MCH1333,Sastry PLC,Punjab,4814,Telecom,Individual,Amritsar,2025-09-18 18:25:49,INACTIVE,False,1548.51,True
MCH1174,Mander-Kari,Punjab,5411,Grocery,Partnership,Jalandar,2023-05-01 00:00:00,ACTIVE,False,1013.97,False
MCH8784,"Iyengar, Savant and Sehgal",Maharashtra,4131,Transportation,Private Limited,Mumbai,2024-01-12 00:00:00,ACTIVE,False,575.0,False
MCH9763,Bhatnagar-Ramesh,Karnataka,5699,Apparel,Individual,Bangalore,2023-03-24 10:13:00,ACTIVE,False,2954.71,True
MCH4909,"Sharaf, Lalla and Rattan",West Bengal,,,Sole Proprietor,Kolkata,2025-02-16 20:04:00,SUSPENDED,False,650.04,True
MCH4221,"Rastogi, Goda and Naidu",Punjab,5999,Misc Retail,Individual,Jalandhar,,ACTIVE,False,745.75,False
MCH1934,"Deol,DugarandParmer",Tamil Nadu,5942,Book Store,Private Limited,Chennai,2025-06-26 13:50:54,ACTIVE,False,2520.96,False
MCH4421,natarajan-borah,Maharashtra,5999,Misc Retail,Sole Proprietor,Mumbai,2024-11-21 00:00:00,ACTIVE,False,1261.07,False
MCH3490,Sachdev-Din,Delhi,5411,Grocery,Individual,Delhi,2023-02-21 00:00:00,SUSPENDED,False,570.0,True
MCH8264,"Hayer, Pant and Suresh",Rajasthan,4131,Transportation,Private Limited,Jaipur,2025-01-03 00:00:00,ACTIVE,False,2906.17,True
MCH7567,badal-tripathi,Delhi,5699,Apparel,Partnership,Delhi,2023-01-23 14:11:00,ACTIVE,False,581.85,False
MCH6419,"Bhalla, Dubey and Salvi",Rajasthan,,,Sole Proprietor,Jaipur,2024-01-15 01:23:00,ACTIVE,False,3881.01,False
MCH7681,"Aggarwal, Raj and Mand",Punjab,5311,Department Store,Individual,Amritsar,2023-07-26 00:00:00,ACTIVE,False,148.0,True
MCH4141,Sarkar and Sons,Karnataka,4814,Telecom,Partnership,Bangalore,2023-06-10 00:00:00,ACTIVE,False,1485.34,False
MCH1881,"Bawa, Ganesan and Oak",Tamil Nadu,5912,Medical / Pharmacy,Partnership,Chennai,2023-12-14 00:00:00,SUSPENDED,True,1349.05,False
MCH7586,RandhawaInc,Tamil Nadu,5812,Restaurant,Partnership,Chennai,2025-06-21 00:00:00,INACTIVE,False,629.75,False
MCH1553,basu-varma,West Bengal,5942,Book Store,Sole Proprietor,Kolkata,,ACTIVE,False,1630.0,False
MCH5494,raja ltd,Punjab,5942,Book Store,Partnership,Ludhiana,2025-07-19 00:00:00,ACTIVE,False,209.91,True
MCH9714,Issac-Pall,Tamil Nadu,5912,Medical / Pharmacy,Private Limited,Chennai,2024-07-06 12:33:24,INACTIVE,False,925.43,False
MCH2532,Chad Inc,Rajasthan,5999,Misc Retail,Partnership,Jaipur,2023-01-11 00:00:00,INACTIVE,False,351.38,True
MCH9208,Lala-Tiwari,Punjab,5942,Book Store,Partnership,Amritsar,2023-05-17 00:00:00,INACTIVE,False,338.09,False
MCH3930,Kashyap-Rastogi,Uttar Pradesh,5699,Apparel,Individual,Lko,,ACTIVE,False,510.04,True
MCH7618,"Thaman, Parikh and Dubey",Delhi,7011,Hotel / Lodging,Private Limited,Delhi,2025-11-22 00:00:00,ACTIVE,False,244.24,True
MCH4589,"Sathe, Bumb and Shankar",Punjab,5699,Apparel,Sole Proprietor,Amritsar,2024-10-27 01:28:39,ACTIVE,False,76.99,True
MCH3591,"Panchal, Balasubramanian and Dey",West Bengal,5942,Book Store,Private Limited,Kolkata,2025-03-15 00:00:00,ACTIVE,False,2193.61,True
MCH8221,Kala-Bajaj,Karnataka,5942,Book Store,Sole Proprietor,Bangalore,,INACTIVE,False,1133.63,True
MCH7784,dave-babu,Punjab,5912,Medical / Pharmacy,Partnership,Ludhiana,2023-03-16 00:00:00,ACTIVE,False,643.0,True
MCH9201,Ramachandran PLC,Rajasthan,4814,Telecom,Private Limited,Jaipur,2024-10-02 18:21:00,ACTIVE,False,1064.13,False
MCH8163,"Sama, Pant and Tara",Uttar Pradesh,,,Private Limited,Lucknow,2025-06-13 00:00:00,ACTIVE,True,1638.28,False
MCH6751,Jhaveri-Rege,Punjab,5942,Book Store,Private Limited,Jalandhar,2023-07-30 00:00:00,ACTIVE,False,1649.91,False
MCH5458,"Korpal, Venkatesh and Choudhary",Rajasthan,7011,Hotel / Lodging,Individual,Jaipur,2024-03-17 02:49:02,ACTIVE,False,,False
MCH5997,"Kothari,BasuandKothari",Delhi,5912,Medical / Pharmacy,Sole Proprietor,Delhi,2025-09-07 16:46:16,INACTIVE,False,2459.46,True
MCH2675,Venkataraman-Rastogi,Punjab,5942,Book Store,Private Limited,Amritsar,2025-06-23 00:00:00,ACTIVE,False,877.85,True
MCH5239,Saha Inc,Uttar Pradesh,5999,Misc Retail,Individual,Lko,2025-09-29 00:00:00,ACTIVE,False,6907.0,False
MCH6009,"Nagar, Chowdhury and Raghavan",Maharashtra,,,Private Limited,Pune,,ACTIVE,False,1266.03,True
MCH8861,Prashad and Sons,Tamil Nadu,5999,Misc Retail,Individual,Chennai,,ACTIVE,False,,True
MCH2383,Dewan-Misra,Punjab,4814,Telecom,Sole Proprietor,Ldh,2023-05-09 17:41:00,ACTIVE,False,923.06,False
MCH6137,"Sidhu, Ahuja and Kumar",Karnataka,5812,Restaurant,Partnership,Bangalore,,ACTIVE,False,1574.67,True
MCH2115,Kohli-Doshi,Tamil Nadu,4131,Transportation,Sole Proprietor,Chennai,2024-05-24 11:16:59,ACTIVE,False,8526.65,True
MCH1973,Sastry Ltd,Tamil Nadu,5699,Apparel,Sole Proprietor,Chennai,2024-12-23 00:00:00,ACTIVE,False,1479.74,False
MCH8393,Salvi LLC,Punjab,7011,Hotel / Lodging,Partnership,Jalandhar,2024-10-18 00:00:00,ACTIVE,False,1230.0,True
MCH9393,"Sehgal, Chawla and Korpal",Punjab,5812,Restaurant,Individual,Amritsar,2025-09-03 17:19:00,ACTIVE,False,896.96,True
MCH3908,Kanda LLC,Maharashtra,5999,Misc Retail,Sole Proprietor,Pune,2024-07-05 00:00:00,ACTIVE,True,7690.26,True
MCH4560,Shankar Ltd,Karnataka,4814,Telecom,Individual,Bangalore,2025-06-12 14:36:00,ACTIVE,False,1403.88,False
MCH7311,Jhaveri-Hans,Maharashtra,7011,Hotel / Lodging,Sole Proprietor,Mumbai,2025-05-12 00:00:00,ACTIVE,False,1009.0,True
MCH5472,Dua Group,Punjab,5942,Book Store,Private Limited,Ludhiana,2024-09-23 00:00:00,ACTIVE,False,778.0,True
MCH8851,"Kanda, Kohli and Thaman",Punjab,5812,Restaurant,Sole Proprietor,Jalandhar,,SUSPENDED,False,5573.07,False
MCH9681,Bawa PLC,Maharashtra,5699,Apparel,Private Limited,Pune,2024-01-09 03:45:47,ACTIVE,False,1913.04,False
MCH8641,Rai and Sons,Punjab,4131,Transportation,Individual,Ldh,2024-01-10 00:00:00,ACTIVE,False,,False
MCH6468,Golla-Murty,Telangana,4131,Transportation,Partnership,Hyderabad,2024-06-20 00:00:00,ACTIVE,False,,False
MCH8995,MAHAJAN GROUP,Punjab,5999,Misc Retail,Partnership,Jalandar,2023-09-12 00:00:00,ACTIVE,False,2967.0,True
MCH1827,Saha Ltd,Maharashtra,5999,Misc Retail,Partnership,Pune,2026-01-12 00:00:00,ACTIVE,False,790.89,True
MCH1529,"Sangha,BanerjeeandSengupta",Punjab,7011,Hotel / Lodging,Private Limited,Ludhiana,2023-02-06 00:00:00,INACTIVE,False,1257.59,False
MCH8464,"Kapadia, Sarin and Bhargava",Punjab,5411,Grocery,Sole Proprietor,Ludhiana,2024-07-19 17:44:00,ACTIVE,False,1536.1,False
MCH8749,"Tara, Parmer and Walla",West Bengal,4131,Transportation,Private Limited,Kolkata,2025-06-19 00:00:00,INACTIVE,False,584.1,True
MCH4298,Jain Group,Delhi,4814,Telecom,Private Limited,Delhi,2024-06-01 00:00:00,INACTIVE,False,316.99,True
MCH8552,"Manne, Manda and Toor",Maharashtra,4131,Transportation,Sole Proprietor,Pune,2023-08-19 00:00:00,ACTIVE,False,,False
MCH3323,Dey PLC,Rajasthan,4814,Telecom,Sole Proprietor,Jaipur,2024-12-24 05:37:48,INACTIVE,False,559.08,True
MCH9199,Goda-Patel,Uttar Pradesh,4814,Telecom,Partnership,Lucknow,2024-12-23 00:00:00,ACTIVE,False,992.24,True
MCH4745,Divan-Rao,Punjab,5311,Department Store,Sole Proprietor,Jalandhar,2023-12-05 00:00:00,ACTIVE,False,778.92,True
MCH2585,ROY LLC,Rajasthan,,,Sole Proprietor,Jaipur,2025-10-13 00:00:00,ACTIVE,False,2233.97,True
MCH6427,Bose Inc,Punjab,5999,Misc Retail,Private Limited,Ludhiana,2025-07-02 00:00:00,INACTIVE,False,1949.7,True
MCH7176,"SACHAR, WALI AND SAHA",West Bengal,4131,Transportation,Individual,Kolkata,2026-02-13 00:00:00,ACTIVE,False,980.72,True
MCH6829,"Natarajan, Thaker and Aggarwal",Maharashtra,5912,Medical / Pharmacy,Sole Proprietor,Mumbai,2024-01-24 00:00:00,ACTIVE,False,1746.05,False
MCH4180,"Iyer, Saha and Kumar",Uttar Pradesh,7011,Hotel / Lodging,Partnership,Lko,2025-04-16 00:00:00,ACTIVE,False,3864.5,True
MCH2639,Sunder-Keer,Rajasthan,5411,Grocery,Partnership,Jaipur,2025-04-19 00:00:00,ACTIVE,True,853.1,False
MCH6643,"BALA, PALLA AND SRINIVAS",Punjab,5942,Book Store,Private Limited,Jalandar,2023-06-13 10:35:36,ACTIVE,False,1698.35,True
MCH6208,Tak-Parmar,Uttar Pradesh,4814,Telecom,Private Limited,Lko,2024-03-16 00:00:00,SUSPENDED,False,,True
MCH6574,"Thaman, Gupta and Barad",Maharashtra,4814,Telecom,Private Limited,Pune,2024-03-03 13:31:25,ACTIVE,False,1371.71,True
MCH4980,Batra LLC,Maharashtra,5411,Grocery,Individual,Pune,,ACTIVE,False,2806.42,True
MCH8046,Muni LLC,Maharashtra,,,Partnership,Mumbai,2024-11-12 00:00:00,ACTIVE,False,401.9,True
MCH2577,Dua Inc,Karnataka,5812,Restaurant,Sole Proprietor,Bangalore,2023-11-23 00:00:00,ACTIVE,False,23536.65,False
MCH6034,Sane Inc,Rajasthan,5912,Medical / Pharmacy,Private Limited,Jaipur,2025-10-18 00:00:00,ACTIVE,False,1353.34,True
MCH4083,"Loyal, Dara and Sharaf",Tamil Nadu,4814,Telecom,Individual,Chennai,2024-02-15 01:01:36,ACTIVE,False,1752.1,False
MCH8390,"Thakkar, Babu and Nagi",Telangana,4131,Transportation,Private Limited,Hyderabad,2024-03-25 00:00:00,ACTIVE,False,2159.57,True
MCH9016,Upadhyay-Sethi,Maharashtra,4814,Telecom,Partnership,Mumbai,2025-07-27 08:59:26,ACTIVE,False,764.46,True
MCH6780,"Bhatia, Dalal and Kapur",Punjab,5999,Misc Retail,Private Limited,Jalandhar,2025-05-24 00:31:32,ACTIVE,True,10952.74,False
MCH3201,BAHL AND SONS,Punjab,5942,Book Store,Sole Proprietor,Amritsar,2024-05-27 00:00:00,ACTIVE,False,576.96,True
MCH6091,Ratti-Kalita,Punjab,5942,Book Store,Sole Proprietor,Ludhiana,2023-09-06 00:00:00,ACTIVE,False,458.92,True
MCH3491,"Chawla, Tella and Madan",Uttar Pradesh,,,Sole Proprietor,Lko,2025-05-23 00:00:00,ACTIVE,False,1044.7,False
MCH3426,"Morar, Dar and Raja",Punjab,5311,Department Store,Individual,Jalandar,2023-10-25 00:00:00,INACTIVE,False,1252.0,True
MCH2395,Sathe-Dixit,Tamil Nadu,4131,Transportation,Private Limited,Chennai,2023-12-24 00:00:00,ACTIVE,False,941.52,False
MCH8826,Mallick-Dasgupta,Punjab,5311,Department Store,Private Limited,Jalandhar,2023-02-09 07:13:10,ACTIVE,False,1719.24,True
MCH9888,"Contractor, Mohanty and Devi",Tamil Nadu,5912,Medical / Pharmacy,Sole Proprietor,Chennai,2025-09-23 23:00:00,ACTIVE,False,1367.96,True
MCH1909,murthy and sons,Maharashtra,5942,Book Store,Sole Proprietor,Poona,2023-11-25 00:00:00,ACTIVE,False,823.0,True
MCH4375,"Mani, Pillai and Soman",Uttar Pradesh,5311,Department Store,Sole Proprietor,Lucknow,2024-08-03 02:25:00,ACTIVE,False,1050.41,False
MCH7380,"Gour, Jani and Mital",Tamil Nadu,5999,Misc Retail,Individual,Chennai,2024-11-06 00:00:00,INACTIVE,False,688.41,False
MCH4305,Padmanabhan-Thaker,Punjab,4131,Transportation,Individual,Ludhiana,2024-10-17 00:00:00,ACTIVE,False,572.69,False
MCH1298,"Raghavan,ReddyandSangha",Telangana,5942,Book Store,Sole Proprietor,Hyderabad,2025-04-28 00:00:00,ACTIVE,False,364.92,True
MCH9510,Warri0r-Thakkar,Karnataka,4131,Transportation,Sole Proprietor,Bangalore,2024-09-15 00:00:00,ACTIVE,False,1261.0,False
MCH8799,"Dada, Ramaswamy and Dugal",Telangana,5942,Book Store,Private Limited,Hyderabad,2023-04-09 00:00:00,SUSPENDED,False,2080.34,True
MCH3453,"Sangha, Minhas and Patil",Rajasthan,7011,Hotel / Lodging,Private Limited,Jaipur,2023-11-15 00:00:00,ACTIVE,True,1768.03,True
MCH6333,"kumer, butala and sawhney",Tamil Nadu,5699,Apparel,Individual,Chennai,2024-09-08 02:04:48,ACTIVE,False,831.77,True
MCH1255,La1a and S0ns,West Bengal,4814,Telecom,Partnership,Kolkata,2023-07-19 00:00:00,INACTIVE,False,772.22,True
MCH8379,Deep Group,West Bengal,5942,Book Store,Private Limited,Kolkata,2026-01-29 00:00:00,SUSPENDED,False,469.0,True
MCH3147,Acharya-Uppal,Tamil Nadu,4131,Transportation,Individual,Chennai,2024-02-10 02:28:00,ACTIVE,False,343.0,True
MCH9849,Jayaraman Inc,West Bengal,5942,Book Store,Individual,Kolkata,2026-02-11 02:12:30,ACTIVE,False,1659.94,True
MCH8659,sha ltd,Maharashtra,7011,Hotel / Lodging,Partnership,Mumbai,2024-10-23 00:00:00,ACTIVE,False,,True
MCH5707,De01 Gr0up,Telangana,5411,Grocery,Partnership,Hyderabad,2023-09-19 00:00:00,ACTIVE,False,666.58,True
MCH9390,"Minhas,PauandNarayanan",Punjab,4131,Transportation,Individual,Ludhiana,,ACTIVE,False,2246.12,False
MCH9945,"Pant, Hayre and Pathak",Punjab,4814,Telecom,Private Limited,Jalandhar,2025-07-14 00:56:49,ACTIVE,False,789.57,True
MCH9412,NAYAK-GUHA,Punjab,4131,Transportation,Individual,Amritsar,,ACTIVE,False,2887.33,True
MCH1106,"Agrawal, Ganguly and Kalla",Delhi,5411,Grocery,Private Limited,Delhi,2024-08-25 00:00:00,ACTIVE,False,1100.28,True
MCH6940,Koshy Inc,Tamil Nadu,4131,Transportation,Private Limited,Chennai,2024-06-25 00:00:00,ACTIVE,False,5556.5,False
MCH8235,Konda-Pillai,Tamil Nadu,5942,Book Store,Private Limited,Chennai,2025-08-29 19:03:00,ACTIVE,True,921.33,True
MCH9684,Bhasin Inc,Delhi,5912,Medical / Pharmacy,Private Limited,Delhi,2025-01-20 00:00:00,INACTIVE,False,2227.2,True
MCH4122,"Lata, Magar and Savant",Karnataka,5999,Misc Retail,Partnership,Bangalore,2025-12-03 23:29:42,ACTIVE,False,3699.77,True
MCH3267,"Dara, Rama and Ben",Punjab,4814,Telecom,Partnership,Ludhiana,2024-11-02 02:35:26,ACTIVE,False,471.18,False
MCH8949,"Srinivasan,SaxenaandKant",Karnataka,5942,Book Store,Private Limited,Bangalore,,INACTIVE,False,1726.82,True
MCH3822,Anne and Sons,Punjab,5411,Grocery,Private Limited,Amritsar,2026-01-21 20:10:57,ACTIVE,False,2115.91,False
MCH7687,Devan Inc,Uttar Pradesh,5699,Apparel,Individual,Lucknow,2024-11-25 18:59:00,ACTIVE,False,2148.82,False
MCH5119,Raghavan-Shere,Tamil Nadu,5812,Restaurant,Sole Proprietor,Chennai,2025-09-14 00:00:00,ACTIVE,False,1149.0,False
MCH8693,"Chawla, Goyal and Pau",Maharashtra,7011,Hotel / Lodging,Individual,Mumbai,2024-01-22 00:00:00,ACTIVE,False,818.0,False
MCH1207,"pillai, oak and barman",Delhi,5812,Restaurant,Individual,Delhi,2024-04-11 00:00:00,ACTIVE,False,1280.08,False
MCH9049,Babu-Bali,Karnataka,5812,Restaurant,Individual,Bangalore,2023-07-02 10:16:00,ACTIVE,False,2337.3,True
MCH6892,Chacko-Gaba,Karnataka,5912,Medical / Pharmacy,Sole Proprietor,Bangalore,2025-05-07 00:00:00,ACTIVE,False,684.73,True
MCH1260,KOTHARI-NADKARNI,Uttar Pradesh,5699,Apparel,Private Limited,Lucknow,2026-01-15 00:00:00,ACTIVE,False,2375.4,True
MCH1641,bali llc,Delhi,5999,Misc Retail,Sole Proprietor,Delhi,,ACTIVE,True,3239.36,False
MCH7215,"Kau1, Pur0hit and Ar0ra",Telangana,5311,Department Store,Private Limited,Hyderabad,2023-07-10 00:00:00,ACTIVE,False,2403.84,True
MCH3299,"Varghese, Tripathi and Ganesh",Karnataka,5999,Misc Retail,Sole Proprietor,Bangalore,2023-07-12 00:00:00,INACTIVE,False,2177.34,False
MCH8845,Varkey-Jha,West Bengal,,,Partnership,Kolkata,2024-03-01 05:26:00,ACTIVE,False,5630.04,False
MCH7339,"PUROHIT, DHINGRA AND BARMAN",Tamil Nadu,5411,Grocery,Individual,Chennai,2023-08-16 22:55:00,ACTIVE,False,2247.46,True
MCH2552,"MUKHERJEE, IYENGAR AND DEO",Maharashtra,5942,Book Store,Partnership,Pune,2025-03-15 00:00:00,ACTIVE,False,3414.98,True
MCH1667,Prashad-Samra,Delhi,5812,Restaurant,Private Limited,Delhi,2025-10-20 03:57:00,ACTIVE,False,7788.38,True
MCH5970,Babu and Sons,Punjab,5699,Apparel,Private Limited,Amritsar,2025-01-14 00:00:00,INACTIVE,False,2060.67,False
MCH3683,Mander Group,Maharashtra,5411,Grocery,Individual,Mumbai,2023-10-09 00:00:00,ACTIVE,False,4247.99,True
MCH3679,Kumer LLC,Telangana,4814,Telecom,Private Limited,Hyderabad,2025-12-15 00:00:00,ACTIVE,False,587.47,True
MCH7568,Kumer-Gandhi,Maharashtra,7011,Hotel / Lodging,Sole Proprietor,Mumbai,2025-05-23 00:00:00,ACTIVE,False,1278.0,False
MCH4699,Setty Inc,Maharashtra,7011,Hotel / Lodging,Private Limited,Pune,2025-06-04 00:00:00,ACTIVE,False,632.27,True
MCH4769,BARAL-PERI,Rajasthan,5699,Apparel,Individual,Jaipur,2024-01-14 00:00:00,ACTIVE,True,1758.52,False
MCH7087,Prashad LLC,Tamil Nadu,5311,Department Store,Partnership,Chennai,2023-05-29 00:00:00,ACTIVE,False,955.0,False
MCH4510,Bora Ltd,Tamil Nadu,4814,Telecom,Individual,Chennai,2024-04-16 11:39:00,ACTIVE,False,1583.66,True
MCH4841,"Soman, Chhabra and Rau",Telangana,5812,Restaurant,Individual,Hyderabad,2025-04-06 00:00:00,ACTIVE,False,611.25,True
MCH5381,Jaggi and Sons,Delhi,5311,Department Store,Private Limited,Delhi,2025-06-11 00:00:00,ACTIVE,False,550.97,False
MCH2183,Savant LLC,Delhi,4131,Transportation,Sole Proprietor,Delhi,,ACTIVE,True,202.62,True
MCH6722,bhagat llc,Maharashtra,5999,Misc Retail,Sole Proprietor,Mumbai,2023-05-13 00:00:00,ACTIVE,False,211.13,False
MCH4876,"Dugar, Prasad and Pal",Tamil Nadu,5812,Restaurant,Partnership,Chennai,2023-09-09 00:00:00,ACTIVE,False,1346.64,True
MCH5902,"Iyer, Pal and Kaur",Maharashtra,5311,Department Store,Private Limited,Pune,2024-08-14 00:00:00,ACTIVE,False,441.19,False
MCH4113,"Anand,ChoudharyandContractor",Tamil Nadu,5912,Medical / Pharmacy,Individual,Chennai,2023-09-07 00:00:00,ACTIVE,True,418.15,True
MCH4278,Thakkar-Gupta,Punjab,5311,Department Store,Private Limited,Amritsar,2025-05-31 00:00:00,INACTIVE,False,703.48,False
MCH4184,SACHDEVA-KARA,Rajasthan,5812,Restaurant,Partnership,Jaipur,2025-02-02 04:25:00,ACTIVE,False,704.96,False
MCH6840,saini group,Karnataka,5411,Grocery,Private Limited,Bangalore,2024-09-15 00:00:00,ACTIVE,True,731.68,True
MCH6197,"Koshy, Shah and Ratta",Karnataka,4131,Transportation,Partnership,Bangalore,2024-03-20 00:00:00,ACTIVE,False,1491.79,True
MCH7398,Bhavsar and Sons,Tamil Nadu,5311,Department Store,Sole Proprietor,Chennai,2025-04-24 00:00:00,ACTIVE,False,6060.9,False
MCH5892,"Dara, Goswami and Purohit",Karnataka,5812,Restaurant,Individual,Bangalore,2025-02-21 11:15:43,ACTIVE,False,1175.0,False
MCH2750,Rao-Narayanan,Punjab,5942,Book Store,Individual,Ldh,2024-05-13 00:00:00,ACTIVE,True,3052.68,False
MCH4688,venkatesh group,Delhi,5942,Book Store,Sole Proprietor,Delhi,2024-08-24 14:22:22,SUSPENDED,False,2933.52,True
MCH7197,Raval-Chadha,Maharashtra,5812,Restaurant,Individual,Mumbai,2023-09-25 00:19:22,ACTIVE,False,218.4,False
MCH6440,Taneja-Mahajan,Punjab,5311,Department Store,Individual,Jalandhar,2025-04-17 00:00:00,ACTIVE,False,6682.66,True
MCH6152,Mukhopadhyay PLC,Rajasthan,5942,Book Store,Individual,Jaipur,2025-12-20 00:00:00,ACTIVE,False,1642.16,True
MCH1227,"Madan, More and Pal",Telangana,5411,Grocery,Sole Proprietor,Hyderabad,2025-12-08 00:01:00,ACTIVE,False,1078.83,True
MCH4770,Mahal-Sood,Rajasthan,5411,Grocery,Sole Proprietor,Jaipur,2024-12-17 00:00:00,INACTIVE,False,489.82,True
MCH7062,"Karpe, Sekhon and Memon",Tamil Nadu,5999,Misc Retail,Partnership,Chennai,2024-07-18 00:00:00,INACTIVE,False,2267.0,True
MCH9949,Lanka Ltd,Punjab,4131,Transportation,Sole Proprietor,Ludhiana,2024-10-08 00:24:00,ACTIVE,False,4386.14,False
MCH5569,"Thaman, Kar and Dass",Maharashtra,5999,Misc Retail,Sole Proprietor,Mumbai,2026-01-27 00:00:00,INACTIVE,False,3592.34,True
MCH5603,Saha-Sahota,Maharashtra,,,Partnership,Mumbai,2025-09-12 13:03:44,ACTIVE,False,1242.85,True
MCH2284,Nayak Group,Maharashtra,5699,Apparel,Private Limited,Mumbai,2025-10-01 04:44:36,SUSPENDED,False,998.2,True
MCH2727,"viswanathan, kamdar and raman",Rajasthan,4814,Telecom,Partnership,Jaipur,2026-01-22 00:00:00,ACTIVE,False,2886.2,False
MCH9255,"Hegde, Dass and Sehgal",Punjab,5699,Apparel,Private Limited,Amritsar,2023-07-19 10:19:06,ACTIVE,False,1054.61,False
MCH2752,Palla LLC,Uttar Pradesh,4131,Transportation,Sole Proprietor,Lucknow,2023-01-13 21:44:09,ACTIVE,False,69.28,True
MCH1216,Mani Ltd,Punjab,5999,Misc Retail,Sole Proprietor,Amritsar,2025-04-05 19:50:02,ACTIVE,False,228.0,True
MCH2550,"Basu, Madan and Chaudry",Maharashtra,5999,Misc Retail,Private Limited,Pune,2024-10-23 11:38:00,ACTIVE,False,1412.55,False
MCH7627,Lata-Ray,Maharashtra,4131,Transportation,Individual,Mumbai,2025-05-17 00:00:00,ACTIVE,False,1169.55,True
MCH5992,"Anne, Gole and Bhatnagar",Punjab,5912,Medical / Pharmacy,Private Limited,Ludhiana,2025-12-31 00:00:00,ACTIVE,False,1637.97,True
MCH9223,D’Alia-Hans,Tamil Nadu,5699,Apparel,Partnership,Chennai,2024-12-09 02:24:19,ACTIVE,False,376.0,True
MCH4678,"Yogi, Goel and Chaudry",Punjab,5912,Medical / Pharmacy,Sole Proprietor,Amritsar,2025-10-11 23:31:36,ACTIVE,False,1363.28,True
MCH6170,Gh0se-Mann,Uttar Pradesh,5999,Misc Retail,Private Limited,Lko,2023-09-05 00:00:00,ACTIVE,False,1120.12,True
MCH4639,Chaudhry-Bath,Punjab,5912,Medical / Pharmacy,Partnership,Jalandhar,2023-05-11 10:36:23,ACTIVE,False,295.45,True
MCH8952,"varghese, korpal and dora",Tamil Nadu,5912,Medical / Pharmacy,Sole Proprietor,Chennai,2024-08-10 00:00:00,ACTIVE,False,987.96,False
MCH3888,"Gandhi, Cherian and Chhabra",Telangana,4814,Telecom,Partnership,Hyderabad,2025-02-27 00:00:00,ACTIVE,True,1400.8,True
MCH5488,Chaudry-Garde,West Bengal,5411,Grocery,Individual,Kolkata,2023-03-31 00:00:00,ACTIVE,False,405.0,False
MCH6184,Peri-R0ut,Maharashtra,4131,Transportation,Sole Proprietor,Mumbai,,ACTIVE,False,1637.73,True
MCH5766,Varkey-Datta,Maharashtra,4814,Telecom,Private Limited,Mumbai,2024-02-18 00:00:00,ACTIVE,True,1162.56,False
MCH9718,Raval and Sons,Karnataka,5812,Restaurant,Individual,Bangalore,2026-01-04 00:00:00,ACTIVE,False,3311.57,True
MCH5845,Buch PLC,Punjab,5311,Department Store,Sole Proprietor,Ludhiana,2025-09-25 00:00:00,ACTIVE,False,1603.87,True
MCH9216,AMBLE-THAMAN,Punjab,,,Partnership,Ludhiana,2025-02-10 00:00:00,ACTIVE,False,2329.15,True
MCH4451,Bansal-Tak,Punjab,7011,Hotel / Lodging,Individual,Amritsar,,ACTIVE,False,,False
MCH1153,"Oommen, Sastry and Varty",Punjab,5311,Department Store,Private Limited,Amritsar,2024-06-17 00:00:00,ACTIVE,False,873.51,True
MCH8766,Shanker Ltd,Tamil Nadu,5912,Medical / Pharmacy,Sole Proprietor,Chennai,2025-07-02 00:00:00,ACTIVE,False,801.0,True
MCH9519,Shere-Banik,Uttar Pradesh,5699,Apparel,Sole Proprietor,Lucknow,2025-07-04 00:00:00,ACTIVE,False,889.4,False
MCH6306,"RAMESH, VISWANATHAN AND KALITA",Tamil Nadu,4131,Transportation,Private Limited,Chennai,2026-01-05 00:00:00,ACTIVE,False,302.6,True
MCH7661,Pal-Atwal,West Bengal,7011,Hotel / Lodging,Partnership,Kolkata,2024-06-20 00:00:00,ACTIVE,False,1304.11,True
MCH7371,"Ghose, Handa and Golla",Tamil Nadu,5912,Medical / Pharmacy,Individual,Chennai,2025-04-08 00:00:00,ACTIVE,False,456.21,True
MCH1714,Sampath LLC,Uttar Pradesh,5699,Apparel,Partnership,Lko,2026-02-17 00:00:00,ACTIVE,False,585.92,True
MCH2214,Varkey-Seshadri,Delhi,4131,Transportation,Partnership,Delhi,2024-12-18 00:00:00,ACTIVE,True,649.44,True
MCH5442,"ray, bajaj and shetty",Maharashtra,5411,Grocery,Individual,Pune,2024-11-01 11:03:00,ACTIVE,False,448.9,True
MCH5915,"Solanki, Banik and Badal",Punjab,4131,Transportation,Individual,Jalandhar,2024-10-22 00:00:00,ACTIVE,False,1488.9,True
MCH8817,SawhneyLtd,Maharashtra,7011,Hotel / Lodging,Individual,Poona,,INACTIVE,False,495.07,False
MCH2423,"lad, kibe and bora",Maharashtra,7011,Hotel / Lodging,Individual,Pune,2023-10-25 07:48:35,INACTIVE,False,2425.0,False
MCH1653,Mitra Inc,Tamil Nadu,7011,Hotel / Lodging,Sole Proprietor,Chennai,,ACTIVE,False,1669.53,True
MCH3608,"Raj, Sarin and Sibal",Rajasthan,4814,Telecom,Partnership,Jaipur,2024-12-08 00:00:00,INACTIVE,False,1956.65,True
MCH4802,Jain Inc,Maharashtra,5411,Grocery,Individual,Mumbai,,SUSPENDED,False,1158.19,True
MCH1740,"Dhaliwal, Boase and Walla",Maharashtra,7011,Hotel / Lodging,Partnership,Poona,2025-02-09 00:00:00,ACTIVE,False,903.0,True
MCH1169,Dey-Gupta,Karnataka,5812,Restaurant,Individual,Bangalore,2023-03-17 00:00:00,ACTIVE,False,1427.7,True
MCH6542,Saraf-Dhingra,Maharashtra,5311,Department Store,Sole Proprietor,Mumbai,2023-12-16 00:00:00,ACTIVE,False,321.72,True
MCH3176,Gera Inc,Uttar Pradesh,4814,Telecom,Private Limited,Lucknow,2024-03-10 00:00:00,ACTIVE,False,1047.58,True
MCH6116,KEER-SHUKLA,Delhi,4131,Transportation,Individual,Delhi,2025-02-18 00:00:00,ACTIVE,False,3651.0,True
MCH7842,J0ha1 Ltd,West Bengal,5812,Restaurant,Private Limited,Kolkata,2025-02-06 00:00:00,INACTIVE,False,1856.0,True
MCH4485,NazarethInc,Maharashtra,5999,Misc Retail,Individual,Poona,2023-11-07 18:34:59,SUSPENDED,False,1928.18,True
MCH8023,CHAR-GALA,Tamil Nadu,5699,Apparel,Individual,Chennai,2024-04-04 00:00:00,ACTIVE,False,837.35,True
MCH8385,Thaker-Hegde,Punjab,5812,Restaurant,Partnership,Amritsar,2024-05-14 00:00:00,ACTIVE,False,2913.48,False
MCH7413,Uppal-Chaudhry,Karnataka,,,Private Limited,Bangalore,2024-09-13 00:00:00,ACTIVE,False,3645.54,True
MCH5386,"Hari, Handa and Madan",Karnataka,4814,Telecom,Private Limited,Bangalore,2023-09-27 00:00:00,ACTIVE,False,682.57,False
MCH3699,borra and sons,Maharashtra,5942,Book Store,Private Limited,Poona,2025-12-17 22:31:06,INACTIVE,False,790.7,False
MCH4983,"Magar, Ratta and Choudhary",Punjab,5411,Grocery,Partnership,Ludhiana,2023-07-05 00:00:00,ACTIVE,False,617.98,True
MCH1034,DEVI-CHAUDHARI,Delhi,7011,Hotel / Lodging,Private Limited,Delhi,2024-06-17 22:15:00,ACTIVE,False,243.38,True
MCH1739,keer group,West Bengal,5999,Misc Retail,Individual,Kolkata,2024-02-11 00:00:00,ACTIVE,False,2619.15,False
MCH5870,Deol Group,Tamil Nadu,4131,Transportation,Sole Proprietor,Chennai,2023-04-02 21:18:00,SUSPENDED,False,1911.31,False
MCH3274,Sen-Chawla,Tamil Nadu,5311,Department Store,Private Limited,Chennai,2023-02-25 00:00:00,ACTIVE,True,1472.57,True
MCH8065,Gandhi-Shanker,Uttar Pradesh,4131,Transportation,Individual,Lucknow,2024-07-19 12:29:00,INACTIVE,False,674.4,True
MCH5270,"Kannan, Goda and Kade",Uttar Pradesh,7011,Hotel / Lodging,Individual,Lucknow,2023-10-13 12:44:32,INACTIVE,False,469.0,False
MCH3835,"Pillai, Ratti and Chaudhuri",Punjab,4814,Telecom,Partnership,Ludhiana,2023-01-15 10:05:00,INACTIVE,False,6901.65,True
MCH9322,"Khosla, Walia and Deep",West Bengal,5311,Department Store,Partnership,Kolkata,2024-07-15 00:00:00,ACTIVE,False,1060.15,True
MCH3218,"KEER, SONI AND DESHPANDE",Maharashtra,5912,Medical / Pharmacy,Sole Proprietor,Mumbai,2024-03-10 00:00:00,ACTIVE,False,3727.56,True
MCH7195,Som and Sons,Tamil Nadu,5999,Misc Retail,Sole Proprietor,Chennai,2024-10-15 14:41:16,ACTIVE,False,1440.74,False
MCH5974,Padmanabhan LLC,Uttar Pradesh,5812,Restaurant,Individual,Lucknow,2023-03-11 10:03:46,ACTIVE,False,1194.0,True
MCH5576,oza plc,Karnataka,4131,Transportation,Sole Proprietor,Bangalore,2024-07-27 00:00:00,ACTIVE,False,,True
MCH2503,Ravel PLC,West Bengal,4814,Telecom,Individual,Kolkata,2025-03-10 00:00:00,ACTIVE,False,858.0,True
MCH2102,"Mand, Bobal and Saini",Punjab,5812,Restaurant,Individual,Ludhiana,2024-04-25 00:00:00,ACTIVE,True,2985.52,False
MCH7089,"Reddy, Dua and Trivedi",West Bengal,5912,Medical / Pharmacy,Private Limited,Kolkata,2023-08-03 14:43:57,INACTIVE,False,819.59,True
MCH8150,Hegde-Doctor,Maharashtra,5912,Medical / Pharmacy,Partnership,Poona,2023-11-02 00:00:00,ACTIVE,False,1430.0,True
MCH7750,"Rama, Garde and Ravi",Karnataka,,,Partnership,Bangalore,2025-01-22 00:00:00,ACTIVE,False,1271.38,True
MCH8614,Basu-Gola,Maharashtra,4131,Transportation,Partnership,Poona,2026-01-08 00:00:00,ACTIVE,False,1454.86,True
MCH3081,"Anne, Choudhry and Nanda",Telangana,5912,Medical / Pharmacy,Partnership,Hyderabad,2024-12-23 00:00:00,ACTIVE,False,590.0,True
MCH9125,"mallick, walia and kanda",Tamil Nadu,5311,Department Store,Partnership,Chennai,2023-10-21 19:24:00,ACTIVE,False,3007.21,False
MCH6641,Sunder-Taneja,West Bengal,5411,Grocery,Individual,Kolkata,2025-12-24 23:48:00,ACTIVE,False,126.11,False
MCH1750,RAVI-DHAR,Punjab,4814,Telecom,Sole Proprietor,Ldh,2023-10-12 03:27:30,ACTIVE,True,1422.61,False
MCH4230,Jha Group,Rajasthan,5912,Medical / Pharmacy,Private Limited,Jaipur,,ACTIVE,False,911.06,True
MCH3761,"Bal,MittalandPrabhakar",Maharashtra,5999,Misc Retail,Private Limited,Poona,2025-06-11 00:00:00,ACTIVE,False,6900.33,False
MCH1839,Krish Group,Punjab,5411,Grocery,Sole Proprietor,Jalandhar,2024-01-29 20:47:00,ACTIVE,False,1503.47,False
MCH6959,"Agrawal, Bhatt and Babu",Uttar Pradesh,7011,Hotel / Lodging,Partnership,Lucknow,2024-05-24 03:34:51,ACTIVE,False,611.31,False
MCH8770,Mani-Mutti,Delhi,5999,Misc Retail,Sole Proprietor,Delhi,2023-04-07 00:00:00,ACTIVE,False,379.0,True
MCH8755,"Biswas, Divan and Sachdeva",Tamil Nadu,7011,Hotel / Lodging,Private Limited,Chennai,2025-07-25 09:26:00,SUSPENDED,False,2277.32,True
MCH8490,SEKHON-CHADHA,Delhi,5699,Apparel,Sole Proprietor,Delhi,2024-06-28 00:00:00,INACTIVE,True,694.05,True
MCH8645,"Desai, Agarwal and Handa",Punjab,4814,Telecom,Individual,Ludhiana,2024-03-31 00:00:00,ACTIVE,False,1177.09,False
MCH1430,"Bhavsar, Dora and Singh",Delhi,5812,Restaurant,Private Limited,Delhi,2024-03-07 00:00:00,ACTIVE,False,238.76,False
MCH3701,Mand-Bhat,Uttar Pradesh,5999,Misc Retail,Sole Proprietor,Lko,2024-05-07 00:00:00,INACTIVE,False,231.29,True
MCH3869,HEGDE LTD,Maharashtra,,,Partnership,Pune,2026-01-28 22:35:06,ACTIVE,True,342.59,False
MCH4621,Ravel-Chaudhuri,Delhi,5942,Book Store,Private Limited,Delhi,2024-08-04 00:00:00,ACTIVE,True,397.3,True
MCH2704,Sengupta-Sarin,Maharashtra,5699,Apparel,Private Limited,Poona,2023-03-08 07:11:36,ACTIVE,False,2593.67,True
MCH1479,"Mandal, Barad and Srinivasan",West Bengal,5942,Book Store,Partnership,Kolkata,2025-07-27 00:00:00,ACTIVE,False,,True
MCH9416,Kulkarni and Sons,Maharashtra,5411,Grocery,Partnership,Mumbai,2024-12-13 22:23:48,ACTIVE,False,755.0,True
MCH4747,issac plc,Maharashtra,4131,Transportation,Private Limited,Mumbai,2023-07-07 09:40:00,INACTIVE,False,,True
MCH7003,"Dutt, Sachdeva and Sridhar",Uttar Pradesh,5999,Misc Retail,Individual,Lucknow,2025-04-30 00:00:00,INACTIVE,False,418.71,True
MCH3123,"Hegde, Bahl and Comar",Delhi,,,Private Limited,Delhi,2023-06-01 00:00:00,ACTIVE,False,2133.64,True
MCH4691,"Deshmukh, Pant and Garg",Karnataka,7011,Hotel / Lodging,Sole Proprietor,Bangalore,2025-05-10 00:00:00,ACTIVE,False,2116.48,False
MCH9092,Mall-Deshpande,Delhi,7011,Hotel / Lodging,Partnership,Delhi,2025-12-26 00:00:00,INACTIVE,False,1485.1,True
MCH9857,Mitra-Bala,Karnataka,5311,Department Store,Partnership,Bangalore,2024-01-15 00:21:39,ACTIVE,False,507.74,True
MCH9056,"Misra, Kalita and Kapur",Uttar Pradesh,5942,Book Store,Private Limited,Lko,2023-06-17 00:00:00,ACTIVE,False,497.59,True
MCH9733,SATHE-HARI,Karnataka,4131,Transportation,Partnership,Bangalore,2025-09-24 05:50:29,ACTIVE,False,1033.79,False
MCH7489,Sridhar PLC,Karnataka,5999,Misc Retail,Individual,Bangalore,2024-09-15 00:00:00,ACTIVE,False,990.64,False
MCH8297,Ghose PLC,West Bengal,4131,Transportation,Partnership,Kolkata,2024-12-02 00:00:00,ACTIVE,False,1408.64,True
MCH3733,Ramakrishnan-Chaudhuri,Punjab,7011,Hotel / Lodging,Sole Proprietor,Amritsar,2025-03-15 00:00:00,ACTIVE,False,1213.25,False
MCH9940,"Thakur, Chokshi and Char",Punjab,5699,Apparel,Sole Proprietor,Jalandhar,2023-01-16 00:00:00,ACTIVE,False,1656.0,False
MCH3284,Lal and Sons,Punjab,,,Private Limited,Ludhiana,2024-02-18 00:00:00,INACTIVE,False,3943.29,True
MCH4068,Balakrishnan Inc,Punjab,4814,Telecom,Individual,Jalandhar,2024-11-23 00:00:00,ACTIVE,False,1322.89,False
MCH5938,Prabhu LLC,Punjab,5999,Misc Retail,Sole Proprietor,Jalandar,2024-10-16 00:00:00,ACTIVE,False,590.79,False
MCH4968,Choudhry Inc,Rajasthan,4814,Telecom,Partnership,Jaipur,,ACTIVE,False,1122.44,True
MCH8844,"Lad, Walia and Raj",Punjab,5912,Medical / Pharmacy,Individual,Ludhiana,2025-11-26 00:00:00,ACTIVE,False,,True
MCH8312,"Ramanathan, Andra and Sarma",Uttar Pradesh,5912,Medical / Pharmacy,Partnership,Lko,2023-02-20 00:00:00,ACTIVE,True,1966.71,True
MCH5968,"SOMAN, ISSAC AND GOSWAMI",Punjab,5311,Department Store,Private Limited,Jalandhar,2025-10-16 00:00:00,ACTIVE,False,5598.75,True
MCH6044,Narain-Srivastava,Telangana,7011,Hotel / Lodging,Sole Proprietor,Hyderabad,2026-02-11 00:00:00,ACTIVE,False,141.65,False
MCH3779,aggarwal-hans,West Bengal,5311,Department Store,Private Limited,Kolkata,2024-12-04 08:30:32,ACTIVE,True,1502.01,True
MCH8198,Buch-Sengupta,West Bengal,5311,Department Store,Individual,Kolkata,2023-01-18 00:00:00,INACTIVE,False,2004.67,False
MCH4133,Buch-Hayre,West Bengal,5912,Medical / Pharmacy,Partnership,Kolkata,2024-02-16 00:00:00,SUSPENDED,True,1903.02,False
MCH6816,Muni-Bakshi,Maharashtra,,,Private Limited,Mumbai,2025-10-19 19:36:20,SUSPENDED,False,1412.92,True
MCH8338,Basu Ltd,Maharashtra,5812,Restaurant,Private Limited,Pune,2025-06-21 00:00:00,ACTIVE,False,279.5,True
MCH8189,BAJAJ-SURA,Delhi,4131,Transportation,Sole Proprietor,Delhi,2023-01-31 11:30:49,ACTIVE,False,1010.26,False
MCH8823,SUBRAMANIAN INC,Maharashtra,5699,Apparel,Partnership,Mumbai,2024-01-31 00:00:00,SUSPENDED,False,523.43,True
MCH8140,"Chokshi, Johal and Sachdeva",West Bengal,5812,Restaurant,Sole Proprietor,Kolkata,2024-08-24 20:09:39,ACTIVE,False,1136.04,False
MCH7688,"Kata, Bobal and Basu",Punjab,5912,Medical / Pharmacy,Sole Proprietor,Ldh,2025-07-29 00:00:00,ACTIVE,False,3346.0,True
MCH3393,"PANCHAL, MISTRY AND SAWHNEY",Punjab,,,Sole Proprietor,Amritsar,,ACTIVE,False,612.0,False
MCH2923,bahri plc,Karnataka,5912,Medical / Pharmacy,Sole Proprietor,Bangalore,2024-11-11 00:00:00,ACTIVE,False,1195.19,False
MCH2887,Rau-Saha,Delhi,5699,Apparel,Sole Proprietor,Delhi,2023-08-17 00:00:00,ACTIVE,False,,True
MCH6729,Sharma and Sons,Punjab,5311,Department Store,Partnership,Amritsar,2023-01-27 00:00:00,ACTIVE,False,442.47,False
MCH3652,Varghese PLC,Punjab,,,Partnership,Ldh,,ACTIVE,False,2254.0,False
MCH6741,PARIKH-BHATT,Delhi,7011,Hotel / Lodging,Partnership,Delhi,2025-06-20 00:00:00,SUSPENDED,False,664.53,False
MCH9450,"Bahl, Varughese and Char",Maharashtra,4814,Telecom,Partnership,Pune,2023-06-22 16:33:28,ACTIVE,False,260.0,True
MCH6656,uppal llc,Punjab,5812,Restaurant,Individual,Ldh,2023-10-11 00:00:00,ACTIVE,False,488.8,True
MCH5674,"Chhabra, Samra and Ghosh",Maharashtra,4131,Transportation,Partnership,Mumbai,,ACTIVE,False,1727.77,False
MCH4712,"Gulati, Koshy and Purohit",Uttar Pradesh,5812,Restaurant,Individual,Lucknow,2023-06-13 19:51:00,SUSPENDED,False,576.59,False
MCH9371,Mand-Oommen,Tamil Nadu,,,Private Limited,Chennai,2023-11-11 00:00:00,ACTIVE,False,284.42,False
MCH7443,chander-manda,Delhi,4131,Transportation,Private Limited,Delhi,2024-03-27 00:00:00,ACTIVE,False,1371.0,False
MCH3896,"Bansal, Thakkar and Dar",Karnataka,5942,Book Store,Sole Proprietor,Bangalore,2023-04-20 00:00:00,ACTIVE,False,,True
MCH4836,"Sidhu, Krish and Wadhwa",Maharashtra,5812,Restaurant,Individual,Poona,2025-11-15 20:13:55,ACTIVE,False,431.0,True
MCH9176,Jayaraman PLC,Punjab,5311,Department Store,Private Limited,Jalandar,2025-08-16 00:00:00,SUSPENDED,False,609.42,False
MCH1395,Venkatesh LLC,Uttar Pradesh,5812,Restaurant,Partnership,Lucknow,2023-04-16 01:21:59,ACTIVE,False,641.0,True
MCH3907,"Goswami, Chaudhary and Nanda",Punjab,4814,Telecom,Individual,Ludhiana,2025-06-13 00:00:00,ACTIVE,False,552.22,False
MCH8869,Tella-Roy,Punjab,5912,Medical / Pharmacy,Sole Proprietor,Ldh,2025-05-17 00:00:00,ACTIVE,False,618.72,True
MCH9037,Varty-Vaidya,Punjab,4131,Transportation,Private Limited,Jalandhar,2023-04-17 21:34:00,ACTIVE,False,2383.02,True
MCH5850,Virk-Loke,Maharashtra,5699,Apparel,Partnership,Mumbai,,ACTIVE,False,3558.0,True
MCH9402,Vyas-Nath,Uttar Pradesh,5812,Restaurant,Private Limited,Lko,2023-09-18 00:00:00,ACTIVE,True,640.89,False
MCH1011,Wable and Sons,Punjab,5411,Grocery,Private Limited,Ludhiana,2023-11-02 00:00:00,ACTIVE,False,6536.07,False
MCH2875,Chander-Parmer,Punjab,5311,Department Store,Partnership,Ludhiana,2024-11-12 00:00:00,ACTIVE,False,351.55,True
MCH4097,Venkataraman PLC,Karnataka,5912,Medical / Pharmacy,Sole Proprietor,Bangalore,2025-05-25 04:58:00,ACTIVE,False,405.21,False
MCH8455,Chauhan-Raju,Maharashtra,5311,Department Store,Private Limited,Poona,2023-03-29 00:00:00,ACTIVE,False,1832.78,True
MCH7020,Dalal LLC,Tamil Nadu,5311,Department Store,Partnership,Chennai,2023-10-01 13:17:54,ACTIVE,False,1105.4,False
MCH8029,"Gokhale, Varughese and Dube",Telangana,5311,Department Store,Sole Proprietor,Hyderabad,2025-12-21 00:00:00,ACTIVE,False,973.0,True
MCH7266,Sule PLC,Rajasthan,5812,Restaurant,Partnership,Jaipur,2025-08-30 12:28:51,ACTIVE,False,,True
MCH2045,Nadig-Bal,Maharashtra,5699,Apparel,Private Limited,Pune,2024-02-05 23:14:00,ACTIVE,True,2363.1,False
MCH6755,Subramaniam Inc,Delhi,7011,Hotel / Lodging,Partnership,Delhi,2024-03-23 00:00:00,ACTIVE,False,1535.05,False
MCH5953,"Sandhu, Srinivas and Thakur",Punjab,5699,Apparel,Private Limited,Amritsar,2023-09-10 19:25:00,ACTIVE,False,3101.03,True
MCH2726,"Chawla, Tata and Chander",Tamil Nadu,5699,Apparel,Partnership,Chennai,2025-10-11 02:35:19,INACTIVE,False,2102.32,True
MCH6720,"dhingra, shukla and edwin",Punjab,5912,Medical / Pharmacy,Partnership,Amritsar,2025-08-07 00:00:00,ACTIVE,False,638.0,True
MCH6148,"Sem, Aggarwa1 and Uppa1",Uttar Pradesh,5311,Department Store,Sole Proprietor,Lko,2025-11-29 06:29:00,INACTIVE,False,3148.18,True
MCH6477,Gopal-Dewan,Maharashtra,5699,Apparel,Sole Proprietor,Mumbai,2025-12-20 00:00:00,ACTIVE,False,1828.26,True
MCH2535,MODY-GREWAL,Maharashtra,5699,Apparel,Sole Proprietor,Mumbai,2026-02-11 00:00:00,ACTIVE,False,1997.41,True
MCH6392,Thaman Ltd,West Bengal,7011,Hotel / Lodging,Partnership,Kolkata,2023-08-03 00:00:00,ACTIVE,False,691.37,True
MCH4822,SAMA-KEER,Telangana,4131,Transportation,Private Limited,Hyderabad,2025-08-07 00:00:00,ACTIVE,False,736.6,False
MCH8384,"Tella, Batra and Baral",Punjab,5311,Department Store,Individual,Jalandar,2023-04-08 00:00:00,ACTIVE,False,,False
MCH8344,Purohit-Ravi,Maharashtra,5311,Department Store,Private Limited,Pune,2023-09-04 21:29:50,ACTIVE,False,337.58,False
MCH5599,Peri-Bhatti,Maharashtra,5942,Book Store,Individual,Mumbai,2023-06-06 05:11:00,ACTIVE,False,8103.17,False
MCH7767,Nadkarni-Pathak,Tamil Nadu,7011,Hotel / Lodging,Individual,Chennai,2025-07-10 07:50:00,ACTIVE,False,3595.48,False
MCH7024,gandhi-kunda,Uttar Pradesh,5942,Book Store,Private Limited,Lko,2024-04-22 00:00:00,ACTIVE,False,184.56,False
MCH2814,"SANI, KHARE AND RAMACHANDRAN",Punjab,5912,Medical / Pharmacy,Partnership,Jalandhar,2024-02-24 00:00:00,ACTIVE,False,1581.52,True
MCH1563,Mandal-Biswas,Rajasthan,4814,Telecom,Partnership,Jaipur,2023-11-10 00:00:00,SUSPENDED,True,376.51,True
MCH4021,"BALAKRISHNAN, MISTRY AND VIG",Telangana,5912,Medical / Pharmacy,Individual,Hyderabad,2025-04-12 00:00:00,ACTIVE,False,1395.91,True
MCH6947,Sen LLC,Telangana,5912,Medical / Pharmacy,Individual,Hyderabad,2025-05-29 00:00:00,ACTIVE,False,820.37,True
MCH2463,"Pillai, Tank and Das",Tamil Nadu,7011,Hotel / Lodging,Sole Proprietor,Chennai,2025-08-13 00:00:00,ACTIVE,False,1834.3,True
MCH2829,Narain Ltd,Karnataka,5999,Misc Retail,Sole Proprietor,Bangalore,2023-02-15 14:46:04,ACTIVE,False,1912.36,False
MCH9237,GOKHALE INC,Punjab,5912,Medical / Pharmacy,Private Limited,Ldh,2025-09-28 00:00:00,ACTIVE,False,1901.54,True
MCH6832,"Chaudry, Barman and Patla",Uttar Pradesh,5812,Restaurant,Sole Proprietor,Lucknow,2024-09-03 00:00:00,INACTIVE,False,617.14,True
MCH6512,"Sagar, Deep and Rao",Telangana,,,Sole Proprietor,Hyderabad,2025-01-11 00:00:00,ACTIVE,False,,True
MCH1630,Yogi-Agate,West Bengal,5942,Book Store,Partnership,Kolkata,2023-10-31 00:00:00,ACTIVE,False,444.27,True
MCH4191,"Mangal, Seshadri and Kakar",Maharashtra,5699,Apparel,Private Limited,Pune,2024-01-26 00:00:00,ACTIVE,False,1192.21,False
MCH6854,Singh-Pandya,Punjab,5942,Book Store,Partnership,Amritsar,2023-07-22 14:48:37,ACTIVE,False,353.0,False
MCH3893,Dhingra-Chaudhuri,Tamil Nadu,5912,Medical / Pharmacy,Sole Proprietor,Chennai,2025-08-03 00:00:00,ACTIVE,False,2445.5,True
MCH9728,"Dass, Sengupta and Halder",Tamil Nadu,5411,Grocery,Sole Proprietor,Chennai,2024-10-29 12:12:00,ACTIVE,False,6287.55,False
MCH7951,Peri Group,Rajasthan,7011,Hotel / Lodging,Sole Proprietor,Jaipur,2024-02-21 00:00:00,ACTIVE,True,981.55,False
MCH7600,Bora Inc,Punjab,5999,Misc Retail,Private Limited,Jalandar,2025-01-09 00:00:00,ACTIVE,False,582.46,False
MCH8832,"Korpal, Dugar and Grover",Punjab,5411,Grocery,Individual,Ludhiana,2025-10-27 07:47:00,ACTIVE,False,2140.7,True
MCH9979,"Bandi, Gupta and Sarma",Punjab,4131,Transportation,Private Limited,Ludhiana,2023-04-13 00:00:00,SUSPENDED,True,979.52,False
MCH9514,Prakash Gr0up,Uttar Pradesh,5912,Medical / Pharmacy,Partnership,Lko,2024-10-06 00:00:00,INACTIVE,False,2338.36,True
MCH8838,"KALA, SIDHU AND KURUVILLA",Tamil Nadu,5912,Medical / Pharmacy,Partnership,Chennai,2023-02-11 00:00:00,INACTIVE,False,593.62,False
MCH5980,MISRA-GANGULY,West Bengal,4131,Transportation,Individual,Kolkata,2025-08-13 00:00:00,ACTIVE,False,2762.0,True
MCH4261,"Kar, Krishnan and Nadig",Maharashtra,5411,Grocery,Partnership,Mumbai,2024-10-07 08:24:11,ACTIVE,False,1395.9,False
MCH9128,"Vig, Menon and Prabhakar",Delhi,5942,Book Store,Sole Proprietor,Delhi,2023-08-30 06:57:00,ACTIVE,False,594.0,True
MCH8545,Taneja and Sons,Rajasthan,5411,Grocery,Private Limited,Jaipur,2025-07-06 00:00:00,ACTIVE,False,1926.0,False
MCH8048,"kaul, master and deo",Telangana,4814,Telecom,Individual,Hyderabad,2025-02-15 00:00:00,ACTIVE,False,2683.93,True
MCH9803,Rastogi Ltd,Rajasthan,,,Partnership,Jaipur,2025-01-29 05:08:38,ACTIVE,False,3135.89,False
MCH6361,"Saran, Dhar and Chaudhry",Delhi,7011,Hotel / Lodging,Sole Proprietor,Delhi,2023-04-18 22:29:15,ACTIVE,False,701.89,True
MCH7279,das plc,Rajasthan,5999,Misc Retail,Partnership,Jaipur,,ACTIVE,False,1157.26,True
MCH2753,"Karan, Ganguly and Desai",Punjab,5999,Misc Retail,Private Limited,Amritsar,2023-03-31 00:00:00,ACTIVE,False,1254.6,False
MCH1380,Mahal-Khare,Maharashtra,5999,Misc Retail,Private Limited,Mumbai,2025-02-23 00:44:00,ACTIVE,False,3004.0,True
MCH5898,Virk-Mani,Delhi,5699,Apparel,Partnership,Delhi,2025-08-23 00:00:00,ACTIVE,False,2502.05,True
MCH5900,Sarraf-Nagar,West Bengal,5912,Medical / Pharmacy,Sole Proprietor,Kolkata,2024-03-23 06:41:25,ACTIVE,False,380.94,True
MCH6718,Chaudry-Ramachandran,Uttar Pradesh,4814,Telecom,Individual,Lucknow,2024-07-19 00:00:00,ACTIVE,False,1635.83,True
MCH9002,MANNE LTD,Punjab,,,Partnership,Amritsar,2023-04-11 00:00:00,ACTIVE,False,2336.66,True
MCH9732,Pal-Kaur,Punjab,5699,Apparel,Individual,Jalandar,2023-06-25 00:00:00,ACTIVE,False,1508.45,True
MCH3219,Aggarwal Group,Uttar Pradesh,5311,Department Store,Partnership,Lko,2025-08-29 00:00:00,ACTIVE,False,1058.64,True
MCH4330,"Viswanathan, Morar and Barad",Punjab,4131,Transportation,Individual,Jalandhar,2023-10-04 00:00:00,ACTIVE,False,151.73,False
MCH2842,ANNE LTD,Delhi,5699,Apparel,Partnership,Delhi,2023-03-04 00:00:00,ACTIVE,False,1642.14,False
MCH2684,Barad-Jaggi,Delhi,5942,Book Store,Sole Proprietor,Delhi,2024-04-13 01:13:00,ACTIVE,False,518.0,True
MCH4223,"Bajwa, Khurana and Sinha",Karnataka,,,Sole Proprietor,Bangalore,2025-03-15 00:00:00,ACTIVE,False,585.1,False
MCH7470,"Din,GuptaandRatti",Delhi,5311,Department Store,Partnership,Delhi,2023-09-21 00:00:00,INACTIVE,False,684.47,True
MCH2596,Vasa PLC,Telangana,4131,Transportation,Sole Proprietor,Hyderabad,2025-08-20 22:49:00,ACTIVE,True,2736.9,False
MCH8272,"Kaur, Barad and Sengupta",Punjab,5411,Grocery,Partnership,Amritsar,2023-04-11 00:00:00,ACTIVE,False,2250.0,True
MCH5785,Vohra Inc,Maharashtra,5699,Apparel,Partnership,Mumbai,2023-06-25 00:00:00,ACTIVE,False,1694.59,True
MCH9835,Mahajan-Pingle,Rajasthan,7011,Hotel / Lodging,Private Limited,Jaipur,2025-09-22 00:00:00,ACTIVE,False,2477.71,False
MCH8435,Bajwa-Sandhu,Rajasthan,5699,Apparel,Individual,Jaipur,2024-08-11 00:00:00,ACTIVE,True,5825.04,True
MCH3739,Murty Ltd,Tamil Nadu,5311,Department Store,Private Limited,Chennai,2025-09-15 00:00:00,ACTIVE,False,571.15,True
MCH4765,madan-pandey,Telangana,5699,Apparel,Sole Proprietor,Hyderabad,2025-03-12 12:56:00,ACTIVE,False,1004.95,True
MCH9291,"Mukhopadhyay, Dua and Dada",Delhi,5699,Apparel,Sole Proprietor,Delhi,2023-12-24 00:00:00,ACTIVE,False,875.0,True
MCH9152,KARA-PARIKH,Uttar Pradesh,4814,Telecom,Sole Proprietor,Lucknow,2024-12-01 00:00:00,ACTIVE,False,5009.29,False
MCH2020,Prabhu-Kar,Punjab,5699,Apparel,Private Limited,Jalandhar,2025-03-15 21:17:00,SUSPENDED,False,2649.5,True
MCH7712,Sehgal Ltd,Uttar Pradesh,5411,Grocery,Partnership,Lucknow,,ACTIVE,False,2215.59,True
MCH3837,"Char, Naik and Sachdev",Delhi,5999,Misc Retail,Private Limited,Delhi,2026-01-25 00:00:00,ACTIVE,False,5233.0,True
MCH2032,"Doshi, Sur and Sarna",Maharashtra,,,Private Limited,Pune,2023-07-15 00:00:00,ACTIVE,False,771.07,False
MCH1788,"Dass, Rajagopal and Madan",Maharashtra,,,Private Limited,Pune,2024-11-12 00:00:00,SUSPENDED,False,1479.46,False
MCH1044,"Jha, Salvi and Setty",Telangana,5311,Department Store,Partnership,Hyderabad,2024-10-28 00:00:00,ACTIVE,False,1084.93,True
MCH9583,Khurana-Johal,Delhi,5411,Grocery,Partnership,Delhi,2024-04-30 09:32:52,ACTIVE,False,5627.6,True
MCH9207,"Gola, Prabhu and Sood",West Bengal,5311,Department Store,Private Limited,Kolkata,2025-02-14 20:21:36,ACTIVE,False,1107.16,True
MCH8820,Mistry Group,West Bengal,5812,Restaurant,Partnership,Kolkata,2025-10-19 00:00:00,ACTIVE,False,1132.45,True
MCH6448,"Kara, Mahal and Borah",Tamil Nadu,5699,Apparel,Individual,Chennai,2025-02-02 01:23:00,SUSPENDED,False,2308.59,True
MCH9764,More-Bhavsar,Maharashtra,5912,Medical / Pharmacy,Sole Proprietor,Pune,2024-09-06 22:28:13,ACTIVE,False,3514.68,True
MCH9354,"SRINIVASAN, BHARGAVA AND SATHE",Maharashtra,7011,Hotel / Lodging,Private Limited,Pune,2025-12-26 03:14:06,ACTIVE,False,272.4,True
MCH3024,Kade-Bhatia,Delhi,5812,Restaurant,Partnership,Delhi,2025-09-22 17:31:43,ACTIVE,False,2093.0,False
MCH8137,G0pa1-Mahajan,Karnataka,4131,Transportation,Partnership,Bangalore,2024-01-30 00:00:00,ACTIVE,False,561.1,True
MCH8741,Swaminathan-Kakar,West Bengal,4814,Telecom,Sole Proprietor,Kolkata,2024-08-17 15:49:00,ACTIVE,False,8897.16,True
MCH2579,More Inc,Rajasthan,,,Partnership,Jaipur,2024-06-05 00:00:00,ACTIVE,False,4068.74,False
MCH8919,Parmar Ltd,Karnataka,,,Private Limited,Bangalore,2023-12-24 00:00:00,ACTIVE,False,2228.63,False
MCH9927,"lall, bali and varughese",Uttar Pradesh,5812,Restaurant,Sole Proprietor,Lucknow,2025-12-09 00:00:00,ACTIVE,False,1410.0,True
MCH4643,Barad and Sons,Punjab,5942,Book Store,Individual,Ludhiana,2025-05-18 00:00:00,SUSPENDED,False,3490.79,True
MCH2411,SARAF-GOLA,Rajasthan,4131,Transportation,Individual,Jaipur,2023-02-09 06:15:13,ACTIVE,False,2300.71,False
MCH1722,Patel-Warrior,West Bengal,7011,Hotel / Lodging,Individual,Kolkata,2025-03-15 00:00:00,ACTIVE,False,420.0,True
MCH6328,"Ray, Pandit and Bala",Tamil Nadu,4814,Telecom,Private Limited,Chennai,2025-11-27 00:31:00,ACTIVE,False,644.89,True
MCH3268,Kadakia-Rajan,Maharashtra,5699,Apparel,Sole Proprietor,Pune,2024-11-16 14:24:23,ACTIVE,False,2055.32,False
MCH8561,"Swaminathan, Sa1vi and Kant",Maharashtra,5699,Apparel,Private Limited,Mumbai,2025-04-19 00:00:00,ACTIVE,False,4447.81,True
MCH4030,Nayar PLC,Punjab,,,Private Limited,Amritsar,2023-08-02 19:27:00,ACTIVE,False,1079.32,False
MCH1626,"Pau, Iyengar and Khare",Delhi,5999,Misc Retail,Sole Proprietor,Delhi,2025-07-12 00:00:00,ACTIVE,False,550.42,True
MCH1272,Garg Inc,Rajasthan,4131,Transportation,Partnership,Jaipur,2023-05-28 22:37:00,ACTIVE,False,549.87,True
MCH9897,Modi PLC,Delhi,5699,Apparel,Individual,Delhi,2023-06-01 00:00:00,ACTIVE,True,1453.4,False
MCH6670,SAWHNEY INC,Karnataka,5411,Grocery,Individual,Bangalore,2026-01-17 00:00:00,ACTIVE,True,2332.15,True
MCH5292,Nori-Dugal,Maharashtra,5999,Misc Retail,Sole Proprietor,Poona,,INACTIVE,False,542.0,True
MCH2648,Batta LLC,Rajasthan,5999,Misc Retail,Partnership,Jaipur,2024-10-10 00:00:00,ACTIVE,False,416.94,False
MCH9114,Tiwari-0ak,Maharashtra,4814,Telecom,Individual,Pune,2026-01-16 00:00:00,ACTIVE,False,7090.63,False
MCH5154,DHINGRA-SUNDER,Maharashtra,5999,Misc Retail,Sole Proprietor,Poona,2025-06-14 00:00:00,ACTIVE,False,2001.0,True
MCH6060,Chacko-Sundaram,Rajasthan,4131,Transportation,Individual,Jaipur,2023-03-25 00:00:00,INACTIVE,False,2026.75,True
MCH6100,"PILLAY, MERCHANT AND SEM",Punjab,5942,Book Store,Private Limited,Jalandhar,2023-09-05 09:50:00,ACTIVE,False,1374.95,True
MCH9866,Sane-Dar,Uttar Pradesh,4814,Telecom,Partnership,Lko,2024-04-11 00:00:00,ACTIVE,False,910.27,False
MCH5722,Kant-Gara,Uttar Pradesh,7011,Hotel / Lodging,Partnership,Lucknow,2024-12-16 00:00:00,ACTIVE,False,1451.76,True
MCH7558,Nair-Tandon,Delhi,7011,Hotel / Lodging,Individual,Delhi,2025-09-24 00:00:00,ACTIVE,False,2209.65,True
MCH1429,Pal Ltd,Rajasthan,5411,Grocery,Individual,Jaipur,2024-10-13 00:00:00,ACTIVE,False,258.0,True
MCH7094,Narasimhan and Sons,Uttar Pradesh,5411,Grocery,Partnership,Lucknow,2023-04-03 07:40:00,ACTIVE,True,522.74,True
MCH3847,Nair PLC,Maharashtra,5311,Department Store,Sole Proprietor,Poona,,ACTIVE,False,660.47,False
MCH8529,Pradhan PLC,Delhi,5942,Book Store,Sole Proprietor,Delhi,2025-07-13 03:13:00,ACTIVE,False,476.91,False
MCH2287,Baral Inc,Delhi,5912,Medical / Pharmacy,Individual,Delhi,2025-06-11 00:00:00,ACTIVE,False,920.82,False
MCH6677,"DESHMUKH, CHOUDHRY AND LAD",Punjab,5912,Medical / Pharmacy,Private Limited,Jalandhar,2024-12-05 00:00:00,INACTIVE,False,2949.0,False
MCH2417,"Reddy, Patel and Manda",Karnataka,5912,Medical / Pharmacy,Individual,Bangalore,2025-03-13 00:00:00,ACTIVE,False,1553.29,True
MCH3289,Tripathi-Mandal,Tamil Nadu,4814,Telecom,Individual,Chennai,2024-12-29 00:00:00,ACTIVE,False,1368.37,True
MCH2601,"Mangal, Lalla and Desai",Punjab,4131,Transportation,Private Limited,Ludhiana,2025-02-19 00:00:00,ACTIVE,False,1601.46,True
MCH5287,Sachdeva PLC,Telangana,4131,Transportation,Partnership,Hyderabad,2024-02-06 00:00:00,ACTIVE,False,823.34,True
MCH8024,Banik PLC,Punjab,5411,Grocery,Individual,Jalandhar,2026-02-02 22:13:43,ACTIVE,False,1100.96,True
MCH4476,Parikh Group,West Bengal,5912,Medical / Pharmacy,Partnership,Kolkata,2025-09-10 00:24:37,ACTIVE,False,,False
MCH4738,Jha PLC,Karnataka,,,Sole Proprietor,Bangalore,2024-05-24 22:20:53,INACTIVE,False,1636.42,False
MCH7849,Lal-Wagle,Rajasthan,5311,Department Store,Sole Proprietor,Jaipur,2025-02-12 16:31:00,ACTIVE,False,4061.65,True
MCH5801,"Narasimhan, Grewal and Vora",Delhi,4131,Transportation,Private Limited,Delhi,2023-08-08 00:00:00,ACTIVE,False,1697.55,False
MCH8775,Bakshi-Shah,Delhi,5699,Apparel,Partnership,Delhi,2025-07-09 07:17:12,ACTIVE,False,480.13,False
MCH5999,NORI INC,Punjab,5999,Misc Retail,Private Limited,Jalandhar,2026-01-02 22:34:56,ACTIVE,False,629.41,True
MCH1726,RAJA AND SONS,Delhi,4131,Transportation,Private Limited,Delhi,2025-12-13 00:00:00,ACTIVE,False,639.24,False
MCH6296,"Goyal, Vora and Loke",Uttar Pradesh,5411,Grocery,Private Limited,Lucknow,,ACTIVE,False,538.0,False
MCH3431,Ghosh and Sons,Maharashtra,,,Sole Proprietor,Mumbai,2025-11-24 00:00:00,SUSPENDED,False,1904.92,True
MCH2696,"Dave, Chaudhari and Bhatti",Delhi,5411,Grocery,Individual,Delhi,2024-11-25 00:00:00,ACTIVE,True,9658.06,True
MCH3244,Murthy Group,Punjab,5912,Medical / Pharmacy,Private Limited,Jalandar,2025-03-07 05:29:26,ACTIVE,False,3366.47,False
MCH1887,Peri Inc,Karnataka,5311,Department Store,Private Limited,Bangalore,2023-02-26 00:00:00,ACTIVE,False,2706.7,False
MCH2186,Venkatesh and Sons,Uttar Pradesh,5912,Medical / Pharmacy,Sole Proprietor,Lko,2025-11-23 00:00:00,ACTIVE,False,661.82,False
MCH5905,KARNIK LTD,Maharashtra,5812,Restaurant,Individual,Poona,2026-02-05 00:00:00,ACTIVE,False,653.53,True
MCH3725,Balan Inc,West Bengal,5912,Medical / Pharmacy,Sole Proprietor,Kolkata,2024-10-04 18:42:00,ACTIVE,False,2579.6,True
MCH1222,Dass-Dugar,West Bengal,5411,Grocery,Sole Proprietor,Kolkata,2023-11-07 18:19:21,ACTIVE,False,,False
MCH6383,Char PLC,Karnataka,4814,Telecom,Sole Proprietor,Bangalore,2023-10-28 04:05:00,ACTIVE,False,266.0,False
MCH5753,Handa Inc,Telangana,5812,Restaurant,Sole Proprietor,Hyderabad,2025-11-04 23:27:50,ACTIVE,False,3518.1,True
MCH6465,Mody Ltd,Tamil Nadu,5699,Apparel,Sole Proprietor,Chennai,2025-03-01 00:00:00,SUSPENDED,False,307.0,False
MCH7201,"patil, mahajan and issac",Maharashtra,5999,Misc Retail,Private Limited,Mumbai,2025-03-16 00:00:00,ACTIVE,False,282.54,True
MCH2169,"Munshi, Srinivas and Ramanathan",Tamil Nadu,5942,Book Store,Partnership,Chennai,2024-09-07 00:00:00,ACTIVE,False,351.61,False
MCH8692,Singhal-Mane,Punjab,5999,Misc Retail,Partnership,Jalandhar,2025-07-24 00:00:00,ACTIVE,False,1884.81,True
MCH5312,Choudhary Inc,West Bengal,5411,Grocery,Partnership,Kolkata,2023-07-27 00:00:00,ACTIVE,False,1438.2,False
MCH2299,Ahluwalia Inc,Punjab,4131,Transportation,Partnership,Ludhiana,2024-12-02 23:31:00,ACTIVE,False,2936.54,False
MCH7870,"Kalla,MoreandSwamy",Rajasthan,5912,Medical / Pharmacy,Private Limited,Jaipur,2025-03-04 00:00:00,ACTIVE,False,681.25,True
MCH3880,Sankaran-M0dy,Telangana,4131,Transportation,Sole Proprietor,Hyderabad,2026-02-26 18:34:00,ACTIVE,False,794.44,True
MCH1292,Gera-Nayak,Tamil Nadu,7011,Hotel / Lodging,Sole Proprietor,Chennai,2023-09-25 00:00:00,ACTIVE,False,267.0,False
MCH7162,Ranganathan-Chakraborty,Maharashtra,5699,Apparel,Private Limited,Poona,2025-02-17 00:00:00,ACTIVE,False,1830.64,True
MCH5110,"deshpande, verma and shenoy",Maharashtra,5942,Book Store,Private Limited,Pune,2024-11-11 00:00:00,INACTIVE,True,555.9,False
MCH8104,CHACKO GROUP,Karnataka,7011,Hotel / Lodging,Private Limited,Bangalore,2024-01-02 09:22:31,ACTIVE,False,,True
MCH9185,Om Ltd,West Bengal,5812,Restaurant,Partnership,Kolkata,2025-09-22 00:00:00,INACTIVE,False,311.59,True
MCH1133,Shere Ltd,Karnataka,5912,Medical / Pharmacy,Partnership,Bangalore,2025-06-10 00:00:00,ACTIVE,False,11501.53,False
MCH7411,"Bhasin, Soman and Savant",Tamil Nadu,4814,Telecom,Sole Proprietor,Chennai,,ACTIVE,False,2298.88,False
MCH9290,"Gole, Viswanathan and Brahmbhatt",Punjab,7011,Hotel / Lodging,Partnership,Ldh,,INACTIVE,False,1704.51,False
MCH7829,Hora Ltd,Rajasthan,4131,Transportation,Partnership,Jaipur,2025-05-06 00:00:00,ACTIVE,False,422.0,True
MCH9523,"Tank, Uppal and Malhotra",Maharashtra,5912,Medical / Pharmacy,Partnership,Pune,2025-10-25 00:00:00,ACTIVE,False,5060.01,False
MCH7295,Palan-Ray,Karnataka,7011,Hotel / Lodging,Partnership,Bangalore,2023-02-02 10:44:00,ACTIVE,False,1161.77,False
MCH1628,"rao, buch and kala",Uttar Pradesh,5912,Medical / Pharmacy,Individual,Lko,2025-01-08 16:04:25,ACTIVE,False,789.95,False
MCH4416,Raju and S0ns,Karnataka,5999,Misc Retail,Individual,Bangalore,2025-10-04 00:00:00,INACTIVE,False,3955.0,True
MCH4687,GOEL LLC,Uttar Pradesh,5942,Book Store,Individual,Lucknow,2023-01-30 00:00:00,ACTIVE,False,820.0,True
MCH4284,Chawla LLC,Punjab,4131,Transportation,Sole Proprietor,Ldh,2026-02-13 00:00:00,ACTIVE,False,385.0,True
MCH8518,Srivastava-Parsa,Rajasthan,5699,Apparel,Individual,Jaipur,2024-09-11 00:00:00,ACTIVE,False,191.84,False
MCH9753,Chowdhury and Sons,Maharashtra,4814,Telecom,Individual,Mumbai,2023-07-06 13:36:00,ACTIVE,False,559.33,True
MCH2951,"THAKUR, SUBRAMANIAM AND AGRAWAL",Maharashtra,7011,Hotel / Lodging,Partnership,Mumbai,2026-02-06 00:00:00,ACTIVE,True,3115.69,True
MCH8878,Kashyap-Behl,West Bengal,7011,Hotel / Lodging,Sole Proprietor,Kolkata,2023-07-21 00:00:00,ACTIVE,False,228.35,False
MCH1136,"bahri, kanda and seth",Tamil Nadu,5942,Book Store,Private Limited,Chennai,2023-07-17 00:00:00,ACTIVE,False,896.84,True
MCH1665,Salvi Group,Karnataka,5699,Apparel,Individual,Bangalore,2025-11-30 00:00:00,ACTIVE,False,946.53,True
MCH4888,Saha-Jani,Punjab,4814,Telecom,Sole Proprietor,Ludhiana,2025-11-20 00:00:00,ACTIVE,False,308.77,False
MCH8422,Kakar-Bera,Punjab,5699,Apparel,Sole Proprietor,Amritsar,2025-10-03 00:00:00,ACTIVE,False,661.76,True
MCH7113,"Jain,BhattiandSha",Tamil Nadu,5942,Book Store,Partnership,Chennai,2025-07-30 15:17:22,SUSPENDED,False,1921.99,True
MCH5023,CHATTERJEE-KALLA,Maharashtra,5912,Medical / Pharmacy,Partnership,Mumbai,2024-12-31 00:00:00,ACTIVE,True,5484.78,True
MCH7795,Prakash LLC,Rajasthan,4131,Transportation,Sole Proprietor,Jaipur,2025-06-28 04:41:24,ACTIVE,False,956.79,False
MCH3980,Chadha-Raval,Karnataka,5699,Apparel,Partnership,Bangalore,2023-04-14 00:00:00,ACTIVE,False,1323.06,True
MCH7356,"Divan, Rastogi and Prabhu",Uttar Pradesh,5942,Book Store,Partnership,Lucknow,2025-07-22 00:00:00,ACTIVE,True,306.91,True
MCH5451,Divan LLC,Rajasthan,5411,Grocery,Partnership,Jaipur,2025-05-14 00:00:00,ACTIVE,False,2492.35,False
MCH7252,"Krishnamurthy, Pandit and Mukherjee",Telangana,5942,Book Store,Sole Proprietor,Hyderabad,2025-08-01 00:00:00,ACTIVE,False,1234.51,True
MCH2111,Dubey-Oommen,Punjab,7011,Hotel / Lodging,Individual,Ludhiana,2023-07-26 08:03:00,ACTIVE,False,5111.16,False
MCH2370,Mutti-Sarma,Delhi,5699,Apparel,Individual,Delhi,2024-08-03 00:00:00,ACTIVE,False,6053.56,False
MCH2533,"Chhabra, Shah and Tella",Rajasthan,5912,Medical / Pharmacy,Sole Proprietor,Jaipur,2025-03-05 00:00:00,ACTIVE,False,2439.28,False
MCH6019,Chatterjee Ltd,Delhi,,,Private Limited,Delhi,2026-01-25 00:00:00,ACTIVE,False,100.27,True
MCH5477,Mahajan Ltd,Karnataka,5699,Apparel,Individual,Bangalore,2025-09-01 00:00:00,ACTIVE,False,3690.89,True
MCH9460,"Oza, Balakrishnan and Kapoor",Tamil Nadu,5942,Book Store,Individual,Chennai,,ACTIVE,False,481.26,True
MCH7737,"Sarma, Tripathi and Chandra",Maharashtra,4131,Transportation,Sole Proprietor,Mumbai,2023-09-19 00:00:00,ACTIVE,True,1625.72,True
MCH7985,"Ba1ay, Mammen and Raman",Uttar Pradesh,5812,Restaurant,Partnership,Lko,2023-12-16 19:17:00,ACTIVE,False,2429.67,False
MCH2613,"Grewal, Gade and Bhattacharyya",West Bengal,4814,Telecom,Private Limited,Kolkata,2023-06-04 01:02:27,SUSPENDED,False,1066.15,False
MCH4424,"Date, Soman and Lall",Tamil Nadu,5311,Department Store,Private Limited,Chennai,2024-02-01 22:21:10,ACTIVE,True,410.17,True
MCH3203,Randhawa-Pant,Rajasthan,5311,Department Store,Partnership,Jaipur,2024-12-16 07:20:41,ACTIVE,False,,True
MCH4478,Shenoy Inc,Maharashtra,4131,Transportation,Private Limited,Pune,2024-04-19 20:17:16,ACTIVE,False,3749.72,False
MCH2801,"Khurana, Oza and Divan",Delhi,4814,Telecom,Private Limited,Delhi,2025-10-14 00:00:00,ACTIVE,False,406.76,False
MCH8972,VIG INC,West Bengal,5411,Grocery,Partnership,Kolkata,2024-08-17 00:00:00,ACTIVE,False,835.08,False
MCH7982,De0 Ltd,Punjab,5311,Department Store,Partnership,Ldh,2023-01-14 04:48:22,ACTIVE,False,579.0,True
MCH6069,Krish-Joshi,Punjab,,,Private Limited,Amritsar,2024-07-30 00:00:00,ACTIVE,False,252.19,True
MCH4209,Bahri-Kari,Rajasthan,4131,Transportation,Individual,Jaipur,2025-12-29 00:00:00,ACTIVE,False,1717.86,False
MCH8899,bedi and sons,West Bengal,5699,Apparel,Private Limited,Kolkata,2025-02-25 00:00:00,SUSPENDED,False,,True
MCH6061,Anand-Savant,Punjab,5411,Grocery,Sole Proprietor,Amritsar,2026-02-08 12:13:00,ACTIVE,True,625.71,False
MCH3669,"Dutta, Banerjee and Saini",Uttar Pradesh,5999,Misc Retail,Private Limited,Lucknow,2024-09-03 00:00:00,ACTIVE,False,2883.4,True
MCH9375,"Bhalla, Koshy and Sule",Punjab,,,Individual,Ldh,2023-07-28 23:16:10,INACTIVE,False,924.32,True
MCH5503,Suri Ltd,West Bengal,4131,Transportation,Private Limited,Kolkata,2024-08-30 18:32:00,ACTIVE,False,2446.68,False
MCH9386,Shankar Ltd,Punjab,4131,Transportation,Individual,Amritsar,2023-10-23 00:00:00,ACTIVE,True,252.98,True
MCH1679,"Chawla, Sura and Pal",Uttar Pradesh,4131,Transportation,Individual,Lko,2026-01-30 14:56:48,SUSPENDED,False,1030.0,True
MCH4716,Goda-Agate,Delhi,5411,Grocery,Sole Proprietor,Delhi,2026-01-07 00:00:00,ACTIVE,False,1438.61,True
MCH9129,"sinha, chauhan and sathe",West Bengal,5411,Grocery,Partnership,Kolkata,2025-07-06 00:00:00,ACTIVE,False,914.12,True
MCH9234,"Jhaveri, Chandran and Shukla",Uttar Pradesh,7011,Hotel / Lodging,Partnership,Lucknow,2024-07-26 00:00:00,ACTIVE,False,762.04,True
MCH7983,Karpe-Raval,Uttar Pradesh,5311,Department Store,Individual,Lucknow,2024-01-11 00:00:00,ACTIVE,False,3843.3,True
MCH1744,"Mani, Tara and Mane",Punjab,4131,Transportation,Sole Proprietor,Ludhiana,2023-03-20 16:42:33,INACTIVE,False,466.22,False
MCH2442,Gole PLC,Maharashtra,5812,Restaurant,Partnership,Mumbai,2024-08-28 00:00:00,ACTIVE,False,625.13,True
MCH9050,Bali Ltd,Punjab,4131,Transportation,Individual,Jalandhar,2025-06-01 00:00:00,SUSPENDED,False,847.23,True
MCH1211,"Munshi, Pai and Sibal",Delhi,5311,Department Store,Sole Proprietor,Delhi,2023-01-04 00:00:00,ACTIVE,False,296.16,True
MCH7779,"Mane, Bassi and Samra",Uttar Pradesh,5699,Apparel,Partnership,Lko,2024-12-12 19:16:00,ACTIVE,False,,True
MCH7341,VARUGHESE INC,West Bengal,7011,Hotel / Lodging,Partnership,Kolkata,2023-04-24 02:30:00,ACTIVE,True,3711.54,False
MCH2636,Rau PLC,Delhi,5311,Department Store,Partnership,Delhi,2024-04-06 14:07:44,ACTIVE,False,5739.27,False
MCH5433,Subramanian PLC,Punjab,5699,Apparel,Partnership,Ldh,2024-06-07 19:30:00,ACTIVE,False,673.68,True
MCH7127,"Chhabra, Dayal and Sood",Punjab,5699,Apparel,Individual,Amritsar,2024-06-05 00:00:00,ACTIVE,False,1738.0,True
MCH6010,"Tak, Sani and Jaggi",Rajasthan,5912,Medical / Pharmacy,Individual,Jaipur,2024-01-20 00:00:00,ACTIVE,False,1022.54,True
MCH3810,Mallick-Lall,Uttar Pradesh,5411,Grocery,Private Limited,Lucknow,2025-12-07 00:00:00,SUSPENDED,False,630.92,True
MCH9478,"desai, borah and dugar",West Bengal,,,Private Limited,Kolkata,,SUSPENDED,False,1333.54,False
MCH4934,Shroff Inc,Punjab,5912,Medical / Pharmacy,Private Limited,Amritsar,2025-12-08 00:00:00,ACTIVE,False,1471.24,True
MCH7202,UPPAL PLC,Rajasthan,4131,Transportation,Individual,Jaipur,2023-03-01 00:00:00,INACTIVE,True,1350.11,True
MCH1445,Wali PLC,Telangana,5411,Grocery,Sole Proprietor,Hyderabad,2023-11-09 17:23:59,ACTIVE,False,1200.0,True
MCH1551,malhotra-subramanian,Maharashtra,5812,Restaurant,Partnership,Pune,2024-06-13 00:00:00,ACTIVE,False,1909.07,False
MCH2356,"Vyas, Chhabra and Kala",Tamil Nadu,,,Private Limited,Chennai,2024-08-07 00:00:00,ACTIVE,False,2064.97,False
MCH9762,Kara LLC,Delhi,5999,Misc Retail,Individual,Delhi,,ACTIVE,False,413.17,True
MCH6603,Atwal PLC,Rajasthan,7011,Hotel / Lodging,Sole Proprietor,Jaipur,2024-08-20 00:00:00,ACTIVE,False,694.88,True
MCH9349,"Bhat, Suri and Khalsa",Telangana,5999,Misc Retail,Individual,Hyderabad,2023-07-15 00:00:00,ACTIVE,False,2394.34,True
MCH6176,"TANDON, BADAL AND NATARAJAN",Telangana,4131,Transportation,Private Limited,Hyderabad,2025-12-10 00:00:00,ACTIVE,False,2925.84,True
MCH4685,Mukhopadhyay-Cheema,Tamil Nadu,,,Private Limited,Chennai,2023-07-22 11:31:48,SUSPENDED,False,,True
MCH5308,Shukla-Trivedi,Rajasthan,,,Individual,Jaipur,2025-06-11 00:00:00,ACTIVE,False,,True
MCH9338,D’Alia-Mitter,Maharashtra,,,Partnership,Mumbai,2025-07-01 00:00:00,ACTIVE,False,604.36,False
MCH9586,Ghose PLC,Tamil Nadu,7011,Hotel / Lodging,Private Limited,Chennai,2023-03-30 00:00:00,ACTIVE,False,2522.89,False
MCH7282,chopra llc,Punjab,5411,Grocery,Partnership,Amritsar,2025-12-14 09:02:00,ACTIVE,False,1111.0,True
MCH8639,Samra-Behl,Karnataka,7011,Hotel / Lodging,Private Limited,Bangalore,2024-06-30 11:58:00,INACTIVE,False,2557.45,False
MCH9410,Sagar-Chawla,Punjab,5699,Apparel,Individual,Jalandhar,2026-01-24 00:00:00,ACTIVE,False,820.0,True
MCH4168,"Chad, Dyal and Golla",Maharashtra,5999,Misc Retail,Partnership,Pune,2023-06-10 10:22:54,ACTIVE,False,1194.41,True
MCH5660,Goda-Goda,Punjab,5812,Restaurant,Partnership,Ludhiana,,ACTIVE,True,1213.87,True
MCH6612,sule-pillay,Maharashtra,5812,Restaurant,Partnership,Pune,2025-09-09 00:00:00,ACTIVE,False,2010.07,True
MCH6748,Sathe Inc,West Bengal,5411,Grocery,Sole Proprietor,Kolkata,2023-05-07 00:00:00,INACTIVE,False,1451.17,False
MCH3595,"SRIVASTAVA, MERCHANT AND KOTA",Punjab,5311,Department Store,Private Limited,Ludhiana,2025-01-03 13:32:00,INACTIVE,False,1153.0,True
MCH5736,Agate LLC,Delhi,4131,Transportation,Sole Proprietor,Delhi,2023-04-16 00:00:00,ACTIVE,False,3557.14,True
MCH1618,Muni Ltd,Delhi,5812,Restaurant,Individual,Delhi,2023-11-01 18:31:16,ACTIVE,False,1051.73,False
MCH6446,upadhyay-upadhyay,Punjab,5812,Restaurant,Partnership,Jalandhar,2024-12-05 15:55:00,ACTIVE,True,2923.06,False
MCH8164,"Devan, Basu and Buch",Delhi,5812,Restaurant,Private Limited,Delhi,2023-04-26 00:00:00,ACTIVE,False,3036.35,True
MCH2786,Gola Inc,Tamil Nadu,5699,Apparel,Partnership,Chennai,2024-12-19 14:34:15,ACTIVE,False,576.47,True
MCH9861,"Mukherjee, Murthy and Jani",Punjab,4131,Transportation,Private Limited,Ludhiana,2025-06-22 00:00:00,ACTIVE,False,719.77,False
MCH4624,"krishnamurthy, mandal and luthra",Tamil Nadu,5999,Misc Retail,Individual,Chennai,2025-08-06 00:00:00,ACTIVE,False,784.01,True
MCH1323,DHAR AND SONS,Punjab,5942,Book Store,Partnership,Amritsar,,ACTIVE,True,3792.9,True
MCH6291,Sheth-Anne,Delhi,5311,Department Store,Partnership,Delhi,2025-10-15 00:00:00,SUSPENDED,True,2021.5,True
MCH7244,Nadig-Kata,Karnataka,,,Partnership,Bangalore,2024-08-02 04:15:28,ACTIVE,False,1686.67,True
MCH2202,"dass, vala and goda",Telangana,5912,Medical / Pharmacy,Private Limited,Hyderabad,2023-06-19 00:00:00,SUSPENDED,True,1191.83,True
MCH4651,Bhat-Kamdar,Telangana,5999,Misc Retail,Sole Proprietor,Hyderabad,2024-06-05 00:00:00,ACTIVE,False,718.3,True
MCH8014,Mukherjee Inc,Rajasthan,5912,Medical / Pharmacy,Sole Proprietor,Jaipur,2026-01-25 00:00:00,ACTIVE,False,702.0,False
MCH3726,Varughese PLC,Uttar Pradesh,4814,Telecom,Individual,Lucknow,2024-11-13 08:40:19,ACTIVE,False,3572.06,False
MCH1147,Dayal-Sabharwal,West Bengal,4814,Telecom,Individual,Kolkata,2023-11-23 00:00:00,INACTIVE,False,939.97,True
MCH6205,Munshi Inc,Punjab,4814,Telecom,Sole Proprietor,Ldh,2026-01-01 00:00:00,ACTIVE,False,230.73,True
MCH5103,"MORAR, KANNAN AND PUROHIT",Uttar Pradesh,7011,Hotel / Lodging,Individual,Lko,2023-11-12 00:00:00,SUSPENDED,False,,True
MCH1001,Anand-Kothari,Maharashtra,,,Partnership,Pune,2026-02-17 06:54:00,ACTIVE,False,332.55,True
MCH8805,bose inc,Punjab,5699,Apparel,Individual,Ldh,2024-07-10 00:00:00,ACTIVE,False,6022.98,False
MCH6507,"Ba1akrishnan, Shr0ff and Tank",Punjab,4131,Transportation,Individual,Ludhiana,2024-10-28 12:41:00,ACTIVE,False,1269.14,True
MCH2841,"Memon, Samra and Rajagopal",Maharashtra,5942,Book Store,Sole Proprietor,Mumbai,2024-06-13 00:00:00,ACTIVE,False,,False
MCH6365,Bora-Sood,Maharashtra,5311,Department Store,Individual,Pune,2025-06-28 00:00:00,ACTIVE,True,3013.41,False
MCH3459,Nagi-Saini,Telangana,4814,Telecom,Sole Proprietor,Hyderabad,2023-09-03 00:00:00,ACTIVE,False,2617.26,True
MCH2310,Raj Ltd,Rajasthan,5411,Grocery,Partnership,Jaipur,2026-02-13 22:28:00,INACTIVE,False,681.98,False
MCH9429,Varghese-Mitter,Telangana,7011,Hotel / Lodging,Partnership,Hyderabad,2024-12-16 00:00:00,ACTIVE,False,1566.55,True
MCH9148,Venkatesh and Sons,Telangana,7011,Hotel / Lodging,Sole Proprietor,Hyderabad,2023-07-16 21:32:00,ACTIVE,False,503.0,True
MCH2600,Prabhakar and Sons,West Bengal,5699,Apparel,Partnership,Kolkata,2024-12-17 20:12:43,ACTIVE,True,1712.51,True
MCH1079,Sharaf and Sons,Maharashtra,,,Sole Proprietor,Poona,2023-10-20 00:00:00,ACTIVE,False,455.39,False
MCH7047,BATTA-BHAVSAR,Uttar Pradesh,4814,Telecom,Individual,Lucknow,,ACTIVE,False,691.03,True
MCH5050,Subramanian-Dua,Maharashtra,5942,Book Store,Partnership,Pune,2025-08-28 14:42:57,ACTIVE,False,1506.0,False
MCH1516,LOYAL AND SONS,Punjab,5999,Misc Retail,Private Limited,Ldh,2023-01-12 14:16:00,ACTIVE,False,1471.99,True
MCH2907,VARUGHESE-MANI,Tamil Nadu,5912,Medical / Pharmacy,Sole Proprietor,Chennai,2023-04-25 00:00:00,ACTIVE,False,1106.0,False
MCH4508,Prakash Ltd,Maharashtra,5812,Restaurant,Private Limited,Mumbai,2023-12-12 16:42:00,SUSPENDED,False,1744.61,True
MCH4627,Barman-Kashyap,Maharashtra,5699,Apparel,Partnership,Pune,2026-01-10 00:00:00,ACTIVE,False,1852.01,False
MCH2197,Palan-Bhatti,Delhi,5311,Department Store,Partnership,Delhi,,ACTIVE,False,2800.25,True
MCH4992,VISWANATHAN-PANDEY,Punjab,7011,Hotel / Lodging,Individual,Jalandhar,2024-02-19 00:00:00,SUSPENDED,False,918.79,False
MCH6513,"Krishna, Deshpande and Kar",Maharashtra,5311,Department Store,Individual,Mumbai,2025-08-13 00:00:00,ACTIVE,False,2622.03,True
MCH4998,"Sura, Kanda and Chopra",Maharashtra,5411,Grocery,Partnership,Pune,2023-12-11 21:39:11,INACTIVE,True,2782.68,True
MCH7838,"Yohannan, Sethi and Khare",Punjab,5812,Restaurant,Sole Proprietor,Amritsar,2024-03-25 00:00:00,ACTIVE,False,974.3,False
MCH9967,Kaul LLC,Uttar Pradesh,5812,Restaurant,Individual,Lucknow,2023-12-23 00:00:00,ACTIVE,False,4200.0,True
MCH1580,"Subramaniam, Krishnamurthy and Din",West Bengal,5999,Misc Retail,Sole Proprietor,Kolkata,2025-08-01 00:00:00,ACTIVE,False,2992.77,True
MCH3693,"Rajagopal, Savant and Ganesan",Punjab,4814,Telecom,Individual,Jalandhar,2025-02-26 00:00:00,ACTIVE,False,893.17,True
MCH3764,Tandon and Sons,Maharashtra,5912,Medical / Pharmacy,Partnership,Mumbai,2025-12-30 00:00:00,ACTIVE,False,3428.0,False
MCH2674,nair llc,Delhi,4131,Transportation,Sole Proprietor,Delhi,2025-02-24 00:00:00,INACTIVE,True,396.74,True
MCH8656,"Sarma, Krish and Ranganathan",West Bengal,5942,Book Store,Sole Proprietor,Kolkata,2025-02-04 00:00:00,ACTIVE,False,,True
MCH8550,Nayar Ltd,Punjab,,,Partnership,Jalandar,2024-01-09 17:54:25,ACTIVE,False,1649.78,True
MCH2905,Goyal-Gopal,Delhi,5912,Medical / Pharmacy,Individual,Delhi,2024-02-13 00:00:00,SUSPENDED,False,2312.5,False
MCH9195,"Manne, Parsa and Ratta",West Bengal,5311,Department Store,Individual,Kolkata,2025-01-08 03:54:16,ACTIVE,False,1304.69,True
MCH7720,Agate-Krishnamurthy,Tamil Nadu,7011,Hotel / Lodging,Private Limited,Chennai,2025-10-12 22:57:00,ACTIVE,False,475.0,False
MCH5786,"Bhasin, Manda1 and Tank",West Bengal,4131,Transportation,Individual,Kolkata,2025-08-02 00:00:00,INACTIVE,False,1913.26,True
MCH3405,"DARA, BOASE AND CHADA",Maharashtra,5999,Misc Retail,Partnership,Pune,2024-03-06 00:00:00,ACTIVE,False,210.2,True
MCH6743,Zacharia Inc,Delhi,5411,Grocery,Individual,Delhi,2024-03-31 03:21:00,ACTIVE,False,1075.68,True
MCH4548,"Butala, Som and Modi",Karnataka,4131,Transportation,Private Limited,Bangalore,,SUSPENDED,False,568.11,True
MCH1853,Mukhopadhyay Inc,Punjab,5699,Apparel,Individual,Amritsar,2024-04-10 00:00:00,ACTIVE,False,2522.93,False
MCH5851,"Chakrabarti, Sen and Misra",Maharashtra,5411,Grocery,Sole Proprietor,Poona,2026-02-15 14:58:09,ACTIVE,False,1867.35,True
MCH5795,"Sunder, Bera and Srinivas",West Bengal,7011,Hotel / Lodging,Private Limited,Kolkata,2023-05-19 17:04:00,ACTIVE,False,167.0,False
MCH4100,RAJA-VASA,Punjab,7011,Hotel / Lodging,Sole Proprietor,Jalandhar,2025-06-28 00:00:00,ACTIVE,False,479.15,True
MCH6634,Dave-Sundaram,Punjab,5999,Misc Retail,Private Limited,Ludhiana,2024-12-10 00:00:00,INACTIVE,False,1276.14,False
MCH8427,Lad-Vora,Punjab,5942,Book Store,Private Limited,Jalandhar,2025-03-30 00:00:00,SUSPENDED,False,815.94,True
MCH2617,Mander-Parmar,West Bengal,4814,Telecom,Private Limited,Kolkata,2023-08-05 08:15:00,ACTIVE,False,5191.58,True
MCH9433,Chhabra-Naik,Punjab,5912,Medical / Pharmacy,Individual,Jalandhar,2023-12-14 00:00:00,ACTIVE,False,4629.09,True
MCH2975,"Bora, Mander and Dalal",Tamil Nadu,5942,Book Store,Sole Proprietor,Chennai,2023-09-05 00:00:00,INACTIVE,False,3477.51,False
MCH6802,"deo, vohra and palla",Delhi,5311,Department Store,Private Limited,Delhi,2024-04-11 00:00:00,ACTIVE,False,1823.92,False
MCH2105,"Savant, Chauhan and Kumer",Punjab,5912,Medical / Pharmacy,Private Limited,Amritsar,2024-09-28 00:00:00,ACTIVE,True,898.76,False
MCH3094,Wag1e-Thakkar,Karnataka,5699,Apparel,Individual,Bangalore,2024-12-30 00:00:00,ACTIVE,False,1038.48,True
MCH6282,Madan-Din,Punjab,7011,Hotel / Lodging,Partnership,Amritsar,2026-01-20 00:00:00,ACTIVE,False,955.08,False
MCH5872,Sandal Ltd,Karnataka,5411,Grocery,Private Limited,Bangalore,,ACTIVE,False,2434.63,False
MCH2394,RAJAGOPALAN LLC,West Bengal,5812,Restaurant,Partnership,Kolkata,,ACTIVE,False,2001.35,True
MCH1068,Mall-Palan,Rajasthan,,,Sole Proprietor,Jaipur,2026-02-09 09:23:00,ACTIVE,False,663.04,True
MCH6355,Dutt PLC,Karnataka,5699,Apparel,Private Limited,Bangalore,2025-04-01 04:52:41,ACTIVE,False,495.94,True
MCH6053,Barad-Sen,West Bengal,5999,Misc Retail,Individual,Kolkata,2025-10-20 00:00:00,ACTIVE,False,2730.09,True
MCH8781,Gade PLC,Maharashtra,5912,Medical / Pharmacy,Private Limited,Mumbai,2023-02-27 16:50:53,ACTIVE,False,714.3,False
MCH8548,Karpe Ltd,Delhi,5812,Restaurant,Partnership,Delhi,,ACTIVE,False,699.0,False
MCH5151,Sachar-Lad,Maharashtra,4131,Transportation,Partnership,Mumbai,2025-04-09 22:00:45,ACTIVE,False,703.87,True
MCH3663,Saini-Gaba,Rajasthan,5699,Apparel,Sole Proprietor,Jaipur,2025-02-03 00:00:00,ACTIVE,False,377.05,False
MCH9006,Chopra-Sandhu,Uttar Pradesh,5699,Apparel,Partnership,Lko,2024-04-03 00:00:00,ACTIVE,False,1365.03,True
MCH1525,sant-bhavsar,Rajasthan,5942,Book Store,Individual,Jaipur,2023-09-10 00:00:00,ACTIVE,False,754.82,True
MCH5125,Dave and Sons,Punjab,5812,Restaurant,Private Limited,Ldh,2025-06-15 00:00:00,ACTIVE,False,838.15,True
MCH8508,"Iyengar,GillandTella",Tamil Nadu,5999,Misc Retail,Private Limited,Chennai,2023-12-12 06:59:00,ACTIVE,False,1985.47,False
MCH6855,"Soman, Ravel and Anand",West Bengal,5411,Grocery,Private Limited,Kolkata,2026-02-06 00:00:00,ACTIVE,False,1385.58,True
MCH1816,Aurora-Kata,Uttar Pradesh,5311,Department Store,Sole Proprietor,Lucknow,2025-03-15 01:24:29,ACTIVE,False,1797.52,False
MCH7384,Seshadri-Rai,West Bengal,4814,Telecom,Sole Proprietor,Kolkata,2024-01-13 00:00:00,ACTIVE,False,4458.94,False
MCH3143,"ZACHARIA, BUCH AND YADAV",Telangana,5311,Department Store,Partnership,Hyderabad,2023-03-13 00:00:00,ACTIVE,False,4822.0,True
MCH2965,shroff-prabhakar,Punjab,5411,Grocery,Partnership,Amritsar,,ACTIVE,False,2028.0,True
MCH9675,Mand-Varkey,Punjab,5912,Medical / Pharmacy,Individual,Jalandhar,2025-11-05 00:00:00,INACTIVE,False,843.13,False
MCH8139,"mani, kala and verma",Punjab,5311,Department Store,Individual,Amritsar,2024-02-07 00:00:00,ACTIVE,False,2137.68,True
MCH2071,Dube-Kapadia,Punjab,,,Sole Proprietor,Amritsar,2024-08-19 04:07:47,ACTIVE,False,1392.0,True
MCH4916,Rama-Patel,Delhi,5942,Book Store,Individual,Delhi,2025-06-24 22:01:00,ACTIVE,True,2293.01,True
MCH8592,Venkatesh-Brahmbhatt,Karnataka,5942,Book Store,Private Limited,Bangalore,2023-11-29 06:07:36,ACTIVE,False,2914.59,True
MCH9547,Anne-Narasimhan,Delhi,5311,Department Store,Individual,Delhi,2025-04-11 00:00:00,ACTIVE,False,823.12,False
MCH3407,Lal LLC,Punjab,,,Private Limited,Jalandar,2023-09-27 00:00:00,ACTIVE,False,3232.78,True
MCH8563,"Sen, Saxena and Chopra",Maharashtra,5411,Grocery,Sole Proprietor,Poona,2025-12-18 00:00:00,ACTIVE,False,1384.68,True
MCH8521,"Sankaran, Mangat and Gaba",Delhi,5311,Department Store,Sole Proprietor,Delhi,2024-11-24 00:00:00,ACTIVE,False,1028.11,True
MCH6421,WadhwaLtd,Karnataka,5699,Apparel,Sole Proprietor,Bangalore,2024-01-30 21:37:00,ACTIVE,False,1782.12,False
MCH8310,Chakraborty Ltd,Delhi,4131,Transportation,Individual,Delhi,2026-01-02 00:00:00,ACTIVE,False,1287.03,True
MCH9787,Nigam LLC,Rajasthan,7011,Hotel / Lodging,Private Limited,Jaipur,2023-06-18 00:00:00,INACTIVE,False,717.19,False
MCH5322,Parsa LLC,Punjab,5912,Medical / Pharmacy,Individual,Jalandhar,2023-03-26 00:00:00,ACTIVE,False,2329.55,True
MCH7359,Rajagopalan-Rattan,West Bengal,5912,Medical / Pharmacy,Sole Proprietor,Kolkata,2025-03-13 00:00:00,ACTIVE,True,825.72,False
MCH4641,KarnikLLC,Punjab,5311,Department Store,Sole Proprietor,Ludhiana,2025-02-02 00:00:00,ACTIVE,False,,False
MCH8204,Bumb-Bansal,Punjab,7011,Hotel / Lodging,Private Limited,Jalandhar,2025-10-13 17:19:27,ACTIVE,False,1083.04,True
MCH5855,"Rajagopalan,MuniandPrasad",Punjab,,,Partnership,Jalandhar,2023-09-08 00:00:00,ACTIVE,False,115.41,False
MCH4900,Karpe PLC,Punjab,5411,Grocery,Sole Proprietor,Jalandhar,2025-04-02 00:00:00,ACTIVE,False,2695.78,False
MCH9203,PATEL-BHASIN,Delhi,7011,Hotel / Lodging,Partnership,Delhi,2025-04-14 00:00:00,ACTIVE,False,1305.76,True
MCH3307,Uppal and Sons,Maharashtra,7011,Hotel / Lodging,Private Limited,Poona,2023-07-03 20:38:00,ACTIVE,False,1033.39,True
MCH4337,Sethi Ltd,Punjab,4814,Telecom,Individual,Jalandhar,2026-01-28 00:00:00,INACTIVE,False,3672.22,True
MCH8957,Brar-Lanka,Punjab,5999,Misc Retail,Individual,Jalandhar,,ACTIVE,False,1494.31,False
MCH2949,"Mahal, Natt and Ghosh",Rajasthan,5999,Misc Retail,Partnership,Jaipur,2024-07-19 00:00:00,ACTIVE,True,2320.74,True
MCH6246,Zachariah Group,Tamil Nadu,5699,Apparel,Individual,Chennai,2025-06-16 00:00:00,ACTIVE,False,1510.7,False
MCH7028,Jain-Merchant,Uttar Pradesh,5912,Medical / Pharmacy,Partnership,Lucknow,2025-10-16 00:00:00,ACTIVE,False,542.31,False
MCH7077,BASU LLC,Uttar Pradesh,7011,Hotel / Lodging,Individual,Lucknow,2025-08-18 00:00:00,SUSPENDED,False,484.0,True
MCH3662,Banerjee LLC,Telangana,5699,Apparel,Individual,Hyderabad,2024-03-15 00:00:00,INACTIVE,False,1998.0,False
MCH1649,Venkatesh PLC,Delhi,5812,Restaurant,Private Limited,Delhi,2024-03-08 17:27:00,SUSPENDED,False,851.41,True
MCH8654,"Deshpande, Comar and Pandya",Delhi,4814,Telecom,Individual,Delhi,,ACTIVE,False,898.0,True
MCH9359,"Ramanathan, Parekh and Agrawal",Punjab,4131,Transportation,Partnership,Ludhiana,2023-04-08 13:17:52,ACTIVE,False,3245.01,True
MCH1389,munshi-behl,Maharashtra,5411,Grocery,Individual,Pune,2023-06-17 00:00:00,ACTIVE,False,3913.0,False
MCH4164,Iyengar LLC,Rajasthan,5999,Misc Retail,Sole Proprietor,Jaipur,,ACTIVE,False,440.0,True
MCH8358,Sarna-Singh,Punjab,5699,Apparel,Sole Proprietor,Amritsar,2025-12-16 19:12:00,SUSPENDED,False,1645.07,True
MCH1109,Solanki Ltd,Maharashtra,5311,Department Store,Partnership,Mumbai,2023-07-23 00:00:00,ACTIVE,False,1262.18,True
MCH5528,"Bhagat, Sathe and Iyengar",Maharashtra,5411,Grocery,Sole Proprietor,Pune,2026-02-13 11:24:00,ACTIVE,False,668.43,False
MCH2656,"Patla, Deo and Babu",Rajasthan,5912,Medical / Pharmacy,Partnership,Jaipur,2026-02-02 00:00:00,ACTIVE,False,1217.69,True
MCH3358,Suri-Dhillon,West Bengal,4131,Transportation,Individual,Kolkata,2023-09-22 00:00:00,INACTIVE,False,665.29,True
MCH8110,Kamdar-Raval,Uttar Pradesh,5999,Misc Retail,Partnership,Lucknow,2023-07-13 00:00:00,INACTIVE,False,768.59,False
MCH5387,Khatri Group,Delhi,7011,Hotel / Lodging,Sole Proprietor,Delhi,2025-10-06 12:45:13,ACTIVE,False,1172.0,True
MCH4897,Bahl PLC,Punjab,4131,Transportation,Partnership,Amritsar,2024-03-09 00:00:00,ACTIVE,False,6953.87,False
MCH9370,Mallick-Gola,Rajasthan,5999,Misc Retail,Private Limited,Jaipur,2023-02-20 00:00:00,ACTIVE,False,4284.71,True
MCH4334,"Nazareth, Loyal and Dhar",Punjab,5311,Department Store,Individual,Ludhiana,2025-11-09 00:00:00,ACTIVE,False,6505.28,True
MCH4902,"Pingle, Choudhary and Raghavan",Karnataka,7011,Hotel / Lodging,Sole Proprietor,Bangalore,2023-03-31 00:00:00,ACTIVE,False,482.41,False
MCH5541,Sheth and Sons,Karnataka,5812,Restaurant,Individual,Bangalore,2024-07-13 09:55:59,ACTIVE,False,548.54,False
MCH2172,"taneja, raj and vora",Telangana,7011,Hotel / Lodging,Sole Proprietor,Hyderabad,2025-06-15 03:11:00,ACTIVE,False,466.45,False
MCH6150,"Chada, Vala and Merchant",Telangana,4814,Telecom,Private Limited,Hyderabad,2024-10-10 00:00:00,INACTIVE,False,616.0,True
MCH3006,BISWAS-RAM,Uttar Pradesh,5999,Misc Retail,Individual,Lucknow,2023-08-14 00:00:00,ACTIVE,False,638.0,True
MCH8865,Wali-Yogi,Maharashtra,5942,Book Store,Partnership,Pune,,ACTIVE,False,1783.0,True
MCH3860,sama group,Tamil Nadu,5699,Apparel,Sole Proprietor,Chennai,2023-10-03 00:00:00,ACTIVE,False,448.66,False
MCH8078,thaman-ganguly,Maharashtra,5912,Medical / Pharmacy,Sole Proprietor,Mumbai,2023-07-12 00:00:00,ACTIVE,False,1158.31,True
MCH9320,Char Inc,Telangana,5411,Grocery,Private Limited,Hyderabad,2025-11-22 00:00:00,ACTIVE,False,695.0,True
MCH8648,"KUMER, PRADHAN AND PAI",Punjab,5912,Medical / Pharmacy,Sole Proprietor,Jalandhar,2023-12-17 00:00:00,ACTIVE,False,2147.87,True
MCH1003,"Nayar, Batta and Barad",Tamil Nadu,5699,Apparel,Private Limited,Chennai,,ACTIVE,False,792.91,False
MCH6258,"Mitra, Nori and Venkataraman",Telangana,,,Private Limited,Hyderabad,2025-02-10 18:46:00,ACTIVE,False,353.34,False
MCH3671,"VALA, DHAR AND WASON",Tamil Nadu,5912,Medical / Pharmacy,Individual,Chennai,,ACTIVE,False,2167.0,False
MCH3146,Batta-Sharaf,Maharashtra,4131,Transportation,Individual,Poona,2024-10-02 00:00:00,ACTIVE,False,898.04,True
MCH4370,Kuruvilla and Sons,Maharashtra,5999,Misc Retail,Individual,Mumbai,2023-08-18 00:00:00,ACTIVE,True,715.96,False
MCH3506,Peri Group,Karnataka,7011,Hotel / Lodging,Individual,Bangalore,,ACTIVE,False,3808.09,True
MCH3277,Issac-Lata,Delhi,,,Partnership,Delhi,2025-09-22 00:00:00,ACTIVE,False,1571.63,True
MCH3820,Behl LLC,Punjab,5311,Department Store,Partnership,Jalandar,2023-05-30 00:00:00,INACTIVE,False,983.06,True
MCH3484,Sidhu LLC,Punjab,5999,Misc Retail,Individual,Ludhiana,,ACTIVE,True,876.31,False
MCH7615,"DAR, PAREKH AND DE",Uttar Pradesh,5812,Restaurant,Sole Proprietor,Lucknow,,INACTIVE,False,2530.9,True
MCH9271,"Bera, Contractor and Trivedi",Delhi,4131,Transportation,Sole Proprietor,Delhi,2025-02-20 00:00:00,ACTIVE,False,,True
MCH5716,nadig inc,Tamil Nadu,4814,Telecom,Individual,Chennai,2025-06-26 14:09:58,ACTIVE,False,1811.84,False
MCH9954,"Dutta, J0ha1 and Char",Delhi,5699,Apparel,Sole Proprietor,Delhi,2025-12-23 00:00:00,ACTIVE,False,3148.72,True
MCH2174,"Sood, Chowdhury and Chacko",Delhi,7011,Hotel / Lodging,Private Limited,Delhi,2024-03-13 00:00:00,INACTIVE,False,1287.16,True
MCH3829,Bansal Ltd,Maharashtra,7011,Hotel / Lodging,Private Limited,Pune,2024-12-04 00:00:00,ACTIVE,False,2565.33,True
MCH2087,DUBEY-DOCTOR,Punjab,5999,Misc Retail,Individual,Amritsar,2025-04-17 00:00:00,ACTIVE,False,4751.6,True
MCH4974,Krishna PLC,West Bengal,5699,Apparel,Individual,Kolkata,2023-04-18 00:00:00,SUSPENDED,False,1458.56,True
MCH4214,"Mitra, Oak and Keer",Karnataka,5699,Apparel,Individual,Bangalore,2024-02-12 00:00:00,ACTIVE,False,1159.46,False
MCH8033,Gole Group,Punjab,5942,Book Store,Private Limited,Jalandar,2025-05-22 00:00:00,ACTIVE,False,1372.74,True
MCH3649,"Jain, Sama and Sarma",Maharashtra,5999,Misc Retail,Partnership,Mumbai,2025-06-08 21:51:00,ACTIVE,False,671.85,True
MCH7692,Ratti-Patla,Punjab,5311,Department Store,Individual,Amritsar,2025-07-10 00:00:00,ACTIVE,False,2270.3,True
MCH1852,Prabhu Group,Maharashtra,5411,Grocery,Individual,Mumbai,2024-03-31 00:00:00,ACTIVE,False,786.71,True
MCH3883,Vohra and Sons,Maharashtra,7011,Hotel / Lodging,Individual,Mumbai,2023-11-17 00:00:00,ACTIVE,True,2320.22,True
MCH5601,Raj-Gopal,Punjab,7011,Hotel / Lodging,Private Limited,Jalandhar,2024-05-17 22:26:00,ACTIVE,False,,True
MCH4936,"Bhalla, Gour and Khare",Punjab,5411,Grocery,Individual,Jalandhar,2025-10-14 00:00:00,ACTIVE,False,739.83,True
MCH3451,AMBLE-NAIR,Punjab,5912,Medical / Pharmacy,Sole Proprietor,Amritsar,2025-10-06 00:00:00,SUSPENDED,False,,True
MCH6433,Bhattacharyya Ltd,Karnataka,4814,Telecom,Partnership,Bangalore,2024-12-31 00:00:00,INACTIVE,False,1248.03,False
MCH3572,"V0hra, Chander and Padmanabhan",Telangana,5812,Restaurant,Sole Proprietor,Hyderabad,2024-05-16 11:42:00,ACTIVE,False,793.52,False
MCH4182,"More, Sarma and Baria",Maharashtra,4814,Telecom,Individual,Mumbai,2026-01-01 00:00:00,ACTIVE,False,4102.61,True
MCH4578,Bedi LLC,West Bengal,5942,Book Store,Private Limited,Kolkata,2023-11-29 04:19:56,ACTIVE,False,360.0,False
MCH8200,Rai-Bhargava,Punjab,5942,Book Store,Sole Proprietor,Amritsar,2023-07-19 00:00:00,ACTIVE,True,443.44,False
MCH7954,Sur Inc,Telangana,7011,Hotel / Lodging,Private Limited,Hyderabad,2025-01-04 22:07:00,ACTIVE,False,2803.0,False
MCH9067,Boase-Sule,Punjab,5942,Book Store,Individual,Jalandhar,2025-09-06 00:00:00,ACTIVE,False,1045.82,False
MCH8978,TalwarandSons,Maharashtra,5942,Book Store,Sole Proprietor,Mumbai,2023-05-23 00:00:00,ACTIVE,False,4704.55,False
MCH2712,"RAI, GHOSE AND WADHWA",Punjab,5411,Grocery,Private Limited,Amritsar,2023-09-30 00:00:00,ACTIVE,False,2957.32,True
MCH3642,Prabhu-Pai,West Bengal,5411,Grocery,Sole Proprietor,Kolkata,2025-11-24 00:00:00,ACTIVE,False,3223.63,False
MCH9625,tripathi plc,Punjab,4814,Telecom,Private Limited,Amritsar,2024-09-11 21:48:18,ACTIVE,False,,False
MCH2269,"dalal, samra and kala",Maharashtra,7011,Hotel / Lodging,Sole Proprietor,Pune,2025-10-08 00:00:00,ACTIVE,True,356.96,False
MCH2885,"Varkey, Goda and Bala",Maharashtra,5812,Restaurant,Private Limited,Mumbai,2023-01-23 00:00:00,ACTIVE,False,4853.92,True
MCH8955,Sani LLC,Tamil Nadu,7011,Hotel / Lodging,Private Limited,Chennai,2023-09-26 00:00:00,ACTIVE,True,1833.73,True
MCH4775,"DIVAN, BUCH AND KUNDA",Uttar Pradesh,4814,Telecom,Sole Proprietor,Lko,2025-07-07 00:00:00,INACTIVE,False,562.44,True
MCH5148,"Bose, Ranganathan and Bose",Punjab,5411,Grocery,Individual,Amritsar,2024-10-20 00:00:00,ACTIVE,False,,False
MCH1612,"Andra, Chana and Saha",Uttar Pradesh,5812,Restaurant,Sole Proprietor,Lko,2025-10-27 00:00:00,INACTIVE,False,655.56,True
MCH2530,bal-sant,West Bengal,5999,Misc Retail,Partnership,Kolkata,2023-08-06 17:36:00,ACTIVE,False,372.49,True
MCH2970,GOLLA-VORA,West Bengal,5699,Apparel,Individual,Kolkata,2025-02-01 00:00:00,ACTIVE,False,326.25,False
MCH2770,"Deep, Ganguly and Solanki",Tamil Nadu,5699,Apparel,Individual,Chennai,2025-07-31 00:00:00,ACTIVE,False,660.0,False
MCH1639,"Borah, Dhaliwal and Morar",West Bengal,5999,Misc Retail,Partnership,Kolkata,2024-11-14 10:51:00,ACTIVE,False,7799.0,True
MCH1506,GANDHI-LOKE,Tamil Nadu,5912,Medical / Pharmacy,Partnership,Chennai,2024-06-13 17:59:00,ACTIVE,False,967.0,False
MCH5196,Saini Ltd,Punjab,5311,Department Store,Private Limited,Jalandhar,2025-02-23 00:00:00,SUSPENDED,True,922.86,True
MCH2845,Narasimhan LLC,Punjab,5999,Misc Retail,Partnership,Amritsar,2024-10-01 00:00:00,ACTIVE,False,5926.94,True
MCH9134,Edwin-Viswanathan,Punjab,5699,Apparel,Sole Proprietor,Jalandhar,,ACTIVE,False,1602.69,False
MCH9896,Dave-Vasa,Maharashtra,5311,Department Store,Partnership,Poona,2023-09-30 00:00:00,ACTIVE,False,3148.67,True
MCH1070,Pandya PLC,Tamil Nadu,5999,Misc Retail,Private Limited,Chennai,2024-09-03 00:00:00,ACTIVE,False,1259.2,False
MCH4884,"Reddy, Wason and Magar",West Bengal,4131,Transportation,Private Limited,Kolkata,2023-05-16 00:00:00,INACTIVE,False,2421.0,False
MCH6075,"Lad, Menon and Tiwari",Karnataka,4814,Telecom,Private Limited,Bangalore,2023-08-06 00:00:00,ACTIVE,False,709.64,True
MCH5489,NATH LTD,Rajasthan,5311,Department Store,Individual,Jaipur,2025-01-22 00:00:00,ACTIVE,False,3788.36,True
MCH5166,Roy-Srinivasan,Karnataka,4814,Telecom,Individual,Bangalore,2025-09-24 00:00:00,INACTIVE,False,1501.14,False
MCH2117,Lal Group,Rajasthan,,,Partnership,Jaipur,2025-10-28 00:00:00,ACTIVE,False,2615.21,False
MCH3628,MITRA LTD,Delhi,5699,Apparel,Sole Proprietor,Delhi,2023-08-05 00:00:00,ACTIVE,False,3214.64,False
MCH8107,Ramachandran Ltd,Rajasthan,5999,Misc Retail,Partnership,Jaipur,,ACTIVE,False,,True
MCH3419,"bansal, naidu and baria",Maharashtra,5912,Medical / Pharmacy,Private Limited,Pune,2024-03-26 00:00:00,ACTIVE,False,357.64,False
MCH4107,Pandey-Sastry,Punjab,5699,Apparel,Sole Proprietor,Jalandhar,2025-09-30 00:00:00,INACTIVE,False,319.0,False
MCH8255,"Yadav, Goyal and Sem",Punjab,5699,Apparel,Individual,Jalandhar,2023-11-02 00:00:00,ACTIVE,False,2733.83,True
MCH7977,"Kohli, Vaidya and Nagar",Tamil Nadu,7011,Hotel / Lodging,Sole Proprietor,Chennai,2025-07-23 00:00:00,ACTIVE,False,4790.0,True
MCH8790,Thaman-Singh,West Bengal,5912,Medical / Pharmacy,Individual,Kolkata,2024-02-04 00:00:00,ACTIVE,False,,False
MCH4397,Tailor-Pandey,Maharashtra,5912,Medical / Pharmacy,Private Limited,Pune,2024-10-24 00:00:00,ACTIVE,False,,False
MCH1971,Khanna and Sons,Maharashtra,4814,Telecom,Partnership,Mumbai,2026-02-06 00:00:00,ACTIVE,False,2326.17,True
MCH8241,Bhasin and Sons,Rajasthan,5999,Misc Retail,Private Limited,Jaipur,2025-07-28 07:43:00,ACTIVE,False,509.62,False
MCH2042,"Rai, Das and Bava",Maharashtra,5311,Department Store,Partnership,Pune,2023-12-17 00:00:00,ACTIVE,False,1564.88,True
MCH5656,Sen-Dube,Maharashtra,5942,Book Store,Partnership,Poona,2024-05-03 00:00:00,INACTIVE,False,1139.41,True
MCH8439,Bala and Sons,Punjab,5912,Medical / Pharmacy,Individual,Jalandhar,2024-09-14 00:00:00,ACTIVE,False,1591.75,False
MCH8624,Kannan-Mital,Maharashtra,5912,Medical / Pharmacy,Sole Proprietor,Pune,2023-05-20 00:00:00,ACTIVE,False,1202.33,True
MCH7363,Babu-Acharya,West Bengal,5999,Misc Retail,Sole Proprietor,Kolkata,2024-03-03 08:14:06,ACTIVE,False,1983.77,False
MCH5045,More-Doctor,Karnataka,,,Individual,Bangalore,2025-09-15 22:04:19,SUSPENDED,False,145.75,False
MCH6462,"Vaidya, Kunda and Bhavsar",Uttar Pradesh,5311,Department Store,Private Limited,Lucknow,2025-12-19 00:00:00,ACTIVE,False,1652.23,True
MCH2425,SURI-KURIAN,Punjab,5411,Grocery,Partnership,Ludhiana,2023-06-06 04:11:03,ACTIVE,False,1800.35,False
MCH8154,Yohannan PLC,Punjab,,,Sole Proprietor,Jalandhar,2023-06-26 00:00:00,SUSPENDED,False,998.6,False
MCH2309,"bajaj, chakraborty and malhotra",Punjab,5311,Department Store,Individual,Amritsar,2026-01-24 07:59:49,ACTIVE,False,355.13,True
MCH6418,Doctor Ltd,Punjab,7011,Hotel / Lodging,Sole Proprietor,Jalandhar,,ACTIVE,False,1362.45,False
MCH8035,"Munshi, Mani and Taneja",Maharashtra,5999,Misc Retail,Individual,Mumbai,2025-02-08 00:00:00,ACTIVE,False,,True
MCH2016,"Amble, Yadav and Dube",West Bengal,5999,Misc Retail,Partnership,Kolkata,2025-03-18 00:00:00,SUSPENDED,False,10324.69,True
MCH5479,"Mukherjee, Nazareth and Palla",Punjab,5812,Restaurant,Sole Proprietor,Ludhiana,2024-02-19 00:00:00,ACTIVE,False,,True
MCH3460,CHAND-BORA,West Bengal,5411,Grocery,Individual,Kolkata,2025-02-05 10:51:56,ACTIVE,False,,False
MCH4889,Bhatti-Kapoor,Punjab,5999,Misc Retail,Individual,Jalandhar,2025-01-26 00:00:00,ACTIVE,False,2464.23,False
MCH1250,BHARDWAJ-WABLE,Maharashtra,4131,Transportation,Private Limited,Pune,2025-11-04 10:39:00,ACTIVE,False,515.0,False
MCH1155,Sha LLC,Punjab,4131,Transportation,Sole Proprietor,Amritsar,2024-03-08 00:00:00,INACTIVE,False,1753.08,False
MCH2229,"Kala, Baral and Subramanian",Maharashtra,5311,Department Store,Private Limited,Mumbai,2025-12-21 00:00:00,ACTIVE,False,577.0,False
MCH2149,"Doctor, Varughese and Hans",Karnataka,5942,Book Store,Individual,Bangalore,2025-05-07 00:00:00,ACTIVE,False,3778.33,True
MCH4536,Gulati and Sons,Delhi,5311,Department Store,Individual,Delhi,2024-12-06 17:48:15,ACTIVE,False,951.8,False
MCH9068,Halder PLC,Punjab,5699,Apparel,Private Limited,Jalandhar,2023-10-08 00:00:00,ACTIVE,False,5193.72,True
MCH5396,MANDA-SETH,Delhi,4131,Transportation,Sole Proprietor,Delhi,2023-01-11 00:00:00,ACTIVE,False,439.03,False
MCH9661,Ramanathan Group,Maharashtra,7011,Hotel / Lodging,Individual,Mumbai,2023-11-10 08:09:50,ACTIVE,False,735.62,False
MCH1993,DHALIWAL PLC,Punjab,4814,Telecom,Sole Proprietor,Amritsar,,ACTIVE,False,428.65,True
MCH6565,Parmer-Datta,Telangana,4814,Telecom,Sole Proprietor,Hyderabad,2023-07-28 00:00:00,ACTIVE,False,2464.68,True
MCH1501,Anand-Bhatt,Telangana,4814,Telecom,Partnership,Hyderabad,2025-11-07 00:00:00,ACTIVE,False,4185.6,True
MCH2959,Kanda LLC,West Bengal,5812,Restaurant,Private Limited,Kolkata,2023-10-08 00:00:00,ACTIVE,False,6588.76,False
MCH2990,Rout and Sons,Punjab,7011,Hotel / Lodging,Sole Proprietor,Ludhiana,2025-08-30 00:00:00,ACTIVE,False,1050.53,True
MCH5775,SRINIVAS LTD,West Bengal,5311,Department Store,Individual,Kolkata,2025-11-01 10:50:11,ACTIVE,False,7152.05,True
MCH7093,Pai-Pau,Maharashtra,7011,Hotel / Lodging,Individual,Mumbai,2025-03-19 11:49:49,SUSPENDED,False,1636.89,False
MCH1995,"Mand, Halder and Rajagopalan",Rajasthan,5942,Book Store,Partnership,Jaipur,2024-04-04 00:00:00,INACTIVE,False,158.78,True
MCH9882,Joshi PLC,Rajasthan,4814,Telecom,Sole Proprietor,Jaipur,,ACTIVE,False,320.23,False
MCH4948,Dass-Dhaliwal,Punjab,5812,Restaurant,Partnership,Jalandhar,2024-06-25 00:00:00,ACTIVE,True,1356.31,True
MCH3207,"Gala, Khatri and Khalsa",Punjab,5912,Medical / Pharmacy,Partnership,Amritsar,2024-04-23 00:00:00,ACTIVE,False,929.51,True
MCH4713,Sura-Boase,Punjab,,,Sole Proprietor,Amritsar,2023-04-12 00:00:00,ACTIVE,False,1694.6,False
MCH9601,JOSHI-CHAUHAN,Karnataka,4131,Transportation,Private Limited,Bangalore,2023-10-05 00:00:00,ACTIVE,False,1949.42,True
MCH5444,PRADHAN-NAIR,Uttar Pradesh,5999,Misc Retail,Sole Proprietor,Lucknow,2024-07-27 00:00:00,ACTIVE,False,372.0,True
MCH3846,Khanna-Badal,Delhi,5311,Department Store,Private Limited,Delhi,2025-04-18 21:01:00,ACTIVE,False,3521.78,True
MCH5113,Mani-Buch,Maharashtra,5699,Apparel,Partnership,Pune,2025-04-11 22:11:00,ACTIVE,False,2132.66,True
MCH5538,Barad-Nigam,Maharashtra,,,Partnership,Pune,2025-01-10 00:00:00,ACTIVE,False,2223.97,False
MCH5588,Divan-Yohannan,Telangana,4131,Transportation,Individual,Hyderabad,,ACTIVE,False,203.0,False
MCH5383,ray-dara,Delhi,7011,Hotel / Lodging,Private Limited,Delhi,2025-04-11 00:00:00,ACTIVE,False,2541.0,True
MCH5271,Choudhary-Chaudhry,Punjab,5812,Restaurant,Partnership,Ldh,2025-11-30 00:00:00,ACTIVE,True,605.6,True
MCH9636,KIBE-MAGAR,Karnataka,5699,Apparel,Individual,Bangalore,2023-08-21 09:35:55,ACTIVE,True,1341.04,True
MCH2838,"Goel, Chand and Pai",Maharashtra,5999,Misc Retail,Partnership,Poona,2024-12-28 00:00:00,ACTIVE,True,1086.22,False
MCH2128,Ghosh-Sharaf,Punjab,5812,Restaurant,Partnership,Amritsar,2023-12-21 00:00:00,ACTIVE,False,3157.17,True
MCH3577,"Ratta, Mane and Kapadia",Punjab,5812,Restaurant,Individual,Amritsar,,ACTIVE,False,1820.36,True
MCH2708,"Mand, Zacharia and Vora",Tamil Nadu,4131,Transportation,Sole Proprietor,Chennai,2026-01-20 00:00:00,ACTIVE,False,363.56,True
MCH3793,"Sankar, Parsa and Shere",Punjab,7011,Hotel / Lodging,Sole Proprietor,Ludhiana,2025-03-30 00:00:00,ACTIVE,False,6906.85,True
MCH7620,narain-balasubramanian,Tamil Nadu,5942,Book Store,Private Limited,Chennai,2025-02-14 00:00:00,ACTIVE,False,2086.1,True
MCH4448,Gara and Sons,Tamil Nadu,5999,Misc Retail,Individual,Chennai,2025-09-24 00:00:00,SUSPENDED,False,1524.31,True
MCH8746,Kari Inc,Maharashtra,5912,Medical / Pharmacy,Partnership,Pune,2024-10-11 07:16:00,ACTIVE,False,,True
MCH3155,Agarwal Ltd,Tamil Nadu,5311,Department Store,Partnership,Chennai,2023-11-23 15:28:55,ACTIVE,False,1414.89,False
MCH5531,"Dhingra, Sangha and Sidhu",Maharashtra,5411,Grocery,Partnership,Mumbai,2025-04-25 00:00:00,INACTIVE,True,414.79,True
MCH8453,"Jaggi, Saxena and Ratta",Punjab,5411,Grocery,Partnership,Amritsar,2023-11-19 00:00:00,ACTIVE,False,599.17,False
MCH2090,Upadhyay PLC,Delhi,5812,Restaurant,Sole Proprietor,Delhi,2026-01-05 04:15:56,ACTIVE,False,439.31,True
MCH9957,"Chatterjee, Goda and Saraf",Punjab,4814,Telecom,Sole Proprietor,Ludhiana,2025-05-10 05:24:35,ACTIVE,False,533.81,True
MCH1654,More PLC,Karnataka,5999,Misc Retail,Individual,Bangalore,2025-02-18 00:00:00,ACTIVE,False,2598.19,False
MCH5606,"Hayer, Mukherjee and Kohli",West Bengal,5812,Restaurant,Partnership,Kolkata,2023-06-16 00:00:00,ACTIVE,False,1765.0,False
MCH1077,Taneja-Nagar,Punjab,5411,Grocery,Individual,Amritsar,2026-02-27 00:00:00,ACTIVE,False,358.21,True
MCH1986,Vaidya-Roy,Karnataka,5699,Apparel,Individual,Bangalore,2026-01-19 00:00:00,ACTIVE,False,1981.5,False
MCH9131,"Arya, Narang and Maharaj",Rajasthan,7011,Hotel / Lodging,Individual,Jaipur,2024-04-19 05:10:00,ACTIVE,False,6588.75,False
MCH9820,"Rai, Saha and Lalla",Punjab,7011,Hotel / Lodging,Individual,Amritsar,2024-10-13 00:00:00,ACTIVE,False,3129.0,False
MCH7237,Reddy-Majumdar,Delhi,,,Partnership,Delhi,2024-12-13 00:00:00,ACTIVE,False,987.48,False
MCH8332,"Sethi, Buch and Sachdeva",Telangana,7011,Hotel / Lodging,Individual,Hyderabad,2025-05-04 00:00:00,ACTIVE,False,1666.61,False
MCH6838,Wali-Nair,Delhi,5912,Medical / Pharmacy,Private Limited,Delhi,2023-11-12 00:00:00,ACTIVE,False,1461.29,True
MCH7233,Arora LLC,Punjab,5699,Apparel,Individual,Ludhiana,2025-10-11 00:00:00,ACTIVE,False,2703.6,True
MCH4551,SURA GROUP,Punjab,5699,Apparel,Sole Proprietor,Jalandhar,2023-01-06 00:00:00,ACTIVE,False,3287.63,True
MCH7121,"narasimhan, anand and gaba",Maharashtra,5999,Misc Retail,Private Limited,Pune,2025-07-25 21:18:00,ACTIVE,False,2139.0,False
MCH8039,"Kibe,BrahmbhattandJaggi",Maharashtra,5699,Apparel,Sole Proprietor,Pune,2024-10-28 00:00:00,ACTIVE,False,2282.53,False
MCH5641,"Kant, Raju and Sandal",Maharashtra,5999,Misc Retail,Partnership,Poona,2025-05-30 00:00:00,INACTIVE,False,2474.31,True
MCH4863,GILL PLC,Telangana,5812,Restaurant,Individual,Hyderabad,2024-07-01 00:00:00,ACTIVE,False,552.87,True
MCH7948,Sachdeva-Buch,Maharashtra,5311,Department Store,Partnership,Mumbai,2025-07-03 00:00:00,ACTIVE,False,656.76,True
MCH2029,Bhalla-Brahmbhatt,Punjab,5999,Misc Retail,Sole Proprietor,Jalandar,2023-06-20 12:29:06,ACTIVE,False,276.02,False
MCH2030,Singh-Banerjee,Punjab,4131,Transportation,Individual,Ldh,2023-02-25 00:00:00,ACTIVE,False,3976.0,False
MCH1812,Om PLC,Punjab,5812,Restaurant,Sole Proprietor,Amritsar,2024-11-26 18:01:01,ACTIVE,False,2079.98,False
MCH5794,Gulati and Sons,Karnataka,5999,Misc Retail,Private Limited,Bangalore,2024-07-18 15:31:05,ACTIVE,False,614.67,False
MCH3874,"Dora,DeshpandeandSeth",Punjab,,,Private Limited,Jalandar,2024-05-18 00:12:00,ACTIVE,False,1119.69,True
MCH9316,Bandi Ltd,Punjab,5411,Grocery,Sole Proprietor,Ludhiana,2025-08-21 00:00:00,ACTIVE,False,1198.18,True
MCH2830,"Joshi,ChaudhariandToor",Karnataka,5411,Grocery,Individual,Bangalore,2023-04-15 14:55:00,ACTIVE,False,756.0,False
MCH4737,"Aurora, Mallick and Dugar",Punjab,5942,Book Store,Individual,Jalandar,2024-08-27 00:00:00,INACTIVE,False,489.0,True
MCH9529,Dubey Inc,Maharashtra,4814,Telecom,Private Limited,Pune,2024-04-26 00:00:00,ACTIVE,False,1801.0,True
MCH5652,"Borde, Bhasin and Dua",Maharashtra,5411,Grocery,Individual,Mumbai,2023-12-10 00:00:00,ACTIVE,True,669.05,True
MCH1334,"KALITA, SARRAF AND BHARDWAJ",Karnataka,5999,Misc Retail,Individual,Bangalore,2025-09-28 00:00:00,ACTIVE,False,1780.83,True
MCH6972,Badal-Kamdar,Maharashtra,7011,Hotel / Lodging,Private Limited,Pune,2023-12-20 14:49:48,ACTIVE,False,1516.57,False
MCH1976,"MUTTI, SASTRY AND JHA",Punjab,5942,Book Store,Private Limited,Amritsar,2023-04-08 00:00:00,ACTIVE,False,2928.73,False
MCH2360,Bhakta-Nazareth,Rajasthan,5942,Book Store,Private Limited,Jaipur,2024-06-21 00:00:00,INACTIVE,False,755.69,False
MCH9531,lad ltd,Punjab,5411,Grocery,Private Limited,Ludhiana,2025-12-02 00:00:00,SUSPENDED,False,545.56,True
MCH5253,Balakrishnan PLC,Maharashtra,5912,Medical / Pharmacy,Sole Proprietor,Mumbai,2025-07-23 10:23:07,ACTIVE,False,,True
MCH2836,RAI AND SONS,Tamil Nadu,5912,Medical / Pharmacy,Private Limited,Chennai,2024-07-15 12:28:59,INACTIVE,False,3262.99,True
MCH4918,GANESH INC,Uttar Pradesh,,,Individual,Lucknow,2023-12-09 00:00:00,ACTIVE,False,651.04,True
MCH3536,Shankar Group,West Bengal,5942,Book Store,Partnership,Kolkata,2024-11-03 17:18:07,ACTIVE,False,1640.82,False
MCH9107,"Devi, Chhabra and Sharaf",Maharashtra,5699,Apparel,Sole Proprietor,Pune,2026-02-22 08:24:38,ACTIVE,False,637.0,True
MCH7556,Hayer-Saini,Tamil Nadu,5942,Book Store,Individual,Chennai,2024-01-24 20:09:00,ACTIVE,False,,False
MCH1285,hayer plc,Karnataka,5912,Medical / Pharmacy,Individual,Bangalore,2023-09-24 07:15:32,ACTIVE,False,436.7,False
MCH4729,"Karpe, Dhaliwal and Subramanian",Punjab,7011,Hotel / Lodging,Partnership,Amritsar,2024-01-14 00:00:00,ACTIVE,False,2525.97,True
MCH9088,Bhardwaj-Bala,Tamil Nadu,5999,Misc Retail,Partnership,Chennai,2025-06-26 00:00:00,ACTIVE,False,4130.0,True
MCH4435,"Shere, Jain and Luthra",Tamil Nadu,5999,Misc Retail,Private Limited,Chennai,2024-06-23 00:00:00,ACTIVE,False,894.0,True
MCH6024,"Saran, Sinha and Barman",Punjab,5812,Restaurant,Sole Proprietor,Jalandhar,2026-01-18 00:39:00,ACTIVE,False,1185.95,True
MCH4538,Lad Ltd,Delhi,5699,Apparel,Private Limited,Delhi,2023-12-30 08:20:00,ACTIVE,False,449.9,False
MCH8987,Mander LLC,Maharashtra,5942,Book Store,Private Limited,Pune,2024-02-02 00:00:00,ACTIVE,False,881.75,True
MCH2044,"Upadhyay, Kapoor and Nazareth",Uttar Pradesh,7011,Hotel / Lodging,Individual,Lko,2023-01-02 00:58:55,ACTIVE,False,368.05,True
MCH5414,bhandari ltd,Delhi,7011,Hotel / Lodging,Private Limited,Delhi,2025-03-26 00:00:00,ACTIVE,False,155.88,True
MCH8546,jani plc,West Bengal,5311,Department Store,Partnership,Kolkata,2024-09-21 00:00:00,ACTIVE,False,1691.74,False
MCH7773,Nath-Parikh,Rajasthan,5699,Apparel,Individual,Jaipur,2025-09-08 12:42:00,ACTIVE,False,544.16,True
MCH5171,"pandya, bawa and kibe",Rajasthan,4131,Transportation,Partnership,Jaipur,2024-11-18 00:00:00,ACTIVE,False,1895.53,True
MCH7902,deol inc,Punjab,4131,Transportation,Partnership,Ludhiana,2025-07-05 00:00:00,ACTIVE,True,2892.53,False
MCH4136,SEHGAL PLC,Maharashtra,5699,Apparel,Partnership,Mumbai,2024-07-30 00:00:00,ACTIVE,False,2564.97,False
MCH4790,date plc,Punjab,,,Individual,Amritsar,2025-12-11 10:11:45,SUSPENDED,False,199.0,True
MCH2035,HORA-GROVER,Delhi,4131,Transportation,Sole Proprietor,Delhi,2026-01-07 09:43:17,ACTIVE,False,212.97,False
MCH7806,"Sahni, Bhavsar and Kaul",Telangana,,,Private Limited,Hyderabad,2023-04-17 00:00:00,ACTIVE,False,1046.19,True
MCH7993,Garde Inc,West Bengal,4814,Telecom,Partnership,Kolkata,2023-04-23 00:00:00,ACTIVE,False,1024.0,True
MCH5551,Narain-Goda,Maharashtra,5699,Apparel,Private Limited,Mumbai,2026-01-09 00:00:00,ACTIVE,False,817.05,False
MCH3885,Thakur Inc,Tamil Nadu,4131,Transportation,Private Limited,Chennai,,ACTIVE,False,618.81,True
MCH1710,"Tara, Dash and Pau",Uttar Pradesh,5912,Medical / Pharmacy,Partnership,Lucknow,2026-02-26 00:00:00,ACTIVE,False,804.19,False
MCH3956,Kota Ltd,Telangana,5311,Department Store,Private Limited,Hyderabad,2023-11-14 00:00:00,ACTIVE,False,656.81,False
MCH4540,Nadig LLC,Maharashtra,5699,Apparel,Partnership,Mumbai,2024-02-03 18:04:00,ACTIVE,False,7331.0,False
MCH4089,Mistry and Sons,Maharashtra,5411,Grocery,Sole Proprietor,Mumbai,2024-07-20 00:00:00,ACTIVE,False,1563.22,True
MCH8220,sarkar plc,Maharashtra,5411,Grocery,Private Limited,Poona,2024-06-11 00:00:00,ACTIVE,False,142.34,False
MCH2993,"Dube, Yadav and Konda",Rajasthan,5942,Book Store,Individual,Jaipur,2025-07-14 00:00:00,ACTIVE,False,2422.76,True
MCH5847,"Kar, Gupta and Choudhry",West Bengal,7011,Hotel / Lodging,Sole Proprietor,Kolkata,2023-05-20 00:00:00,ACTIVE,True,4487.3,True
MCH7439,Jayaraman PLC,West Bengal,7011,Hotel / Lodging,Private Limited,Kolkata,2024-04-07 13:32:00,ACTIVE,False,7697.49,False
MCH9977,Mohanty-Desai,Maharashtra,4814,Telecom,Sole Proprietor,Mumbai,2023-02-13 00:00:00,ACTIVE,False,845.52,True
MCH5777,Dubey and Sons,Karnataka,5999,Misc Retail,Individual,Bangalore,2025-12-01 19:34:00,INACTIVE,False,4320.83,False
MCH1856,Baria-Balay,Uttar Pradesh,5311,Department Store,Sole Proprietor,Lucknow,2023-12-26 15:21:00,ACTIVE,False,2071.73,True
MCH6223,Ramanathan-Dhingra,Uttar Pradesh,4131,Transportation,Individual,Lucknow,2023-10-03 00:00:00,ACTIVE,False,306.0,True
MCH1304,sama ltd,Karnataka,5912,Medical / Pharmacy,Individual,Bangalore,2024-02-27 00:00:00,ACTIVE,False,4095.57,True
MCH9279,Choudhury LLC,West Bengal,5411,Grocery,Sole Proprietor,Kolkata,2024-11-18 00:00:00,ACTIVE,False,644.81,True
MCH8876,Narayanan and Sons,Karnataka,5942,Book Store,Individual,Bangalore,2025-12-10 00:00:00,INACTIVE,False,2065.28,True
MCH1599,RASTOGI-KUMER,Punjab,5311,Department Store,Partnership,Jalandhar,2025-12-25 00:00:00,ACTIVE,False,361.82,True
MCH5823,Sen LLC,Maharashtra,4814,Telecom,Sole Proprietor,Pune,2024-08-30 01:05:00,ACTIVE,False,7119.48,False
MCH9847,"Krish, Rau and Parsa",West Bengal,5999,Misc Retail,Private Limited,Kolkata,2024-12-26 00:00:00,ACTIVE,False,1027.86,False
MCH6336,"Kunda, Kumar and Gulati",Tamil Nadu,,,Private Limited,Chennai,2024-03-16 16:19:00,ACTIVE,False,772.78,True
MCH7910,Shenoy LLC,Telangana,5812,Restaurant,Partnership,Hyderabad,2024-03-25 00:00:00,INACTIVE,False,741.5,True
MCH3510,Sankaran Inc,Telangana,5699,Apparel,Individual,Hyderabad,2026-02-18 00:00:00,INACTIVE,False,2317.0,True
MCH6305,"Chakraborty,HansandSahota",Maharashtra,4131,Transportation,Individual,Mumbai,2025-10-20 00:00:00,ACTIVE,False,1075.82,False
MCH4024,Choudhury Ltd,Punjab,5999,Misc Retail,Individual,Ludhiana,2025-03-28 00:00:00,ACTIVE,True,2449.8,True
MCH2266,Natarajan and Sons,Tamil Nadu,5912,Medical / Pharmacy,Individual,Chennai,2025-04-17 01:53:35,ACTIVE,False,447.78,True
MCH6680,Vaidya-Agrawal,Delhi,5999,Misc Retail,Partnership,Delhi,2025-05-28 00:00:00,ACTIVE,False,,False
MCH4856,Aurora Ltd,Rajasthan,4814,Telecom,Sole Proprietor,Jaipur,2024-05-13 21:42:00,INACTIVE,False,3394.14,True
MCH9736,sant plc,Uttar Pradesh,7011,Hotel / Lodging,Sole Proprietor,Lko,2024-12-07 00:00:00,ACTIVE,False,1081.26,True
MCH6590,HandaInc,West Bengal,5699,Apparel,Individual,Kolkata,2024-04-07 00:00:00,ACTIVE,False,2071.46,True
MCH3612,Kala Inc,Maharashtra,5812,Restaurant,Sole Proprietor,Mumbai,2025-08-17 02:43:00,ACTIVE,False,577.0,True
MCH7885,Vaidya-Bhatt,Uttar Pradesh,5411,Grocery,Sole Proprietor,Lucknow,2025-08-25 08:23:00,ACTIVE,False,648.72,False
MCH2713,Dayal Group,Maharashtra,5699,Apparel,Individual,Poona,2024-08-10 00:00:00,SUSPENDED,False,1199.07,True
MCH5500,"Dubey, Tandon and Batta",Uttar Pradesh,4814,Telecom,Sole Proprietor,Lucknow,2024-06-06 00:00:00,ACTIVE,False,2211.38,True
MCH8840,Chatterjee and Sons,Maharashtra,5311,Department Store,Individual,Pune,2024-09-26 02:57:00,ACTIVE,False,1208.62,False
MCH1328,Buch and Sons,Tamil Nadu,7011,Hotel / Lodging,Sole Proprietor,Chennai,2025-03-28 00:00:00,ACTIVE,False,711.0,True
MCH1469,"CHOUDHURY, JANI AND RAMASWAMY",Karnataka,5942,Book Store,Sole Proprietor,Bangalore,2025-03-28 00:00:00,ACTIVE,False,416.0,True
MCH9081,Patil-Hans,Maharashtra,4814,Telecom,Individual,Mumbai,2025-06-12 12:49:19,ACTIVE,False,,True
MCH9947,Sarkar Ltd,Punjab,5311,Department Store,Individual,Ludhiana,2023-06-25 00:00:00,ACTIVE,False,,True
MCH6984,wadhwa llc,Maharashtra,5411,Grocery,Individual,Pune,2025-01-23 00:00:00,ACTIVE,False,542.76,True
MCH9192,gandhi llc,Rajasthan,5912,Medical / Pharmacy,Individual,Jaipur,2025-03-01 00:00:00,ACTIVE,False,1758.06,False
MCH7589,"Parekh, Dugal and Bumb",Maharashtra,4131,Transportation,Private Limited,Pune,2025-01-17 00:00:00,ACTIVE,False,437.44,True
MCH9397,Ramaswamy-Goel,Punjab,5411,Grocery,Private Limited,Jalandhar,2025-12-20 01:06:00,ACTIVE,False,1519.0,True
MCH9617,Ranganathan-Ha1der,Tamil Nadu,5411,Grocery,Private Limited,Chennai,2024-08-12 00:00:00,ACTIVE,False,904.23,True
MCH9036,Banerjee-Shenoy,Maharashtra,5912,Medical / Pharmacy,Sole Proprietor,Poona,2025-11-19 00:00:00,ACTIVE,False,1613.75,False
MCH2566,Oommen Inc,Delhi,5999,Misc Retail,Private Limited,Delhi,,ACTIVE,False,2200.23,True
MCH2888,Chahal LLC,Maharashtra,5912,Medical / Pharmacy,Private Limited,Mumbai,2023-04-21 00:00:00,ACTIVE,False,631.05,True
MCH9672,contractor-sinha,West Bengal,5311,Department Store,Individual,Kolkata,2024-11-26 00:00:00,ACTIVE,False,1371.8,True
MCH1540,DAVE LLC,Maharashtra,5942,Book Store,Sole Proprietor,Mumbai,2024-05-21 00:00:00,ACTIVE,False,525.0,False
MCH3353,sachar ltd,Punjab,5942,Book Store,Private Limited,Jalandhar,2023-06-06 00:00:00,INACTIVE,False,446.0,False
MCH8451,"KALA, PRADHAN AND HAYRE",Telangana,5812,Restaurant,Partnership,Hyderabad,2024-06-14 00:00:00,ACTIVE,False,1874.56,True
MCH9659,gokhale-bassi,Maharashtra,4814,Telecom,Sole Proprietor,Mumbai,2023-09-11 00:00:00,ACTIVE,False,269.4,True
MCH4821,"Kade, Dhawan and Kadakia",Maharashtra,5411,Grocery,Private Limited,Mumbai,2024-03-14 00:00:00,ACTIVE,False,2277.0,False
MCH3331,"Shukla, Kadakia and Kata",Punjab,5699,Apparel,Private Limited,Ludhiana,2025-03-18 00:00:00,ACTIVE,False,1008.43,False
MCH9161,Patla Group,Maharashtra,5311,Department Store,Individual,Pune,2024-10-25 00:00:00,ACTIVE,True,1771.36,True
MCH9901,Oommen Ltd,Telangana,7011,Hotel / Lodging,Sole Proprietor,Hyderabad,2025-10-01 18:50:10,INACTIVE,False,538.3,True
MCH3853,Bhat-Dutt,Telangana,5411,Grocery,Sole Proprietor,Hyderabad,2023-03-05 00:00:00,ACTIVE,False,,False
MCH5914,Ku1karni-Deshmukh,Rajasthan,5699,Apparel,Individual,Jaipur,2025-04-24 21:08:53,ACTIVE,False,386.71,False
MCH6290,Chaudhry-Agarwal,Punjab,5999,Misc Retail,Partnership,Ludhiana,2023-09-01 00:00:00,INACTIVE,False,5757.0,False
MCH6665,WadhwaInc,Delhi,5311,Department Store,Private Limited,Delhi,2025-07-05 00:00:00,ACTIVE,False,1714.72,False
MCH4087,"basak, lal and tailor",Maharashtra,4814,Telecom,Private Limited,Pune,2025-10-03 00:37:00,ACTIVE,False,298.11,False
MCH7714,"koshy, dani and barad",Punjab,4814,Telecom,Private Limited,Jalandhar,2023-10-27 23:10:00,ACTIVE,False,669.74,False
MCH5663,"goyal, brahmbhatt and raja",Punjab,5912,Medical / Pharmacy,Individual,Ludhiana,2023-05-31 00:00:00,SUSPENDED,False,2417.27,False
MCH3389,"Barad, Murthy and Muni",Punjab,,,Individual,Amritsar,2025-03-19 00:00:00,ACTIVE,False,234.09,False
MCH3099,Peri-Parmer,Delhi,5699,Apparel,Partnership,Delhi,2024-06-22 00:00:00,ACTIVE,False,2046.1,False
MCH6275,Tank PLC,Tamil Nadu,4814,Telecom,Sole Proprietor,Chennai,2024-08-26 00:00:00,ACTIVE,False,781.0,True
MCH2447,anand llc,Rajasthan,4131,Transportation,Sole Proprietor,Jaipur,,INACTIVE,False,1803.52,False
MCH4460,BUMB PLC,Tamil Nadu,5942,Book Store,Private Limited,Chennai,,ACTIVE,False,696.95,True
MCH9823,Kunda-Parekh,Maharashtra,5812,Restaurant,Individual,Mumbai,2023-04-10 00:00:00,ACTIVE,False,1308.28,True
MCH9649,Sachdeva-Dey,Punjab,7011,Hotel / Lodging,Sole Proprietor,Amritsar,2025-12-06 07:10:00,ACTIVE,True,493.43,True
MCH5235,palla inc,Karnataka,5942,Book Store,Partnership,Bangalore,2024-10-27 00:00:00,ACTIVE,False,3807.5,False
MCH4761,Khalsa PLC,Rajasthan,5912,Medical / Pharmacy,Individual,Jaipur,2025-01-17 07:20:16,INACTIVE,False,4970.84,True
MCH1180,Sangha and Sons,Telangana,5411,Grocery,Individual,Hyderabad,2023-11-03 00:00:00,ACTIVE,False,993.08,True
MCH8467,Gara-Sarkar,Maharashtra,5912,Medical / Pharmacy,Individual,Poona,2025-12-03 17:00:00,ACTIVE,False,826.0,False
MCH1768,"Mody, Tata and Chatterjee",Tamil Nadu,4131,Transportation,Sole Proprietor,Chennai,2024-09-08 00:00:00,ACTIVE,False,360.87,False
MCH5402,"MANDAL, CHADA AND DESHPANDE",Delhi,5411,Grocery,Sole Proprietor,Delhi,2025-08-11 00:00:00,SUSPENDED,True,503.34,False
MCH8880,Hayer-Walia,Punjab,4131,Transportation,Partnership,Jalandhar,2023-04-08 11:08:14,ACTIVE,False,2616.91,False
MCH7595,Subramaniam-Balasubramanian,Punjab,,,Individual,Ludhiana,2026-01-07 00:00:00,ACTIVE,False,3392.31,True
MCH2424,PATIL LTD,Tamil Nadu,5912,Medical / Pharmacy,Partnership,Chennai,2023-10-08 14:00:00,ACTIVE,False,737.41,False
MCH5894,Borra-Tiwari,Karnataka,5311,Department Store,Partnership,Bangalore,2025-05-24 19:29:00,ACTIVE,False,239.64,False
MCH4672,Sandhu LLC,Karnataka,5942,Book Store,Partnership,Bangalore,,ACTIVE,False,456.49,False
MCH9868,"Narain, Dada and Panchal",Maharashtra,4814,Telecom,Sole Proprietor,Pune,2026-02-28 00:00:00,INACTIVE,True,236.45,True
MCH5567,D’Alia Ltd,Karnataka,7011,Hotel / Lodging,Individual,Bangalore,2025-09-09 00:00:00,ACTIVE,False,271.02,True
MCH3806,ParmerLLC,Rajasthan,5411,Grocery,Sole Proprietor,Jaipur,2024-11-04 00:00:00,ACTIVE,False,1939.0,True
MCH6454,Nagi-Ch0udhury,Karnataka,5699,Apparel,Private Limited,Bangalore,2024-03-28 00:00:00,INACTIVE,False,3116.0,True
MCH3602,"Panchal, Karpe and Bhatti",Punjab,7011,Hotel / Lodging,Partnership,Amritsar,2023-08-29 00:00:00,ACTIVE,False,754.95,True
MCH3319,"Jani, Tailor and Radhakrishnan",Punjab,5699,Apparel,Sole Proprietor,Jalandar,2024-08-26 05:30:00,ACTIVE,True,516.88,True
MCH3252,"Patel, Saran and Bala",Maharashtra,5699,Apparel,Individual,Poona,2023-06-18 00:00:00,ACTIVE,False,1917.91,True
MCH4111,Brahmbhatt LLC,Uttar Pradesh,5999,Misc Retail,Partnership,Lko,,SUSPENDED,False,682.69,False
MCH5295,"Goda, Prashad and Narain",Uttar Pradesh,,,Individual,Lko,2024-10-27 00:00:00,ACTIVE,False,888.39,False
MCH2238,Chakrabarti-Lata,Punjab,5699,Apparel,Individual,Amritsar,2024-10-19 10:57:01,ACTIVE,False,1650.0,True
MCH6080,"kanda, krishnan and chaudry",Tamil Nadu,5411,Grocery,Private Limited,Chennai,2023-02-27 00:47:00,INACTIVE,False,1675.16,False
MCH6474,Bakshi Ltd,Uttar Pradesh,5912,Medical / Pharmacy,Private Limited,Lucknow,2025-09-06 00:00:00,ACTIVE,False,3871.85,True
MCH7152,"Bedi, Patil and Rana",Tamil Nadu,5311,Department Store,Private Limited,Chennai,2026-01-02 00:00:00,INACTIVE,False,1076.99,True
MCH4408,Dhar-Shetty,Punjab,5912,Medical / Pharmacy,Individual,Amritsar,2023-12-19 00:00:00,INACTIVE,False,425.49,True
MCH7327,"Krish, Dhar and Choudhury",West Bengal,4814,Telecom,Individual,Kolkata,2023-05-22 13:42:22,ACTIVE,False,440.0,True
MCH6031,Chauhan Group,Telangana,5699,Apparel,Individual,Hyderabad,2024-12-13 22:44:00,ACTIVE,False,654.0,True
MCH8963,"Aggarwal,NagiandBorde",Punjab,5411,Grocery,Sole Proprietor,Ludhiana,2024-08-01 17:56:00,ACTIVE,False,474.91,True
MCH4216,Ratta and Sons,Punjab,5942,Book Store,Partnership,Jalandhar,2023-10-07 00:00:00,ACTIVE,False,1337.5,True
MCH9569,Parekh-Kalita,Punjab,5311,Department Store,Individual,Amritsar,2025-12-07 00:00:00,ACTIVE,False,1617.31,True
MCH3489,Bahl-Bhavsar,Delhi,4131,Transportation,Partnership,Delhi,,ACTIVE,False,908.03,True
MCH7938,CHANDER LTD,Karnataka,,,Sole Proprietor,Bangalore,2023-09-22 00:00:00,ACTIVE,True,639.19,False
MCH4967,Mallick PLC,Punjab,4131,Transportation,Partnership,Amritsar,2025-08-22 00:00:00,ACTIVE,True,3082.77,True
MCH1658,khatri-mohanty,Rajasthan,5812,Restaurant,Sole Proprietor,Jaipur,2025-08-08 00:00:00,INACTIVE,False,2016.79,True
MCH8142,Mane and Sons,Punjab,5912,Medical / Pharmacy,Private Limited,Ludhiana,2025-08-25 00:00:00,ACTIVE,False,5955.63,True
MCH3247,Nagarajan-Shan,Tamil Nadu,,,Individual,Chennai,2025-04-07 21:55:00,INACTIVE,False,2666.23,True
MCH3357,"Sundaram, Kara and Sibal",Punjab,7011,Hotel / Lodging,Partnership,Amritsar,2025-11-14 12:11:27,ACTIVE,False,246.81,True
MCH6953,Khurana-Prabhakar,Telangana,,,Partnership,Hyderabad,2024-10-03 00:00:00,ACTIVE,True,2749.21,False
MCH3250,Bose-Kalita,Maharashtra,5311,Department Store,Sole Proprietor,Mumbai,,INACTIVE,False,1514.47,False
MCH4367,Sankaran-Bhattacharyya,Tamil Nadu,5699,Apparel,Partnership,Chennai,2023-12-13 04:19:00,ACTIVE,False,1153.81,True
MCH6337,Chander LLC,West Bengal,5912,Medical / Pharmacy,Individual,Kolkata,2025-12-28 22:16:00,ACTIVE,False,1428.08,False
MCH2407,CHAUDHRY PLC,Maharashtra,,,Private Limited,Pune,,ACTIVE,False,5215.07,True
MCH5225,"Bera, Guha and Narayan",Telangana,5942,Book Store,Individual,Hyderabad,2025-08-16 05:25:00,ACTIVE,False,,True
MCH6773,"parmar, sahota and rajagopalan",Maharashtra,5999,Misc Retail,Sole Proprietor,Poona,2024-02-23 00:00:00,ACTIVE,False,3042.0,True
MCH8432,Lad Inc,Delhi,5942,Book Store,Private Limited,Delhi,2024-10-07 00:00:00,ACTIVE,False,394.7,True
MCH6267,Mandal-Badal,Maharashtra,4814,Telecom,Partnership,Mumbai,2024-12-10 00:00:00,ACTIVE,False,,False
MCH1846,Kurian-Chad,Tamil Nadu,7011,Hotel / Lodging,Partnership,Chennai,2023-03-23 22:54:26,ACTIVE,False,597.53,False
MCH9983,bhagat group,Maharashtra,5411,Grocery,Individual,Pune,2025-11-27 00:00:00,ACTIVE,False,3669.57,True
MCH2741,"Palan, Bhalla and Srinivasan",Rajasthan,5812,Restaurant,Individual,Jaipur,2025-12-19 01:05:00,ACTIVE,False,1319.0,True
MCH7211,"Apte, Vasa and Batta",Maharashtra,5942,Book Store,Sole Proprietor,Mumbai,2024-11-18 13:48:32,ACTIVE,False,1841.0,False
MCH3473,"Mahal, Butala and Shenoy",Punjab,4131,Transportation,Individual,Amritsar,2025-11-20 23:26:00,INACTIVE,False,456.8,True
MCH7503,Raval LLC,Delhi,5411,Grocery,Partnership,Delhi,2025-10-30 13:02:18,ACTIVE,False,1167.54,True
MCH2480,Banik-Nagar,Rajasthan,5812,Restaurant,Private Limited,Jaipur,2025-07-27 00:00:00,ACTIVE,False,3594.0,True
MCH5998,Joshi Inc,Tamil Nadu,5411,Grocery,Private Limited,Chennai,2024-08-30 00:00:00,ACTIVE,False,1152.74,False
MCH8937,"Mand, Bhatt and Pathak",Punjab,7011,Hotel / Lodging,Individual,Amritsar,2023-06-10 00:00:00,ACTIVE,False,2746.33,True
MCH6359,Pai-Dada,Rajasthan,,,Individual,Jaipur,2025-05-27 00:00:00,ACTIVE,False,484.0,True
MCH3989,Madan LLC,Rajasthan,5411,Grocery,Partnership,Jaipur,2023-09-18 07:54:00,ACTIVE,False,238.33,True
MCH9132,Shankar-Bahl,Maharashtra,4814,Telecom,Individual,Pune,2023-12-04 18:44:00,SUSPENDED,False,2278.28,True
MCH2282,mall group,Punjab,,,Partnership,Jalandar,2024-02-08 23:31:25,ACTIVE,False,654.0,True
MCH9352,RAMANATHAN-LALA,Karnataka,4131,Transportation,Partnership,Bangalore,2026-02-09 00:00:00,ACTIVE,False,1121.19,True
MCH5595,"Menon, Ahluwalia and Mistry",Rajasthan,7011,Hotel / Lodging,Sole Proprietor,Jaipur,2026-02-10 09:42:44,ACTIVE,False,376.55,False
MCH7051,Ramachandran-Rajan,Maharashtra,5812,Restaurant,Partnership,Mumbai,2023-12-26 00:00:00,ACTIVE,False,1183.53,True
MCH6675,Vora and Sons,Punjab,,,Partnership,Ludhiana,2025-07-31 00:00:00,ACTIVE,False,769.28,True
MCH5404,Cherian Group,Maharashtra,7011,Hotel / Lodging,Sole Proprietor,Pune,2025-04-05 21:50:56,ACTIVE,False,1440.0,True
MCH6611,Mand PLC,Tamil Nadu,5411,Grocery,Private Limited,Chennai,2023-01-01 00:00:00,ACTIVE,True,1110.3,False
MCH3382,"Patla, Thakur and Kaur",Maharashtra,4131,Transportation,Private Limited,Pune,2025-02-06 19:20:09,ACTIVE,False,470.22,False
MCH7950,Om-Andra,Punjab,5411,Grocery,Individual,Ludhiana,,ACTIVE,False,3471.68,False
MCH1873,Rai-Nagi,Delhi,4131,Transportation,Private Limited,Delhi,2024-01-10 07:35:09,ACTIVE,False,3862.0,False
MCH7076,Bava-Shroff,Tamil Nadu,5999,Misc Retail,Sole Proprietor,Chennai,2025-09-03 01:54:16,ACTIVE,False,875.99,False
MCH1143,ARYA-KHANNA,Punjab,4131,Transportation,Sole Proprietor,Jalandhar,2023-08-16 00:00:00,ACTIVE,False,486.39,True
MCH6464,Date LLC,Karnataka,5699,Apparel,Private Limited,Bangalore,2025-12-03 00:00:00,ACTIVE,False,3772.0,True
MCH5169,Kurian-Narayan,Punjab,5942,Book Store,Individual,Jalandhar,2024-06-01 00:00:00,ACTIVE,False,1621.49,True
MCH7613,"Parekh, Ch0kshi and Das",Rajasthan,5699,Apparel,Private Limited,Jaipur,2024-11-23 19:31:50,ACTIVE,False,419.26,True
MCH3856,"Pandit, Karnik and Kurian",Punjab,5912,Medical / Pharmacy,Individual,Ludhiana,2025-07-07 00:00:00,ACTIVE,False,755.4,False
MCH5223,"Dua, Raj and Aurora",Punjab,5812,Restaurant,Private Limited,Ludhiana,2024-08-06 00:00:00,ACTIVE,False,986.86,True
MCH3849,Das-Ratta,Tamil Nadu,4814,Telecom,Individual,Chennai,2024-06-13 00:11:00,ACTIVE,False,4368.0,True
MCH3441,"Naidu, Nayar and Chand",Punjab,5942,Book Store,Partnership,Ldh,2023-05-29 00:00:00,ACTIVE,False,817.0,True
MCH3959,"Kant, Goel and Pradhan",Telangana,5999,Misc Retail,Individual,Hyderabad,2025-03-19 00:00:00,ACTIVE,False,1214.73,True
MCH5781,Bava and Sons,Telangana,7011,Hotel / Lodging,Partnership,Hyderabad,2024-03-24 09:56:13,ACTIVE,False,2364.14,False
MCH3057,Nagy-Banik,West Bengal,5311,Department Store,Partnership,Kolkata,2024-03-15 00:00:00,ACTIVE,False,764.15,True
MCH2979,"Kurian, Guha and Gaba",Tamil Nadu,5999,Misc Retail,Individual,Chennai,2023-03-11 13:48:16,ACTIVE,False,7883.21,True
MCH3406,"Swamy, Borah and Sampath",Maharashtra,5311,Department Store,Individual,Mumbai,2024-05-22 03:05:47,INACTIVE,False,438.79,True
MCH6836,Gola-Rout,Karnataka,5999,Misc Retail,Sole Proprietor,Bangalore,2025-12-03 00:00:00,SUSPENDED,False,2040.92,True
MCH3142,"dugar, merchant and kala",Rajasthan,5942,Book Store,Private Limited,Jaipur,2024-01-01 08:46:47,ACTIVE,False,619.08,True
MCH4903,Khatri Gr0up,Delhi,5311,Department Store,Individual,Delhi,2024-07-07 00:00:00,ACTIVE,False,,False
MCH5765,Murty Inc,Maharashtra,4131,Transportation,Partnership,Mumbai,2025-07-18 00:00:00,ACTIVE,False,2715.83,False
MCH3964,"Bala, Chanda and Loyal",Rajasthan,5942,Book Store,Partnership,Jaipur,2023-09-05 00:00:00,ACTIVE,False,2002.33,True
MCH6146,Handa LLC,Punjab,5912,Medical / Pharmacy,Individual,Amritsar,2023-01-01 00:00:00,ACTIVE,True,1061.38,True
MCH8159,Grover-Barad,Tamil Nadu,5411,Grocery,Partnership,Chennai,2024-12-18 00:00:00,SUSPENDED,False,768.97,False
MCH9865,Minhas PLC,Delhi,5942,Book Store,Private Limited,Delhi,2025-11-29 00:00:00,ACTIVE,False,334.0,False
MCH6572,Naidu PLC,Maharashtra,5311,Department Store,Private Limited,Pune,2025-03-17 00:00:00,ACTIVE,False,402.0,True
MCH7724,"Johal, Khatri and Sant",Punjab,5411,Grocery,Individual,Jalandhar,2026-02-18 00:00:00,ACTIVE,False,3132.9,True
MCH4084,Mitra PLC,Punjab,5311,Department Store,Individual,Jalandhar,2023-12-15 00:00:00,ACTIVE,False,973.94,True
MCH9385,"Ray, Gu1ati and Gi11",Punjab,4814,Telecom,Sole Proprietor,Amritsar,2024-02-17 00:00:00,ACTIVE,False,1178.44,False
MCH5277,Kannan-Deshmukh,Uttar Pradesh,5942,Book Store,Private Limited,Lucknow,2025-09-26 09:01:09,INACTIVE,False,4638.51,False
MCH8824,Mani PLC,Telangana,5999,Misc Retail,Individual,Hyderabad,2024-02-22 00:00:00,ACTIVE,False,1314.9,True
MCH1397,"Bir,RavelandSwaminathan",Maharashtra,5411,Grocery,Partnership,Pune,2023-07-16 00:00:00,ACTIVE,False,6150.31,False
MCH4608,Chandran Group,Uttar Pradesh,5699,Apparel,Sole Proprietor,Lucknow,2023-05-09 14:14:00,ACTIVE,False,950.53,True
MCH1800,Mall PLC,Telangana,5311,Department Store,Private Limited,Hyderabad,2025-10-24 00:00:00,ACTIVE,False,1030.0,False
MCH8923,Choudhury Group,Rajasthan,5912,Medical / Pharmacy,Individual,Jaipur,2024-06-12 00:00:00,INACTIVE,False,2880.15,True
MCH4232,Raj Group,Telangana,5912,Medical / Pharmacy,Individual,Hyderabad,2023-06-23 00:00:00,SUSPENDED,True,479.88,False
MCH1594,Bera Inc,Punjab,5999,Misc Retail,Private Limited,Amritsar,2024-09-05 00:00:00,ACTIVE,False,2187.43,True
MCH6866,Thaker-Behl,Maharashtra,5999,Misc Retail,Sole Proprietor,Pune,2024-03-22 00:00:00,ACTIVE,False,221.31,False
MCH3705,"Prakash, Korpal and Narasimhan",Rajasthan,5812,Restaurant,Sole Proprietor,Jaipur,2025-11-10 00:00:00,ACTIVE,False,753.96,False
MCH7726,Modi Ltd,Uttar Pradesh,5311,Department Store,Individual,Lucknow,2025-05-17 15:11:06,ACTIVE,False,1955.14,True
MCH5335,shroff and sons,Tamil Nadu,5311,Department Store,Sole Proprietor,Chennai,,INACTIVE,False,1166.0,True
MCH9641,Andra Ltd,West Bengal,5912,Medical / Pharmacy,Private Limited,Kolkata,2025-10-15 02:13:04,ACTIVE,False,3323.59,True
MCH6868,Tara Group,Maharashtra,5311,Department Store,Partnership,Pune,2024-02-04 01:10:36,ACTIVE,False,323.93,False
MCH1488,"Chada, Gopal and Rajagopal",Rajasthan,4814,Telecom,Sole Proprietor,Jaipur,2026-01-02 00:00:00,ACTIVE,False,1905.0,False
MCH7576,Ramanathan-Menon,Punjab,7011,Hotel / Lodging,Partnership,Jalandar,2024-10-14 09:09:31,ACTIVE,False,757.61,False
MCH2098,Ranganathan-Chopra,Tamil Nadu,4131,Transportation,Private Limited,Chennai,2023-05-13 00:00:00,ACTIVE,False,4538.04,False
MCH5250,Virk-Nadkarni,Maharashtra,5999,Misc Retail,Partnership,Pune,2023-07-16 00:00:00,SUSPENDED,False,759.43,False
MCH2222,"Mani, Ravel and Agrawal",Uttar Pradesh,,,Sole Proprietor,Lko,2023-10-01 00:00:00,ACTIVE,False,815.84,False
MCH7702,Ahuja-Nayar,Punjab,5411,Grocery,Private Limited,Ludhiana,2024-10-04 00:00:00,SUSPENDED,False,,False
MCH3511,"Konda, Venkatesh and Jha",Uttar Pradesh,5411,Grocery,Individual,Lucknow,2025-06-28 00:00:00,ACTIVE,False,,True
MCH2440,Hans-Master,Punjab,7011,Hotel / Lodging,Sole Proprietor,Ldh,2023-02-15 11:47:00,ACTIVE,False,1395.0,True
MCH8044,"Sant, Nadkarni and Rajan",Karnataka,,,Individual,Bangalore,2024-10-13 07:30:00,ACTIVE,True,794.78,False
MCH7913,Khare Inc,Maharashtra,5912,Medical / Pharmacy,Partnership,Pune,2025-02-22 00:00:00,ACTIVE,True,1243.32,True
MCH8640,"vasa, nanda and bhat",Maharashtra,5311,Department Store,Sole Proprietor,Pune,2025-03-05 00:00:00,ACTIVE,False,347.11,False
MCH1892,Shanker-De,Maharashtra,7011,Hotel / Lodging,Private Limited,Mumbai,2024-02-12 01:08:42,ACTIVE,False,987.4,True
MCH3507,"Sundaram, Shan and Subramanian",Punjab,7011,Hotel / Lodging,Individual,Amritsar,2023-01-28 00:00:00,ACTIVE,False,950.31,True
MCH3627,"CHANDRA, VENKATARAMAN AND PALLA",Rajasthan,5912,Medical / Pharmacy,Sole Proprietor,Jaipur,2025-10-09 00:00:00,ACTIVE,False,379.66,True
MCH3601,Lanka Inc,Maharashtra,5942,Book Store,Individual,Pune,2025-05-14 07:26:19,ACTIVE,False,4672.85,False
MCH2789,Peri-Panchal,Punjab,5311,Department Store,Partnership,Jalandhar,,ACTIVE,False,1044.19,False
MCH6543,Nagi-Pradhan,Maharashtra,5411,Grocery,Private Limited,Mumbai,2025-07-17 01:33:23,ACTIVE,False,2785.85,False
MCH3265,Mittal Ltd,Telangana,5942,Book Store,Private Limited,Hyderabad,2024-08-15 00:38:28,ACTIVE,False,4170.98,True
MCH2027,"Boase, Ghosh and Manda",Tamil Nadu,5311,Department Store,Partnership,Chennai,2023-12-16 00:00:00,ACTIVE,False,1163.7,True
MCH2542,Thakur Group,West Bengal,5411,Grocery,Sole Proprietor,Kolkata,2023-12-15 00:00:00,INACTIVE,False,3711.74,True
MCH4818,Deol Inc,Delhi,5999,Misc Retail,Individual,Delhi,2024-04-29 00:00:00,ACTIVE,False,316.0,True
MCH3148,RaoLtd,Delhi,4814,Telecom,Individual,Delhi,2023-01-16 00:00:00,ACTIVE,False,1684.65,False
MCH2038,DARA-SAMA,Telangana,7011,Hotel / Lodging,Individual,Hyderabad,2023-08-20 00:00:00,ACTIVE,False,801.94,True
MCH5594,Savant-Bhargava,Karnataka,5411,Grocery,Sole Proprietor,Bangalore,2025-01-19 00:00:00,SUSPENDED,False,1235.6,True
MCH6757,Brar-Saha,Punjab,5942,Book Store,Sole Proprietor,Ludhiana,2024-05-09 00:00:00,ACTIVE,False,602.25,True
MCH8735,"Chhabra, Kunda and Sem",Punjab,4814,Telecom,Partnership,Jalandar,2025-09-18 00:00:00,ACTIVE,False,1589.68,True
MCH7947,Padmanabhan-Kale,Maharashtra,4814,Telecom,Private Limited,Mumbai,2023-09-08 00:00:00,ACTIVE,False,3921.35,False
MCH6697,ANDRA-SENGUPTA,Karnataka,5411,Grocery,Partnership,Bangalore,2025-10-09 00:00:00,INACTIVE,False,1006.44,False
MCH8208,TAK-SHANKAR,Maharashtra,7011,Hotel / Lodging,Individual,Mumbai,2024-03-18 07:08:51,ACTIVE,False,1309.39,False
MCH5081,Grewal-Dutt,Rajasthan,5942,Book Store,Partnership,Jaipur,2024-09-22 00:00:00,ACTIVE,False,624.18,False
MCH7459,"Gara, Agarwal and Anne",Punjab,7011,Hotel / Lodging,Individual,Ldh,2023-04-14 20:15:00,ACTIVE,False,2650.18,True
MCH9754,Khanna Group,Punjab,5411,Grocery,Partnership,Ludhiana,2023-11-20 00:00:00,ACTIVE,False,3682.51,True
MCH6231,"CHAND, JOHAL AND CHAWLA",Punjab,5812,Restaurant,Private Limited,Jalandhar,2023-06-26 00:00:00,ACTIVE,False,919.0,True
MCH4982,Upadhyay-Thaker,Maharashtra,5699,Apparel,Private Limited,Pune,2023-10-04 00:00:00,ACTIVE,False,,True
MCH9551,Chaudhari-Dugar,Uttar Pradesh,5942,Book Store,Individual,Lucknow,2023-08-11 00:00:00,ACTIVE,False,2156.36,True
MCH6657,Atwal-Sarraf,Telangana,5411,Grocery,Partnership,Hyderabad,,ACTIVE,False,804.0,False
MCH2028,Dhingra PLC,Maharashtra,4814,Telecom,Sole Proprietor,Pune,2023-09-27 00:00:00,ACTIVE,True,1170.35,False
MCH2350,"Gill, Sura and Doshi",Maharashtra,5812,Restaurant,Individual,Pune,2026-02-19 21:03:12,ACTIVE,False,668.0,False
MCH5834,Sundaram-Sarkar,Telangana,5812,Restaurant,Partnership,Hyderabad,2025-07-27 00:00:00,ACTIVE,False,1502.09,True
MCH3502,"Bail, Sawhney and Majumdar",Telangana,,,Individual,Hyderabad,2024-02-05 16:37:39,ACTIVE,False,4792.39,False
MCH2623,dara-kulkarni,West Bengal,5942,Book Store,Sole Proprietor,Kolkata,2025-06-28 00:00:00,ACTIVE,False,1296.1,False
MCH9710,Trivedi PLC,Punjab,5411,Grocery,Partnership,Ludhiana,2025-01-24 00:00:00,ACTIVE,False,718.83,False
MCH9922,Chand-Jain,Tamil Nadu,5411,Grocery,Partnership,Chennai,2023-09-10 00:00:00,ACTIVE,False,1800.0,True
MCH7850,Reddy Inc,Tamil Nadu,5699,Apparel,Partnership,Chennai,2024-05-16 05:07:55,ACTIVE,False,1378.0,False
MCH5555,Prabhu Ltd,Karnataka,4131,Transportation,Private Limited,Bangalore,2024-12-16 00:00:00,ACTIVE,False,1663.56,False
MCH1349,Bahri and Sons,Telangana,5912,Medical / Pharmacy,Individual,Hyderabad,2025-06-08 00:00:00,ACTIVE,False,2320.2,True
MCH4760,"Kalla, Mammen and Purohit",Delhi,4814,Telecom,Individual,Delhi,2024-10-27 00:00:00,ACTIVE,False,964.0,False
MCH9476,Sama PLC,Telangana,5812,Restaurant,Private Limited,Hyderabad,,ACTIVE,False,165.93,True
MCH7957,Varty-Natarajan,Tamil Nadu,7011,Hotel / Lodging,Private Limited,Chennai,2024-06-28 09:08:00,ACTIVE,False,410.29,False
MCH1534,"MERCHANT, SARNA AND KORPAL",Telangana,5912,Medical / Pharmacy,Private Limited,Hyderabad,2023-04-02 14:45:00,INACTIVE,False,3752.5,False
MCH1056,Mital-Jhaveri,Punjab,5311,Department Store,Partnership,Amritsar,2023-09-10 00:09:34,ACTIVE,False,5938.05,True
MCH9751,Memon-Sinha,Punjab,5812,Restaurant,Sole Proprietor,Ludhiana,2023-07-16 00:00:00,ACTIVE,False,2265.65,True
MCH6865,Mander-Chakrabarti,Maharashtra,7011,Hotel / Lodging,Private Limited,Mumbai,2023-04-20 10:35:00,ACTIVE,True,465.56,False
MCH7289,Nayar-Dara,Maharashtra,5699,Apparel,Individual,Poona,2025-12-28 00:00:00,ACTIVE,False,4510.0,True
MCH3130,"arora, karnik and sarraf",West Bengal,5942,Book Store,Sole Proprietor,Kolkata,2023-07-10 21:24:05,INACTIVE,False,1573.29,False
MCH4553,Zachariah-Dara,Punjab,5812,Restaurant,Private Limited,Jalandhar,2024-07-03 11:07:00,ACTIVE,False,343.99,False
MCH2746,"tella, mane and pillai",Punjab,7011,Hotel / Lodging,Private Limited,Ludhiana,2023-03-12 00:00:00,INACTIVE,False,395.56,True
MCH4253,MANDER-SAGAR,Punjab,,,Individual,Ldh,2024-12-12 00:00:00,ACTIVE,False,348.43,False
MCH8148,Sehgal-Banik,Karnataka,4131,Transportation,Sole Proprietor,Bangalore,2024-01-27 00:00:00,ACTIVE,False,406.0,False
MCH4706,"Varughese, Mani and Ch0udhary",Karnataka,5311,Department Store,Individual,Bangalore,2025-11-11 03:09:47,ACTIVE,True,1658.13,True
MCH8086,Contractor-Narain,Maharashtra,5812,Restaurant,Partnership,Pune,2024-08-28 09:47:00,ACTIVE,False,1394.0,False
MCH4110,Suresh-Bassi,Maharashtra,5942,Book Store,Individual,Mumbai,2024-09-18 08:58:00,INACTIVE,False,1527.43,False
MCH2534,Shetty-Sundaram,Maharashtra,5411,Grocery,Private Limited,Pune,2025-03-10 16:30:29,ACTIVE,False,709.87,False
MCH1983,Jayaraman PLC,Telangana,5912,Medical / Pharmacy,Sole Proprietor,Hyderabad,2024-12-13 00:00:00,ACTIVE,False,657.32,True
MCH4332,Varma PLC,Maharashtra,5942,Book Store,Individual,Mumbai,2025-01-22 00:00:00,ACTIVE,False,229.07,True
MCH6240,mutti plc,Delhi,5999,Misc Retail,Partnership,Delhi,2025-11-08 00:00:00,ACTIVE,False,1461.1,False
MCH2336,Narasimhan Inc,Punjab,,,Sole Proprietor,Jalandar,2025-06-18 00:00:00,INACTIVE,False,791.05,False
MCH5411,Kale Inc,Maharashtra,5411,Grocery,Partnership,Pune,2024-06-21 06:11:57,ACTIVE,False,708.0,False
MCH7636,BIR PLC,Punjab,5699,Apparel,Sole Proprietor,Jalandhar,2025-05-03 00:00:00,ACTIVE,False,178.0,True
MCH8918,Solanki and Sons,Karnataka,,,Private Limited,Bangalore,2025-05-17 00:00:00,ACTIVE,False,,True
MCH5467,"Kurian, Anne and Borra",Punjab,4814,Telecom,Individual,Ldh,2024-05-17 00:00:00,ACTIVE,False,940.0,True
MCH2763,Thaman-Virk,Karnataka,5912,Medical / Pharmacy,Private Limited,Bangalore,2025-07-23 00:00:00,ACTIVE,False,563.88,True
MCH6819,"Krishnan, Pal and Nayar",Telangana,5812,Restaurant,Sole Proprietor,Hyderabad,2025-10-17 18:49:43,ACTIVE,False,499.0,False
MCH9563,"Singh, Issac and Murty",West Bengal,4131,Transportation,Private Limited,Kolkata,2023-02-01 00:00:00,ACTIVE,False,1366.02,False
MCH8413,"Mammen,ParmerandChandra",Karnataka,4814,Telecom,Sole Proprietor,Bangalore,2024-03-19 00:00:00,ACTIVE,True,393.94,False
MCH9740,Jain and Sons,Rajasthan,5812,Restaurant,Individual,Jaipur,2025-01-31 05:45:13,ACTIVE,False,1510.42,True
MCH6352,Brar-Kale,Tamil Nadu,5699,Apparel,Partnership,Chennai,2023-10-08 20:03:14,ACTIVE,False,2366.79,False
MCH9196,Brahmbhatt Inc,Karnataka,5411,Grocery,Partnership,Bangalore,2023-03-16 06:41:42,ACTIVE,True,4354.3,False
MCH5162,Srinivas-Sule,Rajasthan,5311,Department Store,Individual,Jaipur,2025-02-20 00:00:00,ACTIVE,False,1145.33,True
MCH2506,"Sarna, Vora and Seth",Rajasthan,4131,Transportation,Individual,Jaipur,2024-06-13 02:51:27,ACTIVE,False,222.33,False
MCH1350,"KRISHNAMURTHY, DUTT AND SURA",Maharashtra,4814,Telecom,Partnership,Mumbai,2024-07-25 00:00:00,ACTIVE,False,1360.18,True
MCH7544,Ganesh and S0ns,Punjab,4131,Transportation,Sole Proprietor,Ludhiana,2025-03-22 00:00:00,INACTIVE,False,2329.09,True
MCH5637,Desai-Sankaran,West Bengal,5942,Book Store,Individual,Kolkata,2025-12-05 00:00:00,ACTIVE,True,485.95,False
MCH1047,Rana-Aurora,Karnataka,4814,Telecom,Partnership,Bangalore,2023-08-20 01:01:00,ACTIVE,False,1003.46,True
MCH9043,Setty and Sons,Maharashtra,7011,Hotel / Lodging,Partnership,Pune,2024-02-10 00:00:00,ACTIVE,False,3323.0,False
MCH4788,Chauhan-Kh0s1a,Karnataka,5699,Apparel,Individual,Bangalore,,ACTIVE,False,109.29,True
MCH6598,"Banik, Halder and Sabharwal",Maharashtra,7011,Hotel / Lodging,Individual,Mumbai,2025-06-02 00:00:00,INACTIVE,False,230.53,True
MCH7860,"Pall, Som and Dalal",Punjab,5999,Misc Retail,Private Limited,Amritsar,2024-11-11 02:08:53,ACTIVE,True,625.05,True
MCH2159,Sawhney LLC,Punjab,5812,Restaurant,Sole Proprietor,Jalandhar,2024-05-16 00:00:00,ACTIVE,False,1420.0,True
MCH9489,Badal-Sankaran,Tamil Nadu,4131,Transportation,Sole Proprietor,Chennai,2026-02-03 18:53:00,ACTIVE,False,1437.06,False
MCH9057,Dayal Ltd,Rajasthan,,,Partnership,Jaipur,2024-10-11 00:00:00,ACTIVE,False,728.46,True
MCH3177,"Ping1e, Ra0 and Varty",West Bengal,4131,Transportation,Individual,Kolkata,2025-04-19 12:39:17,SUSPENDED,False,1840.14,True
MCH3449,NIGAM-AGATE,Maharashtra,5999,Misc Retail,Partnership,Mumbai,2026-02-13 03:43:32,ACTIVE,False,236.02,True
MCH2919,Menon-Vaidya,Delhi,,,Sole Proprietor,Delhi,2023-03-20 14:46:24,ACTIVE,False,3825.85,False
MCH4487,Maharaj-Murthy,Punjab,5912,Medical / Pharmacy,Individual,Amritsar,2024-04-23 00:00:00,ACTIVE,False,1455.08,True
MCH9444,Sachdeva-Khatri,Punjab,4131,Transportation,Partnership,Jalandhar,2024-01-13 00:00:00,ACTIVE,False,345.26,True
MCH6869,"Oak, Kalla and Chand",Maharashtra,4131,Transportation,Private Limited,Pune,2025-01-21 15:07:04,ACTIVE,False,2412.44,True
MCH4320,Vala and Sons,Maharashtra,4814,Telecom,Private Limited,Mumbai,2024-10-14 00:00:00,INACTIVE,True,288.28,True
MCH4218,Srivastava Ltd,Maharashtra,5942,Book Store,Sole Proprietor,Mumbai,2023-11-20 00:00:00,ACTIVE,False,1744.69,True
MCH3900,Mand-Bedi,West Bengal,5812,Restaurant,Private Limited,Kolkata,2025-02-20 00:00:00,ACTIVE,False,1036.74,True
MCH8615,devi-narasimhan,West Bengal,5942,Book Store,Sole Proprietor,Kolkata,2024-11-18 00:00:00,ACTIVE,False,722.58,True
MCH6447,Kant-Tella,Delhi,7011,Hotel / Lodging,Partnership,Delhi,2026-01-22 00:00:00,ACTIVE,False,994.25,False
MCH7366,Bora-Nadkarni,Karnataka,5411,Grocery,Partnership,Bangalore,2024-03-17 00:00:00,SUSPENDED,False,2024.0,False
MCH3179,"Din,MukhopadhyayandBawa",Tamil Nadu,5999,Misc Retail,Sole Proprietor,Chennai,2023-10-31 00:00:00,SUSPENDED,False,1687.99,True
MCH9173,BUMB-BANDI,Maharashtra,5999,Misc Retail,Sole Proprietor,Poona,2023-06-26 02:58:00,ACTIVE,False,450.27,False
MCH3483,"Puri, Sachdeva and Jhaveri",Rajasthan,5812,Restaurant,Private Limited,Jaipur,2025-08-15 00:00:00,INACTIVE,False,1128.9,True
MCH9811,"Dyal, Ranganathan and Sinha",Delhi,5812,Restaurant,Private Limited,Delhi,2025-11-04 00:00:00,ACTIVE,False,972.81,True
MCH1924,"Choudhary, Iyer and Boase",Rajasthan,5912,Medical / Pharmacy,Partnership,Jaipur,2024-11-12 00:00:00,ACTIVE,False,7220.04,True
MCH1064,Nanda Ltd,Punjab,5812,Restaurant,Individual,Amritsar,2025-09-09 22:49:04,ACTIVE,False,1182.15,False
MCH3842,"Rao, Rajagopal and Ratti",Rajasthan,4131,Transportation,Private Limited,Jaipur,2024-01-27 00:00:00,ACTIVE,False,444.1,False
MCH3549,Khalsa and Sons,Punjab,5812,Restaurant,Individual,Amritsar,2025-01-07 00:00:00,ACTIVE,False,1756.73,True
MCH5450,"Karnik, Karan and Boase",West Bengal,,,Partnership,Kolkata,2024-09-09 00:00:00,ACTIVE,False,852.07,False
MCH4630,Jhaveri PLC,Punjab,5999,Misc Retail,Sole Proprietor,Ludhiana,2025-07-11 02:07:00,ACTIVE,False,1285.49,True
MCH9770,jha-andra,Tamil Nadu,,,Sole Proprietor,Chennai,2026-01-22 00:00:00,SUSPENDED,False,1847.23,True
MCH4623,"Gokhale, Ranganathan and Shenoy",Telangana,5999,Misc Retail,Private Limited,Hyderabad,2025-08-17 15:21:40,ACTIVE,False,171.0,True
MCH3465,"Patla, Tiwari and Bobal",Punjab,4814,Telecom,Private Limited,Amritsar,2024-09-10 22:44:00,ACTIVE,False,662.0,True
MCH5186,Dey-Bansal,Tamil Nadu,5912,Medical / Pharmacy,Sole Proprietor,Chennai,2025-09-21 00:00:00,ACTIVE,False,365.0,False
MCH8638,ramanathan-apte,Tamil Nadu,5942,Book Store,Partnership,Chennai,2025-04-16 00:00:00,ACTIVE,False,985.8,True
MCH6547,"Gupta,DewanandNadig",Telangana,5942,Book Store,Individual,Hyderabad,2023-05-27 00:00:00,INACTIVE,False,974.14,False
MCH9827,Chaudry and Sons,Karnataka,5311,Department Store,Private Limited,Bangalore,2025-04-02 00:00:00,ACTIVE,False,1686.75,True
MCH8539,Arya-Char,Tamil Nadu,5699,Apparel,Sole Proprietor,Chennai,2025-10-07 09:25:50,ACTIVE,False,3012.9,True
MCH9530,B0rah PLC,Telangana,,,Individual,Hyderabad,2023-11-01 00:00:00,SUSPENDED,False,999.86,False
MCH2995,Patil Ltd,Punjab,7011,Hotel / Lodging,Private Limited,Amritsar,2025-12-25 00:00:00,ACTIVE,False,492.36,True
MCH7596,Bajwa-Luthra,Telangana,4814,Telecom,Private Limited,Hyderabad,2024-04-20 00:00:00,SUSPENDED,False,,False
MCH5941,G0ur Ltd,Uttar Pradesh,5942,Book Store,Private Limited,Lucknow,2023-04-30 00:00:00,INACTIVE,False,1448.04,True
MCH7025,"Shanker, Bandi and Bala",Karnataka,5999,Misc Retail,Individual,Bangalore,2025-01-26 00:00:00,ACTIVE,False,4575.03,True
MCH8943,Bassi-Dhingra,Tamil Nadu,5942,Book Store,Private Limited,Chennai,2024-09-09 00:49:00,ACTIVE,False,774.62,False
MCH2792,KrishnamurthyPLC,Punjab,7011,Hotel / Lodging,Sole Proprietor,Jalandhar,2023-02-03 00:00:00,ACTIVE,False,1501.9,False
MCH8613,Comar-Tata,Uttar Pradesh,5812,Restaurant,Individual,Lucknow,2023-09-05 12:31:28,SUSPENDED,False,2485.09,False
MCH4283,Joshi-Srinivas,Punjab,5411,Grocery,Partnership,Amritsar,2023-09-01 00:00:00,ACTIVE,False,1135.0,False
MCH8821,MUKHOPADHYAY-CHERIAN,Punjab,5812,Restaurant,Sole Proprietor,Jalandhar,2023-11-26 00:00:00,ACTIVE,False,703.03,True
MCH8043,Lalla Group,Punjab,5311,Department Store,Private Limited,Ldh,2024-07-31 00:00:00,ACTIVE,False,1064.0,False
MCH5061,Natarajan Inc,Punjab,5699,Apparel,Sole Proprietor,Ldh,2025-10-10 11:35:42,ACTIVE,False,1265.19,True
MCH4527,BansalInc,Uttar Pradesh,5411,Grocery,Private Limited,Lucknow,2025-10-29 21:36:00,ACTIVE,False,3449.0,True
MCH5873,"Kade, Srivastava and Iyengar",Uttar Pradesh,5999,Misc Retail,Partnership,Lucknow,2023-10-06 00:00:00,ACTIVE,False,3185.85,False
MCH6772,"Sarin,KaleandBava",Punjab,5411,Grocery,Individual,Amritsar,2024-03-12 00:00:00,INACTIVE,False,893.58,True
MCH2180,Chaudry-Sidhu,Maharashtra,,,Private Limited,Pune,,ACTIVE,False,3354.42,True
MCH7350,SULE LLC,Punjab,5699,Apparel,Private Limited,Amritsar,2024-01-31 17:29:42,ACTIVE,True,1887.59,True
MCH4383,Vala LLC,Uttar Pradesh,5311,Department Store,Sole Proprietor,Lucknow,2025-06-15 00:00:00,ACTIVE,False,219.66,False
MCH4717,Bir Ltd,Tamil Nadu,4131,Transportation,Private Limited,Chennai,2025-11-14 00:00:00,ACTIVE,False,7107.16,True
MCH6907,Dhillon-Sama,Punjab,5812,Restaurant,Private Limited,Jalandar,2024-12-21 07:31:00,ACTIVE,False,4335.88,False
MCH8714,GuptaGroup,Maharashtra,5912,Medical / Pharmacy,Sole Proprietor,Pune,2023-10-08 00:00:00,INACTIVE,False,569.38,True
MCH8263,"Gara, Kar and Raval",Tamil Nadu,5699,Apparel,Sole Proprietor,Chennai,2025-07-21 16:32:17,ACTIVE,False,1443.08,True
MCH7890,contractor plc,Tamil Nadu,7011,Hotel / Lodging,Partnership,Chennai,2024-07-21 17:41:07,INACTIVE,True,652.34,True
MCH6480,Sundaram and S0ns,Maharashtra,5699,Apparel,Partnership,Mumbai,2023-11-13 01:40:00,ACTIVE,False,680.72,True
MCH7973,"Dhar, Som and Mane",West Bengal,7011,Hotel / Lodging,Sole Proprietor,Kolkata,2023-01-17 11:57:28,ACTIVE,False,1422.91,True
MCH9567,"Dar, Gera and Sane",Delhi,5812,Restaurant,Private Limited,Delhi,2026-01-09 00:00:00,ACTIVE,False,850.48,False
MCH6731,ThakurPLC,Telangana,5812,Restaurant,Individual,Hyderabad,2025-10-25 00:00:00,ACTIVE,False,305.3,False
MCH9012,"Goel, Devan and Grover",Punjab,5411,Grocery,Sole Proprietor,Amritsar,2025-09-16 06:09:00,INACTIVE,False,603.58,True
MCH5163,"Pandit, Lad and V0ra",West Bengal,4814,Telecom,Individual,Kolkata,2023-05-31 00:00:00,ACTIVE,False,1014.92,True
MCH5897,Mutti-Doshi,Punjab,5912,Medical / Pharmacy,Private Limited,Amritsar,2026-01-06 00:00:00,ACTIVE,False,1302.0,False
MCH3872,Krish Group,Punjab,5699,Apparel,Partnership,Amritsar,2024-03-14 00:00:00,ACTIVE,False,3660.6,False
MCH2941,SenGroup,Maharashtra,5311,Department Store,Sole Proprietor,Mumbai,2024-09-22 00:00:00,ACTIVE,False,1783.76,True
MCH4395,Ramakrishnan-Rastogi,Tamil Nadu,5999,Misc Retail,Private Limited,Chennai,2025-11-19 00:00:00,ACTIVE,False,,False
MCH9843,"Banerjee, Singh and Anne",Tamil Nadu,5942,Book Store,Individual,Chennai,2025-04-07 00:00:00,ACTIVE,False,8077.21,False
MCH4528,Memon LLC,Telangana,5912,Medical / Pharmacy,Partnership,Hyderabad,2023-01-05 23:02:24,ACTIVE,False,490.99,True
MCH4973,vala-raval,Tamil Nadu,7011,Hotel / Lodging,Private Limited,Chennai,2024-05-04 00:00:00,ACTIVE,False,859.46,True
MCH1855,Kala-Shan,West Bengal,,,Private Limited,Kolkata,2023-11-13 00:38:34,SUSPENDED,False,1474.0,False
MCH9426,Puri-Soman,Karnataka,5699,Apparel,Individual,Bangalore,2023-10-28 00:00:00,ACTIVE,False,333.54,True
MCH6171,Naik and Sons,Punjab,5812,Restaurant,Individual,Amritsar,2023-08-09 00:00:00,INACTIVE,False,4084.17,False
MCH3720,"Bedi, Sanghvi and Balakrishnan",Delhi,5411,Grocery,Individual,Delhi,2024-04-14 08:30:13,ACTIVE,False,610.0,True
MCH4989,Khanna and Sons,Punjab,7011,Hotel / Lodging,Private Limited,Ludhiana,2025-09-25 00:00:00,ACTIVE,False,1981.95,False
MCH2567,"Magar, Hora and Khare",Delhi,4131,Transportation,Sole Proprietor,Delhi,2024-09-30 00:00:00,ACTIVE,False,572.7,True
MCH6482,Mitra-Agate,Punjab,5311,Department Store,Individual,Amritsar,2024-04-06 00:00:00,INACTIVE,False,1340.0,False
MCH1908,"RAGHAVAN, BADAMI AND MANI",West Bengal,5942,Book Store,Partnership,Kolkata,2025-05-29 11:41:39,ACTIVE,False,856.0,True
MCH9342,Dua-Lala,Karnataka,5999,Misc Retail,Sole Proprietor,Bangalore,2025-04-17 11:33:00,SUSPENDED,False,1698.37,True
MCH9231,Kala-Dugar,Maharashtra,4131,Transportation,Partnership,Poona,,ACTIVE,False,228.82,True
MCH7679,Sama and Sons,Karnataka,5912,Medical / Pharmacy,Partnership,Bangalore,2026-02-25 00:00:00,ACTIVE,False,3295.19,True
MCH4414,"Manne, Arora and Goel",Telangana,5411,Grocery,Private Limited,Hyderabad,2025-07-15 00:00:00,ACTIVE,True,618.59,False
MCH1267,master-tiwari,Uttar Pradesh,4814,Telecom,Private Limited,Lucknow,,INACTIVE,False,1213.17,False
MCH6396,Mani-Puri,Uttar Pradesh,5999,Misc Retail,Individual,Lko,2025-04-21 00:00:00,ACTIVE,False,4113.97,True
MCH2607,Garg PLC,Telangana,5812,Restaurant,Individual,Hyderabad,2023-01-31 00:00:00,ACTIVE,False,3395.0,False
MCH7106,mody-mitter,Karnataka,5699,Apparel,Individual,Bangalore,2023-06-11 00:00:00,ACTIVE,False,574.51,True
MCH3212,Merchant LLC,Karnataka,5999,Misc Retail,Private Limited,Bangalore,2023-07-06 11:16:53,ACTIVE,False,980.37,True
MCH6293,Bora-Nigam,Punjab,5311,Department Store,Partnership,Jalandar,,ACTIVE,True,4957.97,False
MCH6162,"Naik, Kade and Singh",Punjab,4131,Transportation,Partnership,Amritsar,2025-03-21 00:00:00,ACTIVE,False,2176.24,True
MCH7104,Kothari LLC,Punjab,4814,Telecom,Partnership,Jalandar,2023-07-12 00:00:00,ACTIVE,False,810.17,True
MCH2009,"Tiwari, Naidu and Muni",Maharashtra,5699,Apparel,Partnership,Pune,2024-04-05 00:00:00,ACTIVE,False,732.0,True
MCH7513,Buch Inc,West Bengal,5812,Restaurant,Individual,Kolkata,2024-09-02 00:00:00,ACTIVE,False,584.0,True
MCH9096,"Boase, Swaminathan and Yohannan",Tamil Nadu,5999,Misc Retail,Individual,Chennai,2024-08-04 18:56:27,ACTIVE,False,1547.45,False
MCH2241,Patla-Prabhakar,West Bengal,5942,Book Store,Partnership,Kolkata,2026-01-15 00:00:00,ACTIVE,False,868.0,False
MCH6198,Rana-Sabharwal,Maharashtra,5311,Department Store,Individual,Mumbai,,ACTIVE,False,410.5,False
MCH6026,NARAYANAN-BHATT,Telangana,5942,Book Store,Partnership,Hyderabad,2025-09-14 00:00:00,ACTIVE,False,746.02,True
MCH7455,"MODY, BHATTACHARYYA AND PALLA",Delhi,4814,Telecom,Individual,Delhi,2024-04-11 22:40:38,ACTIVE,False,113.99,True
MCH9541,"Grover, Bhatia and Tandon",Uttar Pradesh,,,Partnership,Lucknow,2025-07-02 05:37:38,ACTIVE,False,2401.33,False
MCH6711,Loyal-Srinivasan,Telangana,5411,Grocery,Partnership,Hyderabad,2025-06-15 00:00:00,INACTIVE,False,931.24,True
MCH5545,Parikh-Raja,Uttar Pradesh,5942,Book Store,Sole Proprietor,Lucknow,2023-06-04 00:00:00,ACTIVE,False,1144.37,False
MCH6928,Tata-Wagle,Karnataka,5912,Medical / Pharmacy,Partnership,Bangalore,2023-12-31 04:58:57,ACTIVE,False,1008.0,True
MCH3619,"MODY, SAMI AND BATTA",West Bengal,5999,Misc Retail,Sole Proprietor,Kolkata,2026-01-27 07:14:00,INACTIVE,False,3456.23,True
MCH4984,"Aurora, Mohan and Jain",Rajasthan,4814,Telecom,Sole Proprietor,Jaipur,2024-07-02 00:00:00,ACTIVE,True,1500.11,True
MCH2590,Goyal Group,Delhi,7011,Hotel / Lodging,Individual,Delhi,2025-06-22 04:22:00,ACTIVE,False,531.43,True
MCH1815,Bhasin-Hans,Telangana,5999,Misc Retail,Private Limited,Hyderabad,2025-05-10 00:00:00,ACTIVE,False,789.34,False
MCH3253,Khatri-Krishnamurthy,Uttar Pradesh,5942,Book Store,Partnership,Lko,2023-12-19 08:58:42,ACTIVE,False,2086.58,False
MCH9715,Desai PLC,West Bengal,7011,Hotel / Lodging,Partnership,Kolkata,2023-01-10 00:00:00,INACTIVE,False,547.82,True
MCH6210,Sem Group,Punjab,5812,Restaurant,Private Limited,Amritsar,2024-01-03 02:42:08,ACTIVE,False,2370.64,False
MCH1019,Iyer-Thaker,West Bengal,5699,Apparel,Partnership,Kolkata,2025-05-23 00:00:00,ACTIVE,False,,True
MCH1848,Acharya-Bail,Maharashtra,5311,Department Store,Partnership,Poona,2025-09-05 00:00:00,ACTIVE,False,3044.0,True
MCH6803,Babu-Aggarwal,Maharashtra,5942,Book Store,Partnership,Pune,2025-05-24 00:00:00,ACTIVE,False,2653.94,True
MCH5144,Johal Ltd,Punjab,7011,Hotel / Lodging,Sole Proprietor,Jalandar,2024-02-01 16:44:47,INACTIVE,False,490.7,True
MCH6775,La11 Gr0up,Tamil Nadu,5999,Misc Retail,Private Limited,Chennai,,INACTIVE,False,196.61,True
MCH2003,Rajagopalan Inc,Maharashtra,5311,Department Store,Individual,Poona,2023-06-16 00:00:00,ACTIVE,False,567.0,True
MCH7560,Chakraborty and Sons,Maharashtra,,,Partnership,Pune,,ACTIVE,False,2097.03,True
MCH3037,Wagle Ltd,Telangana,5411,Grocery,Individual,Hyderabad,2026-01-30 00:00:00,ACTIVE,False,2391.24,True
MCH8927,RAJ-KALA,Delhi,5999,Misc Retail,Individual,Delhi,2024-04-22 22:45:00,ACTIVE,False,261.67,True
MCH9395,Bhagat-Chana,Rajasthan,5699,Apparel,Private Limited,Jaipur,2024-12-12 00:00:00,ACTIVE,False,2768.73,False
MCH4937,Mand and Sons,West Bengal,5912,Medical / Pharmacy,Partnership,Kolkata,,INACTIVE,False,2054.97,True
MCH8765,"Kamdar, Sehgal and Tata",Delhi,5411,Grocery,Partnership,Delhi,2025-01-06 00:00:00,ACTIVE,False,4863.17,True
MCH9074,Sa1vi-Tata,Tamil Nadu,7011,Hotel / Lodging,Partnership,Chennai,2025-04-24 00:00:00,ACTIVE,False,1227.0,True
MCH2438,Saxena-Sagar,Punjab,5999,Misc Retail,Sole Proprietor,Amritsar,2025-06-21 03:10:13,ACTIVE,False,1010.25,True
MCH7391,"Vora, Lad and Sekhon",Maharashtra,5411,Grocery,Partnership,Poona,2023-07-08 00:00:00,INACTIVE,False,4971.16,False
MCH9969,Tiwari and Sons,Punjab,5942,Book Store,Private Limited,Ludhiana,2023-01-15 00:00:00,INACTIVE,False,1542.28,True
MCH7270,Subramanian LLC,Punjab,7011,Hotel / Lodging,Private Limited,Amritsar,2025-01-15 22:39:15,ACTIVE,False,1469.96,False
MCH8093,"Seth, Bassi and Raman",Telangana,7011,Hotel / Lodging,Partnership,Hyderabad,2024-05-15 00:00:00,ACTIVE,False,1629.96,True
MCH2476,Choudhary-Borah,West Bengal,7011,Hotel / Lodging,Private Limited,Kolkata,2025-10-15 00:00:00,ACTIVE,False,1108.38,True
MCH6121,Madan PLC,Karnataka,5311,Department Store,Private Limited,Bangalore,2023-09-07 00:00:00,ACTIVE,False,1208.86,True
MCH4517,"Madan, Gola and Srivastava",West Bengal,5812,Restaurant,Sole Proprietor,Kolkata,2025-05-07 14:26:04,ACTIVE,True,671.65,False
MCH8176,Bala PLC,Telangana,5311,Department Store,Sole Proprietor,Hyderabad,,ACTIVE,False,3488.0,False
MCH5086,Balan LLC,Punjab,5999,Misc Retail,Private Limited,Amritsar,2023-12-19 00:00:00,ACTIVE,False,575.58,True
MCH5951,"Sahni, Gour and Sama",Maharashtra,5311,Department Store,Private Limited,Pune,2024-05-13 00:00:00,ACTIVE,False,2353.06,False
MCH3903,"KHARE, BALASUBRAMANIAN AND MITAL",Rajasthan,5942,Book Store,Sole Proprietor,Jaipur,2024-08-25 14:04:47,ACTIVE,False,3531.21,True
MCH1311,"Dugal, Munshi and Kunda",Rajasthan,4814,Telecom,Individual,Jaipur,2025-03-27 21:22:00,ACTIVE,False,1605.92,True
MCH2743,Joshi PLC,West Bengal,,,Private Limited,Kolkata,2024-12-02 17:56:14,ACTIVE,False,,False
MCH4092,Mukhopadhyay Group,Telangana,5812,Restaurant,Private Limited,Hyderabad,2025-12-24 00:00:00,ACTIVE,False,504.84,True
MCH8680,Bhatt-Toor,Rajasthan,5311,Department Store,Private Limited,Jaipur,2025-12-02 00:00:00,ACTIVE,False,1399.6,False
MCH4656,"Verma,SanghaandVora",Delhi,5942,Book Store,Private Limited,Delhi,2024-07-02 00:00:00,ACTIVE,False,431.25,False
MCH9774,Trivedi Group,Rajasthan,5912,Medical / Pharmacy,Partnership,Jaipur,2024-08-03 00:00:00,ACTIVE,False,1811.0,True
MCH5100,Garde-Mody,Telangana,,,Sole Proprietor,Hyderabad,2023-12-02 00:00:00,ACTIVE,False,347.68,True
MCH3873,"DUGAL, THAKUR AND PURI",Punjab,7011,Hotel / Lodging,Private Limited,Jalandar,2023-07-02 00:00:00,ACTIVE,False,1499.22,False
MCH9594,Ben Group,Rajasthan,5311,Department Store,Sole Proprietor,Jaipur,2023-01-10 00:00:00,ACTIVE,False,4070.31,True
MCH8489,Mand and Sons,Maharashtra,7011,Hotel / Lodging,Individual,Poona,2025-08-24 00:00:00,ACTIVE,False,2744.11,True
MCH6650,Kuruvi11a-G01a,Karnataka,5942,Book Store,Private Limited,Bangalore,2024-07-16 00:00:00,INACTIVE,False,2725.71,True
MCH2514,"Dua, Peri and Sani",West Bengal,,,Sole Proprietor,Kolkata,,ACTIVE,False,937.87,True
MCH7449,"Brahmbhatt, Nagarajan and Kaul",Punjab,5311,Department Store,Sole Proprietor,Amritsar,,ACTIVE,False,397.32,False
MCH4390,Ar0ra LLC,Telangana,5812,Restaurant,Sole Proprietor,Hyderabad,2025-07-06 00:00:00,ACTIVE,False,1372.0,True
MCH5662,Kannan-Yogi,Tamil Nadu,4131,Transportation,Individual,Chennai,2025-08-01 00:00:00,ACTIVE,False,1393.63,False
MCH5524,"Mangat, Sanghvi and Shah",Punjab,5942,Book Store,Partnership,Jalandar,2024-09-30 00:00:00,ACTIVE,False,6188.2,True
MCH7246,LATA LTD,Tamil Nadu,5699,Apparel,Partnership,Chennai,2024-03-17 08:45:00,ACTIVE,False,1315.04,True
MCH9311,Sathe Group,Punjab,5942,Book Store,Private Limited,Ludhiana,2025-05-31 23:35:00,ACTIVE,False,595.82,False
MCH4812,rai-aurora,Rajasthan,7011,Hotel / Lodging,Private Limited,Jaipur,2025-07-09 00:00:00,ACTIVE,False,1732.91,True
MCH4447,"sodhi, dalal and iyengar",Karnataka,5311,Department Store,Private Limited,Bangalore,,ACTIVE,False,208.51,True
MCH5091,Rau-Ratta,West Bengal,5812,Restaurant,Partnership,Kolkata,2024-03-24 00:00:00,ACTIVE,False,755.0,True
MCH5281,Rajagopalan Ltd,Karnataka,7011,Hotel / Lodging,Sole Proprietor,Bangalore,2024-02-04 00:00:00,ACTIVE,False,939.26,False
MCH1364,Ba1 Gr0up,Uttar Pradesh,5942,Book Store,Sole Proprietor,Lucknow,2025-02-21 00:00:00,ACTIVE,True,2000.66,False
MCH4096,"Bhat, Kapoor and Borah",Telangana,5999,Misc Retail,Private Limited,Hyderabad,2024-11-27 00:00:00,ACTIVE,False,2092.25,True
MCH9702,Ranganathan-Madan,Telangana,7011,Hotel / Lodging,Individual,Hyderabad,2025-04-10 00:00:00,ACTIVE,False,1980.13,True
MCH5813,Nair Inc,Tamil Nadu,4814,Telecom,Sole Proprietor,Chennai,,ACTIVE,False,1408.29,False
MCH8976,PRAKASH PLC,Punjab,5699,Apparel,Sole Proprietor,Jalandar,2023-02-15 00:00:00,SUSPENDED,False,1358.57,True
MCH1774,"Sundaram, Dani and Mall",Uttar Pradesh,5942,Book Store,Partnership,Lucknow,2024-08-23 00:00:00,ACTIVE,False,10785.29,True
MCH6863,Mani Group,Rajasthan,5311,Department Store,Individual,Jaipur,2024-05-30 00:00:00,ACTIVE,False,2985.0,True
MCH9834,Handa-Chaudhari,Uttar Pradesh,5411,Grocery,Private Limited,Lucknow,2025-04-27 00:00:00,ACTIVE,False,3989.9,True
MCH4723,kanda ltd,Tamil Nadu,5999,Misc Retail,Individual,Chennai,2024-08-27 00:00:00,ACTIVE,False,649.83,True
MCH8811,Bobal LLC,Telangana,5999,Misc Retail,Partnership,Hyderabad,2023-12-18 00:00:00,ACTIVE,False,1645.76,True
MCH2047,Ghose-Kannan,Uttar Pradesh,5942,Book Store,Sole Proprietor,Lko,2025-05-24 00:00:00,ACTIVE,False,1609.08,False
MCH2308,Bhattacharyya LLC,Punjab,5311,Department Store,Sole Proprietor,Jalandhar,2023-10-14 00:00:00,INACTIVE,False,4753.89,False
MCH9162,Shankar-Shah,Karnataka,5999,Misc Retail,Private Limited,Bangalore,2023-02-22 00:00:00,ACTIVE,False,,True
MCH5430,THAKKAR AND SONS,Punjab,5699,Apparel,Private Limited,Amritsar,2023-01-19 00:00:00,INACTIVE,False,4264.84,False
MCH7768,Sahota-Walia,Delhi,4131,Transportation,Partnership,Delhi,2025-06-19 07:32:00,SUSPENDED,False,1097.55,False
MCH7362,kothari plc,Maharashtra,5942,Book Store,Private Limited,Pune,2026-02-11 00:00:00,ACTIVE,False,478.42,True
MCH8060,Nayar-Ahluwalia,Maharashtra,5812,Restaurant,Private Limited,Pune,2025-03-04 20:55:00,INACTIVE,False,2824.32,True
MCH1032,Nori-Nigam,Maharashtra,7011,Hotel / Lodging,Sole Proprietor,Pune,2025-09-21 00:00:00,ACTIVE,False,652.29,True
MCH7763,"Choudhury, Mody and Tank",Tamil Nadu,5912,Medical / Pharmacy,Individual,Chennai,2023-11-03 00:00:00,ACTIVE,False,777.85,False
MCH4361,"dugal, barad and nagi",Maharashtra,5411,Grocery,Private Limited,Pune,2025-10-27 00:00:00,ACTIVE,False,4047.59,True
MCH1336,Tandon-Pant,Rajasthan,5311,Department Store,Sole Proprietor,Jaipur,2025-09-04 05:40:18,ACTIVE,False,991.0,True
MCH2487,"Virk, Ganguly and Saraf",Karnataka,5812,Restaurant,Partnership,Bangalore,2024-04-24 00:00:00,INACTIVE,False,362.02,False
MCH6308,Seshadri LLC,Delhi,5699,Apparel,Private Limited,Delhi,2025-10-03 00:00:00,ACTIVE,False,422.55,False
MCH6119,HayerLtd,Punjab,5912,Medical / Pharmacy,Individual,Amritsar,2025-12-11 00:00:00,ACTIVE,False,1262.04,False
MCH4360,Khurana Ltd,Rajasthan,5699,Apparel,Partnership,Jaipur,,ACTIVE,False,507.91,True
MCH3334,Majumdar-Raja,Telangana,4814,Telecom,Private Limited,Hyderabad,2023-09-02 04:50:00,ACTIVE,False,2941.2,True
MCH9879,Venkataraman-Tata,Punjab,4814,Telecom,Individual,Ldh,2024-01-04 00:00:00,INACTIVE,False,2839.66,True
MCH3553,"Bajwa, Tata and Narula",Uttar Pradesh,5912,Medical / Pharmacy,Private Limited,Lucknow,2023-01-02 19:20:00,ACTIVE,True,1334.71,True
MCH3504,"Ram, Dora and Bhatti",Maharashtra,5942,Book Store,Individual,Pune,2025-05-08 00:00:00,INACTIVE,False,520.17,True
MCH3568,"CHOUDHURY, TRIVEDI AND BHATNAGAR",Punjab,5311,Department Store,Private Limited,Ludhiana,2025-04-10 00:00:00,ACTIVE,False,1208.3,True
MCH3574,Sodhi-Shan,Maharashtra,4131,Transportation,Partnership,Poona,2025-05-31 00:00:00,INACTIVE,False,4407.0,True
MCH2015,Gulati LLC,Rajasthan,4814,Telecom,Private Limited,Jaipur,2023-06-22 07:04:00,ACTIVE,False,17945.28,False
MCH2215,Maharaj-Kale,West Bengal,7011,Hotel / Lodging,Individual,Kolkata,2024-08-03 00:00:00,ACTIVE,False,3526.35,False
MCH4725,Joshi PLC,Punjab,5311,Department Store,Private Limited,Amritsar,2023-05-23 00:00:00,ACTIVE,False,639.24,True
MCH7118,Chaudhry Ltd,Telangana,5311,Department Store,Sole Proprietor,Hyderabad,2025-05-15 00:00:00,ACTIVE,False,6144.18,True
MCH8813,Dey-Dua,Telangana,5812,Restaurant,Partnership,Hyderabad,2023-11-10 00:00:00,ACTIVE,False,1432.39,True
MCH3698,"Prashad, Viswanathan and Sama",Punjab,5311,Department Store,Partnership,Amritsar,2026-02-09 00:00:00,ACTIVE,False,514.0,False
MCH4727,Dua-Mishra,Maharashtra,5311,Department Store,Sole Proprietor,Pune,2024-05-18 00:00:00,ACTIVE,False,1242.0,True
MCH1526,CHOWDHURY AND SONS,Karnataka,4814,Telecom,Sole Proprietor,Bangalore,2023-07-14 00:00:00,ACTIVE,False,2697.93,True
MCH4463,"Choudhry, Sahni and Chaudhry",Punjab,5699,Apparel,Individual,Ludhiana,2025-01-09 03:17:33,ACTIVE,False,402.0,True
MCH1224,setty-sami,West Bengal,5942,Book Store,Individual,Kolkata,2023-09-02 05:59:00,ACTIVE,False,609.48,True
MCH1747,"Vig, Cherian and Ch0udhury",Delhi,5999,Misc Retail,Individual,Delhi,2025-08-22 05:19:05,ACTIVE,False,1469.56,False
MCH8068,Narula-Nadkarni,Karnataka,4131,Transportation,Private Limited,Bangalore,2025-06-08 09:19:38,ACTIVE,True,452.45,True
MCH4185,Khanna and S0ns,Maharashtra,5942,Book Store,Private Limited,Pune,2025-12-24 00:00:00,ACTIVE,False,1148.06,False
MCH6563,naik plc,Punjab,4131,Transportation,Individual,Jalandar,2025-04-04 00:38:00,ACTIVE,False,1376.0,False
MCH2556,"ZACHARIAH, MANNE AND BEDI",West Bengal,5942,Book Store,Partnership,Kolkata,2024-10-05 01:12:00,ACTIVE,False,1248.82,True
MCH2592,"Garg, Saha and Sampath",Telangana,5999,Misc Retail,Private Limited,Hyderabad,2024-03-28 13:13:52,ACTIVE,False,3945.98,False
MCH7967,Chandran Inc,Karnataka,5912,Medical / Pharmacy,Individual,Bangalore,2025-06-19 00:00:00,ACTIVE,True,1630.08,False
MCH8326,"Bassi, Lalla and Sastry",Punjab,5411,Grocery,Individual,Amritsar,2025-12-30 00:00:00,ACTIVE,False,1031.0,True
MCH7629,Taneja-Vyas,Maharashtra,5999,Misc Retail,Individual,Poona,2023-01-01 17:10:32,ACTIVE,False,1413.56,True
MCH2144,Choudhary-Kashyap,Punjab,5942,Book Store,Partnership,Ldh,2024-08-13 16:56:48,ACTIVE,False,350.72,True
MCH7034,Deol LLC,Maharashtra,5942,Book Store,Individual,Pune,2026-01-27 00:00:00,ACTIVE,False,856.21,False
MCH1954,"Kunda, Kata and Shetty",Maharashtra,,,Individual,Poona,2025-10-19 00:00:00,ACTIVE,False,923.81,True
MCH9414,Banik-Garde,Punjab,5812,Restaurant,Individual,Jalandar,2025-01-16 00:00:00,ACTIVE,False,942.13,True
MCH4474,Ram Ltd,Punjab,4814,Telecom,Partnership,Jalandhar,2024-07-13 00:00:00,ACTIVE,False,1082.17,False
MCH9988,"Johal, Padmanabhan and Sagar",Delhi,,,Individual,Delhi,2026-02-02 00:00:00,ACTIVE,False,1620.14,False
MCH8734,"Ganguly, Hayre and Choudhury",Uttar Pradesh,4814,Telecom,Sole Proprietor,Lucknow,2023-05-05 00:00:00,ACTIVE,False,4276.72,True
MCH3288,"Bains, Arya and Sanghvi",Maharashtra,7011,Hotel / Lodging,Partnership,Mumbai,2025-11-26 00:00:00,SUSPENDED,True,3587.5,True
MCH6985,Devi-Radhakrishnan,Punjab,5942,Book Store,Individual,Jalandhar,2023-01-20 03:57:02,ACTIVE,False,694.07,True
MCH1923,Barad-Devan,Telangana,5699,Apparel,Private Limited,Hyderabad,2025-12-08 00:00:00,ACTIVE,False,300.28,False
MCH4957,Natt Ltd,Uttar Pradesh,5699,Apparel,Individual,Lucknow,,ACTIVE,False,1324.11,True
MCH9467,"Pall, Lala and Dhar",Tamil Nadu,4131,Transportation,Individual,Chennai,2024-09-03 09:23:16,ACTIVE,False,1206.07,False
MCH1007,Jain-Wadhwa,Tamil Nadu,7011,Hotel / Lodging,Private Limited,Chennai,2025-06-30 00:00:00,INACTIVE,True,927.51,False
MCH1543,Parmer Group,Telangana,4131,Transportation,Individual,Hyderabad,2025-02-04 20:13:00,ACTIVE,False,1064.76,False
MCH8125,"Sane, Misra and Mitter",Karnataka,5912,Medical / Pharmacy,Individual,Bangalore,2025-10-29 14:28:47,ACTIVE,False,2004.37,False
MCH6161,More PLC,Rajasthan,5311,Department Store,Partnership,Jaipur,2024-04-15 02:52:06,ACTIVE,False,849.42,False
MCH2924,Chaudhary-Dugar,Maharashtra,5942,Book Store,Individual,Mumbai,2024-12-26 03:07:13,ACTIVE,False,770.99,True
MCH3180,Sanghvi and S0ns,Delhi,5912,Medical / Pharmacy,Private Limited,Delhi,2023-06-03 00:00:00,ACTIVE,False,2608.0,True
MCH4969,"Bobal, Garde and Upadhyay",Tamil Nadu,4814,Telecom,Sole Proprietor,Chennai,2023-11-01 00:00:00,ACTIVE,False,817.93,True
MCH1159,De Ltd,West Bengal,5942,Book Store,Individual,Kolkata,2025-12-05 15:35:26,ACTIVE,False,1672.61,False
MCH7435,"Puri, Biswas and Roy",Rajasthan,5912,Medical / Pharmacy,Partnership,Jaipur,2023-11-12 00:00:00,SUSPENDED,True,1536.78,True
MCH1299,mutti plc,Rajasthan,5699,Apparel,Partnership,Jaipur,2023-06-27 00:00:00,ACTIVE,False,605.64,True
MCH4090,Dada LLC,Tamil Nadu,5999,Misc Retail,Individual,Chennai,2025-02-27 00:00:00,ACTIVE,False,1538.0,True
MCH5562,Savant-Narayan,Telangana,4131,Transportation,Private Limited,Hyderabad,2025-11-18 00:00:00,ACTIVE,False,2799.21,True
MCH6839,Saha LLC,Tamil Nadu,5411,Grocery,Individual,Chennai,2025-07-20 00:00:00,ACTIVE,False,1531.04,True
MCH5749,"Bir, Sibal and Arya",Maharashtra,5942,Book Store,Partnership,Mumbai,2024-05-10 03:51:33,ACTIVE,False,1490.24,False
MCH9135,"NATH, SAMRA AND CHOPRA",West Bengal,4814,Telecom,Sole Proprietor,Kolkata,2026-02-04 01:44:00,ACTIVE,False,387.53,True
MCH6045,"bajwa, wali and walla",Karnataka,5912,Medical / Pharmacy,Private Limited,Bangalore,2023-09-28 00:00:00,ACTIVE,False,2897.0,True
MCH7606,Chaudhari-Raman,Karnataka,5999,Misc Retail,Private Limited,Bangalore,2024-08-27 00:00:00,ACTIVE,False,296.04,False
MCH8789,"Pingle,NadigandNarula",Punjab,5812,Restaurant,Individual,Ludhiana,2025-02-07 00:00:00,ACTIVE,True,1463.08,True
MCH4123,"Parekh, Patla and Kar",Punjab,5942,Book Store,Partnership,Jalandhar,2024-11-09 00:00:00,ACTIVE,False,2764.76,True
MCH7554,"J0ha1, K0thari and Nagar",Punjab,4131,Transportation,Individual,Jalandar,2023-02-05 23:53:12,ACTIVE,False,572.11,False
MCH4124,"Dara, Salvi and Sawhney",Karnataka,5411,Grocery,Sole Proprietor,Bangalore,2025-10-12 00:00:00,ACTIVE,False,2121.35,True
MCH3945,Mukhopadhyay-Raghavan,Maharashtra,4131,Transportation,Sole Proprietor,Mumbai,2023-03-05 00:00:00,ACTIVE,False,942.71,True
MCH2516,Ben-Varghese,Tamil Nadu,,,Sole Proprietor,Chennai,2023-08-04 21:20:00,SUSPENDED,False,398.68,False
MCH7839,Chandra-Borra,Uttar Pradesh,5311,Department Store,Sole Proprietor,Lucknow,2024-11-02 00:00:00,ACTIVE,False,710.2,False
MCH1713,Dubey Inc,West Bengal,5812,Restaurant,Sole Proprietor,Kolkata,2025-06-02 00:00:00,ACTIVE,False,1132.0,True
MCH1393,HEGDE-BAHRI,Punjab,5912,Medical / Pharmacy,Partnership,Ludhiana,2024-11-15 00:00:00,ACTIVE,False,6478.07,True
MCH5744,Dalal-Lall,Tamil Nadu,7011,Hotel / Lodging,Private Limited,Chennai,2023-05-31 00:00:00,ACTIVE,False,3350.6,True
MCH9798,Mann-Gera,Punjab,4131,Transportation,Individual,Jalandhar,2025-07-15 05:53:00,ACTIVE,False,952.0,True
MCH2041,"Sagar, Chakraborty and Kurian",Punjab,4131,Transportation,Sole Proprietor,Ludhiana,2024-03-22 10:36:41,INACTIVE,False,,False
MCH6114,"Khurana, Chowdhury and Chaudhary",Tamil Nadu,,,Private Limited,Chennai,,ACTIVE,False,1212.0,True
MCH1675,"Dey, Sathe and Sibal",Tamil Nadu,4131,Transportation,Private Limited,Chennai,2025-09-11 00:00:00,ACTIVE,False,1577.75,True
MCH2327,KIBE-CHAR,Telangana,5812,Restaurant,Partnership,Hyderabad,2025-10-09 00:00:00,ACTIVE,False,848.32,True
MCH5408,"Setty, Mangal and Dhar",Maharashtra,5411,Grocery,Individual,Mumbai,2026-01-31 00:00:00,ACTIVE,False,1231.49,True
MCH8525,Bah1-Mangat,Maharashtra,7011,Hotel / Lodging,Individual,Mumbai,2025-03-27 07:27:27,INACTIVE,False,444.54,False
MCH4857,Sethi-Soni,Punjab,4131,Transportation,Individual,Ludhiana,2026-02-28 06:57:59,ACTIVE,False,278.84,False
MCH2119,Kashyap Ltd,Tamil Nadu,5699,Apparel,Individual,Chennai,2023-07-23 08:53:50,INACTIVE,False,1155.58,True
MCH8037,Patla-Balakrishnan,Maharashtra,4814,Telecom,Sole Proprietor,Pune,2025-09-19 16:54:00,ACTIVE,False,327.35,True
MCH2627,Gupta and Sons,Delhi,5699,Apparel,Individual,Delhi,2025-04-01 17:51:00,ACTIVE,False,1249.33,True
MCH5723,Doctor LLC,West Bengal,,,Private Limited,Kolkata,2023-04-08 00:00:00,ACTIVE,True,574.8,True
MCH6875,Anand-Bajwa,Maharashtra,7011,Hotel / Lodging,Private Limited,Pune,2025-06-15 00:00:00,ACTIVE,False,1892.34,True
MCH8569,Tara Ltd,Uttar Pradesh,5812,Restaurant,Individual,Lucknow,2025-11-18 04:42:59,ACTIVE,False,1022.19,False
MCH8330,"Dhawan, Tella and Rau",Tamil Nadu,4131,Transportation,Private Limited,Chennai,2023-01-20 20:57:00,ACTIVE,False,1437.59,False
MCH7165,Kulkarni-Ramanathan,Punjab,4814,Telecom,Private Limited,Amritsar,2025-01-28 00:00:00,ACTIVE,False,284.68,True
MCH7038,Mannan-Singh,Karnataka,5942,Book Store,Individual,Bangalore,2025-05-25 00:00:00,INACTIVE,False,620.0,True
MCH3625,Singhal Ltd,Maharashtra,5812,Restaurant,Sole Proprietor,Mumbai,2025-10-28 12:02:57,ACTIVE,False,10079.36,True
MCH8138,Chaudhuri-Varma,Tamil Nadu,5311,Department Store,Individual,Chennai,2025-05-12 00:00:00,ACTIVE,False,1502.0,False
MCH8399,"La11a, Wadhwa and Bhardwaj",West Bengal,,,Private Limited,Kolkata,2025-09-05 20:30:25,ACTIVE,False,1773.81,True
MCH4932,KHOSLA AND SONS,Punjab,5812,Restaurant,Sole Proprietor,Jalandhar,2024-09-08 02:55:00,INACTIVE,False,340.55,True
MCH6922,"bassi, dara and dutt",Karnataka,5699,Apparel,Private Limited,Bangalore,2023-04-01 00:00:00,ACTIVE,False,1736.93,True
MCH6654,Cheema-Dara,Maharashtra,7011,Hotel / Lodging,Partnership,Mumbai,2023-12-26 12:35:00,ACTIVE,False,581.25,True
MCH2755,"majumdar, ravi and dave",Maharashtra,5999,Misc Retail,Partnership,Mumbai,2026-02-13 00:00:00,ACTIVE,True,889.32,False
MCH5136,Thakur and Sons,Rajasthan,4131,Transportation,Sole Proprietor,Jaipur,2025-02-10 00:00:00,SUSPENDED,False,2681.3,True
MCH1096,Subramanian-Prasad,Telangana,5699,Apparel,Individual,Hyderabad,2025-03-07 02:41:50,ACTIVE,False,8373.82,False
MCH6628,Thakur-Kunda,Delhi,,,Private Limited,Delhi,2025-05-13 14:37:00,ACTIVE,False,1718.0,True
MCH2725,Varma-Loke,West Bengal,5812,Restaurant,Partnership,Kolkata,2023-12-21 15:48:41,INACTIVE,False,4486.37,False
MCH3600,Gole and Sons,Delhi,4131,Transportation,Sole Proprietor,Delhi,2023-09-10 00:00:00,SUSPENDED,False,1548.59,False
MCH2724,Aggarwal Group,Karnataka,5812,Restaurant,Individual,Bangalore,,ACTIVE,True,7977.75,True
MCH1100,swamy inc,Punjab,5311,Department Store,Partnership,Ludhiana,2024-08-17 00:00:00,INACTIVE,False,2008.22,True
MCH4153,Shroff Ltd,West Bengal,5999,Misc Retail,Sole Proprietor,Kolkata,2025-11-07 00:00:00,ACTIVE,False,3578.7,False
MCH5459,Sachdev Ltd,Karnataka,5699,Apparel,Sole Proprietor,Bangalore,,SUSPENDED,False,1804.28,True
MCH7482,"Bail, Verma and Sur",Punjab,5699,Apparel,Private Limited,Jalandar,2024-02-06 00:00:00,ACTIVE,False,249.45,False
MCH1183,Rajan LLC,Karnataka,5812,Restaurant,Private Limited,Bangalore,2023-02-02 00:00:00,ACTIVE,False,1717.84,False
MCH1050,Trivedi-Zachariah,Rajasthan,5699,Apparel,Sole Proprietor,Jaipur,2025-01-30 00:00:00,ACTIVE,False,2479.88,True
MCH7088,Prabhu-Agarwal,Maharashtra,5311,Department Store,Sole Proprietor,Mumbai,2025-11-30 13:55:45,INACTIVE,False,5426.05,True
MCH5360,pillai and sons,Uttar Pradesh,5912,Medical / Pharmacy,Individual,Lucknow,2025-05-07 04:59:14,ACTIVE,False,745.28,False
MCH9840,"gara, bedi and dua",Punjab,5942,Book Store,Private Limited,Amritsar,2025-09-12 00:00:00,ACTIVE,False,369.0,True
MCH7167,"Bir, Kunda and Manne",Telangana,5942,Book Store,Partnership,Hyderabad,2023-05-26 00:00:00,ACTIVE,False,397.0,True
MCH3439,"Grewal, Kar and Krishnan",Punjab,4814,Telecom,Partnership,Ldh,2025-08-08 00:00:00,INACTIVE,False,761.0,False
MCH8004,hayre-agate,Punjab,5999,Misc Retail,Individual,Amritsar,2025-10-01 20:15:00,INACTIVE,False,934.62,True
MCH4807,"Dutt, Pandey and Tella",Tamil Nadu,5912,Medical / Pharmacy,Individual,Chennai,2024-05-14 00:00:00,ACTIVE,False,1458.0,True
MCH9431,Madan-Kota,Karnataka,4131,Transportation,Private Limited,Bangalore,2023-02-05 00:00:00,ACTIVE,False,436.79,True
MCH3887,Pa11a-Sah0ta,West Bengal,7011,Hotel / Lodging,Partnership,Kolkata,2025-11-19 10:50:37,INACTIVE,False,1596.95,True
MCH4831,GALA GROUP,Maharashtra,5311,Department Store,Sole Proprietor,Poona,2025-05-05 00:00:00,ACTIVE,False,1889.75,False
MCH6683,Pai Inc,Tamil Nadu,5411,Grocery,Individual,Chennai,2025-11-29 00:42:00,ACTIVE,True,808.55,True
MCH2199,Subramanian Inc,Karnataka,5311,Department Store,Private Limited,Bangalore,2024-01-14 00:00:00,SUSPENDED,False,369.25,False
MCH8481,"Dixit,GeraandGara",Rajasthan,4131,Transportation,Sole Proprietor,Jaipur,,ACTIVE,False,1730.88,True
MCH6036,chhabra group,Punjab,5699,Apparel,Sole Proprietor,Amritsar,2024-01-10 00:00:00,ACTIVE,False,,True
MCH6431,"batra, pant and devan",Karnataka,7011,Hotel / Lodging,Partnership,Bangalore,2026-01-31 00:00:00,INACTIVE,False,1564.0,True
MCH6527,"Lalla, Bhandari and Mane",Maharashtra,5411,Grocery,Sole Proprietor,Pune,2025-07-09 00:00:00,ACTIVE,True,1832.42,True
MCH8920,"Parekh, Srivastava and Choudhury",Delhi,5311,Department Store,Private Limited,Delhi,2023-12-15 00:00:00,ACTIVE,False,19788.99,True
MCH5516,Muni LLC,West Bengal,5699,Apparel,Individual,Kolkata,2025-11-17 13:15:12,ACTIVE,False,1139.0,False
MCH9845,Misra-Varghese,Punjab,5912,Medical / Pharmacy,Sole Proprietor,Ludhiana,2025-12-30 00:00:00,ACTIVE,False,186.59,False
MCH8953,Narayan-Uppal,Punjab,5912,Medical / Pharmacy,Private Limited,Ldh,2025-06-28 10:02:00,ACTIVE,False,2726.98,True
MCH4990,"Ramakrishnan, Dey and Thakkar",Maharashtra,5411,Grocery,Private Limited,Mumbai,,ACTIVE,False,,True
MCH4794,borra-dutt,Rajasthan,7011,Hotel / Lodging,Private Limited,Jaipur,2024-09-19 22:25:00,ACTIVE,False,1006.04,True
MCH6262,Saran Ltd,Maharashtra,5311,Department Store,Partnership,Mumbai,2025-08-04 12:06:38,INACTIVE,False,6560.0,True
MCH8146,Bath-Purohit,Delhi,5942,Book Store,Sole Proprietor,Delhi,2025-04-28 17:40:46,ACTIVE,False,5566.64,True
MCH4827,"Deol, Rastogi and Khatri",Uttar Pradesh,4814,Telecom,Sole Proprietor,Lucknow,2024-05-10 03:12:00,ACTIVE,False,810.0,False
MCH9826,RANA AND SONS,Karnataka,,,Private Limited,Bangalore,2023-07-07 16:29:00,ACTIVE,False,739.28,True
MCH2582,Lal PLC,Delhi,5912,Medical / Pharmacy,Sole Proprietor,Delhi,2025-09-13 00:00:00,ACTIVE,False,1344.48,False
MCH8268,Krishnamurthy-Chopra,Tamil Nadu,5942,Book Store,Private Limited,Chennai,2025-09-13 00:00:00,ACTIVE,False,1218.95,True
MCH6556,"gala, kale and manne",Delhi,5699,Apparel,Partnership,Delhi,2025-08-22 00:00:00,ACTIVE,False,760.0,False
MCH1072,Kalla-Khalsa,Maharashtra,5812,Restaurant,Private Limited,Mumbai,2025-11-10 00:00:00,INACTIVE,False,422.23,False
MCH5979,Mani Group,Karnataka,4131,Transportation,Private Limited,Bangalore,2024-07-15 00:00:00,SUSPENDED,False,4686.23,False
MCH2403,Chana-Yohannan,West Bengal,5411,Grocery,Partnership,Kolkata,2025-07-28 00:00:00,ACTIVE,False,574.13,False
MCH2347,"Dara, Ravel and Soni",Punjab,5912,Medical / Pharmacy,Sole Proprietor,Amritsar,2023-12-09 00:00:00,ACTIVE,False,3169.93,True
MCH3189,Prasad Inc,Uttar Pradesh,4814,Telecom,Individual,Lucknow,2025-07-30 00:00:00,ACTIVE,False,2516.09,False
MCH1974,Kap00r LLC,Tamil Nadu,4131,Transportation,Partnership,Chennai,2024-05-12 08:25:13,ACTIVE,False,,True
MCH2710,"Batta, Shetty and Ka1ita",Telangana,5699,Apparel,Individual,Hyderabad,2025-08-17 02:25:30,ACTIVE,False,109.84,True
MCH2994,Kumar PLC,Punjab,4814,Telecom,Sole Proprietor,Jalandhar,2024-11-13 00:00:00,ACTIVE,False,653.34,False
MCH1126,"Nayak, Dhaliwal and Soman",Punjab,5411,Grocery,Partnership,Jalandhar,2026-02-12 00:00:00,ACTIVE,False,564.83,False
MCH2157,PARMER-SINHA,Delhi,5912,Medical / Pharmacy,Partnership,Delhi,2023-10-22 03:49:00,ACTIVE,False,1536.42,False
MCH7925,"Bedi, Shroff and Nadkarni",Uttar Pradesh,4131,Transportation,Sole Proprietor,Lucknow,2023-07-07 00:00:00,ACTIVE,False,2480.62,True
MCH4237,"Deshmukh, Ghose and Chhabra",Maharashtra,,,Sole Proprietor,Pune,2024-02-12 12:00:50,SUSPENDED,False,5905.65,False
MCH7744,NATH PLC,Punjab,5311,Department Store,Individual,Amritsar,2026-02-08 11:39:38,ACTIVE,True,283.48,False
MCH1401,Din and Sons,Punjab,5411,Grocery,Individual,Amritsar,2025-07-20 20:31:24,ACTIVE,False,286.09,True
MCH5476,Buch Group,Delhi,,,Private Limited,Delhi,2024-03-08 00:00:00,ACTIVE,False,1311.87,False
MCH1059,Prasad Ltd,Telangana,4814,Telecom,Partnership,Hyderabad,2023-03-18 00:00:00,ACTIVE,False,4187.75,True
MCH7026,Ganesan-Manda,Maharashtra,7011,Hotel / Lodging,Sole Proprietor,Mumbai,2025-09-30 00:00:00,ACTIVE,False,1364.0,True
MCH7949,Vohra-Chaudhary,Maharashtra,4131,Transportation,Private Limited,Mumbai,2023-10-14 00:00:00,ACTIVE,False,265.37,False
MCH8473,"Tella, Dara and Krish",Maharashtra,4814,Telecom,Private Limited,Mumbai,2025-06-21 06:51:14,ACTIVE,False,320.84,False
MCH7144,"char, kapadia and palla",Maharashtra,5999,Misc Retail,Private Limited,Mumbai,2025-03-23 00:00:00,INACTIVE,False,4555.85,True
MCH1075,Pingle-Mohan,Punjab,5912,Medical / Pharmacy,Sole Proprietor,Ludhiana,2025-02-24 00:00:00,ACTIVE,False,1639.19,True
MCH1736,Barman Inc,Rajasthan,4131,Transportation,Partnership,Jaipur,2025-06-08 20:56:00,ACTIVE,False,1937.05,False
MCH4496,"Shroff,AhujaandKumar",Punjab,4814,Telecom,Partnership,Amritsar,2025-05-11 18:25:00,ACTIVE,True,497.26,True
MCH9091,"Dewan, Hayre and Kala",Punjab,4131,Transportation,Sole Proprietor,Amritsar,,INACTIVE,False,4267.28,True
MCH6882,"Thaker, Hans and Chandra",Uttar Pradesh,4131,Transportation,Private Limited,Lucknow,2025-02-10 06:27:51,INACTIVE,False,274.11,True
MCH4736,Suresh-Gola,Maharashtra,5942,Book Store,Partnership,Mumbai,2023-08-24 02:12:00,ACTIVE,False,885.16,True
MCH3882,Kannan PLC,Maharashtra,5912,Medical / Pharmacy,Individual,Poona,2024-06-08 00:00:00,ACTIVE,False,1470.9,True
MCH8568,Krishna-Agrawal,West Bengal,4814,Telecom,Partnership,Kolkata,2024-10-25 03:43:00,INACTIVE,False,412.1,True
MCH2075,"Dhar,DeoandRau",Delhi,5912,Medical / Pharmacy,Individual,Delhi,2024-09-01 00:59:41,ACTIVE,False,1584.12,True
MCH4006,Thakur-Narayan,Punjab,5411,Grocery,Private Limited,Amritsar,2024-06-23 00:00:00,INACTIVE,False,282.17,True
MCH9394,Pal-Taneja,Punjab,4814,Telecom,Private Limited,Ludhiana,2024-01-02 00:00:00,INACTIVE,False,311.59,False
MCH3817,Subramanian Group,Punjab,5311,Department Store,Sole Proprietor,Ludhiana,,ACTIVE,False,3916.72,True
MCH2658,"Parmar, Purohit and Bhasin",Karnataka,5812,Restaurant,Sole Proprietor,Bangalore,,ACTIVE,False,548.82,True
MCH4922,Cheema Group,Telangana,5999,Misc Retail,Partnership,Hyderabad,2024-03-20 00:00:00,ACTIVE,False,324.81,False
MCH6420,Wadhwa and Sons,Karnataka,5912,Medical / Pharmacy,Partnership,Bangalore,,ACTIVE,False,160.44,True
MCH3167,"grewal, biswas and naidu",Rajasthan,5411,Grocery,Sole Proprietor,Jaipur,2024-02-19 00:00:00,ACTIVE,False,2704.22,False
MCH1987,"DORA, SARMA AND BISWAS",Maharashtra,4814,Telecom,Partnership,Mumbai,2023-01-31 00:00:00,ACTIVE,False,3268.84,True
MCH5710,Karnik Ltd,Rajasthan,5942,Book Store,Partnership,Jaipur,2025-12-24 00:00:00,ACTIVE,False,2156.34,True
MCH6789,Sanghvi-Garg,West Bengal,5699,Apparel,Individual,Kolkata,,ACTIVE,False,8043.93,True
MCH5807,Madan Ltd,Punjab,5311,Department Store,Sole Proprietor,Jalandar,2023-11-06 00:00:00,ACTIVE,False,1974.14,True
MCH4389,"Bobal, Chakrabarti and Dash",Maharashtra,5912,Medical / Pharmacy,Sole Proprietor,Pune,2026-02-04 00:00:00,ACTIVE,False,445.95,False
MCH6072,"Bassi, Sarma and Yohannan",Tamil Nadu,,,Sole Proprietor,Chennai,2024-01-14 00:00:00,ACTIVE,False,1959.53,True
MCH7619,"ranganathan, kumer and pandya",West Bengal,5311,Department Store,Private Limited,Kolkata,2023-11-02 00:00:00,ACTIVE,False,,True
MCH6050,"Choudhary, Shanker and Rajan",Punjab,5812,Restaurant,Individual,Ldh,2024-03-26 21:03:47,ACTIVE,True,2324.79,True
MCH4490,"DOSHI, RAJ AND BUMB",Punjab,5411,Grocery,Partnership,Ldh,2025-07-28 00:00:00,ACTIVE,False,748.4,True
MCH4031,"Mitra, Bali and Rai",Uttar Pradesh,5942,Book Store,Private Limited,Lucknow,2026-01-12 00:00:00,ACTIVE,False,9089.26,False
MCH3031,Morar and Sons,Maharashtra,5411,Grocery,Individual,Pune,2025-04-23 00:00:00,ACTIVE,False,4053.43,False
MCH4700,"rajan, garg and ray",Tamil Nadu,,,Individual,Chennai,,ACTIVE,False,805.94,True
MCH9517,MENON INC,Maharashtra,,,Sole Proprietor,Mumbai,2023-09-23 00:00:00,ACTIVE,True,1486.34,True
MCH1763,Dhillon Ltd,Punjab,,,Partnership,Jalandhar,2026-02-22 00:00:00,ACTIVE,False,231.69,True
MCH7074,CHAKRABARTI-RAMA,Maharashtra,4131,Transportation,Individual,Poona,2025-06-08 00:00:00,ACTIVE,False,843.0,True
MCH3680,Pradhan Ltd,Telangana,4131,Transportation,Private Limited,Hyderabad,2025-11-22 00:00:00,ACTIVE,False,519.26,True
MCH3974,"Mishra, Baral and Char",Tamil Nadu,5942,Book Store,Sole Proprietor,Chennai,2026-02-22 00:00:00,SUSPENDED,False,2017.65,True
MCH7736,Kara PLC,Punjab,5699,Apparel,Individual,Amritsar,2024-01-02 00:00:00,ACTIVE,False,778.45,False
MCH1872,rege llc,Karnataka,4814,Telecom,Partnership,Bangalore,2024-06-26 00:00:00,ACTIVE,False,768.52,False
MCH7194,Shan and S0ns,Punjab,4131,Transportation,Individual,Ludhiana,,ACTIVE,False,983.19,False
MCH6742,"Garde, Chaudhry and Mistry",Punjab,7011,Hotel / Lodging,Sole Proprietor,Jalandhar,2024-05-03 00:00:00,ACTIVE,False,646.0,False
MCH2289,Tank-Datta,Telangana,5812,Restaurant,Private Limited,Hyderabad,2025-10-26 00:00:00,ACTIVE,False,372.03,True
MCH1674,"Bansal, Babu and Bansal",Tamil Nadu,5699,Apparel,Individual,Chennai,2024-11-03 05:59:00,ACTIVE,False,811.0,False
MCH7412,Chand-Bada1,Maharashtra,5812,Restaurant,Private Limited,Mumbai,2025-08-15 00:00:00,INACTIVE,False,539.2,False
MCH1107,Sen-Das,Tamil Nadu,,,Private Limited,Chennai,2024-09-16 00:00:00,ACTIVE,False,,True
MCH4167,"Thakur, Purohit and Gade",Uttar Pradesh,5311,Department Store,Individual,Lucknow,2024-06-08 00:00:00,ACTIVE,False,642.28,True
MCH1581,"Nayak, Verma and Sawhney",Maharashtra,5311,Department Store,Partnership,Mumbai,2025-01-11 00:00:00,ACTIVE,False,3655.93,False
MCH3678,"Ramanathan, Oza and Aggarwal",Punjab,5699,Apparel,Partnership,Jalandhar,2023-04-03 10:00:00,ACTIVE,False,1617.86,True
MCH2200,Choudhry-Vig,Rajasthan,4814,Telecom,Private Limited,Jaipur,2023-04-21 06:16:00,ACTIVE,False,207.14,True
MCH2754,Chahal Group,Punjab,5812,Restaurant,Sole Proprietor,Amritsar,2023-09-27 00:00:00,ACTIVE,False,1452.51,False
MCH7577,"Gandhi, Golla and Arora",Punjab,5699,Apparel,Private Limited,Amritsar,2023-01-26 00:00:00,ACTIVE,False,,True
MCH5093,Khatri-Kata,Rajasthan,5411,Grocery,Partnership,Jaipur,2024-10-28 00:00:00,INACTIVE,False,1344.37,False
MCH1366,"shah, roy and srinivasan",West Bengal,,,Sole Proprietor,Kolkata,2023-08-03 07:31:06,ACTIVE,False,935.11,True
MCH2189,"Mammen, Balakrishnan and Prakash",Rajasthan,5311,Department Store,Sole Proprietor,Jaipur,2025-05-14 00:00:00,ACTIVE,False,2363.97,False
MCH9440,Ratti LLC,Punjab,5311,Department Store,Individual,Jalandhar,,ACTIVE,False,186.6,True
MCH1879,muni-sachdeva,Tamil Nadu,5999,Misc Retail,Individual,Chennai,2023-12-16 00:00:00,ACTIVE,False,687.52,True
MCH6809,Reddy-Bhatt,Karnataka,,,Partnership,Bangalore,2024-08-05 00:00:00,ACTIVE,False,2382.0,False
MCH7585,Rattan-Ratti,Maharashtra,5699,Apparel,Partnership,Pune,2026-02-10 00:00:00,ACTIVE,True,3222.54,False
MCH3072,Vora-Soman,Punjab,5699,Apparel,Individual,Amritsar,2026-02-13 04:04:19,ACTIVE,False,1993.93,True
MCH8352,Tailor and Sons,Uttar Pradesh,7011,Hotel / Lodging,Sole Proprietor,Lko,2024-11-06 00:00:00,ACTIVE,False,1393.59,False
MCH4260,"Kalla, Banerjee and Choudhary",Punjab,4814,Telecom,Partnership,Ldh,,ACTIVE,False,389.14,False
MCH3732,"Bhat, Sarin and Wag1e",Uttar Pradesh,,,Sole Proprietor,Lucknow,2025-06-23 19:32:43,ACTIVE,False,604.0,False
MCH8076,Banerjee Group,Uttar Pradesh,4814,Telecom,Private Limited,Lucknow,2025-06-08 00:00:00,ACTIVE,False,1709.68,False
MCH5490,"Bahl, Kakar and Dara",Telangana,5699,Apparel,Individual,Hyderabad,2025-12-28 00:00:00,ACTIVE,False,1917.65,True
MCH3715,BANSAL INC,Uttar Pradesh,5942,Book Store,Individual,Lucknow,2024-11-27 00:00:00,SUSPENDED,False,2025.81,False
MCH1588,Doctor Ltd,Punjab,4131,Transportation,Individual,Ludhiana,2025-07-27 00:00:00,SUSPENDED,False,1791.21,True
MCH6949,"Dada, Suri and Chhabra",Maharashtra,7011,Hotel / Lodging,Sole Proprietor,Poona,2024-01-26 00:00:00,ACTIVE,False,333.77,True
MCH9919,"Ramaswamy,PallandBahri",Maharashtra,5912,Medical / Pharmacy,Private Limited,Mumbai,2026-02-09 00:00:00,ACTIVE,False,1346.24,False
MCH7145,Ratti and Sons,Maharashtra,,,Sole Proprietor,Pune,2025-07-01 00:00:00,ACTIVE,False,1161.56,True
MCH7100,Sanghvi-Pandit,Maharashtra,5699,Apparel,Individual,Pune,2024-07-09 00:00:00,ACTIVE,True,638.61,False
MCH4055,rai plc,Punjab,5812,Restaurant,Private Limited,Ludhiana,2023-08-12 00:00:00,ACTIVE,False,283.42,True
MCH7281,Kalita-Mistry,Telangana,4814,Telecom,Private Limited,Hyderabad,2024-11-24 00:00:00,ACTIVE,False,2941.71,True
MCH2154,"Chhabra, Walla and Ramakrishnan",Punjab,5942,Book Store,Sole Proprietor,Ludhiana,2023-10-28 00:00:00,INACTIVE,False,1662.0,False
MCH7501,Jayaraman Inc,West Bengal,5311,Department Store,Partnership,Kolkata,2024-03-10 00:00:00,ACTIVE,False,2898.16,True
MCH7549,Narayan PLC,West Bengal,7011,Hotel / Lodging,Sole Proprietor,Kolkata,2023-02-22 04:38:14,INACTIVE,False,2720.0,True
MCH3172,KumarandSons,Punjab,5311,Department Store,Partnership,Amritsar,2026-01-14 00:00:00,ACTIVE,False,3144.22,False
MCH1063,"Samra, Sur and Venkataraman",Tamil Nadu,5999,Misc Retail,Private Limited,Chennai,2023-06-13 00:00:00,ACTIVE,False,1297.7,True
MCH4599,Majumdar-Choudhary,Maharashtra,,,Private Limited,Mumbai,2023-03-05 16:37:00,INACTIVE,False,1341.81,True
MCH8345,"Srinivas, Bali and Bhatt",Punjab,7011,Hotel / Lodging,Sole Proprietor,Jalandhar,2023-02-08 02:01:40,INACTIVE,False,1909.16,False
MCH7846,Chad-Gole,Maharashtra,,,Individual,Mumbai,2023-08-24 00:00:00,ACTIVE,False,228.0,True
MCH9302,Savant-Dave,Karnataka,5311,Department Store,Partnership,Bangalore,2025-08-17 00:00:00,ACTIVE,False,543.56,False
MCH9136,Mody Ltd,Tamil Nadu,5411,Grocery,Individual,Chennai,2024-07-10 00:00:00,ACTIVE,False,1976.5,True
MCH8145,Dhi110n LLC,Tamil Nadu,7011,Hotel / Lodging,Private Limited,Chennai,2025-12-10 00:00:00,ACTIVE,False,180.43,False
MCH7298,"SANGHA, SANGHA AND KULKARNI",Delhi,5411,Grocery,Individual,Delhi,2024-01-28 17:48:18,ACTIVE,False,1661.92,True
MCH3055,"Batta, Sha and Dugar",Tamil Nadu,7011,Hotel / Lodging,Private Limited,Chennai,2025-08-18 17:51:00,ACTIVE,False,262.1,True
MCH3796,Swaminathan Ltd,Maharashtra,5699,Apparel,Partnership,Poona,2023-02-04 20:17:32,ACTIVE,False,1024.22,False
MCH1617,Cherian LLC,Telangana,5311,Department Store,Individual,Hyderabad,2024-02-09 07:13:57,ACTIVE,True,11340.36,True
MCH9220,"Agate,BoaseandKurian",Delhi,4131,Transportation,Sole Proprietor,Delhi,,INACTIVE,True,728.01,True
MCH3161,Mittal-Bawa,Punjab,5999,Misc Retail,Private Limited,Jalandar,2023-04-01 15:06:38,ACTIVE,False,2703.14,False
MCH7111,Kohli-Zachariah,Punjab,5411,Grocery,Partnership,Ldh,2025-08-04 00:00:00,ACTIVE,False,585.6,True
MCH9665,Baria and Sons,Tamil Nadu,5699,Apparel,Sole Proprietor,Chennai,2023-08-09 00:00:00,SUSPENDED,False,4561.8,True
MCH2094,Ratti Ltd,Karnataka,5411,Grocery,Sole Proprietor,Bangalore,,ACTIVE,False,4897.48,True
MCH6255,"GUPTA, KIBE AND AURORA",Uttar Pradesh,7011,Hotel / Lodging,Partnership,Lucknow,2023-10-31 04:07:14,ACTIVE,False,3182.0,True
MCH5278,"Sarraf, Peri and Ratti",West Bengal,5999,Misc Retail,Private Limited,Kolkata,2025-04-27 00:00:00,ACTIVE,False,1446.64,False
MCH3567,"Ahuja, Mody and Radhakrishnan",Uttar Pradesh,5411,Grocery,Sole Proprietor,Lko,2023-09-24 03:33:54,ACTIVE,False,1060.67,False
MCH7164,"Tata, Sachdeva and Palan",Punjab,4131,Transportation,Individual,Jalandhar,2023-08-10 05:30:25,ACTIVE,False,519.18,True
MCH5245,"Bhatt, Kakar and Boase",Punjab,5311,Department Store,Individual,Jalandhar,2025-06-27 04:58:08,ACTIVE,False,2923.74,True
MCH7814,Mallick-Puri,Rajasthan,5812,Restaurant,Sole Proprietor,Jaipur,2024-03-01 00:00:00,ACTIVE,True,2963.54,False
MCH9082,SESHADRI GROUP,Rajasthan,5812,Restaurant,Sole Proprietor,Jaipur,2025-11-24 03:08:55,ACTIVE,False,862.0,False
MCH2701,"Prabhakar, Saraf and Mand",Telangana,7011,Hotel / Lodging,Private Limited,Hyderabad,2023-01-25 00:00:00,ACTIVE,False,2599.41,True
MCH1409,Baral LLC,Telangana,5912,Medical / Pharmacy,Individual,Hyderabad,2023-03-06 00:00:00,ACTIVE,True,1891.12,False
MCH6943,Vyas Group,Punjab,5699,Apparel,Individual,Amritsar,2023-04-11 00:00:00,ACTIVE,True,651.75,True
MCH1498,Deo-Mand,Tamil Nadu,5999,Misc Retail,Sole Proprietor,Chennai,2025-03-01 00:00:00,ACTIVE,False,1460.33,False
MCH5367,REDDY-CHAKRABORTY,Maharashtra,5699,Apparel,Sole Proprietor,Mumbai,2025-03-01 03:24:42,ACTIVE,False,1679.09,True
MCH7262,Loke LLC,Maharashtra,4814,Telecom,Partnership,Mumbai,2023-12-13 00:00:00,ACTIVE,False,3675.05,True
MCH7344,Rama-Shukla,Telangana,5699,Apparel,Sole Proprietor,Hyderabad,2023-10-11 00:00:00,ACTIVE,False,1447.45,False
MCH6523,Ramanathan-Wali,Karnataka,5999,Misc Retail,Private Limited,Bangalore,2024-08-27 00:00:00,ACTIVE,False,2272.75,True
MCH2450,bail plc,Telangana,5812,Restaurant,Private Limited,Hyderabad,2024-04-25 12:52:00,ACTIVE,False,3923.0,True
MCH3075,Bedi-Ramanathan,Punjab,4131,Transportation,Individual,Jalandhar,2023-09-29 00:00:00,ACTIVE,False,1301.0,True
MCH9836,"Nori, Malhotra and Deep",Tamil Nadu,7011,Hotel / Lodging,Sole Proprietor,Chennai,,ACTIVE,False,3007.0,True
MCH6090,Bahl-Ramanathan,Punjab,7011,Hotel / Lodging,Sole Proprietor,Jalandar,2025-03-10 00:29:05,ACTIVE,False,1685.43,True
MCH3688,"Nayak, Brar and Sahni",Tamil Nadu,4814,Telecom,Individual,Chennai,2025-08-20 00:00:00,SUSPENDED,False,2787.88,False
MCH8131,Sekhon-Agrawal,West Bengal,5999,Misc Retail,Private Limited,Kolkata,2023-05-15 00:00:00,INACTIVE,False,5430.66,False
MCH7276,Talwar-Kant,Rajasthan,4131,Transportation,Partnership,Jaipur,2023-06-23 22:04:06,ACTIVE,False,692.16,False
MCH8018,Lad PLC,West Bengal,5411,Grocery,Private Limited,Kolkata,2025-03-27 00:00:00,ACTIVE,False,655.7,True
MCH9102,sastry-wali,Maharashtra,5942,Book Store,Private Limited,Poona,2025-06-30 04:03:18,ACTIVE,False,1846.0,True
MCH3017,Ramanathan and Sons,Delhi,5311,Department Store,Partnership,Delhi,2024-07-06 00:00:00,ACTIVE,True,3967.02,False
MCH6051,"Prashad, Date and Sodhi",Punjab,5311,Department Store,Private Limited,Jalandhar,2026-01-18 00:00:00,ACTIVE,True,212.27,False
MCH4977,ARORA-NAYAK,Punjab,5999,Misc Retail,Individual,Ldh,2025-03-05 00:00:00,ACTIVE,False,1505.38,False
MCH9418,"BORA, VENKATESH AND LOKE",Karnataka,5411,Grocery,Individual,Bangalore,2024-05-22 00:00:00,SUSPENDED,False,1520.21,True
MCH4114,"Pandya, Jayaraman and Ray",Telangana,4814,Telecom,Sole Proprietor,Hyderabad,2025-01-15 00:00:00,INACTIVE,False,436.15,True
MCH8825,"mandal, chaudhari and savant",Punjab,5699,Apparel,Individual,Jalandhar,2025-07-27 00:00:00,ACTIVE,False,1817.3,True
MCH1696,Prakash-Dhar,Karnataka,5411,Grocery,Partnership,Bangalore,2025-09-01 00:00:00,ACTIVE,False,567.04,True
MCH4440,"Krishna, Bora and Swaminathan",Punjab,5699,Apparel,Private Limited,Jalandar,2023-04-29 00:00:00,SUSPENDED,False,749.44,True
MCH1830,shan llc,Uttar Pradesh,7011,Hotel / Lodging,Private Limited,Lucknow,,ACTIVE,False,405.35,True
MCH8449,Mani-Ramachandran,Delhi,5912,Medical / Pharmacy,Partnership,Delhi,2024-12-27 07:20:47,ACTIVE,False,461.73,True
MCH1093,"dubey, uppal and bhatt",Maharashtra,5812,Restaurant,Private Limited,Poona,2025-04-26 00:00:00,INACTIVE,False,4005.67,False
MCH3008,"Datta, Sarkar and Nori",Punjab,5311,Department Store,Partnership,Ldh,2024-11-11 00:00:00,ACTIVE,True,522.31,False
MCH5159,"Boase, Nadkarni and Kala",Rajasthan,4131,Transportation,Private Limited,Jaipur,2025-05-18 00:00:00,ACTIVE,False,214.1,True
MCH5333,Rajagopal-Agate,Punjab,4814,Telecom,Sole Proprietor,Amritsar,,INACTIVE,False,15510.71,False
MCH2498,Peri-Sachdeva,Uttar Pradesh,7011,Hotel / Lodging,Individual,Lucknow,2024-07-22 00:00:00,ACTIVE,False,1576.69,True
MCH4235,NAGAR-SHARMA,West Bengal,5311,Department Store,Sole Proprietor,Kolkata,2024-10-02 00:00:00,ACTIVE,False,1671.65,False
MCH4636,Sura and Sons,Maharashtra,5699,Apparel,Partnership,Mumbai,2023-12-17 17:58:35,ACTIVE,False,,True
MCH1124,"Hayre, Chana and Bhasin",Rajasthan,5699,Apparel,Sole Proprietor,Jaipur,2024-05-10 00:00:00,ACTIVE,False,843.01,False
MCH7828,Jhaveri and Sons,West Bengal,5699,Apparel,Individual,Kolkata,2026-02-23 00:00:00,ACTIVE,False,3105.54,True
MCH6277,"MANGAT, KAUR AND GUHA",Delhi,7011,Hotel / Lodging,Partnership,Delhi,2024-04-07 03:31:48,ACTIVE,False,1786.0,False
MCH4690,"Dutt, Mukhopadhyay and Dara",Punjab,5999,Misc Retail,Sole Proprietor,Amritsar,2023-04-24 22:55:00,SUSPENDED,True,390.23,True
MCH1243,"Buch, Atwal and Roy",Punjab,5912,Medical / Pharmacy,Partnership,Ludhiana,2025-06-12 08:43:00,ACTIVE,False,1323.94,False
MCH8389,Thaman Group,Maharashtra,,,Individual,Mumbai,2024-02-17 16:36:00,INACTIVE,False,1716.78,True
MCH8601,CHAHAL-PAREKH,Punjab,5812,Restaurant,Private Limited,Amritsar,2025-02-20 00:00:00,ACTIVE,True,600.58,True
MCH7997,"Rattan, Naik and Singh",Maharashtra,5999,Misc Retail,Individual,Poona,2024-05-31 14:52:38,ACTIVE,True,397.79,True
MCH6078,Oza-Srinivasan,Maharashtra,4814,Telecom,Individual,Mumbai,2023-10-15 19:51:00,ACTIVE,False,4379.06,False
MCH7058,"Barad,PalandBoase",West Bengal,5311,Department Store,Individual,Kolkata,2025-12-06 04:07:00,ACTIVE,False,1284.51,True
MCH9415,Krishnamurthy-Warrior,Punjab,7011,Hotel / Lodging,Sole Proprietor,Ludhiana,2023-02-21 00:00:00,ACTIVE,False,438.69,False
MCH4364,SASTRY-SHETTY,West Bengal,4131,Transportation,Sole Proprietor,Kolkata,2024-06-14 00:00:00,ACTIVE,False,1128.0,True
MCH9778,"chandra, subramanian and borde",Karnataka,5942,Book Store,Private Limited,Bangalore,2025-05-20 15:00:27,ACTIVE,False,2313.1,True
MCH2730,Nayar and Sons,Rajasthan,7011,Hotel / Lodging,Sole Proprietor,Jaipur,2023-06-30 00:00:00,ACTIVE,False,1113.62,False
MCH3743,doctor ltd,Telangana,5912,Medical / Pharmacy,Sole Proprietor,Hyderabad,2023-01-16 20:06:00,ACTIVE,False,12417.3,True
MCH1730,Buch Ltd,West Bengal,5699,Apparel,Individual,Kolkata,2023-04-25 00:00:00,ACTIVE,False,813.32,False
MCH1921,Raj LLC,Uttar Pradesh,5999,Misc Retail,Partnership,Lucknow,2024-02-12 00:00:00,ACTIVE,False,2280.24,True
MCH3795,Sinha-Ramesh,Telangana,4814,Telecom,Partnership,Hyderabad,2024-06-19 00:00:00,ACTIVE,False,1083.1,True
MCH7057,"Lad, Kala and Bhagat",Rajasthan,4814,Telecom,Partnership,Jaipur,2026-02-10 15:50:00,ACTIVE,False,1333.8,False
MCH9560,Puri-Ahluwalia,Punjab,5999,Misc Retail,Partnership,Ludhiana,2025-06-21 05:09:56,ACTIVE,False,1176.68,True
MCH3129,"Ghose,HariandGarde",Punjab,5411,Grocery,Sole Proprietor,Ludhiana,2025-06-27 03:24:00,ACTIVE,False,1908.27,True
MCH5857,"VARUGHESE, VORA AND CHOKSHI",Uttar Pradesh,4814,Telecom,Individual,Lucknow,2025-11-21 00:00:00,INACTIVE,False,687.33,False
MCH6200,"Kapadia, Bail and Badal",Tamil Nadu,4131,Transportation,Private Limited,Chennai,2023-12-09 00:00:00,ACTIVE,False,1183.13,False
MCH5631,"Bhattacharyya, Behl and Barad",Karnataka,5699,Apparel,Sole Proprietor,Bangalore,2025-08-30 16:56:41,ACTIVE,False,857.0,True
MCH9430,"Shetty, Pau and Chhabra",Maharashtra,4814,Telecom,Partnership,Poona,2023-10-31 00:00:00,ACTIVE,False,927.24,False
MCH4211,Amb1e-Saha,Delhi,,,Sole Proprietor,Delhi,2023-06-27 00:00:00,ACTIVE,False,525.0,False
MCH6366,"hora, edwin and zacharia",Punjab,4814,Telecom,Sole Proprietor,Ludhiana,2025-03-29 00:00:00,ACTIVE,False,780.59,True
MCH3637,Pai-Parikh,Telangana,5812,Restaurant,Sole Proprietor,Hyderabad,2024-06-26 00:00:00,ACTIVE,False,3420.81,False
MCH8446,Kuruvi11a Gr0up,Tamil Nadu,5999,Misc Retail,Sole Proprietor,Chennai,2025-07-07 00:00:00,ACTIVE,False,979.24,False
MCH1454,Mishra-Batra,Telangana,5999,Misc Retail,Sole Proprietor,Hyderabad,2025-12-02 20:43:00,ACTIVE,False,163.44,True
MCH1968,Shroff-Mani,Maharashtra,,,Partnership,Mumbai,2024-04-10 00:00:00,ACTIVE,False,1674.0,True
MCH7955,"Andra, Oommen and Salvi",Punjab,5699,Apparel,Partnership,Amritsar,2023-02-02 00:00:00,ACTIVE,True,2313.71,True
MCH4102,Dass LLC,West Bengal,5912,Medical / Pharmacy,Partnership,Kolkata,2026-02-19 00:00:00,ACTIVE,False,375.32,True
MCH9153,Amble and Sons,Punjab,4131,Transportation,Sole Proprietor,Amritsar,2025-04-11 00:00:00,ACTIVE,False,,True
MCH2237,Chatterjee-Din,Uttar Pradesh,4814,Telecom,Sole Proprietor,Lucknow,2023-01-23 00:00:00,ACTIVE,False,,True
MCH6630,"Kalla, Vyas and Lanka",Rajasthan,5942,Book Store,Sole Proprietor,Jaipur,,ACTIVE,False,257.87,False
MCH3512,"Bhatti, Khosla and Chhabra",Punjab,,,Private Limited,Amritsar,2023-05-04 23:36:19,ACTIVE,False,1112.0,False
MCH2196,Badal-Ghosh,Delhi,4131,Transportation,Individual,Delhi,2024-04-07 00:00:00,ACTIVE,False,188.84,True
MCH4340,"Nadig, Kothari and Khalsa",Maharashtra,7011,Hotel / Lodging,Partnership,Mumbai,,ACTIVE,False,1756.35,False
MCH5546,"Brar, Rajan and Bhat",Karnataka,4814,Telecom,Private Limited,Bangalore,2024-10-16 00:00:00,ACTIVE,False,843.23,False
MCH6998,Jani-Nayak,Delhi,5311,Department Store,Individual,Delhi,2026-01-27 00:00:00,ACTIVE,False,3349.13,False
MCH6746,"Tank, Chanda and Kothari",Punjab,5411,Grocery,Private Limited,Ludhiana,2024-02-04 00:00:00,ACTIVE,False,2445.51,True
MCH6730,"Babu, Sarma and Setty",Uttar Pradesh,5912,Medical / Pharmacy,Partnership,Lucknow,2023-10-28 00:00:00,ACTIVE,False,1118.53,True
MCH8982,deo-nath,Punjab,5812,Restaurant,Private Limited,Amritsar,2023-07-18 09:15:26,ACTIVE,False,1840.43,False
MCH9946,Jain LLC,Maharashtra,5912,Medical / Pharmacy,Partnership,Pune,2024-12-10 16:23:14,ACTIVE,False,1421.0,True
MCH9406,Goyal-Bhakta,Delhi,5912,Medical / Pharmacy,Individual,Delhi,2023-11-20 00:00:00,ACTIVE,False,280.93,False
MCH6520,Manda-Shah,West Bengal,5912,Medical / Pharmacy,Individual,Kolkata,2024-08-01 00:55:00,ACTIVE,False,1457.02,False
MCH1959,"Barad, Bala and Chad",Maharashtra,5999,Misc Retail,Individual,Pune,2025-10-12 19:55:24,ACTIVE,False,578.42,False
MCH1388,"Kala, Kunda and Pandit",Karnataka,5912,Medical / Pharmacy,Sole Proprietor,Bangalore,2025-07-22 00:00:00,ACTIVE,False,3155.43,True
MCH9459,BATTA-HANDA,Telangana,4131,Transportation,Partnership,Hyderabad,2025-06-03 00:00:00,ACTIVE,False,11281.97,False
MCH2092,"Dubey, Tara and Thaker",West Bengal,4131,Transportation,Individual,Kolkata,2023-11-09 00:00:00,ACTIVE,False,1262.97,True
MCH1751,"Keer, Dara and Gour",Punjab,5942,Book Store,Individual,Ldh,2023-06-29 00:00:00,SUSPENDED,False,1719.3,False
MCH8437,Sinha LLC,West Bengal,7011,Hotel / Lodging,Sole Proprietor,Kolkata,2025-12-04 08:30:12,INACTIVE,False,761.27,False
MCH3541,"SRIVASTAVA, TELLA AND KONDA",Delhi,4814,Telecom,Private Limited,Delhi,2024-10-31 00:00:00,ACTIVE,False,2341.43,True
MCH8777,Kibe PLC,Maharashtra,7011,Hotel / Lodging,Partnership,Mumbai,2023-06-16 00:00:00,INACTIVE,False,1945.67,True
MCH1806,dugar-rege,Delhi,5912,Medical / Pharmacy,Private Limited,Delhi,,SUSPENDED,False,1498.0,True
MCH6473,Tata Group,Uttar Pradesh,5812,Restaurant,Private Limited,Lko,2023-04-09 00:00:00,SUSPENDED,False,2924.69,True
MCH2915,"Vohra, Pathak and Bumb",West Bengal,5912,Medical / Pharmacy,Individual,Kolkata,2025-09-06 00:00:00,ACTIVE,False,459.58,False
MCH1782,Kari PLC,Maharashtra,5411,Grocery,Sole Proprietor,Mumbai,2024-06-26 00:00:00,ACTIVE,True,4762.58,False
MCH5423,"Chanda, Mallick and Butala",Rajasthan,5311,Department Store,Sole Proprietor,Jaipur,2024-08-25 00:00:00,ACTIVE,False,458.56,True
MCH4431,"Wali, Zachariah and Toor",Maharashtra,5411,Grocery,Sole Proprietor,Mumbai,2023-05-13 00:00:00,SUSPENDED,False,3595.68,False
MCH5565,Chatterjee and Sons,Maharashtra,5411,Grocery,Sole Proprietor,Poona,2025-12-11 00:00:00,ACTIVE,False,1083.09,True
MCH7273,Keer and S0ns,Tamil Nadu,7011,Hotel / Lodging,Private Limited,Chennai,2024-08-24 09:54:21,ACTIVE,False,3146.24,False
MCH7204,Thaman Ltd,Punjab,,,Individual,Jalandhar,2023-09-05 00:00:00,ACTIVE,False,937.0,False
MCH6107,"Bhattacharyya, Narayanan and Samra",Maharashtra,5812,Restaurant,Partnership,Pune,2025-02-21 00:00:00,ACTIVE,False,1215.85,False
MCH6541,"Mahal, Panchal and Doshi",Maharashtra,5912,Medical / Pharmacy,Individual,Mumbai,2024-06-12 16:15:10,ACTIVE,False,307.0,True
MCH6607,Bedi-Bhandari,Punjab,5812,Restaurant,Sole Proprietor,Ludhiana,2023-12-30 00:00:00,ACTIVE,False,1203.0,False
MCH8879,Raju and Sons,Uttar Pradesh,,,Sole Proprietor,Lucknow,2023-08-30 05:18:50,ACTIVE,False,906.0,False
MCH4994,"Uppal, Bawa and Gera",Delhi,5812,Restaurant,Sole Proprietor,Delhi,2023-04-21 00:00:00,ACTIVE,False,1710.0,False
MCH1865,Chandra-Pandey,Maharashtra,5942,Book Store,Individual,Pune,2025-11-15 00:00:00,ACTIVE,False,3847.74,False
MCH6213,Sangha LLC,Delhi,,,Private Limited,Delhi,2025-12-03 12:46:00,ACTIVE,False,722.0,False
MCH5518,Bhalla-Chaudhuri,Uttar Pradesh,5812,Restaurant,Individual,Lko,2025-04-19 00:00:00,ACTIVE,False,1038.42,False
MCH5484,Vasa PLC,Uttar Pradesh,7011,Hotel / Lodging,Individual,Lucknow,2023-06-01 00:00:00,ACTIVE,False,,True
MCH1591,Ramaswamy-Babu,Punjab,5311,Department Store,Partnership,Amritsar,2024-04-18 00:00:00,ACTIVE,False,1638.46,False
MCH4273,Bava Group,Punjab,5999,Misc Retail,Private Limited,Ludhiana,2024-12-28 15:12:00,INACTIVE,False,2773.64,True
MCH4101,"Sani, Ben and Subramaniam",Maharashtra,5311,Department Store,Private Limited,Pune,2025-10-20 20:35:21,ACTIVE,False,1377.51,True
MCH6102,"hayre, peri and sura",Punjab,7011,Hotel / Lodging,Private Limited,Ludhiana,2024-01-26 00:00:00,ACTIVE,True,4593.66,True
MCH5160,subramanian inc,Punjab,7011,Hotel / Lodging,Partnership,Amritsar,2025-11-17 00:00:00,ACTIVE,False,1435.76,False
MCH7517,"Banik, Kamdar and Dada",Punjab,5699,Apparel,Individual,Amritsar,2025-07-20 00:00:00,ACTIVE,False,2046.69,True
MCH6187,"Shanker, Sastry and Rattan",Delhi,4131,Transportation,Individual,Delhi,2025-11-17 00:00:00,ACTIVE,False,327.19,False
MCH6390,barman plc,West Bengal,,,Individual,Kolkata,2023-11-24 00:00:00,ACTIVE,True,904.29,True
MCH4835,Hari Inc,Telangana,5912,Medical / Pharmacy,Individual,Hyderabad,2024-06-10 00:00:00,ACTIVE,False,348.86,True
MCH2731,Krishna-Kumar,Punjab,5311,Department Store,Private Limited,Ludhiana,2025-12-18 00:00:00,ACTIVE,False,1031.53,True
MCH4086,"Kannan, Varghese and Lalla",Maharashtra,5311,Department Store,Private Limited,Mumbai,2024-12-08 00:00:00,ACTIVE,False,1459.96,True
MCH1033,Sidhu and Sons,Punjab,4814,Telecom,Individual,Jalandhar,2023-09-11 00:00:00,ACTIVE,False,1871.48,True
MCH6360,"Desai, Shroff and Goel",Punjab,7011,Hotel / Lodging,Private Limited,Jalandhar,2025-11-11 00:00:00,INACTIVE,False,635.23,True
MCH7514,Ahuja-Bobal,Uttar Pradesh,5311,Department Store,Sole Proprietor,Lucknow,2024-04-19 10:36:48,ACTIVE,False,1943.52,False
MCH1193,"Padmanabhan, Sekhon and Dhawan",Uttar Pradesh,5812,Restaurant,Partnership,Lucknow,2025-01-16 00:00:00,ACTIVE,False,1712.05,False
MCH8337,padmanabhan-nanda,Karnataka,5999,Misc Retail,Individual,Bangalore,2024-08-20 08:14:01,ACTIVE,False,694.67,True
MCH9797,"Basu, Kota and Hora",Rajasthan,7011,Hotel / Lodging,Individual,Jaipur,,ACTIVE,False,3455.43,False
MCH8939,"DHAWAN, KAMDAR AND DALAL",Karnataka,5812,Restaurant,Individual,Bangalore,2023-01-06 17:37:02,ACTIVE,False,729.0,True
MCH6112,LUTHRA-GROVER,Rajasthan,5942,Book Store,Partnership,Jaipur,2024-06-22 00:00:00,ACTIVE,False,1366.0,False
MCH6493,"SUBRAMANIAM, PRASHAD AND PARMER",Maharashtra,,,Sole Proprietor,Mumbai,2025-04-13 00:00:00,INACTIVE,False,,True
MCH2404,Mutti-Seshadri,Punjab,5411,Grocery,Individual,Ludhiana,2026-01-13 07:54:00,ACTIVE,False,233.4,False
MCH4674,Sachar-Loke,Punjab,5699,Apparel,Private Limited,Jalandhar,,ACTIVE,False,1222.52,False
MCH8553,Kumar and Sons,Punjab,5411,Grocery,Partnership,Jalandhar,2025-11-15 00:00:00,ACTIVE,False,1412.27,False
MCH7862,Pandit-Ratti,Punjab,5912,Medical / Pharmacy,Individual,Amritsar,2023-04-23 00:00:00,ACTIVE,False,558.23,False
MCH7965,Magar-Kant,Maharashtra,5311,Department Store,Sole Proprietor,Pune,2024-05-13 00:00:00,ACTIVE,False,567.32,True
MCH3269,Kara-Ramaswamy,Maharashtra,,,Partnership,Poona,2023-12-07 00:00:00,ACTIVE,False,1481.0,False
MCH2501,ravel inc,Punjab,,,Partnership,Ludhiana,2024-08-13 00:00:00,ACTIVE,False,2494.94,True
MCH8607,Sachdeva-Dutta,Punjab,4814,Telecom,Partnership,Jalandhar,2026-02-16 21:14:26,ACTIVE,False,699.07,True
MCH3259,Bajaj-Mann,Punjab,4131,Transportation,Individual,Amritsar,2024-05-09 00:00:00,ACTIVE,False,426.0,True
MCH1697,Sodhi-Ramakrishnan,Uttar Pradesh,4814,Telecom,Private Limited,Lucknow,2023-04-13 07:04:31,SUSPENDED,False,1234.06,True
MCH5825,Bhardwaj-Sachdeva,Karnataka,5942,Book Store,Partnership,Bangalore,2024-05-17 00:03:40,ACTIVE,True,1108.32,False
MCH9193,Ramachandran-Rao,Karnataka,5699,Apparel,Individual,Bangalore,2024-04-07 00:00:00,ACTIVE,False,1693.53,True
MCH9637,Handa-Basu,Maharashtra,5699,Apparel,Partnership,Poona,2025-09-17 00:00:00,ACTIVE,False,515.71,False
MCH8698,"Boase, Bal and Mand",West Bengal,5311,Department Store,Private Limited,Kolkata,2025-06-13 00:00:00,ACTIVE,False,3054.52,False
MCH7383,"SRIVASTAVA, VENKATARAMAN AND ROY",Tamil Nadu,5699,Apparel,Individual,Chennai,2023-10-07 00:00:00,ACTIVE,False,241.13,False
MCH6372,G0da and S0ns,Tamil Nadu,5699,Apparel,Individual,Chennai,2024-05-14 00:00:00,ACTIVE,False,515.6,True
MCH5129,"kant, chaudhari and sarna",Tamil Nadu,4131,Transportation,Sole Proprietor,Chennai,2025-07-19 00:00:00,ACTIVE,False,4873.16,True
MCH2436,"Bhagat, Amble and Dixit",Uttar Pradesh,4131,Transportation,Individual,Lko,2024-07-27 10:21:56,ACTIVE,False,2085.74,True
MCH4965,"Shukla, Brahmbhatt and Natarajan",Maharashtra,5699,Apparel,Individual,Pune,2024-11-20 08:09:00,ACTIVE,False,168.46,True
MCH8996,Bala-Bhalla,Uttar Pradesh,,,Private Limited,Lucknow,2025-08-18 00:00:00,ACTIVE,False,1146.92,False
MCH6877,Jain PLC,Delhi,5699,Apparel,Partnership,Delhi,2023-11-23 17:40:08,ACTIVE,False,3249.89,False
MCH6828,Warrior-Bhardwaj,Uttar Pradesh,4814,Telecom,Partnership,Lucknow,2023-06-01 00:00:00,ACTIVE,False,2500.44,True
MCH8370,Tandon-Khosla,Telangana,4131,Transportation,Partnership,Hyderabad,2024-09-15 22:48:07,ACTIVE,False,574.0,True
MCH4027,"Hegde, Ratti and Gera",Telangana,5411,Grocery,Private Limited,Hyderabad,2025-02-08 00:00:00,ACTIVE,True,659.89,False
MCH8261,"Sridhar, Manda and Arora",Rajasthan,5812,Restaurant,Sole Proprietor,Jaipur,2023-12-02 15:30:00,SUSPENDED,False,8032.44,False
MCH5874,Pathak Group,Punjab,4814,Telecom,Individual,Jalandhar,2025-03-16 00:00:00,INACTIVE,False,814.38,False
MCH9481,Kata LLC,Punjab,4814,Telecom,Partnership,Amritsar,2025-11-25 00:00:00,ACTIVE,False,1054.88,False
MCH4677,"Sethi, Bora and Karpe",Maharashtra,5942,Book Store,Individual,Poona,,INACTIVE,False,5089.5,False
MCH9258,Edwin Inc,Uttar Pradesh,5942,Book Store,Partnership,Lucknow,2024-09-26 00:00:00,ACTIVE,False,1647.77,True
MCH2825,Koshy-Gola,Karnataka,5812,Restaurant,Partnership,Bangalore,2025-09-25 00:14:43,ACTIVE,True,3012.53,True
MCH2474,"Setty, Reddy and Singh",West Bengal,,,Sole Proprietor,Kolkata,2023-12-11 00:00:00,ACTIVE,False,3043.1,True
MCH1533,Wason and Sons,Punjab,5812,Restaurant,Partnership,Amritsar,2025-03-27 07:32:49,INACTIVE,False,419.64,False
MCH9112,Saini-Sinha,Maharashtra,5699,Apparel,Private Limited,Pune,2024-08-03 00:00:00,ACTIVE,False,1129.73,False
MCH2096,"Taneja, Basu and Bal",Maharashtra,4814,Telecom,Private Limited,Pune,2024-09-28 00:00:00,ACTIVE,False,1660.3,True
MCH7524,"Sarna, Mital and Deo",Karnataka,7011,Hotel / Lodging,Private Limited,Bangalore,2025-07-13 10:56:49,ACTIVE,False,1847.0,True
MCH9147,Bedi-Dugar,Karnataka,5912,Medical / Pharmacy,Sole Proprietor,Bangalore,2024-05-31 05:15:00,ACTIVE,False,1264.98,False
MCH9642,Sarin Group,Maharashtra,4814,Telecom,Individual,Mumbai,2025-10-09 00:00:00,ACTIVE,False,11510.93,True
MCH6776,Hari-Tak,Punjab,4131,Transportation,Sole Proprietor,Jalandhar,2025-05-25 00:00:00,INACTIVE,False,1189.41,True
MCH7803,Mukherjee-Sha,Rajasthan,4814,Telecom,Private Limited,Jaipur,2023-02-16 00:00:00,ACTIVE,False,763.0,True
MCH2973,"Bhargava, Dani and Krishnamurthy",Punjab,4131,Transportation,Partnership,Ludhiana,2023-08-30 00:00:00,ACTIVE,False,3748.31,False
MCH2293,"pandit, bhavsar and barman",Maharashtra,4814,Telecom,Private Limited,Pune,2023-03-20 00:50:23,ACTIVE,False,792.61,False
MCH6645,buch llc,Punjab,4131,Transportation,Private Limited,Amritsar,2024-09-25 00:00:00,ACTIVE,False,102.32,False
MCH2419,Suri Ltd,Maharashtra,5999,Misc Retail,Individual,Mumbai,2024-02-05 00:00:00,ACTIVE,True,5184.52,True
MCH8762,Dani-Saha,West Bengal,4131,Transportation,Partnership,Kolkata,,ACTIVE,False,778.15,False
MCH7428,Chand Inc,Karnataka,5699,Apparel,Individual,Bangalore,2025-10-11 00:00:00,ACTIVE,False,1254.86,True
MCH1917,"Chowdhury, Krishna and Rajagopal",Punjab,5699,Apparel,Sole Proprietor,Amritsar,2024-10-20 00:00:00,SUSPENDED,False,909.84,False
MCH7192,Subramaniam and S0ns,Delhi,5942,Book Store,Private Limited,Delhi,2025-09-20 00:00:00,ACTIVE,False,2702.97,False
MCH4043,choudhry and sons,Karnataka,5912,Medical / Pharmacy,Private Limited,Bangalore,2024-02-05 18:00:28,ACTIVE,False,367.6,True
MCH1845,Goel Inc,Delhi,4131,Transportation,Private Limited,Delhi,2023-10-17 00:00:00,ACTIVE,False,1675.96,True
MCH1459,"Palla, Saini and Date",Punjab,7011,Hotel / Lodging,Individual,Ludhiana,2024-02-20 00:00:00,SUSPENDED,False,1582.79,False
MCH1611,Karan-Kibe,Punjab,,,Sole Proprietor,Jalandhar,2024-03-06 00:00:00,ACTIVE,False,343.64,False
MCH2844,Misra-Seth,Punjab,4131,Transportation,Individual,Amritsar,2023-05-24 00:00:00,ACTIVE,False,162.5,True
MCH1101,Ramaswamy-Prabhakar,Tamil Nadu,5912,Medical / Pharmacy,Sole Proprietor,Chennai,2025-06-02 00:00:00,ACTIVE,False,8687.0,False
MCH4250,"SUBRAMANIAM, DATTA AND PATEL",West Bengal,5411,Grocery,Partnership,Kolkata,2023-06-07 00:00:00,ACTIVE,False,1320.67,False
MCH5558,"Rao, Sidhu and Barad",Punjab,7011,Hotel / Lodging,Partnership,Amritsar,2024-09-14 00:00:00,ACTIVE,False,626.0,False
MCH2767,"Patel, Jhaveri and Dugar",Punjab,4814,Telecom,Private Limited,Jalandhar,2025-06-16 00:00:00,ACTIVE,False,1222.94,False
MCH6681,Baria PLC,Delhi,4131,Transportation,Individual,Delhi,2026-02-17 00:00:00,INACTIVE,False,1343.0,True
MCH1709,sachdeva-khanna,Tamil Nadu,5999,Misc Retail,Partnership,Chennai,2023-08-25 07:56:38,ACTIVE,False,481.17,True
MCH1610,Sodhi-Parekh,Punjab,5411,Grocery,Partnership,Amritsar,,ACTIVE,False,1488.13,True
MCH5918,bora-rege,Maharashtra,5699,Apparel,Partnership,Pune,2024-09-23 00:00:00,ACTIVE,True,203.17,True
MCH6812,"Gade, Badami and Choudhary",Punjab,4814,Telecom,Sole Proprietor,Amritsar,2023-12-21 00:00:00,ACTIVE,True,200.21,False
MCH7290,"Subramanian, B0rde and Ba1akrishnan",Uttar Pradesh,5699,Apparel,Individual,Lucknow,2023-03-17 00:00:00,ACTIVE,False,2695.0,True
MCH7981,"Singhal, Manne and Ray",Punjab,5699,Apparel,Private Limited,Jalandhar,2023-11-02 00:00:00,ACTIVE,False,234.87,True
MCH9121,Divan-Char,Punjab,5942,Book Store,Partnership,Amritsar,2025-02-18 00:00:00,INACTIVE,True,339.98,True
MCH6568,MINHAS PLC,Punjab,7011,Hotel / Lodging,Sole Proprietor,Amritsar,2024-04-10 18:11:31,ACTIVE,False,1486.0,True
MCH8050,Bora-Oommen,Punjab,5311,Department Store,Individual,Jalandhar,2023-12-16 05:28:51,ACTIVE,False,587.46,True
MCH8470,"GARG, SURI AND SAGAR",Punjab,5699,Apparel,Individual,Ludhiana,2023-11-19 00:00:00,ACTIVE,False,,False
MCH5833,Deep and Sons,Rajasthan,5411,Grocery,Partnership,Jaipur,2024-04-04 00:00:00,ACTIVE,False,4335.22,False
MCH1497,Lanka PLC,Punjab,5912,Medical / Pharmacy,Private Limited,Amritsar,2025-09-24 00:00:00,ACTIVE,False,1817.0,False
MCH5705,"PALAN, BHARGAVA AND JAGGI",Uttar Pradesh,4131,Transportation,Individual,Lucknow,2026-02-05 00:00:00,ACTIVE,False,1360.45,False
MCH8416,"Bal, Kant and Gola",Tamil Nadu,5411,Grocery,Private Limited,Chennai,2025-03-31 00:00:00,ACTIVE,False,5069.39,True
MCH4129,"Lad, Raja and Sachdev",Maharashtra,7011,Hotel / Lodging,Partnership,Mumbai,2023-11-09 00:00:00,ACTIVE,False,954.07,True
MCH9027,"Dani, Soni and Nagy",Punjab,7011,Hotel / Lodging,Partnership,Jalandhar,2023-10-26 00:00:00,ACTIVE,True,905.68,True
MCH5586,Andra-Sha,Punjab,5699,Apparel,Private Limited,Amritsar,2023-07-03 00:00:00,SUSPENDED,True,349.98,True
MCH4782,Salvi-Comar,Punjab,7011,Hotel / Lodging,Sole Proprietor,Jalandhar,2025-07-13 09:44:30,ACTIVE,False,876.5,True
MCH8566,Magar-Kota,Punjab,4131,Transportation,Partnership,Amritsar,2026-01-03 12:47:00,ACTIVE,False,1353.18,False
MCH8890,Halder Inc,Uttar Pradesh,7011,Hotel / Lodging,Private Limited,Lucknow,2026-01-15 00:00:00,SUSPENDED,False,2352.14,True
MCH6586,Pandya PLC,Karnataka,5999,Misc Retail,Individual,Bangalore,2024-04-29 00:00:00,ACTIVE,False,520.0,True
MCH4212,Raman-Kohli,Punjab,5411,Grocery,Partnership,Ludhiana,2024-10-27 10:39:27,ACTIVE,False,3361.0,True
MCH5602,Kaul PLC,Telangana,5411,Grocery,Private Limited,Hyderabad,2023-05-17 00:00:00,INACTIVE,False,469.06,True
MCH8291,walia inc,Punjab,7011,Hotel / Lodging,Private Limited,Ludhiana,2023-01-04 19:11:00,ACTIVE,False,1898.37,False
MCH3545,"CHACKO, OZA AND JAGGI",Telangana,7011,Hotel / Lodging,Sole Proprietor,Hyderabad,2023-09-30 00:00:00,ACTIVE,False,867.82,False
MCH5413,"K0shy, Batra and K0h1i",Uttar Pradesh,5311,Department Store,Sole Proprietor,Lko,2023-09-04 00:00:00,ACTIVE,False,608.0,False
MCH7533,"Boase, Krishnan and Tiwari",Uttar Pradesh,,,Partnership,Lko,2025-04-06 21:09:50,ACTIVE,False,1221.0,True
MCH3412,Tak and Sons,Rajasthan,7011,Hotel / Lodging,Sole Proprietor,Jaipur,2024-10-31 00:00:00,ACTIVE,False,4884.39,True
MCH1095,Mander Group,West Bengal,4814,Telecom,Partnership,Kolkata,2023-01-30 03:08:00,ACTIVE,False,1277.94,True
MCH2492,"dhawan, salvi and dara",Uttar Pradesh,5812,Restaurant,Partnership,Lucknow,2025-08-07 00:00:00,INACTIVE,False,3500.9,True
MCH9038,NAIDU GROUP,Maharashtra,4131,Transportation,Private Limited,Mumbai,2024-12-07 00:00:00,ACTIVE,False,225.16,False
MCH1010,Menon-Andra,Delhi,,,Private Limited,Delhi,2024-11-17 00:00:00,ACTIVE,False,678.36,True
MCH9133,"Rai, Nadig and Karpe",Punjab,4131,Transportation,Private Limited,Ludhiana,2025-03-09 00:00:00,ACTIVE,True,268.65,False
MCH9363,Mannan Group,Maharashtra,4131,Transportation,Private Limited,Mumbai,2024-07-29 00:00:00,ACTIVE,False,,False
MCH9035,Merchant PLC,Rajasthan,5411,Grocery,Private Limited,Jaipur,2023-02-04 00:00:00,ACTIVE,True,1280.34,True
MCH2695,Patil Inc,Maharashtra,5411,Grocery,Partnership,Pune,2024-06-26 00:00:00,ACTIVE,False,792.09,True
MCH8792,CHOPRA-NORI,Uttar Pradesh,5699,Apparel,Private Limited,Lucknow,2025-01-09 00:00:00,ACTIVE,True,793.52,True
MCH4952,"Anne,ChoudhryandBhattacharyya",Delhi,5812,Restaurant,Individual,Delhi,,ACTIVE,False,4302.0,True
MCH9739,"Gupta, Bhatia and Dhillon",Rajasthan,4131,Transportation,Private Limited,Jaipur,2025-03-20 00:00:00,ACTIVE,True,374.45,False
MCH1268,Vyas Ltd,Punjab,5311,Department Store,Individual,Amritsar,2023-06-28 00:00:00,ACTIVE,False,,False
MCH8242,Choudhary-Pall,Punjab,7011,Hotel / Lodging,Private Limited,Ludhiana,2023-06-27 07:50:14,ACTIVE,False,607.04,True
MCH5233,Raghavan-Mall,Karnataka,4814,Telecom,Partnership,Bangalore,2026-02-11 05:56:00,ACTIVE,False,3087.5,False
MCH2131,Boase-Varghese,Maharashtra,5699,Apparel,Sole Proprietor,Poona,2025-03-29 00:00:00,ACTIVE,False,2157.11,False
MCH1377,Sinha-Gaba,Maharashtra,5411,Grocery,Private Limited,Poona,2025-12-04 06:37:25,INACTIVE,False,1471.43,True
MCH5911,Chacko-Kota,Telangana,5311,Department Store,Partnership,Hyderabad,2023-09-07 00:00:00,ACTIVE,False,797.25,False
MCH1944,Morar Ltd,Maharashtra,5812,Restaurant,Individual,Pune,2023-04-23 00:00:00,ACTIVE,False,1207.98,True
MCH5497,Dayal and Sons,Delhi,5999,Misc Retail,Private Limited,Delhi,2024-04-28 22:58:00,ACTIVE,False,1767.24,True
MCH4002,"Bora, Kant and Chauhan",Karnataka,5411,Grocery,Individual,Bangalore,2023-06-16 12:46:40,ACTIVE,False,,True
MCH6147,Singhal-Murthy,Maharashtra,4131,Transportation,Partnership,Mumbai,2023-01-06 00:00:00,ACTIVE,True,1814.59,False
MCH9325,"Patel, Parikh and Kaul",Uttar Pradesh,4814,Telecom,Private Limited,Lucknow,2023-03-13 00:58:46,ACTIVE,False,1538.45,True
MCH6795,"Hans, Majumdar and Mangat",Telangana,5999,Misc Retail,Individual,Hyderabad,2023-06-05 00:00:00,ACTIVE,False,1573.9,False
MCH7986,Pathak Inc,Tamil Nadu,,,Individual,Chennai,2024-05-30 00:00:00,INACTIVE,False,1602.91,False
MCH5740,Dayal-Desai,Tamil Nadu,5699,Apparel,Sole Proprietor,Chennai,2025-04-10 00:00:00,ACTIVE,False,4887.0,False
MCH6400,Sem-Keer,Punjab,5411,Grocery,Partnership,Ludhiana,2025-12-21 00:00:00,ACTIVE,False,13683.2,True
MCH8951,Golla-Venkataraman,Maharashtra,4814,Telecom,Individual,Mumbai,2023-09-02 00:00:00,ACTIVE,False,436.83,True
MCH7810,Bail Inc,Punjab,5942,Book Store,Sole Proprietor,Ludhiana,2025-01-25 00:00:00,INACTIVE,True,529.29,True
MCH7044,Chanda-Gaba,Karnataka,5812,Restaurant,Private Limited,Bangalore,2023-06-04 10:26:47,ACTIVE,False,402.62,True
MCH2764,"Yogi, Jani and Choudhry",Punjab,4814,Telecom,Individual,Ludhiana,2024-04-19 00:00:00,ACTIVE,False,516.18,True
MCH8436,"Seshadri, Minhas and Subramanian",Delhi,4814,Telecom,Individual,Delhi,2025-12-21 00:00:00,ACTIVE,False,1427.93,True
MCH6369,"Chaudhry, Batra and Rama",Punjab,4131,Transportation,Partnership,Jalandhar,2024-04-15 00:00:00,INACTIVE,False,612.29,True
MCH1326,"Chaudhry, Agrawa1 and Sridhar",Karnataka,5942,Book Store,Sole Proprietor,Bangalore,2024-05-20 00:00:00,ACTIVE,False,177.58,True
MCH9844,MENON AND SONS,Maharashtra,4131,Transportation,Sole Proprietor,Mumbai,2024-04-14 00:00:00,ACTIVE,False,1083.0,False
MCH3911,"Majumdar, Sane and Raval",Maharashtra,5812,Restaurant,Sole Proprietor,Poona,2025-09-05 21:26:37,SUSPENDED,False,2093.32,True
MCH6548,"Nayak, Kannan and Chatterjee",Rajasthan,5999,Misc Retail,Private Limited,Jaipur,2025-07-28 00:00:00,ACTIVE,False,2065.28,False
MCH9151,Ravi Ltd,Punjab,4131,Transportation,Partnership,Jalandhar,2025-06-26 08:37:00,INACTIVE,False,779.12,False
MCH8283,Nagar Group,West Bengal,4814,Telecom,Partnership,Kolkata,2026-02-08 06:11:47,ACTIVE,False,1032.5,False
MCH8496,Sandhu PLC,Telangana,5942,Book Store,Partnership,Hyderabad,2025-01-10 19:16:00,INACTIVE,False,,True
MCH6843,"Thakkar, Date and Balasubramanian",Maharashtra,5699,Apparel,Individual,Mumbai,2024-06-19 00:00:00,ACTIVE,False,2750.74,True
MCH1335,"Wagle, Kamdar and Mallick",Maharashtra,7011,Hotel / Lodging,Sole Proprietor,Mumbai,2024-03-05 01:55:00,SUSPENDED,False,398.0,True
MCH4531,bail-ramachandran,Rajasthan,4814,Telecom,Private Limited,Jaipur,2025-05-11 18:13:55,ACTIVE,False,597.69,True
MCH3351,"Loke, Narasimhan and Gandhi",Punjab,5912,Medical / Pharmacy,Partnership,Amritsar,2023-06-22 00:00:00,SUSPENDED,False,1029.99,False
MCH8425,"Bhatnagar,ComarandHans",Punjab,7011,Hotel / Lodging,Individual,Jalandar,2025-06-12 00:00:00,ACTIVE,False,637.53,True
MCH4913,Baral-Bhattacharyya,Punjab,4131,Transportation,Individual,Amritsar,2023-05-19 19:12:00,INACTIVE,False,697.03,True
MCH1448,TAK AND SONS,Maharashtra,5999,Misc Retail,Sole Proprietor,Mumbai,2024-03-30 02:02:17,ACTIVE,False,2897.23,True
MCH8192,"oza, sant and loke",West Bengal,5411,Grocery,Private Limited,Kolkata,2024-05-11 00:46:00,INACTIVE,False,408.0,True
MCH2624,Pandya Group,Maharashtra,5311,Department Store,Individual,Mumbai,2023-12-09 00:00:00,SUSPENDED,False,606.95,True
MCH1558,Shroff-Khanna,Karnataka,4814,Telecom,Partnership,Bangalore,2023-01-20 12:52:42,ACTIVE,False,1953.35,False
MCH4306,"Narula, Hegde and Minhas",Karnataka,5411,Grocery,Private Limited,Bangalore,2025-08-03 01:58:17,ACTIVE,True,2023.94,False
MCH9930,Kale LLC,Rajasthan,5699,Apparel,Sole Proprietor,Jaipur,,ACTIVE,False,1917.92,False
MCH9605,Chokshi LLC,Karnataka,5812,Restaurant,Sole Proprietor,Bangalore,2026-01-31 00:00:00,ACTIVE,False,2523.0,False
MCH5042,Narasimhan Ltd,Maharashtra,7011,Hotel / Lodging,Private Limited,Pune,2025-11-03 00:00:00,ACTIVE,False,,False
MCH1842,"Singh, Dhillon and Garg",Uttar Pradesh,4814,Telecom,Partnership,Lucknow,2024-10-21 00:00:00,INACTIVE,True,182.82,True
MCH2859,"Doctor, Bir and Lanka",Telangana,5411,Grocery,Private Limited,Hyderabad,2025-04-03 00:00:00,ACTIVE,False,2296.45,False
MCH3469,Ha1der-Bains,Punjab,,,Private Limited,Ludhiana,,ACTIVE,False,943.76,True
MCH3402,"Lala, Loyal and Trivedi",Maharashtra,5999,Misc Retail,Partnership,Poona,2025-12-14 00:00:00,INACTIVE,False,1152.61,True
MCH5111,Ramachandran Group,Punjab,,,Private Limited,Ludhiana,2026-01-05 10:29:00,ACTIVE,False,541.94,True
MCH4413,Bedi-Chanda,Tamil Nadu,4131,Transportation,Private Limited,Chennai,2024-01-16 00:17:39,ACTIVE,False,3646.52,False
MCH7163,"Chowdhury, Goyal and Pradhan",Maharashtra,4131,Transportation,Sole Proprietor,Pune,2023-08-11 00:00:00,ACTIVE,True,806.17,True
MCH6268,"yogi, sachar and mammen",Punjab,5411,Grocery,Sole Proprietor,Jalandhar,2025-11-05 00:00:00,ACTIVE,False,1773.0,True
MCH1084,Krishnamurthy Inc,Punjab,5999,Misc Retail,Private Limited,Jalandar,2025-04-21 00:00:00,ACTIVE,False,4469.21,True
MCH6221,Dey-Maharaj,Punjab,5912,Medical / Pharmacy,Private Limited,Ludhiana,2026-01-22 00:00:00,INACTIVE,True,402.9,True
MCH3788,BHARGAVA AND SONS,Karnataka,4131,Transportation,Partnership,Bangalore,2025-12-18 00:00:00,ACTIVE,False,2495.65,True
MCH3061,Viswanathan Ltd,Uttar Pradesh,5942,Book Store,Private Limited,Lucknow,2025-04-25 00:00:00,INACTIVE,False,574.59,False
MCH2376,"Lata, Krishnamurthy and Lal",Punjab,5311,Department Store,Partnership,Jalandhar,2025-12-05 00:00:00,ACTIVE,False,113.0,False
MCH8933,magar inc,Uttar Pradesh,7011,Hotel / Lodging,Sole Proprietor,Lucknow,2025-03-08 00:00:00,ACTIVE,False,1568.46,True
MCH3438,Kapur-Mangat,Telangana,4131,Transportation,Partnership,Hyderabad,,ACTIVE,False,1153.19,True
MCH4040,"Bahri, Solanki and Magar",Tamil Nadu,5311,Department Store,Private Limited,Chennai,2025-01-28 03:48:23,ACTIVE,False,1173.0,True
MCH9912,"Gade, Bajaj and Zachariah",Punjab,7011,Hotel / Lodging,Sole Proprietor,Ldh,2023-02-22 18:06:00,ACTIVE,False,564.0,False
MCH9846,Mukherjee Ltd,Tamil Nadu,5812,Restaurant,Sole Proprietor,Chennai,2024-09-15 00:00:00,ACTIVE,False,1799.62,True
MCH3242,"upadhyay, dash and vaidya",Rajasthan,5999,Misc Retail,Partnership,Jaipur,,ACTIVE,False,1731.73,False
MCH5371,Tailor Ltd,Punjab,,,Sole Proprietor,Jalandhar,2024-10-08 00:00:00,ACTIVE,False,2851.53,True
MCH4324,Choudhury Group,Tamil Nadu,5311,Department Store,Individual,Chennai,2024-11-02 00:00:00,ACTIVE,False,10680.0,True
MCH9358,Shroff Ltd,West Bengal,5311,Department Store,Sole Proprietor,Kolkata,2023-05-21 00:00:00,ACTIVE,False,1856.54,True
MCH8277,"Patil, Goyal and Sarin",Punjab,5912,Medical / Pharmacy,Individual,Amritsar,2025-07-04 00:00:00,INACTIVE,False,1542.69,True
MCH9041,Kade-Sahota,Maharashtra,4131,Transportation,Individual,Poona,,ACTIVE,False,2738.21,True
MCH1288,"jain, loke and zacharia",Karnataka,4131,Transportation,Sole Proprietor,Bangalore,2023-07-17 08:08:00,ACTIVE,False,915.81,True
MCH2634,"KARNIK, BAINS AND RATTI",Karnataka,5311,Department Store,Individual,Bangalore,2025-03-20 07:33:00,ACTIVE,False,581.71,True
MCH6409,Wason and Sons,Karnataka,5699,Apparel,Private Limited,Bangalore,2024-10-07 00:00:00,SUSPENDED,False,1111.14,True
MCH1567,Bhargava-Bora,Punjab,5812,Restaurant,Private Limited,Jalandhar,2024-12-20 00:00:00,ACTIVE,False,101.33,True
MCH2928,"Hans, Parmer and Buch",Punjab,5812,Restaurant,Private Limited,Ludhiana,2025-12-04 00:00:00,INACTIVE,False,1903.0,False
MCH4746,"Srivastava, Bhattacharyya and Morar",Tamil Nadu,5999,Misc Retail,Sole Proprietor,Chennai,2025-07-29 00:00:00,INACTIVE,False,402.85,False
MCH9729,Prabhakar Ltd,Karnataka,5812,Restaurant,Individual,Bangalore,2025-12-28 11:50:57,ACTIVE,False,1127.0,False
MCH5727,"Sandal, Deshmukh and Lata",Karnataka,5699,Apparel,Partnership,Bangalore,2024-04-21 23:21:20,ACTIVE,False,411.34,True
MCH3079,anne-sen,Maharashtra,5942,Book Store,Individual,Poona,2025-08-04 00:00:00,ACTIVE,False,,False
MCH9772,Vyas-Ganguly,Punjab,5942,Book Store,Partnership,Jalandhar,2023-12-25 00:00:00,ACTIVE,False,1198.91,True
MCH9045,"Kaul, Sethi and Vaidya",Karnataka,4814,Telecom,Partnership,Bangalore,,INACTIVE,False,1488.0,True
MCH8934,Dubey and Sons,Karnataka,5411,Grocery,Sole Proprietor,Bangalore,2025-09-12 05:11:51,INACTIVE,False,1359.0,False
MCH7574,"Saini, Dubey and Bava",Maharashtra,,,Private Limited,Pune,2024-09-28 01:58:00,ACTIVE,False,1109.44,False
MCH6095,"Sahota, Misra and Kata",Telangana,,,Partnership,Hyderabad,2024-11-29 00:00:00,ACTIVE,False,665.0,False
MCH6917,"Deshmukh, Parmar and Lad",Rajasthan,4814,Telecom,Sole Proprietor,Jaipur,2023-07-29 00:00:00,ACTIVE,False,1543.47,True
MCH2618,"Loyal, Nadkarni and Mangal",Karnataka,5942,Book Store,Partnership,Bangalore,2026-01-27 20:44:00,ACTIVE,False,816.0,True
MCH8555,Ar0ra PLC,Delhi,5999,Misc Retail,Private Limited,Delhi,2023-04-15 00:00:00,ACTIVE,False,1643.0,True
MCH5683,"ramesh, bhalla and murthy",West Bengal,4131,Transportation,Private Limited,Kolkata,2025-12-02 00:00:00,ACTIVE,False,3635.0,False
MCH8697,Karnik Ltd,Telangana,5999,Misc Retail,Sole Proprietor,Hyderabad,2023-01-19 11:39:00,ACTIVE,False,353.31,True
MCH4658,Kapadia Inc,Telangana,5311,Department Store,Individual,Hyderabad,2023-05-21 00:00:00,ACTIVE,False,2693.95,True
MCH1179,Suresh-Chand,Tamil Nadu,5942,Book Store,Partnership,Chennai,2025-11-19 00:00:00,ACTIVE,False,,False
MCH2598,Sani Gr0up,Maharashtra,,,Partnership,Pune,2025-11-27 17:05:19,ACTIVE,False,489.0,True
MCH7648,"Trivedi, Ramachandran and Keer",Telangana,,,Private Limited,Hyderabad,2024-11-12 16:04:31,SUSPENDED,False,1840.11,True
MCH2772,Rajagopalan-Lal,Punjab,5699,Apparel,Partnership,Jalandar,2025-05-03 00:00:00,SUSPENDED,False,594.07,True
MCH5597,"Shankar, Pandey and Sridhar",Uttar Pradesh,5812,Restaurant,Private Limited,Lucknow,,ACTIVE,False,380.65,False
MCH4774,Wadhwa PLC,Punjab,5311,Department Store,Partnership,Jalandhar,2026-01-09 14:20:47,ACTIVE,False,374.94,True
MCH9015,PRASHAD INC,Tamil Nadu,5812,Restaurant,Sole Proprietor,Chennai,2025-08-05 00:00:00,ACTIVE,False,787.45,True
MCH8727,Vig-Mann,Delhi,5999,Misc Retail,Partnership,Delhi,,ACTIVE,False,157.65,True
MCH9968,Kata-Bawa,Uttar Pradesh,5311,Department Store,Private Limited,Lucknow,2025-09-01 12:08:34,ACTIVE,False,2070.31,False
MCH7444,Lanka-Shukla,Maharashtra,5699,Apparel,Private Limited,Mumbai,2023-03-13 03:58:00,ACTIVE,False,2750.67,True
MCH6626,Zacharia-Kapadia,Uttar Pradesh,5912,Medical / Pharmacy,Private Limited,Lko,2024-07-25 00:00:00,INACTIVE,False,2864.89,False
MCH5493,ROY GROUP,Uttar Pradesh,5812,Restaurant,Partnership,Lucknow,2024-05-11 12:32:56,ACTIVE,False,,True
MCH5937,"Babu, Contractor and Sem",Telangana,5411,Grocery,Private Limited,Hyderabad,2023-01-04 00:00:00,INACTIVE,False,415.88,False
MCH9986,tak ltd,Delhi,4131,Transportation,Partnership,Delhi,2025-01-21 00:00:00,ACTIVE,True,1750.99,True
MCH6926,Bhattacharyya and S0ns,Rajasthan,,,Private Limited,Jaipur,2025-08-28 10:51:00,ACTIVE,False,3997.27,False
MCH3080,lad-soman,Punjab,5411,Grocery,Sole Proprietor,Jalandhar,2024-12-01 13:22:52,ACTIVE,True,152.69,False
MCH8240,Sur LLC,Uttar Pradesh,5912,Medical / Pharmacy,Partnership,Lucknow,2025-08-10 00:00:00,ACTIVE,False,1777.69,True
MCH1204,Rana Group,Rajasthan,5311,Department Store,Private Limited,Jaipur,2025-05-24 15:30:29,ACTIVE,False,733.33,False
MCH1347,D’ALIA GROUP,Tamil Nadu,7011,Hotel / Lodging,Private Limited,Chennai,2023-07-02 00:00:00,ACTIVE,False,1739.0,True
MCH2040,ATWAL-VARUGHESE,Karnataka,5311,Department Store,Individual,Bangalore,2025-06-26 00:00:00,ACTIVE,False,2009.33,False
MCH2831,Rastogi-Devi,Delhi,,,Private Limited,Delhi,2023-10-20 00:00:00,ACTIVE,False,501.88,True
MCH5502,Dutta and Sons,West Bengal,5311,Department Store,Partnership,Kolkata,2025-04-08 00:00:00,ACTIVE,True,595.34,True
MCH4200,"Sood, Kurian and Raghavan",Rajasthan,5699,Apparel,Individual,Jaipur,2024-08-18 00:00:00,ACTIVE,False,2010.35,True
MCH8448,"Roy, Parekh and Ratti",Rajasthan,7011,Hotel / Lodging,Private Limited,Jaipur,2024-07-25 22:15:50,ACTIVE,False,364.74,False
MCH1491,"Sarna, Chand and Goda",Punjab,4814,Telecom,Sole Proprietor,Ludhiana,2026-01-27 00:00:00,ACTIVE,False,1075.6,False
MCH5183,Chandra LLC,Rajasthan,5942,Book Store,Individual,Jaipur,2023-10-16 12:28:48,ACTIVE,False,578.29,False
MCH3089,Tata PLC,Punjab,5942,Book Store,Sole Proprietor,Jalandhar,2025-08-30 00:00:00,ACTIVE,True,2328.32,True
MCH3369,"yadav, deep and bassi",Uttar Pradesh,5999,Misc Retail,Individual,Lko,2024-05-16 00:00:00,ACTIVE,False,786.0,True
MCH7700,"Lanka, Setty and Muni",Delhi,5812,Restaurant,Partnership,Delhi,2025-06-14 00:00:00,INACTIVE,True,4782.98,False
MCH2261,Gr0ver Inc,Maharashtra,5812,Restaurant,Sole Proprietor,Mumbai,2025-11-25 01:19:55,ACTIVE,False,1519.0,False
MCH5084,Doshi LLC,Punjab,5942,Book Store,Individual,Jalandhar,2025-06-11 20:48:00,ACTIVE,False,182.0,True
MCH1605,"Patla, Thaman and Chatterjee",Karnataka,4131,Transportation,Partnership,Bangalore,2025-09-22 00:00:00,ACTIVE,False,932.8,True
MCH3096,"Pradhan, Anne and Dhillon",West Bengal,5812,Restaurant,Individual,Kolkata,2025-02-25 00:00:00,ACTIVE,False,,True
MCH8554,MANGAT PLC,Maharashtra,5999,Misc Retail,Sole Proprietor,Mumbai,2023-04-03 00:00:00,INACTIVE,False,,False
MCH9095,Mital-Reddy,Uttar Pradesh,4814,Telecom,Partnership,Lucknow,2025-12-07 00:00:00,SUSPENDED,False,1105.17,False
MCH9855,Samra-Manda,Tamil Nadu,4814,Telecom,Private Limited,Chennai,2025-02-01 00:00:00,ACTIVE,False,1167.22,True
MCH3968,"Peri, Sane and Mohanty",Maharashtra,5812,Restaurant,Individual,Mumbai,2024-06-10 04:21:00,ACTIVE,False,1174.15,False
MCH4600,Devi Group,Delhi,5311,Department Store,Individual,Delhi,2024-02-17 00:00:00,INACTIVE,False,1126.47,True
MCH2124,"Chander, Kohli and Dube",Delhi,4131,Transportation,Individual,Delhi,2024-02-15 00:00:00,ACTIVE,False,1551.09,True
MCH8316,Bakshi-Rout,Delhi,5311,Department Store,Private Limited,Delhi,2024-11-10 02:40:36,ACTIVE,False,618.0,False
MCH5390,Pall-Vig,Punjab,4131,Transportation,Private Limited,Amritsar,2024-02-18 13:47:07,ACTIVE,False,6624.25,True
MCH3586,"Ghose, Ganesh and Edwin",West Bengal,4814,Telecom,Sole Proprietor,Kolkata,2023-09-15 06:20:33,INACTIVE,False,1437.0,True
MCH2690,nagarajan inc,Uttar Pradesh,5912,Medical / Pharmacy,Sole Proprietor,Lko,2023-06-22 00:00:00,SUSPENDED,False,3091.83,True
MCH7478,"Sami, Brahmbhatt and Khurana",Maharashtra,5699,Apparel,Private Limited,Mumbai,2024-08-19 11:01:33,INACTIVE,False,,False
MCH5090,Chacko-Dora,Telangana,5411,Grocery,Sole Proprietor,Hyderabad,2023-12-27 00:00:00,ACTIVE,True,658.73,True
MCH8944,"Zachariah, Ratta and Contractor",Telangana,5311,Department Store,Private Limited,Hyderabad,2024-07-16 13:53:35,ACTIVE,False,2179.0,True
MCH5106,Sagar LLC,Punjab,5912,Medical / Pharmacy,Individual,Jalandhar,2026-02-23 06:38:00,ACTIVE,False,1707.71,False
MCH8211,Seth LLC,Maharashtra,5999,Misc Retail,Partnership,Pune,2024-09-08 00:27:35,ACTIVE,False,2939.69,False
MCH3088,Suresh LLC,Tamil Nadu,5411,Grocery,Partnership,Chennai,2024-03-08 00:00:00,ACTIVE,False,4739.6,False
MCH5388,Mann-Oza,Telangana,5942,Book Store,Private Limited,Hyderabad,,ACTIVE,False,1696.0,False
MCH2591,"Deol, Palla and Goel",Telangana,,,Individual,Hyderabad,2025-08-22 00:00:00,ACTIVE,False,468.59,True
MCH5784,"Kakar, Palla and Vyas",Punjab,5699,Apparel,Private Limited,Jalandhar,2024-06-01 22:17:58,ACTIVE,False,220.77,False
MCH1441,"Kakar, Parsa and Sodhi",Uttar Pradesh,5999,Misc Retail,Partnership,Lko,2024-06-09 00:00:00,ACTIVE,False,1723.15,True
MCH5560,"D’Alia, Dasgupta and Chakrabarti",Punjab,4131,Transportation,Sole Proprietor,Jalandhar,2023-02-09 00:00:00,INACTIVE,False,1247.75,False
MCH2818,Sibal Inc,Punjab,5411,Grocery,Sole Proprietor,Jalandhar,2025-06-03 00:00:00,ACTIVE,False,600.04,True
MCH6391,"BHATTI, KEER AND GUPTA",Maharashtra,4814,Telecom,Individual,Mumbai,2025-08-22 10:17:00,ACTIVE,False,684.0,False
MCH7228,SwaminathanLtd,Punjab,,,Partnership,Ludhiana,2024-03-13 00:00:00,ACTIVE,False,,True
MCH4501,BARMAN AND SONS,Delhi,5812,Restaurant,Private Limited,Delhi,2025-04-24 00:00:00,ACTIVE,False,523.04,False
MCH2013,"Nanda, Saraf and Halder",West Bengal,5411,Grocery,Individual,Kolkata,2025-04-22 00:00:00,ACTIVE,True,1721.62,False
MCH4524,Tara Ltd,Telangana,5999,Misc Retail,Private Limited,Hyderabad,2025-07-23 17:42:29,ACTIVE,False,1296.94,False
MCH3012,Sathe LLC,Tamil Nadu,,,Private Limited,Chennai,2024-10-23 02:09:00,SUSPENDED,False,448.76,False
MCH3564,"Konda, Natarajan and Chawla",Punjab,5999,Misc Retail,Private Limited,Amritsar,2025-10-08 00:00:00,ACTIVE,False,982.65,False
MCH4373,Raman-Karnik,Delhi,5942,Book Store,Partnership,Delhi,2023-08-09 15:36:00,ACTIVE,False,,True
MCH6351,Mahal-Padmanabhan,Karnataka,5812,Restaurant,Partnership,Bangalore,2025-03-30 00:00:00,ACTIVE,False,3129.06,True
MCH7268,Mand-Char,Maharashtra,5912,Medical / Pharmacy,Private Limited,Mumbai,2025-06-20 02:06:05,ACTIVE,False,1359.5,False
MCH5684,Dua-Ghose,Maharashtra,5311,Department Store,Partnership,Pune,2024-10-07 04:56:00,ACTIVE,False,465.0,False
MCH4179,"Choudhry, Bera and Pandit",West Bengal,5699,Apparel,Partnership,Kolkata,2025-08-14 04:33:40,ACTIVE,False,1930.08,True
MCH7149,Keer-Dua,Delhi,4131,Transportation,Private Limited,Delhi,2026-02-10 17:58:00,SUSPENDED,True,852.06,False
MCH1646,"Sane, Zacharia and Samra",Rajasthan,5912,Medical / Pharmacy,Individual,Jaipur,2023-12-31 00:00:00,ACTIVE,False,1891.86,True
MCH5965,Wason LLC,Telangana,4814,Telecom,Partnership,Hyderabad,2025-06-03 21:59:21,ACTIVE,False,2365.0,False
MCH3039,Murty Inc,Delhi,5411,Grocery,Individual,Delhi,2023-12-03 08:34:21,ACTIVE,False,1465.47,True
MCH1484,"Uppal, Butala and Tata",Karnataka,7011,Hotel / Lodging,Individual,Bangalore,2025-02-18 00:00:00,ACTIVE,True,3825.1,False
MCH7847,Ramakrishnan-Misra,Maharashtra,5411,Grocery,Individual,Mumbai,2025-12-04 00:00:00,ACTIVE,False,2108.0,False
MCH8080,Brar PLC,Maharashtra,4814,Telecom,Individual,Pune,2025-02-02 00:00:00,ACTIVE,False,1241.0,False
MCH7452,Kala LLC,Karnataka,5311,Department Store,Sole Proprietor,Bangalore,2025-07-07 00:00:00,ACTIVE,False,1838.62,True
MCH4170,Bassi Group,Punjab,5999,Misc Retail,Sole Proprietor,Ludhiana,2024-10-13 06:13:37,ACTIVE,False,591.58,True
MCH9080,Jani and Sons,Uttar Pradesh,5699,Apparel,Partnership,Lko,2025-05-13 00:00:00,SUSPENDED,False,672.43,True
MCH3468,Aurora-Ben,Telangana,,,Private Limited,Hyderabad,2025-03-16 00:00:00,ACTIVE,False,199.0,False
MCH4871,KUNDA LTD,Uttar Pradesh,5812,Restaurant,Partnership,Lucknow,2024-09-02 06:08:34,SUSPENDED,False,648.87,False
MCH2737,"Sani, Chowdhury and Ganesan",Karnataka,5999,Misc Retail,Partnership,Bangalore,2023-05-01 00:00:00,ACTIVE,False,610.07,True
MCH2076,Chad Ltd,Punjab,5942,Book Store,Sole Proprietor,Jalandhar,2024-07-03 02:08:00,ACTIVE,False,579.16,True
MCH3499,"Mand, Munshi and Bali",Tamil Nadu,5311,Department Store,Sole Proprietor,Chennai,2026-02-01 00:00:00,ACTIVE,False,1115.88,False
MCH9713,"Toor, Nayak and Varma",Punjab,5699,Apparel,Individual,Jalandhar,,ACTIVE,True,297.05,False
MCH1097,"Narayan, Datta and Chowdhury",Uttar Pradesh,5999,Misc Retail,Individual,Lko,2025-05-09 00:00:00,ACTIVE,False,343.8,False
MCH4975,"NAGY, KURUVILLA AND SAXENA",Delhi,7011,Hotel / Lodging,Sole Proprietor,Delhi,2025-05-25 00:00:00,ACTIVE,False,621.98,False
MCH8837,Tata-Rajagopal,Punjab,5411,Grocery,Partnership,Ludhiana,2023-09-03 00:00:00,SUSPENDED,False,2586.19,False
MCH5529,"Ganguly, Mukherjee and Boase",Tamil Nadu,,,Private Limited,Chennai,2025-04-01 00:00:00,ACTIVE,False,879.0,True
MCH1262,Lad and Sons,Punjab,7011,Hotel / Lodging,Individual,Jalandar,2025-11-17 01:26:45,ACTIVE,False,503.65,True
MCH2302,"Sekhon, Tak and Dhingra",Punjab,5942,Book Store,Sole Proprietor,Amritsar,2023-11-11 00:00:00,ACTIVE,False,852.28,True
MCH1247,"Nayak, Lala and Pillai",Karnataka,5411,Grocery,Sole Proprietor,Bangalore,2023-01-19 00:00:00,INACTIVE,False,677.02,True
MCH9613,Tella Group,Telangana,5912,Medical / Pharmacy,Partnership,Hyderabad,2024-07-29 00:00:00,ACTIVE,False,,True
MCH5114,Sarraf-Iyengar,Delhi,5912,Medical / Pharmacy,Individual,Delhi,2025-02-26 09:24:05,ACTIVE,False,452.11,True
MCH2897,Bath Ltd,Telangana,5999,Misc Retail,Private Limited,Hyderabad,2025-07-23 05:48:07,ACTIVE,False,2239.12,False
MCH6535,Nagy and Sons,Telangana,5411,Grocery,Sole Proprietor,Hyderabad,2023-11-24 00:00:00,ACTIVE,False,291.26,False
MCH7465,Bhatt Group,Maharashtra,,,Individual,Pune,2023-04-10 00:00:00,ACTIVE,False,3040.67,True
MCH7458,"hans, som and krish",Karnataka,,,Sole Proprietor,Bangalore,2025-09-20 20:06:00,ACTIVE,False,8448.66,False
MCH9083,"Gera, Varghese and Karpe",Rajasthan,5311,Department Store,Private Limited,Jaipur,2025-05-19 00:31:00,ACTIVE,False,3755.09,True
MCH2962,"Naik, Ranganathan and Sahota",Maharashtra,4814,Telecom,Partnership,Pune,2024-08-23 00:00:00,ACTIVE,False,174.64,True
MCH6758,"Kaul, Vyas and Bobal",Rajasthan,5912,Medical / Pharmacy,Sole Proprietor,Jaipur,,ACTIVE,False,1560.09,True
MCH9070,"buch, samra and tata",Uttar Pradesh,5912,Medical / Pharmacy,Partnership,Lucknow,2023-11-19 07:02:51,ACTIVE,False,5075.53,True
MCH9928,Kalita-Dave,Maharashtra,5999,Misc Retail,Private Limited,Mumbai,2023-02-14 00:00:00,ACTIVE,False,2034.32,False
MCH6251,"Sodhi, Handa and Venkatesh",Uttar Pradesh,5411,Grocery,Sole Proprietor,Lko,2025-09-18 00:00:00,SUSPENDED,False,291.55,True
MCH7863,"Lal, Hegde and Hora",Uttar Pradesh,5812,Restaurant,Partnership,Lko,2024-11-18 00:00:00,ACTIVE,False,673.1,True
MCH8602,Raghavan-Ah1uwa1ia,Tamil Nadu,5411,Grocery,Individual,Chennai,2023-01-19 00:00:00,ACTIVE,True,292.78,False
MCH6315,"Pal, Zacharia and Narayan",Maharashtra,7011,Hotel / Lodging,Sole Proprietor,Mumbai,2023-04-01 00:00:00,ACTIVE,False,529.2,True
MCH2886,"Raja, Hayre and Deshmukh",West Bengal,5912,Medical / Pharmacy,Private Limited,Kolkata,2024-07-04 00:00:00,ACTIVE,False,511.0,False
MCH8219,Devi Group,Punjab,4814,Telecom,Individual,Ludhiana,2023-01-06 05:16:57,ACTIVE,False,1980.0,False
MCH9075,BHAKTA INC,Delhi,4814,Telecom,Partnership,Delhi,2023-10-20 00:00:00,INACTIVE,False,1186.46,False
MCH9738,Barman-Rastogi,Tamil Nadu,5411,Grocery,Partnership,Chennai,2024-11-19 00:00:00,ACTIVE,False,2419.77,True
MCH6280,Khanna-Kanda,Maharashtra,5699,Apparel,Sole Proprietor,Pune,,ACTIVE,False,243.27,True
MCH9542,"Singh, Johal and Khalsa",Telangana,5942,Book Store,Individual,Hyderabad,2025-06-18 21:51:23,ACTIVE,False,2463.46,True
MCH4009,Deo PLC,West Bengal,4814,Telecom,Sole Proprietor,Kolkata,2025-10-10 23:14:50,ACTIVE,False,1937.0,False
MCH7796,"Kari, Sridhar and J0ha1",Maharashtra,5411,Grocery,Partnership,Poona,2024-12-09 00:00:00,ACTIVE,False,489.31,True
MCH2046,Konda-Garde,Uttar Pradesh,5411,Grocery,Sole Proprietor,Lucknow,2026-01-28 00:00:00,ACTIVE,False,1405.98,False
MCH2390,Bandi-Sidhu,Rajasthan,5311,Department Store,Sole Proprietor,Jaipur,,ACTIVE,False,1091.1,True
MCH5305,taneja inc,Tamil Nadu,7011,Hotel / Lodging,Sole Proprietor,Chennai,2024-06-01 00:00:00,ACTIVE,False,1731.48,True
MCH4848,"Borra, Balakrishnan and Chad",Delhi,5699,Apparel,Partnership,Delhi,2024-06-18 00:00:00,ACTIVE,False,3072.49,True
MCH7597,Vohra-Mitter,Maharashtra,,,Sole Proprietor,Pune,2025-07-31 00:00:00,ACTIVE,False,2111.86,True
MCH7017,"Roy, Khosla and Oak",Uttar Pradesh,,,Sole Proprietor,Lucknow,2025-09-14 00:00:00,ACTIVE,False,952.71,True
MCH3661,"Deshmukh, Patla and Goel",Punjab,4131,Transportation,Individual,Ludhiana,2023-11-17 00:00:00,SUSPENDED,False,1439.0,True
MCH7128,Agarwal Group,Punjab,5912,Medical / Pharmacy,Private Limited,Jalandhar,2023-06-06 20:54:00,ACTIVE,False,6405.9,False
MCH5758,"aggarwal, hayer and nayar",Punjab,5999,Misc Retail,Individual,Amritsar,2023-09-22 00:00:00,ACTIVE,False,3630.79,True
MCH7502,GOKHALE LLC,Punjab,5311,Department Store,Individual,Amritsar,2024-06-07 00:00:00,ACTIVE,False,1185.45,True
MCH6180,Thakur and Sons,Uttar Pradesh,5699,Apparel,Private Limited,Lko,2025-05-24 02:59:23,ACTIVE,False,699.96,True
MCH7591,Gour-Hora,Punjab,5812,Restaurant,Sole Proprietor,Amritsar,2023-07-12 05:34:00,ACTIVE,False,1230.68,True
MCH7370,Peri LLC,West Bengal,4131,Transportation,Private Limited,Kolkata,2023-09-28 00:00:00,ACTIVE,False,1188.42,True
MCH8588,"Kala, Kant and Gola",Tamil Nadu,,,Individual,Chennai,2025-11-24 00:00:00,ACTIVE,False,,True
MCH2244,Master PLC,Punjab,5912,Medical / Pharmacy,Private Limited,Jalandar,2024-06-10 01:44:00,INACTIVE,False,2383.0,False
MCH6551,Oza LLC,Uttar Pradesh,7011,Hotel / Lodging,Private Limited,Lucknow,2023-07-11 00:00:00,ACTIVE,False,578.45,False
MCH7972,Lata Inc,Karnataka,5411,Grocery,Partnership,Bangalore,2024-12-16 00:00:00,ACTIVE,True,401.1,True
MCH3787,"Boase, Mand and Khatri",Maharashtra,5411,Grocery,Partnership,Pune,2025-03-21 00:49:00,ACTIVE,False,1436.68,True
MCH2583,Gole-Prabhakar,Karnataka,4814,Telecom,Private Limited,Bangalore,2025-04-21 00:00:00,ACTIVE,False,323.0,True
MCH1478,Sah0ta LLC,Rajasthan,5912,Medical / Pharmacy,Individual,Jaipur,2024-09-12 18:14:03,INACTIVE,False,2037.0,True
MCH5190,Karpe Inc,Delhi,5942,Book Store,Sole Proprietor,Delhi,2024-06-07 13:34:28,ACTIVE,False,2042.93,True
MCH5645,Dey Ltd,Punjab,4814,Telecom,Private Limited,Jalandhar,2025-12-18 00:00:00,ACTIVE,False,1164.31,True
MCH6239,Varkey-More,Uttar Pradesh,5699,Apparel,Private Limited,Lko,2025-08-20 00:00:00,ACTIVE,False,849.3,False
MCH5188,"Dube, Nair and Datta",Punjab,4131,Transportation,Individual,Jalandhar,2023-03-22 00:00:00,ACTIVE,False,2008.92,True
MCH2551,"Krishnamurthy, Murthy and Savant",Maharashtra,5699,Apparel,Private Limited,Pune,2023-09-27 00:00:00,ACTIVE,False,3427.0,True
MCH9404,BARAL AND SONS,West Bengal,4131,Transportation,Private Limited,Kolkata,2025-02-10 00:00:00,ACTIVE,False,,False
MCH4275,"Boase, Chanda and Bajaj",Delhi,5311,Department Store,Individual,Delhi,2025-06-29 18:15:12,ACTIVE,False,684.1,True
MCH9343,Sridhar-Sarna,Tamil Nadu,7011,Hotel / Lodging,Partnership,Chennai,2025-08-16 00:00:00,ACTIVE,False,287.96,True
MCH2155,Vig-Bobal,Delhi,4814,Telecom,Private Limited,Delhi,2023-05-03 00:00:00,ACTIVE,False,8483.0,True
MCH8377,"garde, varty and vyas",Maharashtra,4131,Transportation,Individual,Mumbai,2025-08-01 20:50:41,ACTIVE,False,1200.23,False
MCH6274,Mall Inc,Punjab,7011,Hotel / Lodging,Partnership,Amritsar,2025-06-21 00:00:00,ACTIVE,False,1700.39,True
MCH5698,Rana Ltd,Tamil Nadu,5942,Book Store,Private Limited,Chennai,2025-01-07 00:00:00,ACTIVE,False,2808.27,False
MCH8852,Bali-Hora,Delhi,,,Individual,Delhi,2024-07-09 00:00:00,ACTIVE,False,2821.74,False
MCH9143,Prakash Inc,Uttar Pradesh,5812,Restaurant,Partnership,Lucknow,2023-03-02 00:00:00,ACTIVE,False,1791.89,True
MCH7338,"Verma, Rai and Patla",Karnataka,,,Private Limited,Bangalore,2024-06-05 00:00:00,ACTIVE,False,2235.57,True
MCH5496,Bhagat and Sons,Uttar Pradesh,5912,Medical / Pharmacy,Partnership,Lucknow,2024-08-13 00:00:00,ACTIVE,True,199.73,True
MCH5361,"Baria,SantandMunshi",Delhi,5942,Book Store,Private Limited,Delhi,2025-02-01 00:00:00,ACTIVE,True,1636.11,True
MCH1199,"Chatterjee, Chada and Ghose",Tamil Nadu,5812,Restaurant,Private Limited,Chennai,2025-04-14 01:46:00,ACTIVE,False,6574.56,False
MCH3970,"Chawla, Sami and Mani",Maharashtra,5942,Book Store,Sole Proprietor,Poona,2023-04-25 00:00:00,ACTIVE,False,2506.67,True
MCH3509,Tandon-Thakur,Maharashtra,5999,Misc Retail,Private Limited,Poona,2024-03-27 19:41:52,ACTIVE,False,253.7,True
MCH8188,"ram, krish and pai",Uttar Pradesh,5999,Misc Retail,Partnership,Lko,2025-02-16 00:00:00,INACTIVE,False,734.28,True
MCH5465,"KEER, GILL AND TANK",Rajasthan,4814,Telecom,Individual,Jaipur,2023-10-23 00:00:00,ACTIVE,False,3170.0,True
MCH9837,Raval-Aurora,West Bengal,5812,Restaurant,Sole Proprietor,Kolkata,2023-04-26 00:00:00,ACTIVE,False,2990.0,False
MCH3145,Chaudry and Sons,Karnataka,5311,Department Store,Individual,Bangalore,2026-01-29 00:00:00,ACTIVE,False,,False
MCH1122,"Rana, Choudhury and Garde",Punjab,5912,Medical / Pharmacy,Partnership,Ldh,2024-11-30 00:00:00,ACTIVE,False,4792.92,True
MCH7881,MENON PLC,Maharashtra,5311,Department Store,Partnership,Pune,2024-02-04 00:00:00,ACTIVE,False,1357.1,True
MCH4547,rout inc,Karnataka,5812,Restaurant,Private Limited,Bangalore,2026-01-28 00:00:00,ACTIVE,False,307.37,True
MCH5646,badal-anand,Maharashtra,4814,Telecom,Private Limited,Mumbai,2025-06-05 23:31:00,ACTIVE,False,4606.04,True
MCH2278,"Mohanty, Bobal and Minhas",Maharashtra,7011,Hotel / Lodging,Sole Proprietor,Poona,2023-08-25 22:07:00,ACTIVE,False,4540.82,True
MCH4377,Kale-Krishnan,Karnataka,5942,Book Store,Partnership,Bangalore,2023-12-10 00:00:00,INACTIVE,False,2218.12,False
MCH1477,Ahluwalia-Devan,Rajasthan,5912,Medical / Pharmacy,Partnership,Jaipur,2024-04-15 00:00:00,ACTIVE,False,551.17,True
MCH5020,Sarna-Sarraf,Uttar Pradesh,5411,Grocery,Individual,Lucknow,2023-02-27 19:58:28,ACTIVE,False,3351.89,False
MCH6965,Lala Group,Maharashtra,5912,Medical / Pharmacy,Private Limited,Pune,2023-08-26 00:00:00,ACTIVE,False,256.0,False
MCH9782,"Prashad, Sura and Mutti",Punjab,5311,Department Store,Sole Proprietor,Amritsar,2025-04-17 00:00:00,ACTIVE,False,2734.0,False
MCH6113,"Shen0y, Kapadia and Pradhan",Punjab,5942,Book Store,Individual,Amritsar,2025-05-21 01:21:00,ACTIVE,False,8727.62,True
MCH7471,DASS LLC,Uttar Pradesh,5812,Restaurant,Sole Proprietor,Lucknow,2023-02-14 00:00:00,ACTIVE,False,390.54,True
MCH9048,Kalla PLC,Punjab,5812,Restaurant,Partnership,Jalandhar,2023-09-18 04:32:57,ACTIVE,False,544.22,False
MCH3386,"balay, chacko and dani",Rajasthan,5311,Department Store,Private Limited,Jaipur,2025-10-27 15:17:05,ACTIVE,False,2775.53,True
MCH4676,Shan Inc,Maharashtra,5999,Misc Retail,Sole Proprietor,Mumbai,2026-01-20 00:00:00,ACTIVE,False,2805.31,True
MCH5055,Aggarwal-Doctor,Telangana,5912,Medical / Pharmacy,Private Limited,Hyderabad,2024-07-04 02:56:33,ACTIVE,False,3805.08,False
MCH4454,"varghese, shenoy and mahajan",Maharashtra,5812,Restaurant,Partnership,Mumbai,2025-06-21 20:18:19,ACTIVE,False,1952.0,False
MCH6575,Sanghvi PLC,Uttar Pradesh,5942,Book Store,Individual,Lucknow,2025-02-15 00:00:00,ACTIVE,False,819.0,True
MCH4702,Nath Group,Uttar Pradesh,5311,Department Store,Sole Proprietor,Lucknow,2024-08-15 23:18:00,ACTIVE,False,584.0,False
MCH4573,"Borde, Patil and Taneja",Tamil Nadu,4814,Telecom,Individual,Chennai,2023-10-27 00:00:00,ACTIVE,False,642.81,True
MCH4169,"Vaidya, Vasa and Palan",Telangana,4814,Telecom,Individual,Hyderabad,2024-11-15 00:00:00,ACTIVE,False,1965.48,False
MCH1083,Chaudhry-Bhat,Punjab,5812,Restaurant,Sole Proprietor,Jalandhar,2025-04-30 00:00:00,INACTIVE,False,730.39,True
MCH5798,DIVAN-MAHAL,Rajasthan,5812,Restaurant,Individual,Jaipur,2023-02-19 00:00:00,ACTIVE,False,110.98,True
MCH7639,brar-chana,Maharashtra,5999,Misc Retail,Sole Proprietor,Mumbai,2025-02-20 05:32:00,ACTIVE,False,4805.68,True
MCH2788,"Dash, Mallick and Sachdev",Karnataka,5812,Restaurant,Individual,Bangalore,2025-04-06 04:08:29,ACTIVE,False,3989.94,True
MCH9813,"Padmanabhan,BrahmbhattandTrivedi",Punjab,5411,Grocery,Private Limited,Ludhiana,2025-01-27 10:19:00,ACTIVE,False,2491.37,True
MCH3256,"Patil, Tripathi and Seshadri",Punjab,5942,Book Store,Partnership,Ludhiana,2025-02-11 00:00:00,ACTIVE,False,4035.32,True
MCH6853,Prashad PLC,Delhi,7011,Hotel / Lodging,Private Limited,Delhi,2024-06-13 00:00:00,ACTIVE,False,410.64,True
MCH8226,Das-Subramanian,Rajasthan,5999,Misc Retail,Partnership,Jaipur,2024-03-26 00:00:00,ACTIVE,False,789.74,True
MCH5590,"Bhandari, M0re and Bhatti",Maharashtra,4131,Transportation,Partnership,Pune,2024-10-07 00:00:00,INACTIVE,False,2034.57,True
MCH6578,LAL-SACHDEVA,Punjab,4131,Transportation,Partnership,Jalandar,2026-01-04 13:25:00,ACTIVE,False,1965.27,True
MCH6030,"DHILLON, SUNDER AND SODHI",Rajasthan,5999,Misc Retail,Partnership,Jaipur,2025-02-19 00:00:00,ACTIVE,False,884.98,True
MCH2056,"Kadakia, Nagi and Ramakrishnan",Maharashtra,5699,Apparel,Sole Proprietor,Mumbai,2023-02-23 00:00:00,ACTIVE,False,2168.0,True
MCH4041,Salvi-Mishra,Punjab,5812,Restaurant,Sole Proprietor,Amritsar,,INACTIVE,False,1291.58,True
MCH3859,"mall, bassi and seshadri",Maharashtra,5411,Grocery,Partnership,Mumbai,,ACTIVE,False,610.0,False
MCH8007,Chaudhari Inc,Maharashtra,5699,Apparel,Sole Proprietor,Poona,2025-11-26 16:25:31,ACTIVE,False,1165.41,True
MCH9731,Chaudhry-Pillay,Rajasthan,5311,Department Store,Individual,Jaipur,2025-09-19 16:43:34,ACTIVE,False,516.39,True
MCH5790,Devi and Sons,Rajasthan,5942,Book Store,Partnership,Jaipur,2024-06-03 01:35:36,ACTIVE,False,8961.2,True
MCH1189,"rai, doctor and dar",Maharashtra,5699,Apparel,Sole Proprietor,Mumbai,2024-11-13 20:40:00,ACTIVE,False,1513.0,True
MCH6504,"wagle, choudhry and patla",Punjab,5942,Book Store,Private Limited,Jalandar,2025-11-14 00:00:00,ACTIVE,False,1748.0,False
MCH3854,"Was0n, Chauhan and Gh0se",Telangana,5812,Restaurant,Private Limited,Hyderabad,2025-09-01 00:00:00,ACTIVE,False,528.0,True
MCH8884,"Dubey, Srinivasan and Pillai",Tamil Nadu,,,Sole Proprietor,Chennai,2023-07-03 00:00:00,ACTIVE,False,,False
MCH6692,Parekh Group,Punjab,5942,Book Store,Partnership,Amritsar,2023-12-23 00:00:00,ACTIVE,False,3070.0,True
MCH2148,Dora Ltd,Punjab,5912,Medical / Pharmacy,Private Limited,Amritsar,2024-05-30 17:40:28,ACTIVE,False,343.34,False
MCH3447,ANDRA-EDWIN,Telangana,5699,Apparel,Individual,Hyderabad,2023-10-09 13:58:47,ACTIVE,False,1619.69,True
MCH6804,Johal and Sons,Tamil Nadu,5699,Apparel,Sole Proprietor,Chennai,2025-10-13 00:00:00,INACTIVE,False,4018.13,True
MCH3569,Choudhury-Prashad,Uttar Pradesh,5942,Book Store,Sole Proprietor,Lko,2025-02-17 00:00:00,ACTIVE,False,1411.0,False
MCH7364,VIG-BALA,Maharashtra,7011,Hotel / Lodging,Sole Proprietor,Mumbai,2024-08-29 05:57:59,ACTIVE,False,1242.0,True
MCH5511,"Pandya, Dugar and Dube",Delhi,5999,Misc Retail,Individual,Delhi,2025-02-09 08:12:00,ACTIVE,False,997.89,False
MCH6517,"Vig, Sen and Kumar",Delhi,5699,Apparel,Sole Proprietor,Delhi,2023-05-05 00:00:00,ACTIVE,False,1024.93,False
MCH9779,De0-Agate,West Bengal,4814,Telecom,Individual,Kolkata,2024-03-24 00:00:00,ACTIVE,False,2425.1,False
MCH4732,"RAMANATHAN, KANDA AND KARNIK",Uttar Pradesh,5812,Restaurant,Private Limited,Lucknow,2025-08-13 05:58:00,ACTIVE,False,3954.51,False
MCH5027,Mukhopadhyay-Brar,Punjab,5999,Misc Retail,Partnership,Ludhiana,2023-10-17 00:00:00,ACTIVE,False,3103.67,True
MCH4411,"Kale, Issac and Sibal",Maharashtra,5999,Misc Retail,Private Limited,Mumbai,2025-12-23 00:00:00,ACTIVE,False,566.46,True
MCH2104,Iyengar PLC,Uttar Pradesh,,,Private Limited,Lko,2025-03-20 13:20:17,SUSPENDED,False,1344.05,False
MCH2177,"Boase, Bajaj and Krish",Punjab,5999,Misc Retail,Private Limited,Jalandhar,2025-08-01 00:00:00,ACTIVE,False,420.77,False
MCH4354,Natarajan-Lad,Punjab,7011,Hotel / Lodging,Partnership,Amritsar,2023-08-18 00:00:00,ACTIVE,False,703.43,True
MCH1456,Madan-Ganesh,Punjab,5699,Apparel,Individual,Amritsar,2025-11-01 00:00:00,ACTIVE,False,,False
MCH7181,"Dar, Dada and Kala",West Bengal,4131,Transportation,Partnership,Kolkata,2023-04-14 00:00:00,ACTIVE,False,859.59,True
MCH6314,"kuruvilla, lalla and mallick",Uttar Pradesh,5699,Apparel,Private Limited,Lucknow,2026-01-05 15:15:00,ACTIVE,False,697.89,False
MCH7864,"Kumer, Iyer and Bhavsar",Punjab,4131,Transportation,Private Limited,Amritsar,2024-12-30 05:51:45,ACTIVE,False,611.66,True
MCH5294,Bhakta Group,Rajasthan,4814,Telecom,Private Limited,Jaipur,2023-12-27 00:00:00,ACTIVE,False,765.13,True
MCH9219,Baria Inc,Rajasthan,4814,Telecom,Sole Proprietor,Jaipur,2024-07-29 00:00:00,ACTIVE,False,1931.0,True
MCH5070,Rau-Nagar,Tamil Nadu,5999,Misc Retail,Private Limited,Chennai,2024-12-04 11:51:13,ACTIVE,False,11139.0,False
MCH1889,Bakshi LLC,Punjab,5999,Misc Retail,Individual,Jalandhar,2024-02-13 09:50:36,ACTIVE,False,2474.04,True
MCH6224,La1-Anand,Delhi,5912,Medical / Pharmacy,Private Limited,Delhi,2025-07-28 00:00:00,ACTIVE,False,3823.0,True
MCH4274,Walia Group,Maharashtra,4131,Transportation,Private Limited,Mumbai,2025-10-29 00:00:00,ACTIVE,False,1705.04,True
MCH1818,BAKSHI-GOLLA,West Bengal,5699,Apparel,Private Limited,Kolkata,2023-10-04 00:00:00,ACTIVE,False,4859.19,True
MCH6343,Prabhakar Ltd,Punjab,5411,Grocery,Sole Proprietor,Ludhiana,2025-11-13 00:00:00,INACTIVE,False,8227.32,False
MCH8114,"raman, sandal and bedi",Punjab,4814,Telecom,Individual,Jalandhar,2024-02-08 00:00:00,ACTIVE,False,1612.23,True
MCH7335,"Narayan, Cheema and Chana",Tamil Nadu,5812,Restaurant,Private Limited,Chennai,2025-03-18 19:16:00,ACTIVE,False,699.42,True
MCH2718,"Krishna, Prabhu and Kara",Karnataka,7011,Hotel / Lodging,Individual,Bangalore,2024-12-20 00:00:00,ACTIVE,False,529.14,True
MCH3718,"S0m, Barman and Bhavsar",Maharashtra,5411,Grocery,Sole Proprietor,Pune,,ACTIVE,False,312.19,True
MCH3338,"Mistry, Majumdar and Ghosh",Punjab,4814,Telecom,Individual,Ludhiana,2024-04-26 08:50:51,ACTIVE,False,1989.0,True
MCH8038,"singh, baria and kakar",Uttar Pradesh,5912,Medical / Pharmacy,Private Limited,Lko,2024-12-20 17:52:56,ACTIVE,False,1174.3,True
MCH9722,"KRISHNA, SAXENA AND AURORA",Uttar Pradesh,4814,Telecom,Individual,Lucknow,,ACTIVE,False,,True
MCH8966,Talwar PLC,Tamil Nadu,5999,Misc Retail,Sole Proprietor,Chennai,2023-07-23 00:00:00,ACTIVE,False,432.95,True
MCH5741,Rajagopalan PLC,Telangana,5942,Book Store,Individual,Hyderabad,2025-10-29 08:07:02,INACTIVE,False,1562.28,True
MCH1721,"Mammen, Ka1a and Gara",West Bengal,7011,Hotel / Lodging,Individual,Kolkata,2023-10-07 01:39:20,ACTIVE,False,1736.83,False
MCH7647,"Bala, Mody and Kumer",Maharashtra,5912,Medical / Pharmacy,Partnership,Mumbai,2025-12-30 18:11:40,INACTIVE,False,3285.0,True
MCH7358,Basak-Patla,Delhi,5999,Misc Retail,Sole Proprietor,Delhi,2025-12-19 00:00:00,ACTIVE,False,3053.41,True
MCH5912,shenoy plc,Karnataka,4814,Telecom,Individual,Bangalore,2023-12-12 00:00:00,ACTIVE,False,551.95,False
MCH6380,Naik-Kalla,Maharashtra,5999,Misc Retail,Individual,Pune,2026-01-02 06:05:56,SUSPENDED,True,1353.03,True
MCH7225,APTE-WADHWA,Punjab,5812,Restaurant,Individual,Jalandhar,2025-03-07 07:20:55,ACTIVE,True,5618.9,True
MCH5924,Chana-Thaman,Delhi,4814,Telecom,Sole Proprietor,Delhi,2025-09-27 23:42:15,ACTIVE,False,1054.56,True
MCH1680,"Dube, Sekhon and Nagarajan",Punjab,5699,Apparel,Sole Proprietor,Ludhiana,2025-02-03 01:50:32,ACTIVE,False,855.0,False
MCH7060,"Nayak, Parmer and Anand",West Bengal,,,Private Limited,Kolkata,2023-05-26 00:00:00,ACTIVE,False,1299.1,False
MCH8909,"PALAN, WALI AND WAGLE",Delhi,5999,Misc Retail,Individual,Delhi,,ACTIVE,False,1366.3,True
MCH7548,Dhillon Inc,Telangana,4814,Telecom,Private Limited,Hyderabad,2025-08-24 00:00:00,SUSPENDED,False,4170.0,True
MCH5607,Sengupta-Murty,Delhi,5942,Book Store,Sole Proprietor,Delhi,2023-10-05 00:00:00,ACTIVE,False,2739.15,True
MCH3518,Borah and Sons,Maharashtra,4131,Transportation,Sole Proprietor,Mumbai,2026-02-06 15:51:00,ACTIVE,False,451.33,True
MCH3477,"Mangal, Comar and Krish",Maharashtra,5311,Department Store,Sole Proprietor,Mumbai,2025-03-30 09:40:40,ACTIVE,False,13897.21,False
MCH4777,Babu-Choudhry,Delhi,4814,Telecom,Individual,Delhi,2026-01-10 00:00:00,ACTIVE,False,373.4,False
MCH7440,Rastogi-Manne,Uttar Pradesh,5699,Apparel,Sole Proprietor,Lucknow,2025-10-27 00:00:00,ACTIVE,False,2334.42,False
MCH1352,"Bandi, Soman and Manne",Punjab,5812,Restaurant,Individual,Jalandar,2026-01-28 00:00:00,ACTIVE,False,4146.0,False
MCH1400,Kapoor-Bhalla,Tamil Nadu,5699,Apparel,Partnership,Chennai,2023-05-17 00:00:00,ACTIVE,False,913.08,False
MCH9937,"Sant, Dada and Biswas",Telangana,4814,Telecom,Partnership,Hyderabad,2023-08-09 00:00:00,INACTIVE,False,663.0,False
MCH8151,Dalal PLC,Punjab,5699,Apparel,Individual,Jalandar,2024-08-01 20:15:56,ACTIVE,False,1200.0,True
MCH2914,Sharaf-Tara,West Bengal,5311,Department Store,Individual,Kolkata,2025-07-02 00:00:00,ACTIVE,False,542.0,False
MCH3085,Reddy-Wagle,Karnataka,7011,Hotel / Lodging,Sole Proprietor,Bangalore,2025-05-27 00:00:00,ACTIVE,False,258.0,False
MCH2345,"Kibe, Verma and Koshy",Karnataka,4814,Telecom,Individual,Bangalore,2024-06-28 00:00:00,ACTIVE,False,808.61,True
MCH3134,Rajan PLC,Rajasthan,5311,Department Store,Individual,Jaipur,2024-09-30 00:49:20,ACTIVE,False,993.0,True
MCH3263,SARNA-CHAUHAN,Uttar Pradesh,5812,Restaurant,Sole Proprietor,Lko,2025-05-18 00:00:00,ACTIVE,False,2348.1,True
MCH5261,M0dy Gr0up,Rajasthan,5942,Book Store,Individual,Jaipur,2025-12-11 00:00:00,ACTIVE,False,345.16,False
MCH9931,"Wadhwa, Loyal and Bhat",Uttar Pradesh,4814,Telecom,Partnership,Lko,2024-05-03 20:57:24,SUSPENDED,True,1226.34,False
MCH8597,Hayre-Badami,Punjab,5812,Restaurant,Private Limited,Amritsar,2023-05-26 00:00:00,ACTIVE,False,1847.81,True
MCH6071,nagy inc,Delhi,5311,Department Store,Private Limited,Delhi,,ACTIVE,True,2743.11,True
MCH1450,"HORA, KUNDA AND DANI",Punjab,5311,Department Store,Sole Proprietor,Ludhiana,2023-10-30 00:00:00,INACTIVE,False,1853.9,True
MCH1727,Chacko LLC,Punjab,5999,Misc Retail,Partnership,Amritsar,2023-07-23 00:00:00,ACTIVE,False,1914.68,False
MCH1280,"Ben, Madan and Dey",Uttar Pradesh,5942,Book Store,Private Limited,Lucknow,2025-06-13 00:00:00,ACTIVE,False,1308.81,False
MCH2448,shan ltd,Delhi,5699,Apparel,Private Limited,Delhi,2023-03-22 16:55:53,ACTIVE,False,331.32,False
MCH9004,KaurInc,Karnataka,5699,Apparel,Partnership,Bangalore,2023-10-07 00:00:00,ACTIVE,False,1124.44,True
MCH4010,"Barad, Mukherjee and Joshi",Punjab,5411,Grocery,Sole Proprietor,Amritsar,2024-01-28 00:00:00,ACTIVE,False,992.35,False
MCH1379,Chokshi Ltd,Tamil Nadu,5912,Medical / Pharmacy,Individual,Chennai,2024-01-23 00:00:00,ACTIVE,False,2729.5,True
MCH3014,Nagarajan-Bandi,Delhi,5311,Department Store,Individual,Delhi,2025-06-09 00:00:00,ACTIVE,False,3013.17,True
MCH2100,"Jani, Bobal and Singhal",Karnataka,7011,Hotel / Lodging,Individual,Bangalore,,ACTIVE,False,1281.0,False
MCH3941,Bassi-Deshmukh,Punjab,4814,Telecom,Individual,Amritsar,2025-10-25 00:00:00,ACTIVE,False,979.98,False
MCH1531,Savant and Sons,Delhi,7011,Hotel / Lodging,Private Limited,Delhi,2026-02-10 00:00:00,INACTIVE,False,1019.94,False
MCH6025,Wable and Sons,Maharashtra,4814,Telecom,Sole Proprietor,Pune,2026-01-14 04:31:00,ACTIVE,False,2018.15,False
MCH9396,Baria-Bhasin,Maharashtra,5912,Medical / Pharmacy,Partnership,Pune,2025-01-24 00:00:00,ACTIVE,True,157.3,True
MCH2742,"Manne, Patil and Mukhopadhyay",Maharashtra,5942,Book Store,Sole Proprietor,Poona,2025-03-10 00:00:00,ACTIVE,False,1389.0,True
MCH5831,KIBE INC,Punjab,4814,Telecom,Sole Proprietor,Ludhiana,2024-01-21 16:49:33,ACTIVE,False,2267.19,False
MCH2179,CHANDA-SURA,Punjab,5699,Apparel,Private Limited,Jalandhar,2026-01-07 00:00:00,ACTIVE,False,1281.24,True
MCH3753,vohra-din,West Bengal,5699,Apparel,Private Limited,Kolkata,2025-03-30 00:00:00,ACTIVE,False,754.9,True
MCH5958,"panchal, krishnan and thakkar",Tamil Nadu,5812,Restaurant,Private Limited,Chennai,2025-06-16 00:00:00,INACTIVE,False,999.64,True
MCH9584,"Bhat, Shukla and Bajaj",Maharashtra,5311,Department Store,Private Limited,Mumbai,2025-02-04 10:04:43,INACTIVE,False,4140.74,True
MCH5208,mann inc,Telangana,5411,Grocery,Private Limited,Hyderabad,2023-04-10 08:46:00,SUSPENDED,False,1269.59,False
MCH7432,taneja-hari,Karnataka,5699,Apparel,Sole Proprietor,Bangalore,2025-11-24 07:34:00,ACTIVE,False,1291.31,False
MCH3340,Bhargava LLC,West Bengal,5699,Apparel,Sole Proprietor,Kolkata,2025-10-12 02:52:58,SUSPENDED,True,4266.92,False
MCH2123,Lala and Sons,Maharashtra,5311,Department Store,Private Limited,Mumbai,2025-01-03 05:53:00,ACTIVE,False,13187.41,False
MCH5230,Bajaj Ltd,Delhi,,,Partnership,Delhi,2024-02-01 00:00:00,ACTIVE,False,3959.52,True
MCH9972,"Bakshi, Tata and Parmer",Telangana,5311,Department Store,Sole Proprietor,Hyderabad,2024-08-14 00:00:00,ACTIVE,False,1398.48,True
MCH3672,"Ray, Radhakrishnan and Parmar",Uttar Pradesh,7011,Hotel / Lodging,Private Limited,Lucknow,2024-11-30 20:09:36,ACTIVE,True,801.35,True
MCH3187,"Mand, Singhal and Raman",West Bengal,5912,Medical / Pharmacy,Sole Proprietor,Kolkata,2023-07-11 07:10:22,ACTIVE,False,4276.66,True
MCH6247,Dhar-Ram,Rajasthan,4814,Telecom,Individual,Jaipur,2026-01-14 00:00:00,ACTIVE,False,468.52,False
MCH4438,Vasa-Divan,West Bengal,5311,Department Store,Partnership,Kolkata,2025-09-10 05:49:00,ACTIVE,False,1288.65,True
MCH7960,Comar-Ramesh,Punjab,5411,Grocery,Sole Proprietor,Amritsar,2023-05-01 00:00:00,ACTIVE,False,,True
MCH3578,"badal, gopal and walla",Punjab,4131,Transportation,Individual,Amritsar,2024-05-19 20:33:00,ACTIVE,False,14795.0,True
MCH9457,"Grover, Deep and Subramaniam",Karnataka,4131,Transportation,Partnership,Bangalore,2026-01-19 00:00:00,ACTIVE,False,276.66,True
MCH1053,"gera, grover and sehgal",Punjab,4814,Telecom,Individual,Amritsar,2025-02-22 00:00:00,ACTIVE,True,708.11,False
MCH7840,Sood LLC,Maharashtra,5311,Department Store,Individual,Pune,2023-09-26 00:00:00,ACTIVE,False,394.0,True
MCH5954,"Chand, Dora and Dey",Tamil Nadu,,,Private Limited,Chennai,2025-08-28 14:38:01,ACTIVE,False,1159.45,False
MCH4944,"Pillai, Kurian and Sunder",Maharashtra,,,Sole Proprietor,Mumbai,2023-04-08 22:00:12,ACTIVE,False,907.45,True
MCH3216,K0thari-Bhatia,Telangana,5411,Grocery,Sole Proprietor,Hyderabad,2025-01-28 12:09:00,ACTIVE,False,1987.15,True
MCH6260,MITTAL PLC,Uttar Pradesh,5912,Medical / Pharmacy,Private Limited,Lucknow,2025-01-27 15:46:00,ACTIVE,False,,True
MCH8428,"Keer, Batra and Kapadia",Punjab,7011,Hotel / Lodging,Partnership,Jalandar,2024-08-19 14:22:51,ACTIVE,False,2475.47,False
MCH7042,BARAD-RAMAN,Tamil Nadu,4814,Telecom,Sole Proprietor,Chennai,2023-01-07 00:00:00,ACTIVE,False,986.23,True
MCH3475,"Wadhwa, Banik and Prakash",Rajasthan,5812,Restaurant,Private Limited,Jaipur,2025-01-16 00:00:00,ACTIVE,False,335.53,True
MCH8098,"Sahni, Bahri and Apte",Maharashtra,5912,Medical / Pharmacy,Individual,Poona,2025-08-27 08:34:00,ACTIVE,False,1970.0,True
MCH4720,sha ltd,Tamil Nadu,5411,Grocery,Partnership,Chennai,2024-04-05 00:00:00,ACTIVE,False,874.68,True
MCH5097,SATHE INC,Rajasthan,5311,Department Store,Sole Proprietor,Jaipur,2023-07-05 00:00:00,ACTIVE,False,997.33,True
MCH7628,"Mander, Guha and Varty",Maharashtra,4814,Telecom,Sole Proprietor,Mumbai,2026-01-12 00:00:00,SUSPENDED,False,8496.25,True
MCH7495,"Subramaniam, Radhakrishnan and Bahri",Punjab,5411,Grocery,Individual,Amritsar,2023-05-14 00:00:00,INACTIVE,False,1584.42,True
MCH6466,Randhawa LLC,Maharashtra,5311,Department Store,Individual,Pune,2024-06-03 00:00:00,ACTIVE,False,3082.9,True
MCH4744,Tiwari-Bedi,Maharashtra,5942,Book Store,Sole Proprietor,Poona,2024-07-13 00:00:00,INACTIVE,False,1636.0,True
MCH9593,Varty-Lala,Uttar Pradesh,5942,Book Store,Individual,Lko,2024-02-08 00:00:00,ACTIVE,False,3004.61,True
MCH8929,Nagi-Bala,West Bengal,5311,Department Store,Sole Proprietor,Kolkata,2024-12-17 17:24:00,ACTIVE,False,232.0,True
MCH6244,Memon and Sons,Maharashtra,5311,Department Store,Individual,Mumbai,2025-11-24 00:00:00,INACTIVE,True,1468.71,False
MCH2085,KALA-SHAH,Maharashtra,4131,Transportation,Private Limited,Poona,2024-07-22 00:00:00,ACTIVE,False,3590.82,True
MCH9482,"Vasa, Chada and Iyengar",Telangana,5411,Grocery,Partnership,Hyderabad,,ACTIVE,False,600.13,True
MCH6501,Ka1a-Garg,Punjab,,,Sole Proprietor,Ludhiana,2023-05-07 00:00:00,ACTIVE,False,471.98,True
MCH2007,"MAHAL, DIVAN AND SHARAF",Punjab,5999,Misc Retail,Sole Proprietor,Jalandhar,2023-02-02 22:14:37,ACTIVE,False,435.32,True
MCH3105,Bandi PLC,Maharashtra,5311,Department Store,Sole Proprietor,Mumbai,2026-01-05 07:13:24,ACTIVE,False,1578.41,True
MCH7654,Chakraborty Inc,Uttar Pradesh,5699,Apparel,Sole Proprietor,Lko,,ACTIVE,False,1250.0,False
MCH2778,madan plc,Punjab,5912,Medical / Pharmacy,Sole Proprietor,Amritsar,2024-03-25 00:00:00,ACTIVE,False,4029.72,True
MCH6056,IYENGAR-HEGDE,Punjab,4131,Transportation,Partnership,Amritsar,2025-03-23 00:00:00,ACTIVE,False,1004.69,False
MCH9704,"Maharaj, Sangha and Suresh",Maharashtra,5411,Grocery,Private Limited,Poona,2023-01-01 16:43:00,ACTIVE,True,1435.77,True
MCH9916,"Sur, Palla and Goyal",Maharashtra,4814,Telecom,Private Limited,Pune,2023-09-04 08:24:31,ACTIVE,False,282.0,True
MCH3260,Viswanathan Inc,Punjab,4131,Transportation,Individual,Amritsar,2025-09-24 18:33:11,INACTIVE,False,2698.89,False
MCH1609,Ram-Palla,Maharashtra,4814,Telecom,Private Limited,Mumbai,2023-07-17 21:30:00,ACTIVE,False,554.3,True
MCH5934,Krish-Doshi,Rajasthan,4131,Transportation,Individual,Jaipur,2024-02-24 03:10:41,ACTIVE,False,2895.4,True
MCH6508,Varty Inc,Punjab,5912,Medical / Pharmacy,Individual,Jalandar,2025-09-18 00:00:00,ACTIVE,False,3434.37,False
MCH2950,"Rastogi, Bhavsar and Varghese",Karnataka,5942,Book Store,Private Limited,Bangalore,2024-11-26 00:00:00,ACTIVE,False,2370.66,True
MCH5904,Karan Ltd,Karnataka,5699,Apparel,Sole Proprietor,Bangalore,2023-11-29 00:00:00,ACTIVE,False,1441.0,False
MCH9299,Pathak-Menon,Punjab,5812,Restaurant,Sole Proprietor,Ludhiana,2024-04-28 07:03:55,ACTIVE,False,3015.0,False
MCH7431,Nagarajan and Sons,Rajasthan,7011,Hotel / Lodging,Sole Proprietor,Jaipur,2023-01-04 00:00:00,ACTIVE,False,1657.0,True
MCH3330,"Keer, Gupta and Som",Punjab,5311,Department Store,Private Limited,Jalandhar,2025-11-26 00:00:00,ACTIVE,False,3134.69,True
MCH6805,Dora Ltd,Maharashtra,5311,Department Store,Private Limited,Mumbai,2025-09-17 00:00:00,ACTIVE,False,371.73,True
MCH7280,Baral Ltd,Punjab,5812,Restaurant,Individual,Jalandar,2025-12-18 14:28:00,ACTIVE,False,5521.6,False
MCH5401,Dave PLC,Maharashtra,5311,Department Store,Partnership,Mumbai,2023-06-03 00:00:00,ACTIVE,False,3231.0,False
MCH7464,DuttaLLC,Uttar Pradesh,4131,Transportation,Private Limited,Lucknow,2024-09-18 00:00:00,ACTIVE,False,270.92,False
MCH7830,Narayanan-Barad,Rajasthan,5912,Medical / Pharmacy,Private Limited,Jaipur,2025-12-14 17:19:27,SUSPENDED,False,1497.41,True
MCH3454,Rajagopal-Wason,Telangana,5812,Restaurant,Partnership,Hyderabad,2024-08-22 15:32:00,ACTIVE,True,1479.06,True
MCH8572,"Sheth,SethandKulkarni",Rajasthan,4814,Telecom,Individual,Jaipur,2026-01-15 00:00:00,ACTIVE,False,4326.0,True
MCH7917,Parsa-Madan,Maharashtra,5411,Grocery,Sole Proprietor,Pune,2023-04-02 01:07:51,INACTIVE,True,1524.64,True
MCH3362,Chander-Sangha,Punjab,5411,Grocery,Private Limited,Amritsar,2026-02-26 04:43:00,SUSPENDED,False,12795.59,False
MCH1636,"Natt, Mitter and Oza",Delhi,7011,Hotel / Lodging,Sole Proprietor,Delhi,2025-01-17 21:22:17,ACTIVE,False,987.0,False
MCH8096,Srinivas-Verma,Maharashtra,,,Partnership,Mumbai,,ACTIVE,False,2241.14,False
MCH1359,Palan-Minhas,Tamil Nadu,,,Individual,Chennai,2024-08-24 00:00:00,ACTIVE,False,1891.91,False
MCH7701,Ravel-Lala,Punjab,5411,Grocery,Private Limited,Ludhiana,2025-05-12 05:37:27,ACTIVE,False,1411.44,True
MCH7395,Bose and Sons,Karnataka,7011,Hotel / Lodging,Individual,Bangalore,2024-07-01 00:00:00,ACTIVE,False,431.0,True
MCH4165,nayar plc,Delhi,5311,Department Store,Private Limited,Delhi,2023-06-03 00:00:00,SUSPENDED,False,1388.15,False
MCH9137,Chakrabarti PLC,Rajasthan,4131,Transportation,Private Limited,Jaipur,2023-11-19 00:00:00,ACTIVE,False,347.82,True
MCH1663,"Edwin, Kala and Barad",Tamil Nadu,4131,Transportation,Individual,Chennai,2024-07-04 00:00:00,ACTIVE,False,449.21,True
MCH7746,LUTHRA GROUP,Rajasthan,5699,Apparel,Private Limited,Jaipur,2025-10-08 00:00:00,ACTIVE,False,1244.49,True
MCH6593,Sharma-Ahuja,Punjab,5411,Grocery,Sole Proprietor,Jalandar,2025-06-27 17:43:12,ACTIVE,False,3094.86,True
MCH2921,Bakshi-Narayanan,Uttar Pradesh,7011,Hotel / Lodging,Private Limited,Lucknow,2024-06-18 00:00:00,ACTIVE,True,6327.48,True
MCH2697,Shan-Warrior,Karnataka,4131,Transportation,Private Limited,Bangalore,2024-02-08 04:05:00,INACTIVE,False,1199.93,False
MCH3376,Sama-Gaba,Telangana,5411,Grocery,Individual,Hyderabad,,ACTIVE,False,732.24,True
MCH8981,Tara-Sinha,Karnataka,5999,Misc Retail,Individual,Bangalore,2025-10-02 00:00:00,ACTIVE,False,3617.0,True
MCH9867,TripathiLtd,Telangana,5942,Book Store,Individual,Hyderabad,2024-11-01 00:43:00,ACTIVE,False,936.0,False
MCH8633,Pillai-Lata,Punjab,5912,Medical / Pharmacy,Individual,Amritsar,2025-04-02 00:00:00,ACTIVE,False,1325.55,True
MCH4515,Memon-Upadhyay,Uttar Pradesh,4131,Transportation,Sole Proprietor,Lucknow,2024-04-03 17:37:57,ACTIVE,False,2435.25,False
MCH1058,"Vyas,VirkandDatta",Maharashtra,5311,Department Store,Partnership,Poona,2023-01-20 00:00:00,ACTIVE,False,1504.39,True
MCH6545,Garg PLC,Punjab,5699,Apparel,Partnership,Ludhiana,2024-02-20 00:00:00,ACTIVE,False,1653.52,False
MCH8059,Kapadia PLC,Maharashtra,4814,Telecom,Sole Proprietor,Mumbai,2023-06-05 00:00:00,INACTIVE,False,263.96,False
MCH6831,Kurian and Sons,Maharashtra,4131,Transportation,Private Limited,Pune,2024-09-08 00:00:00,ACTIVE,False,350.65,False
MCH4047,KAUL-BARAD,Maharashtra,5311,Department Store,Sole Proprietor,Mumbai,2025-05-13 00:00:00,ACTIVE,False,986.5,True
MCH6469,"Bahl, Barad and Dhillon",Tamil Nadu,5311,Department Store,Private Limited,Chennai,2025-02-10 00:00:00,ACTIVE,True,931.21,False
MCH1142,"Master, Soni and Kapadia",Tamil Nadu,4814,Telecom,Sole Proprietor,Chennai,2024-10-06 12:07:57,ACTIVE,False,252.13,True
MCH5236,"More, Luthra and Deol",Punjab,5999,Misc Retail,Partnership,Amritsar,2023-02-11 00:00:00,ACTIVE,False,1110.58,False
MCH8794,Mani-Zachariah,Karnataka,5411,Grocery,Partnership,Bangalore,2026-01-04 01:33:25,INACTIVE,False,6393.53,True
MCH4208,devi-mangal,Punjab,5942,Book Store,Sole Proprietor,Ludhiana,2025-08-27 16:16:44,ACTIVE,False,1564.41,False
MCH2709,"Iyengar, Dugar and Chacko",Rajasthan,7011,Hotel / Lodging,Private Limited,Jaipur,2023-09-16 04:28:40,ACTIVE,False,2413.11,True
MCH4289,singhal-dasgupta,Karnataka,,,Partnership,Bangalore,2025-02-17 00:00:00,ACTIVE,True,809.48,True
MCH3946,Dhar-Buch,Delhi,5812,Restaurant,Partnership,Delhi,2025-07-02 06:28:57,ACTIVE,False,1451.62,True
MCH2402,Dhillon Group,Maharashtra,5912,Medical / Pharmacy,Individual,Mumbai,2024-02-12 07:15:12,ACTIVE,False,1477.89,True
MCH7604,"Varkey, Hayer and Ratti",Tamil Nadu,5411,Grocery,Partnership,Chennai,2025-02-17 00:00:00,ACTIVE,False,868.52,True
MCH7154,"Raj, Ram and Chokshi",Tamil Nadu,5812,Restaurant,Private Limited,Chennai,2023-11-05 12:39:00,ACTIVE,False,242.8,False
MCH7138,Shere-Shankar,Tamil Nadu,5411,Grocery,Sole Proprietor,Chennai,2024-03-07 10:53:23,ACTIVE,False,1960.27,True
MCH9040,Sharma-Dubey,Rajasthan,,,Sole Proprietor,Jaipur,2023-06-25 10:52:00,ACTIVE,False,573.1,True
MCH5307,"Balan, Varughese and Dave",Maharashtra,5812,Restaurant,Partnership,Pune,,ACTIVE,False,204.07,True
MCH6216,"Bhatti, Dass and Deshpande",Punjab,5411,Grocery,Individual,Ludhiana,2024-09-08 01:01:00,ACTIVE,False,1325.06,True
MCH7987,Mangat-Sundaram,Tamil Nadu,5912,Medical / Pharmacy,Individual,Chennai,2023-02-25 00:00:00,ACTIVE,True,2275.51,True
MCH1021,Naik-Karpe,Maharashtra,5411,Grocery,Sole Proprietor,Mumbai,2025-11-16 17:48:36,ACTIVE,False,2341.57,True
MCH8915,"Chadha, Patil and Bose",Rajasthan,4131,Transportation,Sole Proprietor,Jaipur,2025-10-19 00:00:00,ACTIVE,True,775.66,False
MCH4000,"Dewan, Sunder and Bhakta",West Bengal,5411,Grocery,Private Limited,Kolkata,2023-06-25 20:40:27,ACTIVE,True,3205.97,True
MCH8901,Narasimhan and Sons,Punjab,4814,Telecom,Private Limited,Amritsar,2024-01-04 05:23:00,ACTIVE,False,772.61,True
MCH9101,Pal-Ramesh,Maharashtra,,,Partnership,Pune,2024-05-29 14:48:09,ACTIVE,False,1223.0,True
MCH8363,Salvi Group,Uttar Pradesh,7011,Hotel / Lodging,Sole Proprietor,Lucknow,2024-11-20 00:00:00,ACTIVE,False,833.32,False
MCH7945,"Barad, Wagle and Raju",Punjab,5912,Medical / Pharmacy,Individual,Ludhiana,2023-01-24 00:00:00,ACTIVE,False,268.67,True
MCH9175,BHATT LTD,Karnataka,7011,Hotel / Lodging,Sole Proprietor,Bangalore,2025-04-27 18:17:00,ACTIVE,False,567.73,True
MCH3025,"Sachdeva, Bora and Hegde",Maharashtra,4131,Transportation,Private Limited,Pune,2024-08-15 00:00:00,ACTIVE,False,611.84,True
MCH2608,"Loyal, Ghosh and Gaba",Telangana,5999,Misc Retail,Individual,Hyderabad,2025-03-21 00:00:00,ACTIVE,False,869.47,True
MCH9145,"Yadav, Bhatti and Atwal",Delhi,4814,Telecom,Partnership,Delhi,2025-11-24 00:00:00,ACTIVE,False,845.36,False
MCH2354,"TOOR, NAGI AND DARA",Maharashtra,5912,Medical / Pharmacy,Sole Proprietor,Pune,2024-04-12 23:57:41,ACTIVE,False,1954.79,True
MCH8069,MEMON INC,Punjab,,,Individual,Amritsar,2023-09-09 20:32:00,ACTIVE,False,557.54,True
MCH3797,"Dhaliwal, Parekh and Dey",Punjab,7011,Hotel / Lodging,Partnership,Jalandhar,2024-11-02 00:00:00,SUSPENDED,False,,True
MCH5257,Kara-Sibal,Karnataka,4814,Telecom,Individual,Bangalore,,ACTIVE,False,1601.92,True
MCH4971,"Gopal, Jayaraman and Narayan",Uttar Pradesh,5942,Book Store,Individual,Lko,2024-11-20 07:33:00,ACTIVE,False,650.74,False
MCH2649,Pandya PLC,Maharashtra,,,Individual,Pune,2025-05-31 00:00:00,ACTIVE,False,6206.32,True
MCH5219,"PRAKASH, AMBLE AND MUKHOPADHYAY",Rajasthan,7011,Hotel / Lodging,Sole Proprietor,Jaipur,2024-06-21 13:59:32,ACTIVE,True,2597.41,False
MCH7190,Som-Kibe,Uttar Pradesh,5699,Apparel,Private Limited,Lucknow,2023-04-09 07:24:49,ACTIVE,False,2254.41,False
MCH1515,"MALL, KARA AND SASTRY",Telangana,5699,Apparel,Partnership,Hyderabad,2024-07-19 00:00:00,ACTIVE,False,,True
MCH4197,Chaudry Group,Maharashtra,5912,Medical / Pharmacy,Private Limited,Pune,,ACTIVE,False,4814.44,True
MCH9716,"Kadakia, Mishra and Ba1i",Uttar Pradesh,5812,Restaurant,Private Limited,Lucknow,2023-09-09 13:40:00,ACTIVE,True,1762.09,True
MCH5164,"Yohannan,SahniandBasak",Maharashtra,,,Individual,Mumbai,2023-09-01 00:00:00,INACTIVE,False,830.61,True
MCH6827,Mangat and Sons,Punjab,5912,Medical / Pharmacy,Sole Proprietor,Jalandar,,ACTIVE,False,1859.4,True
MCH4228,"SINGHAL, BHASIN AND KAUL",Punjab,5699,Apparel,Private Limited,Amritsar,2025-05-23 00:00:00,ACTIVE,False,896.57,True
MCH9439,Jani LLC,Karnataka,5411,Grocery,Sole Proprietor,Bangalore,2024-02-24 00:00:00,ACTIVE,False,275.02,True
MCH1578,gala ltd,Karnataka,5999,Misc Retail,Individual,Bangalore,2023-04-13 00:00:00,ACTIVE,False,446.42,False
MCH9403,"Bains,BanerjeeandBansal",Maharashtra,7011,Hotel / Lodging,Partnership,Mumbai,2025-02-22 16:11:00,INACTIVE,False,1838.83,False
MCH7355,"Raval, Goswami and Sem",Maharashtra,4814,Telecom,Private Limited,Pune,2023-12-29 00:00:00,ACTIVE,False,2675.45,False
MCH7408,Bala Group,Telangana,,,Private Limited,Hyderabad,2026-01-13 00:00:00,ACTIVE,False,1032.22,True
MCH5036,Dutt-Nagy,Delhi,5812,Restaurant,Individual,Delhi,2023-03-15 00:48:00,ACTIVE,False,1947.0,False
MCH2862,Bhasin Group,Rajasthan,5699,Apparel,Partnership,Jaipur,2023-07-20 00:00:00,ACTIVE,False,544.8,True
MCH8501,Koshy-Mukherjee,Telangana,7011,Hotel / Lodging,Partnership,Hyderabad,2023-08-21 00:00:00,ACTIVE,False,3180.8,False
MCH7852,"Kapadia, K0nda and Luthra",Tamil Nadu,,,Sole Proprietor,Chennai,2023-05-12 06:13:06,SUSPENDED,False,4401.63,True
MCH1406,Parmer-Goswami,Karnataka,7011,Hotel / Lodging,Private Limited,Bangalore,2024-07-11 00:00:00,ACTIVE,False,2632.53,True
MCH5676,"BHATTI, CHAHAL AND MISHRA",Punjab,5311,Department Store,Individual,Jalandhar,2025-07-15 05:45:20,ACTIVE,False,744.63,True
MCH8419,Nigam Inc,Punjab,4814,Telecom,Sole Proprietor,Amritsar,2025-01-10 08:52:00,ACTIVE,False,462.51,True
MCH5356,Rege LLC,Punjab,5411,Grocery,Sole Proprietor,Ldh,2024-10-02 00:00:00,INACTIVE,False,917.24,False
MCH1817,"Mohanty, Behl and Rao",Maharashtra,4131,Transportation,Individual,Poona,2025-07-23 00:00:00,INACTIVE,False,2347.62,False
MCH5687,"Prasad, Tank and Char",Punjab,4131,Transportation,Individual,Ludhiana,,ACTIVE,False,487.38,True
MCH6376,"Naik, Dhillon and Sama",Punjab,5942,Book Store,Partnership,Jalandar,2024-01-20 00:00:00,ACTIVE,False,2593.39,True
MCH6980,sarna-rajagopal,Punjab,5999,Misc Retail,Partnership,Jalandhar,2024-02-13 12:55:41,ACTIVE,False,5229.33,False
MCH7493,Sachdeva-Pillai,West Bengal,5699,Apparel,Private Limited,Kolkata,2026-01-18 20:12:00,INACTIVE,False,203.44,True
MCH2314,"Tank, Bera and Dash",West Bengal,,,Sole Proprietor,Kolkata,2023-02-01 01:03:00,ACTIVE,False,2905.93,False
MCH5019,"Sah0ta, Rama and Rama",Uttar Pradesh,5912,Medical / Pharmacy,Partnership,Lko,2025-07-27 00:00:00,ACTIVE,False,955.0,True
MCH3895,Wable-Sarna,Rajasthan,,,Private Limited,Jaipur,2024-06-20 00:00:00,INACTIVE,False,797.39,False
MCH9909,"Gade, Tiwari and Solanki",Maharashtra,5699,Apparel,Individual,Pune,2024-08-23 00:00:00,ACTIVE,False,2922.02,True
MCH4441,"Sachdev, Doctor and Subramanian",Tamil Nadu,5311,Department Store,Partnership,Chennai,2023-06-08 00:00:00,INACTIVE,False,3222.79,True
MCH7996,Bhargava LLC,Punjab,5912,Medical / Pharmacy,Private Limited,Amritsar,2024-12-18 00:00:00,INACTIVE,True,830.56,True
MCH1514,"Lata, Raja and Parsa",Punjab,5311,Department Store,Private Limited,Jalandhar,2024-06-14 17:26:04,ACTIVE,False,553.18,True
MCH1661,Mani-Jayaraman,Telangana,5812,Restaurant,Private Limited,Hyderabad,2024-09-16 22:00:20,ACTIVE,False,813.04,True
MCH6708,Soman and Sons,Punjab,5912,Medical / Pharmacy,Private Limited,Ldh,2025-06-03 00:00:00,ACTIVE,False,957.0,True
MCH6257,"Ba1i, Ahuja and Natarajan",Delhi,4131,Transportation,Individual,Delhi,2025-11-27 00:00:00,SUSPENDED,False,1050.0,False
MCH8187,"Chada, Mammen and Lanka",Punjab,4131,Transportation,Sole Proprietor,Ldh,2025-06-03 00:00:00,ACTIVE,False,671.0,True
MCH3610,"Deo, Krish and Lanka",Tamil Nadu,5699,Apparel,Private Limited,Chennai,2025-01-07 11:18:09,ACTIVE,False,,True
MCH5420,Sahni-Ghosh,West Bengal,7011,Hotel / Lodging,Sole Proprietor,Kolkata,2025-09-26 21:42:00,ACTIVE,False,1993.6,True
MCH7552,SOM AND SONS,Maharashtra,4814,Telecom,Sole Proprietor,Pune,2025-07-21 00:00:00,ACTIVE,False,1934.0,True
MCH2546,Kant Group,Punjab,,,Sole Proprietor,Amritsar,2025-04-04 00:00:00,ACTIVE,False,4120.12,True
MCH7178,Devan and Sons,West Bengal,5411,Grocery,Sole Proprietor,Kolkata,2023-11-11 00:00:00,INACTIVE,False,758.21,False
MCH5376,"Narayanan, Palla and Tripathi",Punjab,4814,Telecom,Sole Proprietor,Ludhiana,2025-08-14 00:00:00,ACTIVE,False,2169.37,True
MCH2857,Bhattacharyya Inc,Punjab,4131,Transportation,Private Limited,Jalandar,2025-07-13 00:00:00,ACTIVE,False,4557.38,True
MCH7419,Minhas Inc,Karnataka,5699,Apparel,Individual,Bangalore,2023-05-03 00:00:00,ACTIVE,False,,True
MCH5265,Natt-Munshi,Maharashtra,5411,Grocery,Private Limited,Poona,2024-07-22 00:00:00,ACTIVE,False,2606.12,True
MCH6043,Saran-Rai,Rajasthan,5411,Grocery,Private Limited,Jaipur,2025-11-17 00:00:00,ACTIVE,False,2845.67,False
MCH2956,"wali, khatri and mistry",Uttar Pradesh,4814,Telecom,Sole Proprietor,Lucknow,2025-06-02 00:00:00,INACTIVE,False,4934.63,True
MCH5000,Lad Group,West Bengal,5999,Misc Retail,Private Limited,Kolkata,2025-01-05 17:26:50,ACTIVE,True,341.11,False
MCH8281,Krishnan-Kuruvilla,Tamil Nadu,7011,Hotel / Lodging,Individual,Chennai,2024-01-16 23:49:43,ACTIVE,True,1408.93,True
MCH4301,Thakur Inc,Delhi,5942,Book Store,Partnership,Delhi,2023-04-29 06:39:16,ACTIVE,False,4449.0,False
MCH3433,"Pathak, Sathe and Rama",West Bengal,5411,Grocery,Private Limited,Kolkata,2025-12-22 00:00:00,INACTIVE,False,3697.0,True
MCH9494,Sama Group,Karnataka,4814,Telecom,Individual,Bangalore,2023-11-01 04:57:39,ACTIVE,True,1540.07,True
MCH4172,"khosla, tak and mahajan",West Bengal,5912,Medical / Pharmacy,Partnership,Kolkata,2024-03-23 00:00:00,ACTIVE,False,1964.28,False
MCH9821,Natt-Kibe,Tamil Nadu,5699,Apparel,Private Limited,Chennai,2025-05-03 00:00:00,ACTIVE,False,4072.48,True
MCH1796,Kohli-Nagar,Punjab,5942,Book Store,Individual,Amritsar,2024-07-20 00:00:00,ACTIVE,False,741.16,False
MCH9913,Das Ltd,Uttar Pradesh,4814,Telecom,Partnership,Lucknow,2024-08-10 00:00:00,ACTIVE,False,442.64,False
MCH1054,Cheema Ltd,Maharashtra,5311,Department Store,Private Limited,Pune,2023-05-27 00:00:00,ACTIVE,False,868.09,False
MCH7032,"Mangat, Naik and Kakar",Punjab,7011,Hotel / Lodging,Private Limited,Amritsar,2023-01-09 00:00:00,ACTIVE,False,,False
MCH3666,Gera-Ranganathan,Rajasthan,4131,Transportation,Partnership,Jaipur,2023-04-12 00:00:00,ACTIVE,False,243.55,False
MCH8581,"Sundaram, Sekhon and Andra",Punjab,7011,Hotel / Lodging,Partnership,Jalandar,2024-11-14 00:00:00,ACTIVE,False,953.97,False
MCH5747,"NARASIMHAN, DOSHI AND PALL",West Bengal,5812,Restaurant,Private Limited,Kolkata,2025-08-05 00:00:00,ACTIVE,False,4280.12,True
MCH4220,GOPAL-DARA,Karnataka,5699,Apparel,Individual,Bangalore,2025-10-02 13:08:23,ACTIVE,False,532.47,False
MCH8073,"Chaudhary, Nori and Aggarwal",Maharashtra,4814,Telecom,Private Limited,Mumbai,2023-08-04 00:00:00,ACTIVE,False,2535.65,True
MCH1676,"Palla, Gupta and Narain",Punjab,4814,Telecom,Sole Proprietor,Jalandar,2025-11-27 17:23:23,ACTIVE,False,750.53,False
MCH8355,Chacko-D’Alia,Karnataka,5311,Department Store,Private Limited,Bangalore,2024-08-14 00:00:00,INACTIVE,False,413.17,True
MCH5644,Prabhu-Chaudhry,Telangana,5699,Apparel,Individual,Hyderabad,2025-05-09 20:50:00,ACTIVE,True,2643.86,True
MCH4051,Sharma-Viswanathan,Delhi,4131,Transportation,Individual,Delhi,2025-02-23 00:00:00,ACTIVE,False,1135.12,False
MCH8911,Bava LLC,Telangana,5942,Book Store,Sole Proprietor,Hyderabad,2025-06-14 08:41:00,ACTIVE,False,3342.77,False
MCH7914,Grover-Karnik,Rajasthan,4814,Telecom,Sole Proprietor,Jaipur,2023-11-30 00:00:00,ACTIVE,False,1922.54,False
MCH5973,Biswas-Dass,Uttar Pradesh,5699,Apparel,Sole Proprietor,Lko,2025-11-25 00:00:00,ACTIVE,False,,True
MCH2077,KARA PLC,Punjab,5812,Restaurant,Individual,Amritsar,2025-11-15 02:48:00,ACTIVE,False,239.1,True
MCH3424,Tandon-Raja,Maharashtra,5411,Grocery,Private Limited,Pune,2023-08-09 00:00:00,INACTIVE,False,1643.97,True
MCH5079,Ramaswamy-Trivedi,Karnataka,5311,Department Store,Private Limited,Bangalore,2024-07-01 00:00:00,SUSPENDED,False,549.02,True
MCH1229,"Sen, Dewan and Tripathi",Punjab,5942,Book Store,Private Limited,Amritsar,2025-02-19 00:00:00,ACTIVE,False,2028.74,True
MCH7137,Nanda-Nazareth,Maharashtra,4814,Telecom,Private Limited,Pune,2025-02-09 00:00:00,ACTIVE,False,1165.18,False
MCH6990,Apte-Choudhary,Karnataka,4131,Transportation,Partnership,Bangalore,2023-05-05 00:00:00,ACTIVE,False,3342.47,False
MCH3913,Tank-Pathak,Punjab,5311,Department Store,Individual,Jalandhar,,ACTIVE,False,2215.86,False
MCH7469,Dua LLC,Maharashtra,5812,Restaurant,Sole Proprietor,Pune,,INACTIVE,False,1848.0,True
MCH1787,JOHAL AND SONS,Tamil Nadu,5942,Book Store,Sole Proprietor,Chennai,2024-04-09 00:00:00,ACTIVE,False,1495.88,True
MCH6815,"Borra, Talwar and Jha",Punjab,4814,Telecom,Partnership,Jalandar,,ACTIVE,False,750.82,True
MCH1039,Lal-Barad,Uttar Pradesh,4814,Telecom,Sole Proprietor,Lko,2025-07-28 00:43:00,ACTIVE,False,3062.03,False
MCH7508,Garg-Deo,Punjab,5942,Book Store,Partnership,Amritsar,2024-11-15 00:00:00,ACTIVE,False,1956.49,True
MCH4434,Andra and Sons,Punjab,5999,Misc Retail,Private Limited,Ludhiana,2025-02-21 00:35:17,ACTIVE,False,233.0,False
MCH7354,"CHATTERJEE, SARNA AND HANDA",Karnataka,,,Sole Proprietor,Bangalore,2023-10-13 16:44:55,ACTIVE,False,728.0,False
MCH2296,Buch Ltd,Punjab,4131,Transportation,Partnership,Ludhiana,2023-06-19 12:35:26,ACTIVE,False,8012.35,True
MCH8768,"Rout, Dixit and Malhotra",Punjab,7011,Hotel / Lodging,Private Limited,Jalandhar,2024-06-05 00:00:00,INACTIVE,False,556.74,False
MCH6233,Vohra Ltd,Delhi,5942,Book Store,Partnership,Delhi,2026-02-26 00:00:00,ACTIVE,False,2389.79,False
MCH3552,"morar, ahuja and ravel",Maharashtra,5942,Book Store,Sole Proprietor,Pune,2024-08-03 00:00:00,ACTIVE,False,8846.0,True
MCH9018,Zacharia and Sons,Karnataka,5942,Book Store,Individual,Bangalore,2024-03-06 00:00:00,ACTIVE,False,594.92,False
MCH8288,Kakar-Sood,Karnataka,5311,Department Store,Private Limited,Bangalore,2024-05-04 00:00:00,ACTIVE,False,1556.66,True
MCH5339,"vaidya, hari and mistry",Delhi,5999,Misc Retail,Individual,Delhi,2024-08-07 00:00:00,ACTIVE,False,514.42,True
MCH2268,"Verma, Aurora and De",Punjab,5999,Misc Retail,Private Limited,Jalandhar,,ACTIVE,False,995.42,True
MCH9706,"Mohan, Sahni and Doctor",Uttar Pradesh,5699,Apparel,Partnership,Lucknow,2023-10-26 00:00:00,ACTIVE,False,,False
MCH3122,"TOOR, KUNDA AND MUNSHI",Maharashtra,5942,Book Store,Partnership,Mumbai,2025-04-14 21:07:00,ACTIVE,False,797.24,True
MCH1428,De-Natarajan,Maharashtra,4131,Transportation,Individual,Mumbai,2025-12-30 00:00:00,ACTIVE,False,1289.0,True
MCH5955,"Rana, Mangat and De",West Bengal,4814,Telecom,Sole Proprietor,Kolkata,2025-02-05 00:00:00,ACTIVE,False,1491.64,True
MCH6667,Konda-Jain,Telangana,5912,Medical / Pharmacy,Sole Proprietor,Hyderabad,2024-10-16 00:00:00,ACTIVE,False,2831.62,False
MCH2486,"Mohanty, Iyer and Sharma",Tamil Nadu,7011,Hotel / Lodging,Individual,Chennai,2023-10-23 21:00:00,ACTIVE,False,2266.0,True
MCH7387,Lad-Comar,Punjab,5812,Restaurant,Sole Proprietor,Jalandhar,2025-02-25 03:44:32,ACTIVE,False,4968.31,True
MCH7891,BAKSHI PLC,Karnataka,5411,Grocery,Individual,Bangalore,2024-03-02 20:11:00,ACTIVE,False,3419.67,True
MCH2523,Sarma Inc,West Bengal,5999,Misc Retail,Individual,Kolkata,2025-09-05 00:00:00,ACTIVE,False,2146.62,False
MCH2612,Vala Ltd,Uttar Pradesh,7011,Hotel / Lodging,Sole Proprietor,Lucknow,2023-08-11 00:00:00,ACTIVE,False,,False
MCH2473,Lanka Inc,Karnataka,5942,Book Store,Individual,Bangalore,2025-01-20 01:42:00,ACTIVE,False,1883.19,True
MCH9790,Kumar-Dua,West Bengal,4814,Telecom,Sole Proprietor,Kolkata,2024-12-09 00:00:00,ACTIVE,False,375.28,True
MCH4778,wali llc,Uttar Pradesh,4131,Transportation,Private Limited,Lucknow,2025-01-02 00:00:00,ACTIVE,False,1242.33,True
MCH6857,Barad and Sons,Punjab,7011,Hotel / Lodging,Partnership,Jalandar,2025-09-24 12:38:27,ACTIVE,False,2452.63,True
MCH1940,Ravel Inc,Tamil Nadu,4814,Telecom,Sole Proprietor,Chennai,2025-09-17 00:00:00,INACTIVE,False,1112.95,False
MCH7715,Tata-Borah,West Bengal,5999,Misc Retail,Private Limited,Kolkata,2025-10-06 00:00:00,INACTIVE,False,1652.04,True
MCH6930,dhingra plc,West Bengal,4131,Transportation,Sole Proprietor,Kolkata,2025-12-26 00:00:00,ACTIVE,False,,True
MCH5422,sawhney llc,West Bengal,,,Sole Proprietor,Kolkata,2024-08-08 00:00:00,ACTIVE,False,866.35,True
MCH4312,Dada-Hari,Punjab,5699,Apparel,Sole Proprietor,Ldh,2024-02-17 00:00:00,ACTIVE,False,2174.33,True
MCH6498,"Banik, Nadig and Mann",Punjab,5812,Restaurant,Individual,Ludhiana,2024-10-30 00:59:00,ACTIVE,False,1076.6,False
MCH6004,Raval and Sons,Karnataka,5812,Restaurant,Partnership,Bangalore,2025-10-20 12:33:00,ACTIVE,False,477.72,False
MCH6825,Biswas-Nadig,Punjab,5999,Misc Retail,Sole Proprietor,Jalandhar,2023-10-12 10:16:00,SUSPENDED,False,872.49,True
MCH7446,"SAMI, NARAYAN AND ROY",Punjab,5942,Book Store,Partnership,Ludhiana,2023-02-08 00:00:00,INACTIVE,False,6191.17,False
MCH8174,Bera Group,Maharashtra,5311,Department Store,Private Limited,Pune,2023-12-23 04:06:09,ACTIVE,False,1502.14,True
MCH9287,"Datta, Virk and Arya",Punjab,5999,Misc Retail,Individual,Amritsar,2025-09-21 00:00:00,ACTIVE,False,636.69,True
MCH5298,Keer and Sons,Karnataka,5999,Misc Retail,Partnership,Bangalore,,INACTIVE,False,600.45,False
MCH6285,Kumer-Mane,Karnataka,7011,Hotel / Lodging,Private Limited,Bangalore,2024-10-01 00:00:00,ACTIVE,False,567.98,False
MCH8926,Ramesh-Mukhopadhyay,Delhi,5912,Medical / Pharmacy,Sole Proprietor,Delhi,2024-01-16 00:00:00,ACTIVE,False,5318.08,True
MCH4610,"Barad,ChandaandRana",Telangana,5942,Book Store,Private Limited,Hyderabad,2024-12-23 00:00:00,ACTIVE,False,2989.03,True
MCH3156,"Bal, Deo and Kala",Uttar Pradesh,5999,Misc Retail,Partnership,Lucknow,,ACTIVE,False,2486.0,True
MCH3988,Barad-Bawa,Punjab,7011,Hotel / Lodging,Individual,Amritsar,2023-11-20 00:00:00,ACTIVE,False,602.31,True
MCH3044,Gupta PLC,Karnataka,5942,Book Store,Sole Proprietor,Bangalore,2023-04-27 00:00:00,INACTIVE,False,582.54,False
MCH7623,Pandya LLC,Maharashtra,,,Partnership,Mumbai,2026-01-23 00:00:00,ACTIVE,False,701.06,True
MCH2378,"Rau, Pradhan and Bansa1",Uttar Pradesh,5411,Grocery,Individual,Lko,2024-02-09 01:00:15,ACTIVE,False,6158.0,True
MCH5720,Karnik Group,Punjab,5942,Book Store,Partnership,Amritsar,2023-10-28 00:00:00,ACTIVE,False,6186.34,True
MCH2647,Saha Inc,Uttar Pradesh,5999,Misc Retail,Private Limited,Lko,2023-04-06 00:00:00,ACTIVE,False,1551.4,False
MCH5320,Ramaswamy-Sarma,Telangana,4814,Telecom,Sole Proprietor,Hyderabad,2025-02-11 02:58:00,ACTIVE,False,750.06,True
MCH7436,Mane-Trivedi,Karnataka,5912,Medical / Pharmacy,Individual,Bangalore,2024-09-14 00:00:00,ACTIVE,True,1384.27,False
MCH3077,Warrior Ltd,West Bengal,4131,Transportation,Partnership,Kolkata,2023-04-02 00:00:00,ACTIVE,False,1448.69,False
MCH8025,"Karnik, Hayer and Khalsa",Uttar Pradesh,4814,Telecom,Partnership,Lko,2023-08-14 14:32:00,ACTIVE,False,1781.41,True
MCH2422,SAMPATH-BALASUBRAMANIAN,Karnataka,,,Private Limited,Bangalore,2025-06-25 00:00:00,ACTIVE,False,2352.58,True
MCH2766,Kanda-Brahmbhatt,Tamil Nadu,5311,Department Store,Sole Proprietor,Chennai,2025-06-18 00:00:00,ACTIVE,False,1540.08,True
MCH5108,"Te11a, Naik and Rajag0pa1",Delhi,7011,Hotel / Lodging,Private Limited,Delhi,2023-02-17 06:26:08,ACTIVE,False,1054.85,False
MCH4526,"Mittal, Saha and Puri",Karnataka,5699,Apparel,Sole Proprietor,Bangalore,2025-06-19 00:00:00,ACTIVE,False,893.38,False
MCH1664,Karan Ltd,Tamil Nadu,4131,Transportation,Partnership,Chennai,2025-06-02 00:00:00,ACTIVE,False,,True
MCH7248,Rajagopalan Group,Telangana,7011,Hotel / Lodging,Partnership,Hyderabad,2024-05-22 00:00:00,ACTIVE,False,859.24,False
MCH5001,Narayan LLC,Maharashtra,5812,Restaurant,Partnership,Poona,2023-06-17 00:00:00,ACTIVE,False,1893.51,True
MCH9801,"Manda, Bansal and Devan",Maharashtra,5812,Restaurant,Partnership,Pune,2025-09-12 00:49:00,SUSPENDED,False,1106.68,True
MCH7622,Agrawal-Yogi,Punjab,4131,Transportation,Partnership,Amritsar,2025-10-19 00:00:00,ACTIVE,True,717.88,False
MCH2353,sood-vasa,Maharashtra,5411,Grocery,Sole Proprietor,Mumbai,2026-01-24 05:19:00,ACTIVE,False,2728.11,False
MCH1041,Pat1a-S0m,West Bengal,,,Private Limited,Kolkata,2024-04-21 00:00:00,ACTIVE,False,3701.53,False
MCH4914,BORA INC,Rajasthan,,,Sole Proprietor,Jaipur,2024-05-12 00:00:00,ACTIVE,False,4227.85,False
MCH3211,"Mani, Hora and Hayer",Karnataka,5912,Medical / Pharmacy,Private Limited,Bangalore,2026-01-31 00:00:00,ACTIVE,False,3678.27,True
MCH9408,Arya-Vig,Karnataka,4131,Transportation,Individual,Bangalore,2023-12-24 00:00:00,ACTIVE,True,784.44,True
MCH2152,"Choudhry, Chauhan and Dayal",Maharashtra,5942,Book Store,Private Limited,Poona,2025-11-28 17:27:17,ACTIVE,False,1507.67,True
MCH4534,BUMB-GANGULY,Tamil Nadu,5699,Apparel,Partnership,Chennai,2025-11-12 19:14:58,ACTIVE,False,1225.88,True
MCH6744,GREWAL INC,Telangana,5999,Misc Retail,Private Limited,Hyderabad,2023-12-01 00:00:00,ACTIVE,False,1886.71,False
MCH8271,Konda-Bawa,Tamil Nadu,5699,Apparel,Sole Proprietor,Chennai,2023-10-05 00:57:38,ACTIVE,False,1087.99,True
MCH9111,"Dhar, Thaker and Madan",West Bengal,5999,Misc Retail,Private Limited,Kolkata,2024-08-11 00:00:00,ACTIVE,False,1785.1,True
MCH3335,Choudhary Ltd,Uttar Pradesh,5699,Apparel,Partnership,Lucknow,2025-08-11 00:00:00,ACTIVE,False,413.6,False
MCH3920,SharmaLLC,Uttar Pradesh,,,Private Limited,Lko,2024-06-23 21:51:00,SUSPENDED,False,1885.7,True
MCH4951,"natt, dyal and gill",Maharashtra,5411,Grocery,Private Limited,Poona,2026-01-02 00:00:00,ACTIVE,False,430.18,False
MCH8575,"Doctor, Merchant and Bhatti",West Bengal,4814,Telecom,Partnership,Kolkata,2024-04-18 00:00:00,ACTIVE,False,2693.45,False
MCH7871,"Mital, Palla and Saraf",Telangana,5699,Apparel,Sole Proprietor,Hyderabad,2026-02-17 14:36:44,ACTIVE,True,2352.21,True
MCH4626,"Lalla, Handa and Ahuja",Karnataka,5999,Misc Retail,Private Limited,Bangalore,2023-07-31 00:00:00,ACTIVE,False,1497.15,False
MCH1018,Kannan-Khatri,Punjab,5311,Department Store,Individual,Jalandar,2023-03-19 00:00:00,ACTIVE,False,1791.0,False
MCH5983,"Morar, Memon and Kala",Maharashtra,5311,Department Store,Sole Proprietor,Pune,2025-05-06 09:44:28,ACTIVE,True,306.11,True
MCH4695,Patel-Halder,Maharashtra,5812,Restaurant,Sole Proprietor,Pune,2026-02-11 16:57:07,ACTIVE,False,652.55,False
MCH1014,"Agate, Saxena and Pandit",Punjab,5311,Department Store,Partnership,Jalandar,2023-12-21 00:00:00,ACTIVE,False,1096.96,True
MCH8372,BanerjeeLtd,Telangana,5912,Medical / Pharmacy,Individual,Hyderabad,2023-10-26 00:00:00,ACTIVE,False,4531.0,False
MCH2513,BhallaInc,Punjab,,,Partnership,Amritsar,2023-11-09 00:00:00,ACTIVE,False,5544.37,True
MCH4846,arora-raghavan,Rajasthan,5999,Misc Retail,Private Limited,Jaipur,2025-09-12 15:21:55,ACTIVE,True,1546.33,True
MCH4886,Mangat-Gh0se,Maharashtra,5999,Misc Retail,Sole Proprietor,Poona,2023-03-11 00:00:00,ACTIVE,False,551.0,True
MCH1071,Wali and Sons,Karnataka,4814,Telecom,Sole Proprietor,Bangalore,2025-01-21 00:00:00,ACTIVE,False,1437.33,False
MCH5580,Chatterjee-Andra,Uttar Pradesh,4131,Transportation,Private Limited,Lucknow,2026-01-01 00:00:00,ACTIVE,False,512.38,True
MCH4870,Rana Inc,Punjab,4814,Telecom,Individual,Amritsar,2024-07-12 12:35:00,SUSPENDED,False,1127.0,False
MCH8891,"Natt,ManeandPau",Maharashtra,,,Private Limited,Mumbai,2025-03-13 09:17:17,ACTIVE,False,1140.0,True
MCH6401,"Shenoy, Doctor and Gola",Maharashtra,5912,Medical / Pharmacy,Individual,Mumbai,2025-02-09 13:26:39,SUSPENDED,False,690.47,False
MCH7156,Lata-Som,Karnataka,5812,Restaurant,Private Limited,Bangalore,2023-02-24 00:00:00,ACTIVE,False,739.29,False
MCH4749,Sane-Kota,Punjab,7011,Hotel / Lodging,Partnership,Ludhiana,2025-08-28 00:00:00,ACTIVE,False,2066.82,True
MCH9756,"Dugal, Virk and Dhaliwal",Punjab,4131,Transportation,Partnership,Jalandhar,2023-01-01 08:25:47,ACTIVE,False,494.0,True
MCH2568,"Dhaliwal, Bhat and Sarin",Maharashtra,5411,Grocery,Partnership,Mumbai,2023-04-28 00:00:00,ACTIVE,False,803.0,True
MCH8418,Jaggi Inc,Maharashtra,7011,Hotel / Lodging,Individual,Pune,2023-12-01 00:00:00,INACTIVE,True,1654.02,True
MCH7357,Varkey LLC,West Bengal,7011,Hotel / Lodging,Private Limited,Kolkata,2025-08-05 00:00:00,ACTIVE,False,665.88,False
MCH9232,Ahuja-Chaudhry,Telangana,4131,Transportation,Individual,Hyderabad,2023-04-20 00:00:00,ACTIVE,False,361.11,True
MCH9690,Bai1-Sarin,Punjab,7011,Hotel / Lodging,Partnership,Amritsar,2025-04-11 17:06:00,ACTIVE,False,3320.22,True
MCH4874,"chanda, bahl and kohli",Maharashtra,5699,Apparel,Sole Proprietor,Mumbai,2024-12-02 00:00:00,ACTIVE,False,709.03,False
MCH7203,Sani-Memon,Punjab,,,Sole Proprietor,Amritsar,2023-03-25 00:00:00,ACTIVE,True,205.09,True
MCH2421,Chanda PLC,Uttar Pradesh,4131,Transportation,Partnership,Lucknow,2023-10-11 20:31:00,ACTIVE,False,146.0,True
MCH7216,PILLAI AND SONS,Punjab,4814,Telecom,Individual,Amritsar,2025-02-12 23:50:00,ACTIVE,False,356.0,False
MCH3371,Raju Inc,Telangana,4131,Transportation,Partnership,Hyderabad,2025-04-19 05:25:00,ACTIVE,False,4057.11,True
MCH3498,AGATE AND SONS,Tamil Nadu,4814,Telecom,Individual,Chennai,,ACTIVE,False,1499.04,False
MCH4052,Bal-Choudhary,Punjab,5812,Restaurant,Partnership,Jalandhar,,ACTIVE,False,2217.99,True
MCH1569,"Bal, Wali and Sheth",Tamil Nadu,4814,Telecom,Private Limited,Chennai,2025-10-11 00:00:00,ACTIVE,False,1678.57,True
MCH9654,Saini-Bath,Punjab,5942,Book Store,Private Limited,Ludhiana,2024-10-11 00:00:00,ACTIVE,False,2570.91,True
MCH3445,"Madan, Naidu and Andra",Rajasthan,7011,Hotel / Lodging,Private Limited,Jaipur,2023-07-09 00:00:00,ACTIVE,False,983.3,True
MCH5598,"Thakur, Verma and Venkataraman",Punjab,5912,Medical / Pharmacy,Individual,Jalandhar,2023-09-13 00:00:00,ACTIVE,False,2948.79,False
MCH7856,"Sood, Dalal and Butala",Delhi,7011,Hotel / Lodging,Private Limited,Delhi,2025-11-06 15:54:00,ACTIVE,False,2048.0,True
MCH1219,Buta1a Ltd,Uttar Pradesh,5699,Apparel,Sole Proprietor,Lko,2025-10-23 00:00:00,ACTIVE,False,1046.51,True
MCH8610,Pandey and Sons,Karnataka,5999,Misc Retail,Sole Proprietor,Bangalore,,ACTIVE,False,1014.0,True
MCH1318,GUPTA LLC,Rajasthan,4814,Telecom,Private Limited,Jaipur,,ACTIVE,False,,True
MCH7340,Devi and Sons,West Bengal,,,Partnership,Kolkata,2024-01-09 00:00:00,ACTIVE,False,1101.37,True
MCH3191,Dhawan-Warrior,Telangana,4131,Transportation,Sole Proprietor,Hyderabad,2024-09-12 01:09:18,ACTIVE,False,1885.9,False
MCH1132,Cheema Inc,Punjab,5999,Misc Retail,Sole Proprietor,Ludhiana,2023-09-10 00:00:00,ACTIVE,False,,True
MCH1657,"Kaur, Sandhu and Shanker",Maharashtra,5699,Apparel,Private Limited,Mumbai,2025-01-14 15:44:00,ACTIVE,False,1224.96,False
MCH2969,Randhawa-Karnik,Karnataka,7011,Hotel / Lodging,Sole Proprietor,Bangalore,2023-07-27 00:00:00,ACTIVE,False,310.59,False
MCH5881,Baria-Keer,Rajasthan,4131,Transportation,Private Limited,Jaipur,2026-02-09 03:41:16,INACTIVE,False,2633.32,False
MCH9340,Mallick-Konda,Karnataka,5999,Misc Retail,Individual,Bangalore,2025-01-24 13:55:00,INACTIVE,False,1550.33,False
MCH8511,Bhattacharyya LLC,West Bengal,4131,Transportation,Sole Proprietor,Kolkata,2025-09-13 17:14:01,ACTIVE,False,1377.4,True
MCH1163,"Gour, Comar and Palan",Punjab,4814,Telecom,Partnership,Ldh,2025-10-25 00:00:00,INACTIVE,False,5449.73,True
MCH5231,Om-Shah,Rajasthan,5912,Medical / Pharmacy,Individual,Jaipur,2023-04-29 00:00:00,ACTIVE,False,165.39,True
MCH4290,Konda-Memon,Delhi,5311,Department Store,Private Limited,Delhi,2024-08-11 22:16:00,INACTIVE,False,3295.4,False
MCH8733,"Dhillon, Goel and Dar",West Bengal,4814,Telecom,Sole Proprietor,Kolkata,2024-03-27 19:48:14,ACTIVE,True,2966.16,True
MCH5203,"Goel, Mishra and Ram",Karnataka,4814,Telecom,Sole Proprietor,Bangalore,2023-04-28 00:00:00,ACTIVE,False,3326.82,False
MCH1982,"Behl, Jayaraman and Divan",Maharashtra,5699,Apparel,Sole Proprietor,Mumbai,2025-10-09 00:00:00,ACTIVE,False,298.94,False
MCH6851,Chaudhary and S0ns,West Bengal,4131,Transportation,Individual,Kolkata,2023-04-03 00:00:00,ACTIVE,False,4509.31,True
MCH7539,"Kalita, Din and Ganesh",Tamil Nadu,5311,Department Store,Private Limited,Chennai,2024-01-05 01:38:27,ACTIVE,False,,True
MCH9014,Konda-Ram,Punjab,4814,Telecom,Sole Proprietor,Ldh,2025-08-15 00:00:00,ACTIVE,False,485.94,False
MCH4450,ZACHARIAH-BATRA,Punjab,5311,Department Store,Sole Proprietor,Amritsar,2023-09-17 15:10:46,ACTIVE,False,1045.82,False
MCH9458,Raja Ltd,Punjab,5311,Department Store,Partnership,Amritsar,2025-12-15 00:00:00,ACTIVE,False,480.87,True
MCH5227,"Yogi, Varghese and Balay",Maharashtra,5812,Restaurant,Individual,Mumbai,2024-02-10 00:00:00,ACTIVE,False,2005.26,False
MCH3481,"RAJA, BRAR AND NAGAR",Delhi,,,Private Limited,Delhi,2023-03-13 00:00:00,ACTIVE,False,1791.83,True
MCH4652,Varghese-Ramachandran,Punjab,4131,Transportation,Private Limited,Amritsar,2024-10-30 00:00:00,ACTIVE,True,2348.76,True
MCH3990,Dey-Chaudhari,Tamil Nadu,5912,Medical / Pharmacy,Individual,Chennai,2025-03-14 00:00:00,ACTIVE,True,1780.37,True
MCH7029,Purohit Ltd,Karnataka,4814,Telecom,Partnership,Bangalore,2025-03-28 00:44:27,INACTIVE,False,1186.22,True
MCH3778,Karnik Inc,Rajasthan,5912,Medical / Pharmacy,Sole Proprietor,Jaipur,,INACTIVE,False,1211.0,True
MCH9345,Mahal Inc,Punjab,4814,Telecom,Private Limited,Amritsar,2025-11-30 00:00:00,ACTIVE,False,4834.52,True
MCH6190,Pal Ltd,Punjab,5699,Apparel,Private Limited,Ludhiana,2023-03-01 00:00:00,ACTIVE,False,376.59,False
MCH8540,Tiwari Ltd,Rajasthan,5999,Misc Retail,Sole Proprietor,Jaipur,2024-06-27 07:54:00,ACTIVE,False,,False
MCH5021,"Badami, Chatterjee and Handa",Telangana,4814,Telecom,Sole Proprietor,Hyderabad,2024-08-22 22:52:16,ACTIVE,False,443.63,False
MCH9571,buch inc,Telangana,5812,Restaurant,Individual,Hyderabad,,ACTIVE,False,1270.83,True
MCH9158,"Sachdeva, Va1a and Bedi",Uttar Pradesh,5812,Restaurant,Sole Proprietor,Lucknow,,INACTIVE,False,6181.65,True
MCH4359,Mistry-Parekh,Maharashtra,5912,Medical / Pharmacy,Private Limited,Mumbai,2023-06-10 16:16:00,SUSPENDED,False,684.0,True
MCH8049,Balan-Shah,Uttar Pradesh,5699,Apparel,Private Limited,Lko,2024-04-09 00:00:00,ACTIVE,False,,False
MCH2129,Bhavsar-De,Telangana,5912,Medical / Pharmacy,Sole Proprietor,Hyderabad,,ACTIVE,False,4898.0,True
MCH2776,Datta Ltd,Rajasthan,4814,Telecom,Partnership,Jaipur,2024-11-09 21:59:20,ACTIVE,False,1643.13,True
MCH7205,Dara PLC,Punjab,5912,Medical / Pharmacy,Sole Proprietor,Ludhiana,2023-09-26 00:00:00,ACTIVE,False,1778.94,False
MCH8761,chokshi llc,Telangana,7011,Hotel / Lodging,Individual,Hyderabad,2025-12-01 06:08:00,ACTIVE,False,963.43,True
MCH5122,K0ta-R0y,Delhi,5699,Apparel,Individual,Delhi,2025-08-20 00:00:00,ACTIVE,False,390.64,True
MCH5929,Chaudry-Pal,Tamil Nadu,7011,Hotel / Lodging,Private Limited,Chennai,2024-11-12 00:00:00,ACTIVE,False,705.57,True
MCH2064,date and sons,Delhi,5812,Restaurant,Private Limited,Delhi,2025-08-05 00:00:00,ACTIVE,False,1715.0,False
MCH1462,Swamy Inc,Punjab,5912,Medical / Pharmacy,Private Limited,Jalandar,2023-09-13 00:00:00,INACTIVE,False,1411.0,True
MCH7353,NADIG LLC,Telangana,4814,Telecom,Individual,Hyderabad,2025-11-12 00:00:00,ACTIVE,False,1097.0,True
MCH2632,Agate-Gandhi,Tamil Nadu,5311,Department Store,Partnership,Chennai,2026-01-14 00:00:00,ACTIVE,True,243.56,True
MCH9905,Pate1-S00d,Rajasthan,7011,Hotel / Lodging,Sole Proprietor,Jaipur,2025-11-21 00:00:00,ACTIVE,False,,True
MCH5355,"Sundaram, Gara and Bajwa",West Bengal,5812,Restaurant,Sole Proprietor,Kolkata,2023-08-03 00:00:00,ACTIVE,False,3350.71,False
MCH1185,"Buch, Barad and Toor",Punjab,5999,Misc Retail,Partnership,Jalandhar,2024-06-16 00:00:00,ACTIVE,False,2955.34,True
MCH7817,Lata PLC,Tamil Nadu,5812,Restaurant,Private Limited,Chennai,2025-07-27 00:00:00,INACTIVE,False,3090.66,False
MCH1884,Nagi LLC,Karnataka,4131,Transportation,Private Limited,Bangalore,2025-01-08 00:00:00,ACTIVE,False,628.95,True
MCH3754,Dugal-Chawla,West Bengal,5812,Restaurant,Partnership,Kolkata,2025-01-18 00:00:00,ACTIVE,True,581.93,True
MCH9249,"Aggarwal, Agarwal and Naidu",Tamil Nadu,5699,Apparel,Partnership,Chennai,2025-12-23 00:00:00,ACTIVE,True,3533.14,True
MCH1767,Bhatnagar-Ka1a,Punjab,,,Individual,Jalandar,,ACTIVE,False,314.16,True
MCH4336,"Dube, Baria and Nath",Punjab,5411,Grocery,Private Limited,Jalandhar,2026-01-06 20:58:43,ACTIVE,True,1545.59,False
MCH1482,"Bahri,SarinandHora",Telangana,5999,Misc Retail,Partnership,Hyderabad,2024-01-26 00:00:00,SUSPENDED,False,1651.0,True
MCH8328,Raman-Dass,Punjab,,,Partnership,Jalandhar,2024-09-29 00:00:00,ACTIVE,False,2484.83,False
MCH6345,Mani Group,Punjab,5999,Misc Retail,Partnership,Ludhiana,,ACTIVE,False,1339.21,False
MCH6700,RAVI LTD,Maharashtra,4814,Telecom,Partnership,Pune,,ACTIVE,False,219.11,False
MCH3231,Gokhale Group,Punjab,5411,Grocery,Individual,Jalandhar,,ACTIVE,False,205.0,False
MCH5121,ramakrishnan inc,Punjab,4131,Transportation,Sole Proprietor,Ludhiana,2023-11-27 00:00:00,ACTIVE,False,3794.33,False
MCH9484,"bail, sen and bava",Punjab,,,Sole Proprietor,Jalandar,2024-11-30 00:00:00,ACTIVE,False,1401.0,False
MCH6986,"Joshi, Chacko and Sawhney",Maharashtra,5411,Grocery,Individual,Mumbai,2025-11-05 00:00:00,ACTIVE,False,606.88,True
MCH1086,Agrawal-Sule,Punjab,,,Individual,Ludhiana,2023-11-13 00:00:00,ACTIVE,False,1355.59,False
MCH8634,Palla-Brar,Punjab,5912,Medical / Pharmacy,Partnership,Jalandar,2023-06-13 00:00:00,ACTIVE,False,843.2,True
MCH5274,Thakur and Sons,Tamil Nadu,4814,Telecom,Sole Proprietor,Chennai,2025-04-21 09:59:18,ACTIVE,False,983.36,False
MCH3234,Lad Inc,West Bengal,,,Individual,Kolkata,2024-02-21 00:00:00,ACTIVE,True,9763.29,True
MCH1656,Dhar PLC,Punjab,5311,Department Store,Partnership,Amritsar,2025-05-29 22:52:00,ACTIVE,False,2992.0,True
MCH8074,Prakash-Bera,Punjab,4814,Telecom,Individual,Jalandhar,2024-12-04 00:00:00,ACTIVE,False,439.79,True
MCH2646,Parsa-Gole,Telangana,5999,Misc Retail,Private Limited,Hyderabad,2025-12-18 03:23:00,ACTIVE,False,450.19,True
MCH9831,deep-kanda,Maharashtra,4814,Telecom,Sole Proprietor,Pune,2025-07-29 00:00:00,ACTIVE,False,796.02,True
MCH9367,Luthra and Sons,Punjab,,,Private Limited,Amritsar,2023-05-31 17:55:00,ACTIVE,False,1752.0,False
MCH7523,venkataraman-hans,Maharashtra,4131,Transportation,Sole Proprietor,Poona,2025-04-28 00:00:00,ACTIVE,False,6157.65,True
MCH6002,Bal Group,Delhi,5912,Medical / Pharmacy,Partnership,Delhi,2025-05-14 00:00:00,ACTIVE,False,718.0,False
MCH9187,MANE AND SONS,Telangana,5812,Restaurant,Individual,Hyderabad,2025-12-18 00:00:00,ACTIVE,False,508.01,False
MCH3084,Mani-Chowdhury,Telangana,5699,Apparel,Partnership,Hyderabad,2023-09-27 01:37:00,ACTIVE,False,1594.62,False
MCH6562,Kant Inc,Tamil Nadu,7011,Hotel / Lodging,Sole Proprietor,Chennai,2024-10-14 00:00:00,ACTIVE,False,2590.35,True
MCH6623,Kakar and Sons,Maharashtra,5912,Medical / Pharmacy,Individual,Poona,,ACTIVE,False,1424.35,True
MCH1188,M0rar Ltd,Telangana,5912,Medical / Pharmacy,Individual,Hyderabad,2024-02-19 00:00:00,ACTIVE,False,1156.7,True
MCH7877,Parekh-Borra,Maharashtra,5942,Book Store,Private Limited,Mumbai,2024-02-29 00:00:00,ACTIVE,False,,True
MCH7769,"Atwal, Loke and Prasad",Maharashtra,4814,Telecom,Partnership,Mumbai,2024-07-21 00:00:00,ACTIVE,False,232.38,False
MCH8850,"Sachdev, Nayar and Arora",Punjab,5411,Grocery,Partnership,Ludhiana,2025-04-07 03:43:08,SUSPENDED,False,,False
MCH1625,saran ltd,West Bengal,4814,Telecom,Partnership,Kolkata,2024-10-17 02:52:00,ACTIVE,False,1093.54,True
MCH9052,ramaswamy-chhabra,Maharashtra,,,Partnership,Mumbai,2024-11-10 00:00:00,ACTIVE,True,534.11,False
MCH6602,Thakkar Ltd,Maharashtra,4131,Transportation,Partnership,Mumbai,2023-01-03 08:43:35,ACTIVE,False,483.25,True
MCH9944,"Parikh, Mutti and Saha",Punjab,4131,Transportation,Partnership,Jalandhar,2025-08-03 12:22:46,ACTIVE,False,1826.64,True
MCH8536,"BASAK, SAMI AND CHAR",Maharashtra,5311,Department Store,Private Limited,Mumbai,,ACTIVE,False,335.5,False
MCH3139,"Dhar, Kumar and Sawhney",Maharashtra,5699,Apparel,Partnership,Pune,2025-01-24 00:00:00,INACTIVE,False,2338.9,True
MCH2368,Chadha-Barman,Punjab,5912,Medical / Pharmacy,Individual,Jalandhar,2025-11-27 00:00:00,SUSPENDED,False,3326.29,True
MCH3229,Keer-Kale,Maharashtra,5912,Medical / Pharmacy,Sole Proprietor,Mumbai,2024-02-28 21:40:00,ACTIVE,False,276.23,True
MCH1154,Saran and Sons,Maharashtra,5912,Medical / Pharmacy,Private Limited,Pune,2023-12-26 00:00:00,ACTIVE,False,871.24,True
MCH2980,Mander and Sons,West Bengal,5411,Grocery,Sole Proprietor,Kolkata,2023-04-03 00:00:00,ACTIVE,False,1129.72,False
MCH5673,Palan-Memon,Delhi,4131,Transportation,Sole Proprietor,Delhi,2023-09-16 00:00:00,ACTIVE,False,414.92,True
MCH6615,PILLAY GROUP,Telangana,5942,Book Store,Individual,Hyderabad,2025-09-12 23:50:08,SUSPENDED,True,785.64,True
MCH5391,Nagi-Pandya,West Bengal,5411,Grocery,Partnership,Kolkata,2025-12-24 00:00:00,SUSPENDED,False,1471.0,False
MCH8170,"Dyal, Chadha and Shenoy",Telangana,4814,Telecom,Partnership,Hyderabad,2024-12-15 00:00:00,ACTIVE,False,589.07,True
MCH4622,Toor-Rajan,Punjab,7011,Hotel / Lodging,Private Limited,Ldh,2024-06-20 14:20:00,ACTIVE,False,2524.16,False
MCH6559,Patla Ltd,Karnataka,7011,Hotel / Lodging,Sole Proprietor,Bangalore,2025-12-18 00:00:00,ACTIVE,False,922.45,False
MCH8262,Sanghvi Ltd,Karnataka,5411,Grocery,Sole Proprietor,Bangalore,2024-06-10 00:00:00,ACTIVE,False,4676.0,False
MCH8149,"Chandran, Mander and Parmar",West Bengal,5812,Restaurant,Partnership,Kolkata,,ACTIVE,False,1378.0,False
MCH4484,"Mukherjee, Tella and Malhotra",Karnataka,5812,Restaurant,Partnership,Bangalore,2025-10-02 05:38:00,ACTIVE,False,2091.93,True
MCH9164,MITAL AND SONS,Delhi,,,Private Limited,Delhi,2025-08-12 00:00:00,ACTIVE,False,4681.79,False
MCH7906,"Ganesan, Gopal and Ratta",Rajasthan,5912,Medical / Pharmacy,Individual,Jaipur,2023-08-04 00:00:00,ACTIVE,False,733.85,True
MCH1016,"Mangat, Som and Deshmukh",Maharashtra,5942,Book Store,Individual,Pune,2025-02-08 00:00:00,SUSPENDED,False,756.28,True
MCH4081,Srinivasan-Bahri,Delhi,4814,Telecom,Sole Proprietor,Delhi,2025-06-07 00:00:00,ACTIVE,False,2928.84,False
MCH7302,Murthy and Sons,Karnataka,5411,Grocery,Partnership,Bangalore,2025-01-23 00:00:00,ACTIVE,False,3381.11,False
MCH1906,"TANEJA, MAHAJAN AND SARNA",Karnataka,5311,Department Store,Individual,Bangalore,2026-01-16 00:00:00,INACTIVE,False,2772.0,True
MCH4976,Walla and Sons,Karnataka,5942,Book Store,Sole Proprietor,Bangalore,2025-10-21 00:00:00,ACTIVE,False,929.0,True
MCH2749,Borde PLC,Punjab,7011,Hotel / Lodging,Partnership,Jalandar,2025-11-15 14:42:20,ACTIVE,False,299.85,True
MCH7294,"Singh, Ramanathan and Setty",Punjab,5942,Book Store,Private Limited,Jalandar,2025-04-02 00:00:00,SUSPENDED,False,1690.0,False
MCH4299,Master PLC,Delhi,5699,Apparel,Private Limited,Delhi,2023-05-31 00:00:00,ACTIVE,False,3539.65,True
MCH8052,Mangat-Ganesh,West Bengal,4131,Transportation,Sole Proprietor,Kolkata,2024-01-05 09:32:24,ACTIVE,False,527.34,False
MCH7875,Narasimhan PLC,Punjab,5411,Grocery,Private Limited,Amritsar,2025-01-03 00:00:00,ACTIVE,False,585.43,False
MCH9253,Gole LLC,Punjab,5699,Apparel,Sole Proprietor,Amritsar,2024-05-09 20:29:36,ACTIVE,False,1349.23,True
MCH3410,Mutti PLC,Tamil Nadu,7011,Hotel / Lodging,Sole Proprietor,Chennai,2023-05-23 00:00:00,ACTIVE,False,4042.64,True
MCH3435,"MITTER, CHAKRABARTI AND SWAMINATHAN",Punjab,5812,Restaurant,Individual,Ludhiana,2023-04-23 00:00:00,ACTIVE,False,1050.63,True
MCH7403,Prabhakar Group,Tamil Nadu,5942,Book Store,Sole Proprietor,Chennai,2025-12-29 05:54:46,INACTIVE,False,657.74,True
MCH2996,Rege-Khanna,Uttar Pradesh,5411,Grocery,Individual,Lucknow,2023-10-15 00:00:00,INACTIVE,True,745.45,False
MCH2827,Bala-Bhatti,Karnataka,5999,Misc Retail,Individual,Bangalore,2024-05-10 20:16:00,INACTIVE,False,381.0,True
MCH4176,Sani-Bhalla,Delhi,,,Individual,Delhi,2024-07-22 00:00:00,ACTIVE,False,1216.13,True
MCH6122,RAI LTD,Punjab,4131,Transportation,Private Limited,Jalandar,2024-02-11 00:00:00,INACTIVE,False,2198.19,True
MCH9503,Kulkarni LLC,Telangana,4131,Transportation,Individual,Hyderabad,2026-01-22 21:02:00,INACTIVE,False,1312.52,True
MCH5849,Balakrishnan Ltd,Uttar Pradesh,5699,Apparel,Private Limited,Lucknow,2025-04-06 00:00:00,ACTIVE,False,6558.56,False
MCH4034,Tiwari-Lad,Punjab,5999,Misc Retail,Individual,Ldh,2023-12-13 00:00:00,SUSPENDED,False,2041.77,True
MCH2860,Ahluwalia Ltd,Karnataka,7011,Hotel / Lodging,Private Limited,Bangalore,2026-01-27 00:00:00,ACTIVE,False,250.0,True
MCH1969,Narain-Menon,Delhi,5311,Department Store,Individual,Delhi,2025-11-16 00:00:00,ACTIVE,False,453.33,True
MCH3993,VAIDYA LTD,Tamil Nadu,5999,Misc Retail,Partnership,Chennai,2023-12-23 03:28:00,ACTIVE,False,372.73,True
MCH5895,Dey LLC,Tamil Nadu,4131,Transportation,Individual,Chennai,2024-08-05 00:00:00,ACTIVE,False,693.85,False
MCH8238,"Lala, Seth and Tak",Rajasthan,5699,Apparel,Partnership,Jaipur,2024-07-22 00:00:00,ACTIVE,False,952.06,True
MCH4588,"Gole, Raval and Hans",Karnataka,,,Sole Proprietor,Bangalore,2025-03-14 00:00:00,ACTIVE,False,1061.34,True
MCH8289,"Ch0udhury, Chakrabarti and Kha1sa",Uttar Pradesh,4131,Transportation,Sole Proprietor,Lucknow,2023-06-10 00:00:00,ACTIVE,False,954.52,True
MCH8466,dani plc,Uttar Pradesh,5999,Misc Retail,Sole Proprietor,Lko,2024-11-20 00:00:00,ACTIVE,False,1946.42,True
MCH6991,dani ltd,Karnataka,,,Partnership,Bangalore,2025-07-16 00:00:00,ACTIVE,True,1831.13,True
MCH9355,Vig PLC,Punjab,5912,Medical / Pharmacy,Partnership,Jalandhar,2024-11-01 00:00:00,ACTIVE,False,1697.72,True
MCH4455,Iyer LLC,Karnataka,5411,Grocery,Individual,Bangalore,,ACTIVE,False,586.02,True
MCH2641,Varma-Saha,Karnataka,5999,Misc Retail,Individual,Bangalore,2024-10-09 00:00:00,INACTIVE,False,5621.28,False
MCH4352,suri ltd,Uttar Pradesh,5912,Medical / Pharmacy,Individual,Lucknow,2023-08-21 00:00:00,ACTIVE,True,2179.96,False
MCH5260,"Memon, Ben and Sant",Punjab,5912,Medical / Pharmacy,Sole Proprietor,Jalandhar,2024-07-25 00:00:00,ACTIVE,False,1467.0,True
MCH4061,Mody-Vig,Punjab,5999,Misc Retail,Individual,Amritsar,2024-07-28 06:12:20,ACTIVE,False,2007.74,False
MCH3095,HANS-SHAN,West Bengal,5999,Misc Retail,Partnership,Kolkata,2024-05-28 00:00:00,ACTIVE,False,1208.82,True
MCH7944,Bassi-Dyal,West Bengal,4131,Transportation,Sole Proprietor,Kolkata,2025-11-04 00:00:00,ACTIVE,False,1227.24,True
MCH9149,varghese plc,Rajasthan,5411,Grocery,Individual,Jaipur,2025-12-26 00:00:00,ACTIVE,False,3708.64,False
MCH8253,Dutt-Narain,Telangana,5411,Grocery,Sole Proprietor,Hyderabad,2024-04-15 01:54:00,ACTIVE,False,1104.19,True
MCH1809,Grewal Inc,Karnataka,5311,Department Store,Private Limited,Bangalore,2025-10-31 03:18:09,ACTIVE,False,2181.93,True
MCH7473,"Nair, Ramachandran and Mane",Telangana,5311,Department Store,Sole Proprietor,Hyderabad,2023-09-07 00:00:00,INACTIVE,True,418.39,True
MCH8101,"Jani, Varghese and Barman",Delhi,,,Sole Proprietor,Delhi,,INACTIVE,False,734.89,True
MCH6254,MURTHY GROUP,Punjab,4814,Telecom,Partnership,Amritsar,2025-07-05 23:34:00,INACTIVE,False,,True
MCH7992,Goel Group,Karnataka,4814,Telecom,Individual,Bangalore,2023-10-18 00:00:00,ACTIVE,False,609.52,True
MCH5054,"Kara, Mandal and Mitra",West Bengal,5812,Restaurant,Sole Proprietor,Kolkata,2024-01-29 00:00:00,SUSPENDED,False,5895.31,False
MCH1040,chand plc,Maharashtra,5912,Medical / Pharmacy,Individual,Pune,2024-09-08 00:00:00,ACTIVE,False,653.92,False
MCH1104,Chander LLC,Delhi,4814,Telecom,Private Limited,Delhi,2024-09-05 00:00:00,ACTIVE,False,778.62,False
MCH2387,Dar-Dass,Uttar Pradesh,5912,Medical / Pharmacy,Partnership,Lucknow,,ACTIVE,False,1022.15,False
MCH2335,GaneshLtd,Maharashtra,5999,Misc Retail,Private Limited,Poona,2025-03-03 00:00:00,ACTIVE,False,,False
MCH1729,GANESH PLC,Telangana,5812,Restaurant,Private Limited,Hyderabad,2025-05-23 00:00:00,ACTIVE,False,,True
MCH2571,Deep-Chakraborty,Delhi,5812,Restaurant,Partnership,Delhi,2024-07-31 00:00:00,SUSPENDED,False,3828.75,False
MCH9296,Ramanathan Ltd,Rajasthan,5912,Medical / Pharmacy,Individual,Jaipur,2025-01-29 16:04:16,ACTIVE,False,1253.48,False
MCH8571,"Garde, Toor and Malhotra",Punjab,4814,Telecom,Partnership,Amritsar,2023-05-31 00:00:00,ACTIVE,False,266.55,False
MCH6242,Som Inc,Rajasthan,5311,Department Store,Sole Proprietor,Jaipur,2023-06-27 04:59:14,ACTIVE,True,1984.97,True
MCH5242,Mishra-Dua,Maharashtra,5311,Department Store,Individual,Mumbai,2024-06-08 00:00:00,ACTIVE,True,3063.29,True
MCH3379,Sura Inc,Tamil Nadu,5411,Grocery,Sole Proprietor,Chennai,2023-11-28 00:00:00,ACTIVE,False,851.53,False
MCH9211,Dubey-Kurian,Punjab,7011,Hotel / Lodging,Individual,Jalandhar,2023-08-01 00:00:00,ACTIVE,False,2981.74,True
MCH2694,Misra PLC,Maharashtra,5699,Apparel,Individual,Pune,,INACTIVE,False,2669.29,False
MCH9289,LALL LLC,West Bengal,7011,Hotel / Lodging,Private Limited,Kolkata,2025-12-08 09:38:21,ACTIVE,False,3024.28,True
MCH4503,Acharya LLC,Delhi,5411,Grocery,Private Limited,Delhi,2024-09-12 20:47:57,ACTIVE,False,241.19,False
MCH8493,BUCH INC,Tamil Nadu,5912,Medical / Pharmacy,Individual,Chennai,2025-01-17 02:45:11,ACTIVE,False,2394.24,True
MCH4613,"Batra, Devi and Buch",Delhi,5699,Apparel,Individual,Delhi,2023-10-03 00:00:00,INACTIVE,True,3664.64,True
MCH4456,Krish-Panchal,Uttar Pradesh,5411,Grocery,Individual,Lucknow,2024-05-11 18:33:00,ACTIVE,False,1642.08,False
MCH9559,Randhawa-Mody,Punjab,5699,Apparel,Sole Proprietor,Amritsar,2025-06-08 00:00:00,INACTIVE,False,543.84,True
MCH4318,Nagar and Sons,Uttar Pradesh,4131,Transportation,Sole Proprietor,Lko,2023-12-20 15:21:00,ACTIVE,False,1159.12,True
MCH1161,"Kuruvilla, Pall and Ravel",Punjab,5411,Grocery,Private Limited,Jalandhar,2023-12-29 00:00:00,ACTIVE,False,549.82,False
MCH8631,Chaudhari-Chhabra,Uttar Pradesh,5699,Apparel,Sole Proprietor,Lucknow,2024-02-17 00:00:00,ACTIVE,False,1011.95,True
MCH9582,"Aggarwal, Morar and Vohra",Tamil Nadu,4814,Telecom,Private Limited,Chennai,2026-02-02 00:00:00,ACTIVE,False,2012.0,True
MCH6617,Buch Group,Telangana,5699,Apparel,Sole Proprietor,Hyderabad,2024-09-01 00:00:00,ACTIVE,False,1759.15,False
MCH3616,trivedi-ramachandran,Punjab,5411,Grocery,Partnership,Jalandhar,2025-07-02 00:00:00,INACTIVE,False,181.96,True
MCH9391,Vasa-Mitra,Punjab,4814,Telecom,Individual,Jalandar,2024-10-30 00:00:00,ACTIVE,False,1456.23,True
MCH9379,Nazareth and Sons,West Bengal,5999,Misc Retail,Individual,Kolkata,,INACTIVE,False,242.0,True
MCH2051,Deshpande PLC,Tamil Nadu,5912,Medical / Pharmacy,Private Limited,Chennai,2024-10-06 00:00:00,ACTIVE,False,625.93,True
MCH4507,Bassi-Merchant,Tamil Nadu,5812,Restaurant,Sole Proprietor,Chennai,2024-05-30 00:00:00,ACTIVE,False,3598.7,True
MCH9647,"Bhat, Tank and Aurora",West Bengal,7011,Hotel / Lodging,Individual,Kolkata,2024-08-18 00:00:00,ACTIVE,False,5590.39,True
MCH1082,Oommen Inc,Punjab,7011,Hotel / Lodging,Partnership,Amritsar,,ACTIVE,False,833.19,True
MCH8506,"HANDA, SAHNI AND SAWHNEY",Telangana,4814,Telecom,Partnership,Hyderabad,2026-01-12 00:00:00,ACTIVE,False,339.0,False
MCH9443,"Bumb, Sama and Prashad",Uttar Pradesh,4131,Transportation,Sole Proprietor,Lucknow,2024-03-28 00:00:00,ACTIVE,False,712.16,False
MCH3125,Din-Dara,Delhi,5699,Apparel,Partnership,Delhi,2025-11-15 00:00:00,ACTIVE,False,3672.47,True
MCH3092,"Dutta, Vasa and Jayaraman",Punjab,5999,Misc Retail,Private Limited,Amritsar,,ACTIVE,False,1605.55,True
MCH1365,Agate PLC,Maharashtra,5942,Book Store,Partnership,Pune,2024-12-10 00:00:00,ACTIVE,True,2839.17,False
MCH8679,Dutt-Goel,West Bengal,4814,Telecom,Private Limited,Kolkata,2024-08-14 00:00:00,ACTIVE,False,423.15,True
MCH3722,"BEN, DHINGRA AND GARDE",Delhi,5942,Book Store,Private Limited,Delhi,2025-01-28 00:00:00,INACTIVE,False,163.22,False
MCH6384,"Rave1, Mane and Madan",Delhi,5912,Medical / Pharmacy,Partnership,Delhi,2023-04-26 06:56:00,ACTIVE,False,334.08,True
MCH9537,Chakrab0rty PLC,Punjab,5942,Book Store,Individual,Amritsar,2025-01-02 06:24:34,ACTIVE,True,1188.48,True
MCH8895,Chakraborty-Apte,Punjab,7011,Hotel / Lodging,Sole Proprietor,Jalandar,2023-05-04 01:45:30,ACTIVE,False,2412.11,True
MCH1773,Prakash-Malhotra,Punjab,5411,Grocery,Individual,Jalandhar,,ACTIVE,False,1551.73,True
MCH6301,"Apte, Vohra and Gade",Punjab,4814,Telecom,Partnership,Jalandar,2023-03-30 00:00:00,ACTIVE,False,2355.49,False
MCH6394,YogiInc,West Bengal,5699,Apparel,Private Limited,Kolkata,2023-10-20 00:00:00,ACTIVE,False,1717.76,False
MCH7172,Chandran-Palla,Maharashtra,5311,Department Store,Partnership,Pune,2025-09-23 00:00:00,ACTIVE,False,1177.65,True
MCH4843,KURUVILLA-PILLAY,Karnataka,4814,Telecom,Individual,Bangalore,2025-08-18 00:00:00,ACTIVE,True,898.89,True
MCH9906,"Raj, Goda and Rastogi",Maharashtra,5912,Medical / Pharmacy,Private Limited,Pune,2025-01-31 00:00:00,ACTIVE,False,543.33,True
MCH4356,"Guha, Sheth and Ravi",West Bengal,5912,Medical / Pharmacy,Partnership,Kolkata,2024-07-06 00:00:00,ACTIVE,False,2725.51,True
MCH8558,Dutt-Tailor,Punjab,5311,Department Store,Sole Proprietor,Amritsar,2024-12-29 00:00:00,ACTIVE,False,857.14,False
MCH1764,"Kurian, Vaidya and Loyal",Uttar Pradesh,5999,Misc Retail,Individual,Lko,2025-11-16 04:20:00,SUSPENDED,False,419.98,True
MCH7664,Datta Ltd,West Bengal,,,Partnership,Kolkata,,ACTIVE,False,990.98,True
MCH4521,Raman PLC,Telangana,5699,Apparel,Private Limited,Hyderabad,2023-04-02 12:10:00,ACTIVE,False,4397.68,False
MCH7772,"Chatterjee, Wason and Nadkarni",Maharashtra,5311,Department Store,Partnership,Mumbai,2026-01-02 19:37:55,ACTIVE,False,541.48,True
MCH2894,Rege-Baria,Delhi,5699,Apparel,Private Limited,Delhi,2024-12-22 00:00:00,ACTIVE,False,2107.84,True
MCH1370,Wable LLC,Punjab,4814,Telecom,Private Limited,Jalandar,2023-11-19 00:00:00,ACTIVE,False,3898.88,True
MCH6370,"Dass, Hegde and Viswanathan",Rajasthan,5812,Restaurant,Partnership,Jaipur,2023-03-24 18:53:14,ACTIVE,False,2201.27,True
MCH5963,GOYAL-SUR,Tamil Nadu,5812,Restaurant,Private Limited,Chennai,2025-09-14 08:31:00,ACTIVE,False,3785.0,True
MCH8295,MAMMEN LLC,Tamil Nadu,5999,Misc Retail,Private Limited,Chennai,2024-11-04 00:00:00,ACTIVE,False,1554.58,True
MCH8958,Verma-Biswas,Punjab,5699,Apparel,Partnership,Amritsar,2023-03-06 14:48:00,ACTIVE,False,7196.61,False
MCH4457,"Chanda, Parikh and Hayre",Punjab,5999,Misc Retail,Private Limited,Amritsar,,ACTIVE,False,,False
MCH1785,Shere-Pall,West Bengal,5311,Department Store,Sole Proprietor,Kolkata,2023-08-05 05:22:00,ACTIVE,False,2271.85,False
MCH4357,Som and Sons,Punjab,5311,Department Store,Individual,Ldh,,ACTIVE,False,,True
MCH8391,Talwar-Bhasin,Punjab,,,Individual,Ludhiana,2025-10-21 00:00:00,ACTIVE,False,2052.0,True
MCH7609,Mitta1 PLC,Punjab,5912,Medical / Pharmacy,Individual,Jalandhar,2025-03-10 00:00:00,ACTIVE,True,7169.86,True
MCH5972,Mane Ltd,Punjab,5942,Book Store,Individual,Amritsar,2024-06-03 07:02:00,ACTIVE,False,644.97,True
MCH7572,"Nori, Kibe and Das",Uttar Pradesh,5699,Apparel,Sole Proprietor,Lucknow,2023-11-28 00:00:00,ACTIVE,False,870.0,True
MCH1493,"Kar, Nath and Koshy",Karnataka,5942,Book Store,Individual,Bangalore,2023-01-28 00:00:00,ACTIVE,False,,True
MCH5697,"Kapadia, Sharma and Maharaj",Maharashtra,,,Partnership,Poona,2023-08-27 00:00:00,ACTIVE,False,4565.23,True
MCH4072,Singhal-Natarajan,Tamil Nadu,5812,Restaurant,Sole Proprietor,Chennai,,ACTIVE,False,2593.54,True
MCH3898,Wadhwa-Sahni,Punjab,5699,Apparel,Private Limited,Ldh,2025-08-05 00:00:00,ACTIVE,False,,False
MCH5939,"mohan, varughese and johal",Karnataka,5411,Grocery,Partnership,Bangalore,2024-12-20 00:00:00,ACTIVE,False,4307.34,True
MCH9793,Brar Ltd,Karnataka,,,Private Limited,Bangalore,,ACTIVE,False,198.68,True
MCH4349,"naik, pandey and din",Karnataka,4131,Transportation,Partnership,Bangalore,2023-06-30 20:31:00,ACTIVE,False,2172.69,False
MCH8181,Mall-Chatterjee,Punjab,4131,Transportation,Individual,Amritsar,,ACTIVE,True,1624.73,True
MCH8157,"mahal, srinivas and vasa",Delhi,,,Sole Proprietor,Delhi,2024-10-09 09:16:57,INACTIVE,False,1033.09,True
MCH5247,Nagi Ltd,Punjab,4814,Telecom,Partnership,Amritsar,2025-06-06 00:00:00,SUSPENDED,False,632.92,False
MCH2116,Chaudhari and Sons,Rajasthan,5699,Apparel,Individual,Jaipur,2023-09-02 00:00:00,ACTIVE,False,947.14,True
MCH1254,Pant-Muni,Delhi,4131,Transportation,Partnership,Delhi,2023-10-21 00:00:00,ACTIVE,False,781.27,False
MCH2191,"Raval, Halder and Brahmbhatt",Karnataka,5999,Misc Retail,Sole Proprietor,Bangalore,2023-09-15 00:00:00,ACTIVE,False,2745.45,False
MCH8085,VERMA-RAMACHANDRAN,Maharashtra,5942,Book Store,Individual,Pune,2025-10-22 00:00:00,ACTIVE,False,,True
MCH1882,kamdar-banik,Punjab,5812,Restaurant,Partnership,Ludhiana,,INACTIVE,False,427.5,False
MCH9640,Aurora and Sons,Uttar Pradesh,4131,Transportation,Sole Proprietor,Lucknow,2023-09-09 06:54:50,ACTIVE,False,1623.21,True
MCH9679,RAMAN LTD,Delhi,,,Sole Proprietor,Delhi,2024-07-09 00:00:00,INACTIVE,False,310.73,True
MCH7519,"Sarkar, Garg and Kumar",Uttar Pradesh,4131,Transportation,Partnership,Lko,2025-06-01 00:00:00,INACTIVE,False,771.94,True
MCH7061,Grover and Sons,Rajasthan,7011,Hotel / Lodging,Individual,Jaipur,2023-06-12 22:13:21,ACTIVE,False,462.72,False
MCH3916,"Parmer, Chakrabarti and Sibal",Rajasthan,4131,Transportation,Individual,Jaipur,2025-01-03 00:00:00,ACTIVE,False,794.0,True
MCH5043,"Chakraborty, Gour and Kothari",West Bengal,4131,Transportation,Private Limited,Kolkata,2025-03-17 00:00:00,INACTIVE,False,614.63,True
MCH6666,Baral Inc,Karnataka,5699,Apparel,Individual,Bangalore,2025-12-22 00:00:00,ACTIVE,False,381.87,True
MCH1257,Varma-Maharaj,West Bengal,5942,Book Store,Sole Proprietor,Kolkata,2023-04-15 16:16:00,ACTIVE,False,3059.27,True
MCH8719,kala llc,West Bengal,5311,Department Store,Individual,Kolkata,2025-10-25 00:00:00,ACTIVE,False,2779.32,False
MCH3086,Pant Inc,Tamil Nadu,5812,Restaurant,Private Limited,Chennai,2023-10-13 11:54:24,ACTIVE,False,287.52,True
MCH1642,Zacharia-Dhawan,West Bengal,5411,Grocery,Partnership,Kolkata,2023-01-02 04:08:32,ACTIVE,False,363.0,True
MCH5416,Upadhyay LLC,Tamil Nadu,5942,Book Store,Individual,Chennai,2024-07-24 00:00:00,ACTIVE,False,,True
MCH5618,Biswas and Sons,Delhi,5912,Medical / Pharmacy,Partnership,Delhi,2024-04-03 21:03:00,ACTIVE,False,833.5,True
MCH3554,"Chowdhury, Mann and Mitter",Punjab,4131,Transportation,Individual,Jalandhar,2025-04-27 19:48:07,ACTIVE,False,893.92,True
MCH8718,Chaudhari-Bhalla,Maharashtra,5812,Restaurant,Individual,Poona,2024-07-23 04:38:30,ACTIVE,False,,False
MCH9786,"Pai, Thakkar and Krish",Telangana,5311,Department Store,Private Limited,Hyderabad,,ACTIVE,False,1876.06,False
MCH3011,"Ahluwalia, Contractor and Comar",Delhi,5311,Department Store,Sole Proprietor,Delhi,2023-11-30 00:00:00,INACTIVE,False,2626.62,True
MCH3508,Prabhu and Sons,Delhi,4131,Transportation,Private Limited,Delhi,2024-07-26 00:00:00,ACTIVE,False,1850.0,False
MCH5805,natarajan-walla,Punjab,4131,Transportation,Partnership,Ludhiana,2025-06-03 12:56:57,ACTIVE,False,449.15,True
MCH3689,"Palla, Gara and Malhotra",Karnataka,5942,Book Store,Partnership,Bangalore,2025-02-04 00:00:00,INACTIVE,False,1319.27,True
MCH1755,Kulkarni and Sons,Maharashtra,4814,Telecom,Individual,Mumbai,2025-12-29 00:00:00,ACTIVE,True,1088.47,True
MCH9696,D’Alia-Bhardwaj,Uttar Pradesh,5999,Misc Retail,Private Limited,Lucknow,2024-02-17 21:42:16,ACTIVE,False,3568.12,True
MCH2166,SANT-VENKATESH,Punjab,5912,Medical / Pharmacy,Individual,Amritsar,2024-09-20 00:00:00,ACTIVE,False,789.14,True
MCH2938,"Babu, Lata and Zacharia",Maharashtra,5411,Grocery,Private Limited,Poona,2024-09-06 00:00:00,ACTIVE,False,823.9,True
MCH6982,"Baral, Ramachandran and Keer",Uttar Pradesh,5942,Book Store,Partnership,Lko,2025-09-13 00:00:00,SUSPENDED,False,5234.31,True
MCH2220,Tailor and Sons,Maharashtra,5311,Department Store,Sole Proprietor,Mumbai,2025-06-23 20:54:27,ACTIVE,False,940.64,False
MCH1885,mahal ltd,Telangana,5999,Misc Retail,Private Limited,Hyderabad,2025-11-07 18:42:57,ACTIVE,False,618.0,False
MCH7904,Kapadia-Pandya,Tamil Nadu,5942,Book Store,Partnership,Chennai,2023-09-20 00:00:00,ACTIVE,False,6260.03,True
MCH2211,KRISHNAN-SIBAL,Karnataka,5942,Book Store,Individual,Bangalore,2023-05-28 18:32:06,ACTIVE,False,1189.37,False
MCH6765,Sengupta-Keer,Delhi,5912,Medical / Pharmacy,Individual,Delhi,2025-11-17 00:00:00,ACTIVE,False,1250.47,True
MCH7442,Thakur-Rana,West Bengal,5999,Misc Retail,Partnership,Kolkata,2026-01-17 22:14:00,ACTIVE,True,1816.81,False
MCH6566,"Purohit, Chacko and Kadakia",Tamil Nadu,4814,Telecom,Private Limited,Chennai,2024-03-10 00:00:00,INACTIVE,False,1923.82,True
MCH7728,"Banerjee, Iyengar and Ganguly",Rajasthan,7011,Hotel / Lodging,Individual,Jaipur,2024-10-11 00:00:00,ACTIVE,False,750.16,True
MCH3029,Sarma PLC,Maharashtra,4131,Transportation,Sole Proprietor,Mumbai,2024-06-15 00:00:00,ACTIVE,False,163.28,True
MCH1948,Prabhakar-Kari,Maharashtra,5699,Apparel,Sole Proprietor,Mumbai,2025-11-21 00:00:00,ACTIVE,True,6392.07,False
MCH8968,"MAJUMDAR, SETTY AND SAHNI",Punjab,5812,Restaurant,Private Limited,Amritsar,2026-02-23 13:01:00,INACTIVE,False,477.9,False
MCH6410,Dua-Kara,Delhi,5699,Apparel,Individual,Delhi,,ACTIVE,False,1003.3,False
MCH7844,Singh-Mane,Punjab,,,Sole Proprietor,Ldh,2024-10-31 00:00:00,ACTIVE,False,1309.0,False
MCH1424,"GOEL, BALAY AND DUA",Punjab,7011,Hotel / Lodging,Private Limited,Jalandar,2025-10-19 00:36:54,ACTIVE,False,5339.46,False
MCH2257,Mandal-Sankaran,Maharashtra,5311,Department Store,Individual,Mumbai,2024-04-18 23:11:42,ACTIVE,False,4831.04,False
MCH3487,Subramanian Inc,Maharashtra,5812,Restaurant,Individual,Poona,2025-07-26 00:00:00,ACTIVE,False,1612.87,False
MCH3071,Misra-Padmanabhan,Punjab,5812,Restaurant,Sole Proprietor,Ludhiana,2024-07-24 08:52:44,ACTIVE,False,,True
MCH5426,"DORA, SEHGAL AND CHOUDHURY",Delhi,4131,Transportation,Individual,Delhi,2025-11-14 00:00:00,ACTIVE,False,598.49,True
MCH8736,Dora-Sachar,Maharashtra,5311,Department Store,Private Limited,Mumbai,2024-10-11 13:06:21,ACTIVE,False,2228.33,True
MCH4443,Sachar-Banik,Rajasthan,5942,Book Store,Partnership,Jaipur,2024-12-06 00:00:00,ACTIVE,False,2375.86,True
MCH1585,Khalsa-Kulkarni,Delhi,5311,Department Store,Partnership,Delhi,2023-05-22 00:00:00,ACTIVE,False,3398.13,True
MCH4781,"Mohan, Sharaf and Narula",Delhi,,,Sole Proprietor,Delhi,2024-01-08 00:00:00,ACTIVE,False,482.6,True
MCH8632,"Koshy, Suri and Dey",Delhi,5812,Restaurant,Individual,Delhi,2025-11-14 10:58:44,ACTIVE,False,3705.21,True
MCH4093,Krishnamurthy PLC,Uttar Pradesh,7011,Hotel / Lodging,Private Limited,Lucknow,2024-03-15 00:00:00,INACTIVE,False,1291.9,True
MCH4911,"Nigam, Mahajan and Misra",Karnataka,5411,Grocery,Individual,Bangalore,2025-06-14 00:00:00,ACTIVE,False,689.3,False
MCH3640,Parikh-Raghavan,Telangana,7011,Hotel / Lodging,Sole Proprietor,Hyderabad,2023-04-11 22:07:00,ACTIVE,False,400.1,True
MCH4037,chaudhuri llc,Telangana,5311,Department Store,Individual,Hyderabad,2024-11-23 00:00:00,ACTIVE,True,2168.76,True
MCH1483,Mohan-Kari,Punjab,5942,Book Store,Private Limited,Amritsar,2026-02-11 00:00:00,ACTIVE,False,1901.08,True
MCH7023,Walla-Raj,Delhi,5311,Department Store,Individual,Delhi,2023-03-16 11:15:32,ACTIVE,False,1307.24,False
MCH7723,"Pandya, Barman and Biswas",Punjab,5699,Apparel,Private Limited,Ludhiana,2025-01-06 01:31:38,ACTIVE,False,3268.86,True
MCH7310,Mander Group,Uttar Pradesh,5699,Apparel,Partnership,Lucknow,2025-09-08 05:21:18,INACTIVE,False,1987.96,True
MCH7007,Sastry-Soni,Tamil Nadu,7011,Hotel / Lodging,Sole Proprietor,Chennai,2024-11-01 00:00:00,INACTIVE,True,649.1,True
MCH5583,"Sama, Thaman and Bakshi",Maharashtra,4814,Telecom,Individual,Pune,2023-07-21 01:11:03,ACTIVE,False,2696.94,True
MCH1297,Luthra and Sons,Delhi,5411,Grocery,Private Limited,Delhi,2023-06-12 01:16:32,ACTIVE,False,381.86,True
MCH5717,"Kuruvilla, Deol and Rama",Rajasthan,5942,Book Store,Sole Proprietor,Jaipur,2023-05-16 23:01:00,ACTIVE,False,8901.44,False
MCH7313,Comar-Din,Maharashtra,4814,Telecom,Private Limited,Mumbai,2026-01-18 00:00:00,ACTIVE,False,1884.45,True
MCH7010,kuruvilla-shanker,Delhi,5411,Grocery,Sole Proprietor,Delhi,2023-07-22 00:00:00,SUSPENDED,False,524.4,False
MCH6313,Ramanathan PLC,Maharashtra,,,Sole Proprietor,Mumbai,,ACTIVE,False,3430.73,True
MCH5343,Sangha-Pillay,Uttar Pradesh,5411,Grocery,Individual,Lko,,INACTIVE,False,1724.67,True
MCH4064,"Sidhu, Kunda and Hayre",Maharashtra,7011,Hotel / Lodging,Individual,Pune,2025-02-05 00:00:00,ACTIVE,False,1462.39,True
MCH5167,Bose and Sons,Punjab,5942,Book Store,Private Limited,Jalandhar,2025-08-20 17:50:00,INACTIVE,False,1269.25,False
MCH8005,"Kumar, Ahluwalia and Thaman",Karnataka,4131,Transportation,Sole Proprietor,Bangalore,2025-06-30 00:00:00,ACTIVE,True,6211.56,False
MCH6079,"SESHADRI, MUNI AND BANIK",West Bengal,7011,Hotel / Lodging,Individual,Kolkata,2026-02-24 00:00:00,ACTIVE,False,434.97,False
MCH2232,Borde-Sule,Telangana,5311,Department Store,Partnership,Hyderabad,2025-02-24 00:00:00,ACTIVE,False,642.26,True
MCH6172,Raja Inc,Telangana,5812,Restaurant,Sole Proprietor,Hyderabad,2024-11-09 00:00:00,ACTIVE,False,1050.0,False
MCH9348,"TOOR, PAREKH AND AGATE",Punjab,5942,Book Store,Private Limited,Amritsar,2025-03-30 00:00:00,ACTIVE,False,4472.44,True
MCH3275,Sridhar and Sons,Delhi,5699,Apparel,Partnership,Delhi,2024-04-15 07:33:51,SUSPENDED,False,,False
MCH6097,MANNAN PLC,Uttar Pradesh,5812,Restaurant,Partnership,Lko,2025-02-13 00:39:51,ACTIVE,False,258.41,True
MCH9310,Ganguly-Tella,Maharashtra,7011,Hotel / Lodging,Individual,Pune,2024-03-29 00:00:00,ACTIVE,True,482.88,True
MCH9943,Mukhopadhyay-Kale,Punjab,5699,Apparel,Private Limited,Amritsar,2025-11-30 15:51:23,ACTIVE,False,2114.46,True
MCH4406,"Chand, Ahuja and Behl",Maharashtra,7011,Hotel / Lodging,Private Limited,Pune,2023-06-09 00:00:00,ACTIVE,False,3629.0,False
MCH4792,Agrawal-Prabhu,Tamil Nadu,5812,Restaurant,Sole Proprietor,Chennai,2025-11-02 16:37:14,INACTIVE,False,1844.0,False
MCH2679,"Barman, Bains and Shan",Maharashtra,5912,Medical / Pharmacy,Private Limited,Mumbai,2024-12-25 00:00:00,ACTIVE,False,1334.82,True
MCH9452,Kapoor-Kara,West Bengal,5999,Misc Retail,Private Limited,Kolkata,,INACTIVE,False,,True
MCH8873,"Pathak, Bath and Kant",Maharashtra,4131,Transportation,Partnership,Pune,2025-06-11 00:00:00,ACTIVE,False,2212.3,False
MCH4606,Vyas-Mukhopadhyay,Telangana,7011,Hotel / Lodging,Private Limited,Hyderabad,2025-09-29 00:00:00,ACTIVE,False,745.57,True
MCH8276,"Kakar, Handa and Sachdeva",Maharashtra,5812,Restaurant,Sole Proprietor,Mumbai,2025-09-23 00:00:00,ACTIVE,False,2410.37,True
MCH6608,"puri, dar and mann",Delhi,,,Private Limited,Delhi,2024-02-10 07:57:42,ACTIVE,True,410.36,False
MCH7605,Kakar-Dhi110n,Karnataka,5311,Department Store,Private Limited,Bangalore,2025-07-21 00:00:00,INACTIVE,False,1126.42,True
MCH8480,Doshi-Sarin,Maharashtra,4131,Transportation,Individual,Pune,2023-07-02 00:00:00,ACTIVE,True,1310.85,False
MCH5482,"Baral, Tak and Rajan",West Bengal,5812,Restaurant,Individual,Kolkata,2025-06-23 15:48:14,INACTIVE,False,710.53,True
MCH4640,Choudhary-Joshi,Rajasthan,5699,Apparel,Partnership,Jaipur,,ACTIVE,False,857.62,True
MCH3811,"bhat, anand and bakshi",Karnataka,,,Individual,Bangalore,,ACTIVE,False,563.14,True
MCH3254,"Chanda, Maharaj and Chandra",Telangana,4131,Transportation,Partnership,Hyderabad,2025-11-03 00:00:00,ACTIVE,False,1842.04,True
MCH9008,"GOUR, AMBLE AND BAKSHI",Punjab,5411,Grocery,Sole Proprietor,Amritsar,2024-12-18 18:50:53,ACTIVE,False,1167.35,True
MCH1532,sarna-kota,Delhi,5999,Misc Retail,Private Limited,Delhi,2024-10-21 00:00:00,ACTIVE,False,4843.68,False
MCH9021,Dubey PLC,Rajasthan,4814,Telecom,Private Limited,Jaipur,2023-10-03 00:00:00,INACTIVE,False,214.99,True
MCH2813,"Panchal, Pradhan and Bora",Punjab,5812,Restaurant,Individual,Jalandhar,2026-01-05 00:00:00,ACTIVE,True,169.64,False
MCH7709,"JANI, SIDHU AND TRIPATHI",Rajasthan,4131,Transportation,Partnership,Jaipur,2025-06-05 00:00:00,ACTIVE,False,451.31,True
MCH6104,Keer-Gade,West Bengal,5311,Department Store,Individual,Kolkata,2023-01-01 20:32:00,INACTIVE,False,935.82,True
MCH6660,BISWAS GROUP,Tamil Nadu,4131,Transportation,Sole Proprietor,Chennai,2025-03-18 22:30:52,ACTIVE,False,204.05,False
MCH1177,"Mistry, Savant and Jha",Punjab,4131,Transportation,Sole Proprietor,Amritsar,2025-08-29 18:32:00,ACTIVE,False,1663.99,False
MCH9205,Lala Ltd,West Bengal,4131,Transportation,Private Limited,Kolkata,2024-11-26 04:12:00,SUSPENDED,False,569.25,True
MCH7733,Bora Inc,Uttar Pradesh,,,Private Limited,Lko,2024-01-22 00:00:00,ACTIVE,False,5028.38,True
MCH9140,Dugar-Uppal,Rajasthan,5411,Grocery,Partnership,Jaipur,2024-12-06 06:26:10,ACTIVE,False,1470.42,False
MCH2398,Kapur-Dani,Tamil Nadu,5311,Department Store,Individual,Chennai,2023-09-15 16:58:35,ACTIVE,False,711.05,True
MCH5141,Gera-Kashyap,Punjab,4814,Telecom,Partnership,Ludhiana,2024-08-01 00:21:00,ACTIVE,False,2000.07,False
MCH9126,Anne-Chahal,Telangana,5411,Grocery,Partnership,Hyderabad,2023-03-05 00:00:00,ACTIVE,False,,False
MCH1583,SARIN-MORE,Punjab,5812,Restaurant,Private Limited,Amritsar,2023-10-05 00:00:00,ACTIVE,False,1435.48,True
MCH2283,"Dhawan, Pa11a and Krishnan",Telangana,7011,Hotel / Lodging,Partnership,Hyderabad,,ACTIVE,False,954.74,True
MCH1269,SHUKLA PLC,Telangana,5699,Apparel,Individual,Hyderabad,2025-03-03 19:00:09,ACTIVE,False,1758.28,False
MCH4881,"Wadhwa, Morar and Kara",Punjab,5912,Medical / Pharmacy,Sole Proprietor,Jalandar,2023-08-26 00:00:00,ACTIVE,False,367.72,True
MCH6492,PERI LLC,Maharashtra,5912,Medical / Pharmacy,Individual,Mumbai,2025-08-20 09:18:03,ACTIVE,False,3574.25,False
MCH6422,"Bhatnagar, Bora and Venkataraman",Maharashtra,5912,Medical / Pharmacy,Sole Proprietor,Poona,2025-05-11 11:45:00,ACTIVE,False,1587.75,False
MCH1210,"Dua, Buch and Kaul",Maharashtra,,,Private Limited,Mumbai,,SUSPENDED,False,1903.0,True
MCH8801,BEDI INC,Uttar Pradesh,5912,Medical / Pharmacy,Sole Proprietor,Lko,2024-08-11 00:00:00,ACTIVE,False,3479.49,True
MCH5715,"Bansal,AryaandBhat",Karnataka,5912,Medical / Pharmacy,Private Limited,Bangalore,2025-01-20 00:00:00,ACTIVE,False,1290.0,False
MCH7429,"Sandal, Raja and Gopal",Karnataka,7011,Hotel / Lodging,Sole Proprietor,Bangalore,2023-12-15 00:00:00,ACTIVE,False,1419.21,False
MCH3596,CHOUDHRY LTD,Uttar Pradesh,4131,Transportation,Private Limited,Lucknow,2024-11-11 00:00:00,ACTIVE,False,311.69,True
MCH2884,Malhotra-Sarin,Maharashtra,5942,Book Store,Sole Proprietor,Pune,2025-02-27 00:00:00,ACTIVE,False,683.54,False
MCH1098,"raval, yadav and yogi",Rajasthan,7011,Hotel / Lodging,Private Limited,Jaipur,2023-12-01 00:00:00,ACTIVE,False,181.0,True
MCH1118,"BASAK, PILLAI AND ARORA",Tamil Nadu,5999,Misc Retail,Private Limited,Chennai,2026-01-06 00:00:00,ACTIVE,False,3933.25,False
MCH2267,Bobal and Sons,Delhi,7011,Hotel / Lodging,Partnership,Delhi,2023-01-03 00:00:00,ACTIVE,False,2114.71,True
MCH3308,"DHAWAN, RANGANATHAN AND LUTHRA",Punjab,5699,Apparel,Partnership,Amritsar,2026-01-09 00:00:00,INACTIVE,False,2438.38,True
MCH6560,"Pandit, Jayaraman and Chokshi",Telangana,4814,Telecom,Individual,Hyderabad,2023-05-29 00:00:00,ACTIVE,False,11930.97,True
MCH9400,"Dara, Desai and Sethi",Maharashtra,5999,Misc Retail,Partnership,Mumbai,2025-08-23 00:00:00,ACTIVE,False,2120.88,False
MCH7675,Suresh-Tandon,Maharashtra,4131,Transportation,Partnership,Pune,2025-01-24 00:00:00,ACTIVE,False,1022.55,False
MCH1449,"Chadha, Ramakrishnan and Badami",Telangana,7011,Hotel / Lodging,Partnership,Hyderabad,2023-09-28 15:52:52,SUSPENDED,False,1634.83,False
MCH9277,Pa1-R0ut,Punjab,5942,Book Store,Individual,Amritsar,2026-02-10 18:58:24,ACTIVE,False,963.33,False
MCH5210,"Gill, Acharya and Naidu",Punjab,5912,Medical / Pharmacy,Partnership,Amritsar,2024-12-10 00:00:00,SUSPENDED,False,1319.3,True
MCH1434,Kale and Sons,Punjab,5812,Restaurant,Private Limited,Jalandar,2023-04-25 00:00:00,ACTIVE,False,985.73,True
MCH7184,Dara Inc,Maharashtra,,,Sole Proprietor,Mumbai,2023-08-31 00:00:00,ACTIVE,False,1095.25,False
MCH8650,Konda Ltd,Punjab,5999,Misc Retail,Sole Proprietor,Ludhiana,2024-05-27 00:00:00,ACTIVE,False,578.35,True
MCH2274,"KUNDA, VIG AND PARSA",Maharashtra,5999,Misc Retail,Sole Proprietor,Mumbai,2023-06-06 04:13:00,ACTIVE,False,3028.0,True
MCH9413,Kala-Sarkar,Telangana,5912,Medical / Pharmacy,Sole Proprietor,Hyderabad,2023-10-25 07:38:39,ACTIVE,False,869.76,True
MCH9516,"SULE, BORRA AND RATTAN",Punjab,,,Partnership,Amritsar,2023-01-19 00:01:38,ACTIVE,True,397.19,False
MCH3659,Kashyap LLC,Maharashtra,4131,Transportation,Partnership,Poona,2025-07-06 00:00:00,ACTIVE,False,403.54,False
MCH9807,PILLAY-SULE,Punjab,5912,Medical / Pharmacy,Partnership,Ldh,2024-09-17 00:00:00,ACTIVE,False,3555.86,False
MCH6983,Barman-Chand,Delhi,5311,Department Store,Partnership,Delhi,2024-10-07 12:44:43,ACTIVE,False,3713.18,False
MCH4094,Thakur-Shah,Tamil Nadu,5311,Department Store,Individual,Chennai,2024-12-25 00:00:00,ACTIVE,False,1848.8,True
MCH2416,"Gokhale, Dua and Murty",Delhi,5411,Grocery,Sole Proprietor,Delhi,2024-09-15 00:00:00,ACTIVE,False,4341.41,True
MCH1838,Manda-Deshpande,Punjab,5942,Book Store,Partnership,Jalandhar,2025-09-04 06:22:16,ACTIVE,False,2224.32,True
MCH3399,MUNI AND SONS,Punjab,5699,Apparel,Private Limited,Amritsar,2024-07-04 00:00:00,ACTIVE,True,3737.76,True
MCH9130,Chhabra LLC,Punjab,5812,Restaurant,Private Limited,Jalandhar,2024-12-09 00:00:00,ACTIVE,False,1786.29,False
MCH2610,"Dhar, Mahajan and Sarkar",Delhi,5912,Medical / Pharmacy,Private Limited,Delhi,2025-08-09 18:24:29,ACTIVE,True,3319.36,True
MCH6862,Misra-Dada,West Bengal,4814,Telecom,Private Limited,Kolkata,2025-08-12 00:00:00,ACTIVE,False,736.0,True
MCH2564,Bumb and Sons,Telangana,7011,Hotel / Lodging,Private Limited,Hyderabad,2025-04-18 00:00:00,ACTIVE,False,1155.71,True
MCH7040,Bhasin-Lala,Maharashtra,5942,Book Store,Individual,Mumbai,2025-10-11 00:00:00,SUSPENDED,False,2406.66,True
MCH3760,Das-Ahuja,Uttar Pradesh,5812,Restaurant,Sole Proprietor,Lucknow,2023-01-13 00:00:00,ACTIVE,False,755.0,True
MCH3700,"Sinha, Purohit and Shetty",Karnataka,5912,Medical / Pharmacy,Individual,Bangalore,2025-04-01 00:00:00,INACTIVE,False,1238.03,True
MCH7422,Divan-Vaidya,Rajasthan,5942,Book Store,Individual,Jaipur,2024-07-26 13:42:00,SUSPENDED,False,170.31,True
MCH9001,Sangha-Ravi,Karnataka,5912,Medical / Pharmacy,Individual,Bangalore,2024-10-17 00:00:00,ACTIVE,False,242.09,False
MCH7463,CHAUDRY-NATARAJAN,Tamil Nadu,5912,Medical / Pharmacy,Partnership,Chennai,2025-07-05 14:13:00,ACTIVE,False,,True
MCH8910,Varkey Group,Punjab,5912,Medical / Pharmacy,Individual,Ludhiana,2025-02-07 02:32:41,ACTIVE,False,9929.86,True
MCH2879,"Sidhu, Kumer and Venkatesh",Karnataka,4131,Transportation,Partnership,Bangalore,2024-02-14 00:00:00,ACTIVE,False,1726.8,False
MCH3416,"Rau, Baral and Karan",Punjab,4814,Telecom,Private Limited,Ludhiana,2024-02-02 00:00:00,ACTIVE,False,894.0,False
MCH3571,"Aurora, Kamdar and Vasa",Uttar Pradesh,5411,Grocery,Private Limited,Lko,2023-02-03 00:00:00,ACTIVE,False,583.65,False
MCH1552,uppal plc,Telangana,4131,Transportation,Sole Proprietor,Hyderabad,,ACTIVE,False,1136.0,False
MCH5822,Gandhi-Krish,Karnataka,5311,Department Store,Sole Proprietor,Bangalore,2023-02-10 00:00:00,ACTIVE,False,1268.39,True
MCH1861,Vora-Balan,Maharashtra,5411,Grocery,Sole Proprietor,Pune,2025-10-17 00:39:00,INACTIVE,False,2646.57,True
MCH7226,"Peri, Barad and Panchal",Delhi,5942,Book Store,Sole Proprietor,Delhi,2024-11-30 00:00:00,ACTIVE,False,4237.0,True
MCH9245,zachariah-suri,Punjab,5311,Department Store,Individual,Jalandhar,2023-05-03 00:00:00,ACTIVE,False,328.18,True
MCH3488,Sarna-Ramaswamy,West Bengal,5699,Apparel,Private Limited,Kolkata,2025-12-10 17:02:29,ACTIVE,False,1118.6,True
MCH8870,Solanki-Cherian,West Bengal,4131,Transportation,Partnership,Kolkata,2025-07-04 00:00:00,ACTIVE,False,1597.0,True
MCH4439,DESHPANDE LTD,Karnataka,5812,Restaurant,Partnership,Bangalore,2025-04-02 00:00:00,ACTIVE,True,917.66,True
MCH8606,Prabhakar Ltd,Maharashtra,5942,Book Store,Partnership,Mumbai,2024-11-25 22:32:00,ACTIVE,False,602.72,False
MCH9276,TRIVEDI-KUNDA,Delhi,5699,Apparel,Individual,Delhi,2025-12-31 04:58:00,ACTIVE,False,2310.01,True
MCH8057,Kalla Group,Maharashtra,5912,Medical / Pharmacy,Sole Proprietor,Mumbai,2025-08-29 00:00:00,ACTIVE,False,437.01,False
MCH5263,"Narang, Kata and Pillai",Punjab,5311,Department Store,Private Limited,Ludhiana,2024-12-08 00:00:00,ACTIVE,False,,False
MCH8893,Anand-Dada,Delhi,5411,Grocery,Private Limited,Delhi,2023-02-15 00:00:00,ACTIVE,False,598.72,False
MCH4709,Ramakrishnan-Palla,Karnataka,4814,Telecom,Individual,Bangalore,2026-02-15 00:00:00,ACTIVE,False,1190.3,True
MCH2444,"Sachar, Das and Deo",Punjab,4131,Transportation,Sole Proprietor,Jalandar,2025-05-12 00:00:00,ACTIVE,False,563.27,False
MCH7580,"Setty, Kala and Ramesh",Rajasthan,7011,Hotel / Lodging,Partnership,Jaipur,2025-10-20 00:00:00,ACTIVE,True,377.84,False
MCH1087,"Mitter, Sawhney and Luthra",Tamil Nadu,7011,Hotel / Lodging,Partnership,Chennai,2025-04-19 00:00:00,SUSPENDED,False,2381.71,False
MCH8169,"Kapur, Prashad and Srinivasan",Rajasthan,5999,Misc Retail,Individual,Jaipur,2024-03-11 00:00:00,ACTIVE,False,1294.0,True
MCH9022,"Kunda,DugarandKari",Punjab,5699,Apparel,Individual,Amritsar,2026-01-24 00:00:00,ACTIVE,False,1439.0,False
MCH3287,"dave, ganesan and biswas",Karnataka,5311,Department Store,Individual,Bangalore,,ACTIVE,False,1007.0,True
MCH2522,Savant-Sangha,Maharashtra,5311,Department Store,Partnership,Mumbai,2024-03-01 15:56:00,ACTIVE,False,702.03,True
MCH4362,Sura LLC,Rajasthan,7011,Hotel / Lodging,Individual,Jaipur,2023-04-23 00:00:00,SUSPENDED,False,218.0,True
MCH9060,"RAMASWAMY, SINGHAL AND DEEP",Maharashtra,5999,Misc Retail,Individual,Mumbai,2023-01-01 00:00:00,ACTIVE,False,1011.0,False
MCH5890,Apte-Sant,Punjab,5311,Department Store,Partnership,Amritsar,2026-01-27 00:00:00,INACTIVE,False,2687.77,True
MCH1327,GandhiPLC,Uttar Pradesh,5699,Apparel,Sole Proprietor,Lko,2023-11-02 00:00:00,ACTIVE,False,902.09,True
MCH8636,GHOSH-DASH,Punjab,5942,Book Store,Partnership,Amritsar,2023-09-06 09:12:03,ACTIVE,False,3699.41,True
MCH4148,"Muni, Chaudhari and De",West Bengal,5999,Misc Retail,Private Limited,Kolkata,2024-12-20 00:00:00,INACTIVE,False,2139.38,True
MCH4285,Bhatnagar-Atwal,Punjab,5942,Book Store,Partnership,Jalandhar,,INACTIVE,False,988.9,False
MCH7196,Kunda-Bakshi,West Bengal,5311,Department Store,Private Limited,Kolkata,2026-02-08 00:00:00,SUSPENDED,False,859.44,False
MCH5040,NAYAR-KHATRI,Maharashtra,4814,Telecom,Individual,Pune,2025-04-30 04:40:00,ACTIVE,False,1055.33,False
MCH5639,"Viswanathan, Gupta and Varghese",Maharashtra,7011,Hotel / Lodging,Sole Proprietor,Mumbai,2023-09-02 00:00:00,ACTIVE,False,2712.0,False
MCH7048,Manda Inc,West Bengal,5942,Book Store,Sole Proprietor,Kolkata,2024-02-17 04:08:00,ACTIVE,False,776.0,True
MCH9492,Mitra Gr0up,West Bengal,5912,Medical / Pharmacy,Private Limited,Kolkata,2024-07-13 00:00:00,ACTIVE,False,1049.0,True
MCH7758,"memon, agate and deshpande",Maharashtra,5699,Apparel,Partnership,Mumbai,2023-12-27 00:00:00,ACTIVE,False,362.28,True
MCH3668,Pandey-Uppal,Maharashtra,4131,Transportation,Sole Proprietor,Pune,2024-09-03 18:09:51,ACTIVE,False,795.26,True
MCH8828,RANGANATHAN AND SONS,Punjab,4131,Transportation,Individual,Amritsar,2026-01-02 04:46:18,ACTIVE,False,,False
MCH6774,PARSA LTD,Punjab,5699,Apparel,Private Limited,Amritsar,2023-01-17 00:00:00,ACTIVE,False,2007.14,False
MCH8681,Suri Ltd,Punjab,5699,Apparel,Partnership,Jalandhar,2025-07-19 03:33:54,ACTIVE,False,1034.26,True
MCH3144,raval-korpal,Delhi,7011,Hotel / Lodging,Partnership,Delhi,,ACTIVE,False,1879.74,False
MCH1446,Sunder-Sathe,Tamil Nadu,5311,Department Store,Sole Proprietor,Chennai,2024-11-18 00:00:00,ACTIVE,False,3885.08,True
MCH5812,aurora and sons,Telangana,7011,Hotel / Lodging,Sole Proprietor,Hyderabad,2024-03-03 00:00:00,ACTIVE,False,410.12,True
MCH7667,solanki llc,Uttar Pradesh,4814,Telecom,Sole Proprietor,Lucknow,2024-06-28 00:00:00,ACTIVE,False,1620.69,False
MCH8798,Ch0wdhury-Su1e,Punjab,5311,Department Store,Individual,Jalandhar,2024-12-28 02:38:26,ACTIVE,False,207.92,True
MCH2084,"Murthy, Dutt and Bakshi",Maharashtra,4131,Transportation,Private Limited,Mumbai,2024-04-03 00:00:00,ACTIVE,False,659.75,False
MCH6583,Raval-Badal,West Bengal,5912,Medical / Pharmacy,Individual,Kolkata,2025-11-07 00:00:00,ACTIVE,False,2083.0,True
MCH4205,Behl-Narula,West Bengal,5311,Department Store,Sole Proprietor,Kolkata,2023-11-27 20:51:25,ACTIVE,False,4442.0,False
MCH9856,"Gala, Nadig and Borra",Uttar Pradesh,5411,Grocery,Partnership,Lucknow,2025-10-13 23:24:00,ACTIVE,False,1744.37,True
MCH6844,"bedi, gill and dube",West Bengal,7011,Hotel / Lodging,Partnership,Kolkata,2025-06-11 00:00:00,ACTIVE,False,713.58,True
MCH3221,Baria-Dube,West Bengal,7011,Hotel / Lodging,Sole Proprietor,Kolkata,,INACTIVE,False,338.34,True
MCH9595,Kapur Inc,Tamil Nadu,5999,Misc Retail,Private Limited,Chennai,2023-10-26 00:00:00,ACTIVE,False,,True
MCH2231,"Goyal, Balakrishnan and Patla",Karnataka,7011,Hotel / Lodging,Private Limited,Bangalore,2024-11-10 09:09:32,INACTIVE,False,1360.71,False
MCH4028,TANEJA-BHATTACHARYYA,Uttar Pradesh,4131,Transportation,Partnership,Lucknow,2023-07-14 00:00:00,ACTIVE,False,2673.0,False
MCH6278,"Keer, Sha and Sama",West Bengal,5912,Medical / Pharmacy,Partnership,Kolkata,2025-08-23 00:00:00,ACTIVE,False,8713.68,True
MCH3021,"Gupta, Mukherjee and Setty",Maharashtra,4131,Transportation,Sole Proprietor,Mumbai,2026-02-14 00:00:00,ACTIVE,False,614.86,True
MCH6676,Balakrishnan-Baral,Tamil Nadu,4131,Transportation,Partnership,Chennai,2025-08-02 10:17:51,ACTIVE,False,1126.87,False
MCH8210,Bains Group,Delhi,5912,Medical / Pharmacy,Partnership,Delhi,2025-05-06 00:00:00,ACTIVE,False,2128.0,True
MCH6158,"Dhingra, Ratti and Palla",Punjab,4131,Transportation,Sole Proprietor,Amritsar,2023-04-26 00:00:00,ACTIVE,False,1443.6,True
MCH5669,"Sodhi, Luthra and Batta",Punjab,5812,Restaurant,Private Limited,Jalandhar,2025-10-08 07:29:30,ACTIVE,False,1557.34,True
MCH4741,KARA AND SONS,Rajasthan,,,Partnership,Jaipur,2023-02-13 00:00:00,ACTIVE,False,2009.21,True
MCH8965,bajaj ltd,Tamil Nadu,5942,Book Store,Individual,Chennai,2025-01-30 07:02:00,ACTIVE,False,326.0,True
MCH9651,Thakkar-Dass,Punjab,5311,Department Store,Private Limited,Jalandhar,2023-03-28 04:13:28,ACTIVE,False,2535.0,False
MCH3251,BALAN-KUNDA,Punjab,5411,Grocery,Individual,Ldh,2024-12-14 00:00:00,ACTIVE,False,3266.06,False
MCH4338,Johal-Dara,Rajasthan,7011,Hotel / Lodging,Individual,Jaipur,2025-07-06 20:41:00,SUSPENDED,False,3419.42,True
MCH3938,Acharya Group,West Bengal,7011,Hotel / Lodging,Sole Proprietor,Kolkata,2024-10-17 00:00:00,ACTIVE,False,2349.37,False
MCH1922,"DEO, SARAF AND KALE",Uttar Pradesh,,,Sole Proprietor,Lucknow,,ACTIVE,False,2507.85,False
MCH8819,AcharyaInc,Punjab,5912,Medical / Pharmacy,Private Limited,Ludhiana,2024-02-27 00:00:00,ACTIVE,False,2075.22,True
MCH2106,"Doctor, Karnik and Sridhar",Karnataka,5999,Misc Retail,Partnership,Bangalore,2023-08-16 00:00:00,INACTIVE,False,871.69,True
MCH9745,ramanathan-kara,Tamil Nadu,4131,Transportation,Sole Proprietor,Chennai,2023-11-27 13:35:38,ACTIVE,False,,False
MCH5619,"Iyer, Lata and Bhatnagar",Karnataka,4131,Transportation,Partnership,Bangalore,2025-07-09 00:00:00,ACTIVE,False,5962.0,True
MCH7013,"Batra,NarangandGala",Delhi,5912,Medical / Pharmacy,Sole Proprietor,Delhi,2025-03-02 00:00:00,ACTIVE,False,2875.47,True
MCH8504,Kohli PLC,Tamil Nadu,5411,Grocery,Sole Proprietor,Chennai,2025-05-05 19:30:15,ACTIVE,False,977.26,True
MCH4838,SRINIVASAN LTD,Punjab,5699,Apparel,Partnership,Ludhiana,2023-11-05 10:10:13,ACTIVE,False,193.54,True
MCH1955,"SRINIVAS, KHURANA AND CHOUDHRY",Punjab,5999,Misc Retail,Private Limited,Jalandhar,2025-01-18 12:28:00,ACTIVE,False,883.05,True
MCH7757,"Uppal, Kota and Ramaswamy",Delhi,4814,Telecom,Individual,Delhi,2024-02-09 00:00:00,ACTIVE,False,669.43,True
MCH8341,TARA-BEN,West Bengal,5311,Department Store,Individual,Kolkata,2023-06-26 00:00:00,ACTIVE,False,1137.47,False
MCH3570,sura-barman,Punjab,5999,Misc Retail,Private Limited,Jalandhar,2023-05-22 22:03:03,INACTIVE,False,1099.0,True
MCH3771,Bumb Inc,Uttar Pradesh,5999,Misc Retail,Partnership,Lko,2024-11-06 00:00:00,ACTIVE,False,2602.75,False
MCH2733,CHAUHAN LTD,Delhi,5411,Grocery,Sole Proprietor,Delhi,2024-12-27 00:00:00,ACTIVE,False,872.28,False
MCH3940,Chad-Dara,Tamil Nadu,,,Partnership,Chennai,2024-11-09 00:00:00,ACTIVE,True,3610.64,True
MCH7934,Srinivasan-Maharaj,Tamil Nadu,5812,Restaurant,Partnership,Chennai,2023-02-23 00:00:00,INACTIVE,False,1154.88,False
MCH1621,pandey-soni,Maharashtra,5812,Restaurant,Sole Proprietor,Pune,2023-11-15 00:00:00,INACTIVE,False,769.0,True
MCH7900,Basu-Sami,Delhi,4131,Transportation,Individual,Delhi,2025-04-24 00:00:00,ACTIVE,False,1035.61,True
MCH6488,"cheema, dubey and kala",Maharashtra,,,Private Limited,Mumbai,2024-11-14 00:00:00,ACTIVE,False,1180.07,False
MCH6873,Dar and Sons,Punjab,5311,Department Store,Sole Proprietor,Jalandar,,ACTIVE,False,75.71,True
MCH9556,"Hari, Dave and Ahluwalia",Tamil Nadu,4131,Transportation,Sole Proprietor,Chennai,2025-06-12 00:00:00,ACTIVE,False,4820.97,True
MCH7249,Prakash Group,Maharashtra,5812,Restaurant,Sole Proprietor,Mumbai,2024-11-30 17:32:21,ACTIVE,False,1855.0,True
MCH8678,Dani-Talwar,Uttar Pradesh,7011,Hotel / Lodging,Partnership,Lko,2024-07-07 00:00:00,INACTIVE,False,393.54,True
MCH9604,Merchant-Johal,Maharashtra,5311,Department Store,Partnership,Poona,2024-10-11 00:00:00,ACTIVE,False,762.2,True
MCH5180,Varkey Inc,Uttar Pradesh,5699,Apparel,Individual,Lucknow,2025-09-26 08:36:21,ACTIVE,False,1047.37,True
MCH1779,"MAHARAJ, JAGGI AND REDDY",Karnataka,7011,Hotel / Lodging,Partnership,Bangalore,2024-09-02 00:00:00,ACTIVE,False,1540.91,False
MCH1259,"Wagle, Verma and Ramanathan",Rajasthan,,,Private Limited,Jaipur,2025-08-12 00:00:00,ACTIVE,False,548.2,False
MCH1009,Bha11a-Dave,Maharashtra,,,Individual,Mumbai,2024-01-08 00:00:00,ACTIVE,False,1496.0,True
MCH5215,Tank-Golla,Telangana,5999,Misc Retail,Individual,Hyderabad,2024-06-08 02:20:00,ACTIVE,False,1953.0,True
MCH8160,Amble and Sons,Rajasthan,5699,Apparel,Individual,Jaipur,2023-05-18 00:00:00,ACTIVE,False,5769.95,True
MCH8062,RANDHAWA-KATA,Maharashtra,,,Individual,Mumbai,2024-03-31 00:00:00,ACTIVE,False,1473.0,False
MCH8369,Samra-Radhakrishnan,Karnataka,5699,Apparel,Sole Proprietor,Bangalore,2024-03-18 13:50:00,ACTIVE,False,2175.82,True
MCH1152,Raman-Choudhury,Tamil Nadu,,,Partnership,Chennai,2025-12-19 00:00:00,ACTIVE,False,233.0,True
MCH1537,Goswami-Sibal,Telangana,5812,Restaurant,Partnership,Hyderabad,2023-04-05 00:00:00,ACTIVE,False,360.35,True
MCH6455,Luthra-Wable,Maharashtra,5999,Misc Retail,Partnership,Mumbai,2023-09-04 00:00:00,ACTIVE,False,1528.51,True
MCH2021,Shenoy-Wable,Delhi,5912,Medical / Pharmacy,Sole Proprietor,Delhi,2025-06-05 00:00:00,ACTIVE,False,2287.51,True
MCH9550,Chandra-Sangha,Telangana,5942,Book Store,Sole Proprietor,Hyderabad,2025-12-18 00:00:00,ACTIVE,False,674.9,False
MCH5224,Prabhakar-Baral,Delhi,5999,Misc Retail,Sole Proprietor,Delhi,2024-02-06 19:20:00,ACTIVE,False,873.18,True
MCH5883,Pillai Ltd,Maharashtra,,,Partnership,Pune,2024-10-18 00:00:00,ACTIVE,False,2102.56,True
MCH3291,Sanghvi-Nair,Karnataka,7011,Hotel / Lodging,Private Limited,Bangalore,2023-09-25 00:00:00,ACTIVE,False,3917.0,False
MCH8931,Ramaswamy-Bhasin,Telangana,5812,Restaurant,Partnership,Hyderabad,2024-05-23 00:00:00,INACTIVE,False,1406.0,False
MCH2738,Grover PLC,Maharashtra,4131,Transportation,Partnership,Pune,2025-11-22 22:59:56,ACTIVE,False,4547.63,False
MCH3786,Ratta-Bhasin,Karnataka,5999,Misc Retail,Partnership,Bangalore,2023-08-22 00:00:00,ACTIVE,False,1037.97,False
MCH9266,"Badami, Pathak and Nanda",Maharashtra,5699,Apparel,Private Limited,Pune,2024-09-10 19:17:00,ACTIVE,False,157.82,True
MCH4701,Bhagat and Sons,Telangana,4131,Transportation,Individual,Hyderabad,2025-03-17 00:00:00,ACTIVE,False,493.82,True
MCH3530,DUGAR PLC,Punjab,5699,Apparel,Individual,Ldh,2024-10-08 01:53:00,ACTIVE,False,,False
MCH3605,Bhasin Ltd,Punjab,4131,Transportation,Partnership,Ldh,2023-11-15 00:00:00,ACTIVE,False,1858.98,False
MCH7845,Bhasin-Dubey,Punjab,4814,Telecom,Private Limited,Ludhiana,2024-08-22 00:00:00,ACTIVE,False,994.0,True
MCH6168,"raj, sharma and panchal",Punjab,4131,Transportation,Private Limited,Ldh,2025-08-19 00:00:00,ACTIVE,False,1123.84,False
MCH2912,Natt-Kohli,Punjab,,,Private Limited,Jalandar,2024-07-09 22:05:41,INACTIVE,False,1895.43,True
MCH5629,Barman Ltd,Delhi,4131,Transportation,Partnership,Delhi,2024-10-16 20:12:00,ACTIVE,False,1135.33,False
MCH5448,"Bala, Sha and Bera",Karnataka,5311,Department Store,Private Limited,Bangalore,2025-08-12 00:00:00,ACTIVE,False,523.59,False
MCH8132,Sami-Balay,Karnataka,5699,Apparel,Private Limited,Bangalore,2025-08-20 00:20:49,ACTIVE,False,4139.52,True
MCH3294,"Murty, Vala and Pall",Punjab,4131,Transportation,Individual,Ludhiana,2024-12-10 00:00:00,ACTIVE,False,822.03,True
MCH2185,wagle inc,Maharashtra,,,Private Limited,Poona,,SUSPENDED,False,828.0,True
MCH8279,Lala PLC,Tamil Nadu,5411,Grocery,Sole Proprietor,Chennai,,ACTIVE,False,416.0,False
MCH1363,Rattan-Shere,Tamil Nadu,7011,Hotel / Lodging,Sole Proprietor,Chennai,2025-08-19 00:00:00,ACTIVE,False,926.5,False
MCH7942,Parmar-Oza,Telangana,5912,Medical / Pharmacy,Sole Proprietor,Hyderabad,2024-08-10 06:25:22,ACTIVE,False,1133.78,False
MCH2067,"Choudhry, Bhalla and Jaggi",Punjab,5942,Book Store,Individual,Jalandar,2023-03-11 00:00:00,INACTIVE,False,952.93,False
MCH5283,"Ganesh, Parekh and Subramanian",Telangana,5912,Medical / Pharmacy,Partnership,Hyderabad,2025-03-02 00:00:00,ACTIVE,False,307.25,False
MCH9555,Chandra Ltd,Rajasthan,4814,Telecom,Partnership,Jaipur,2023-01-10 01:23:43,INACTIVE,False,7981.95,True
MCH8497,"Pandey, Dutta and Thakkar",Delhi,5812,Restaurant,Private Limited,Delhi,2025-09-18 03:34:00,ACTIVE,False,802.0,True
MCH8527,"Varkey, Chacko and Sarraf",Delhi,5411,Grocery,Private Limited,Delhi,2025-07-20 12:37:01,ACTIVE,False,128.48,False
MCH7198,Dar-Sani,Telangana,7011,Hotel / Lodging,Private Limited,Hyderabad,2023-06-27 13:24:21,ACTIVE,False,1840.43,True
MCH6716,Shan PLC,Punjab,5699,Apparel,Partnership,Amritsar,2025-09-07 00:00:00,ACTIVE,False,1208.93,True
MCH4075,Sankar-Mandal,Punjab,5812,Restaurant,Partnership,Ludhiana,,ACTIVE,False,1056.32,True
MCH1475,"Bora, Bhakta and Aurora",West Bengal,,,Private Limited,Kolkata,2024-06-11 00:00:00,ACTIVE,False,1652.87,True
MCH9362,"Lala, Oza and Chahal",Delhi,5912,Medical / Pharmacy,Sole Proprietor,Delhi,2024-04-25 00:00:00,ACTIVE,False,1820.41,True
MCH5709,shroff-mukherjee,Rajasthan,4814,Telecom,Private Limited,Jaipur,2024-11-10 18:13:32,ACTIVE,False,668.22,True
MCH5064,bassi inc,Delhi,5812,Restaurant,Individual,Delhi,2025-12-27 16:24:04,INACTIVE,False,1024.0,False
MCH3409,BADAMI AND SONS,Karnataka,7011,Hotel / Lodging,Sole Proprietor,Bangalore,2024-05-31 00:00:00,ACTIVE,False,1179.18,False
MCH8433,"Gill, Taneja and Bhardwaj",Uttar Pradesh,5411,Grocery,Individual,Lucknow,2023-05-12 00:00:00,SUSPENDED,False,5465.01,True
MCH2761,Sabharwa1-Pati1,Telangana,5999,Misc Retail,Private Limited,Hyderabad,2025-04-04 00:00:00,INACTIVE,False,2607.92,False
MCH3298,"kurian, sheth and bains",Delhi,5699,Apparel,Individual,Delhi,2025-04-20 00:00:00,ACTIVE,False,3789.0,True
MCH8551,Sule-Ganesh,West Bengal,5699,Apparel,Individual,Kolkata,2023-03-15 04:50:00,ACTIVE,False,1452.12,True
MCH2832,Parmer Inc,Maharashtra,5311,Department Store,Private Limited,Pune,2025-10-26 00:00:00,ACTIVE,False,831.48,False
MCH2240,"Shenoy, Tara and Kala",Tamil Nadu,5912,Medical / Pharmacy,Partnership,Chennai,2023-03-25 00:00:00,ACTIVE,False,1500.77,False
MCH5627,"SRIDHAR, YOGI AND PANCHAL",Rajasthan,5411,Grocery,Sole Proprietor,Jaipur,2025-09-23 00:00:00,ACTIVE,False,483.0,False
MCH8779,Tak-Wali,Karnataka,5812,Restaurant,Individual,Bangalore,2024-01-24 00:00:00,ACTIVE,False,206.0,True
MCH9806,Hari-Kant,Punjab,5411,Grocery,Individual,Amritsar,2023-12-26 00:00:00,ACTIVE,False,1398.42,True
MCH3889,Bhagat-Sarna,West Bengal,7011,Hotel / Lodging,Sole Proprietor,Kolkata,2024-06-21 09:31:16,ACTIVE,False,2088.06,True
MCH8056,"Pai, Doshi and Nath",Uttar Pradesh,4814,Telecom,Private Limited,Lucknow,2024-05-26 00:00:00,ACTIVE,False,581.34,True
MCH6460,Deol-Narayanan,Maharashtra,5311,Department Store,Partnership,Mumbai,2026-01-19 08:20:00,ACTIVE,False,878.73,True
MCH3703,Khatri-Shuk1a,Punjab,5812,Restaurant,Private Limited,Jalandar,,SUSPENDED,False,3523.05,False
MCH2203,"DAR, KHURANA AND VASA",Rajasthan,5812,Restaurant,Sole Proprietor,Jaipur,2024-07-05 09:28:00,ACTIVE,False,14312.42,False
MCH5933,"natarajan, swaminathan and dugar",West Bengal,5999,Misc Retail,Partnership,Kolkata,2025-09-26 20:35:00,ACTIVE,True,2711.41,True
MCH1619,DIVAN-BHATTI,Delhi,5912,Medical / Pharmacy,Sole Proprietor,Delhi,2025-12-24 00:00:00,ACTIVE,False,477.85,False
MCH6183,DUTT PLC,West Bengal,7011,Hotel / Lodging,Sole Proprietor,Kolkata,2026-02-23 00:00:00,ACTIVE,True,1191.35,False
MCH4811,Rattan-Raval,Uttar Pradesh,5812,Restaurant,Partnership,Lucknow,2025-06-05 00:00:00,ACTIVE,True,896.7,True
MCH3819,Butala-Patla,Delhi,5999,Misc Retail,Individual,Delhi,2023-04-08 00:00:00,ACTIVE,False,2466.12,True
MCH4681,"Sengupta,VenkataramanandKonda",Maharashtra,5411,Grocery,Individual,Pune,2026-01-10 08:52:00,ACTIVE,False,526.79,False
MCH1518,"Deol, Mand and Bhattacharyya",Rajasthan,4131,Transportation,Partnership,Jaipur,2023-09-17 16:16:07,SUSPENDED,False,862.0,False
MCH3421,"Sandhu, Saxena and Talwar",Delhi,5942,Book Store,Sole Proprietor,Delhi,,SUSPENDED,False,1117.58,True
MCH8296,GARA INC,Punjab,5411,Grocery,Partnership,Jalandhar,2025-07-16 16:55:50,ACTIVE,False,,True
MCH1171,Sampath-Shroff,Delhi,5912,Medical / Pharmacy,Partnership,Delhi,2026-01-19 05:21:00,ACTIVE,False,393.94,False
MCH8411,Chopra Group,Punjab,,,Private Limited,Jalandar,2023-01-01 00:00:00,INACTIVE,False,1067.4,False
MCH1022,Ramesh-Bhat,Telangana,,,Private Limited,Hyderabad,,ACTIVE,False,3026.17,False
MCH9635,Parekh-Mammen,Maharashtra,5411,Grocery,Private Limited,Poona,2025-05-07 07:22:44,ACTIVE,False,1533.7,False
MCH7735,GARG-BALAN,Punjab,5999,Misc Retail,Sole Proprietor,Ludhiana,2024-01-24 00:00:00,ACTIVE,True,639.06,True
MCH3423,Sant-Singh,Delhi,7011,Hotel / Lodging,Partnership,Delhi,2023-01-01 09:47:09,ACTIVE,False,11283.23,True
MCH6058,Loke LLC,Punjab,5942,Book Store,Sole Proprietor,Amritsar,,ACTIVE,False,317.07,True
MCH4648,Tara-Pandya,Tamil Nadu,5699,Apparel,Partnership,Chennai,2026-01-02 00:00:00,ACTIVE,False,852.19,True
MCH3696,"pandya, maharaj and sundaram",Maharashtra,5942,Book Store,Individual,Poona,2025-08-07 00:00:00,SUSPENDED,False,416.04,False
MCH6577,D’Alia Inc,Karnataka,5699,Apparel,Partnership,Bangalore,2023-08-05 16:50:00,ACTIVE,False,1979.76,False
MCH7536,Kalla-Deo,West Bengal,5311,Department Store,Partnership,Kolkata,2024-08-29 00:00:00,ACTIVE,False,803.42,True
MCH1883,"BAHL, KASHYAP AND SIBAL",Punjab,5812,Restaurant,Private Limited,Jalandhar,2023-01-04 00:00:00,ACTIVE,False,,True
MCH1946,Sibal LLC,Punjab,7011,Hotel / Lodging,Sole Proprietor,Jalandar,2026-01-24 21:05:43,ACTIVE,False,2804.71,True
MCH5664,"Om, Kari and Pandit",Telangana,5812,Restaurant,Partnership,Hyderabad,2024-07-15 00:00:00,INACTIVE,False,6853.27,True
MCH5792,"bava, krish and ghose",Punjab,4131,Transportation,Partnership,Amritsar,2024-07-09 00:00:00,SUSPENDED,False,1136.54,True
MCH7389,Basu-Bedi,Karnataka,5812,Restaurant,Partnership,Bangalore,2023-04-07 12:28:00,ACTIVE,False,,True
MCH5321,Maharaj Ltd,Maharashtra,5912,Medical / Pharmacy,Sole Proprietor,Mumbai,2024-08-29 00:00:00,INACTIVE,True,2746.79,True
MCH7765,Dyal LLC,Punjab,5812,Restaurant,Individual,Amritsar,2025-02-27 00:00:00,ACTIVE,False,3067.55,True
MCH6502,Mall PLC,Tamil Nadu,5999,Misc Retail,Sole Proprietor,Chennai,2025-05-10 03:33:00,INACTIVE,False,1695.37,False
MCH4050,"ARYA, DYAL AND AURORA",West Bengal,5411,Grocery,Partnership,Kolkata,2026-01-23 02:54:00,ACTIVE,False,980.29,False
MCH4927,mohan plc,Rajasthan,5699,Apparel,Individual,Jaipur,2025-03-04 00:00:00,ACTIVE,False,1972.99,True
MCH2441,bhatnagar plc,Rajasthan,4814,Telecom,Individual,Jaipur,2024-05-04 23:00:00,ACTIVE,False,1789.0,True
MCH8082,Contractor and Sons,Punjab,7011,Hotel / Lodging,Sole Proprietor,Amritsar,2025-02-20 00:00:00,ACTIVE,False,4480.58,True
MCH7729,"Jain, Bail and Rattan",Maharashtra,5411,Grocery,Private Limited,Pune,2023-03-04 07:27:56,ACTIVE,False,2571.4,False
MCH1977,Chahal-Kumer,West Bengal,5942,Book Store,Sole Proprietor,Kolkata,2025-09-01 00:00:00,ACTIVE,False,897.0,True
MCH2954,"Keer, Borra and Hayre",Punjab,7011,Hotel / Lodging,Private Limited,Ldh,2025-12-23 00:00:00,ACTIVE,True,1556.07,False
MCH9350,SINGH-SANE,Punjab,5411,Grocery,Private Limited,Ldh,2023-04-13 00:00:00,ACTIVE,False,840.43,True
MCH7031,Chander Inc,Maharashtra,4814,Telecom,Private Limited,Poona,2025-09-28 00:00:00,ACTIVE,False,1538.5,True
MCH4917,"Bhat, Saha and Wable",Rajasthan,4131,Transportation,Private Limited,Jaipur,2025-04-14 00:00:00,ACTIVE,False,6159.51,True
MCH6856,"Dalal, Morar and Gala",Tamil Nadu,7011,Hotel / Lodging,Private Limited,Chennai,2025-11-18 11:40:38,ACTIVE,True,1373.13,True
MCH8239,"Brahmbhatt, 0ak and Dhar",Rajasthan,5411,Grocery,Partnership,Jaipur,2025-05-19 21:53:30,ACTIVE,False,266.0,False
MCH5587,Pau-Gour,Maharashtra,5812,Restaurant,Private Limited,Pune,2025-10-13 20:14:02,ACTIVE,False,246.08,True
MCH4243,"Ramesh, Venkatesh and Ravel",Punjab,5311,Department Store,Sole Proprietor,Amritsar,2025-06-24 00:00:00,ACTIVE,False,133.28,False
MCH7016,Ratti PLC,Uttar Pradesh,4131,Transportation,Partnership,Lko,2025-10-18 02:35:27,ACTIVE,False,319.94,True
MCH9174,"Chander, Goswami and Butala",Punjab,7011,Hotel / Lodging,Partnership,Jalandar,2024-06-14 12:24:00,ACTIVE,False,914.67,True
MCH8308,Thakkar PLC,Maharashtra,,,Sole Proprietor,Mumbai,2023-06-06 21:51:00,ACTIVE,False,1612.0,True
MCH7257,"Nagi, Gera and Bedi",Rajasthan,5999,Misc Retail,Sole Proprietor,Jaipur,2023-10-29 03:03:00,ACTIVE,False,786.7,False
MCH3181,"Kothari, Sengupta and Sandal",Uttar Pradesh,4131,Transportation,Private Limited,Lucknow,2025-12-06 23:52:00,ACTIVE,False,9001.75,False
MCH5797,Sami Ltd,Punjab,5942,Book Store,Individual,Jalandhar,2024-03-05 15:38:56,ACTIVE,False,651.76,True
MCH1994,"Naik, Bhasin and Virk",Punjab,7011,Hotel / Lodging,Sole Proprietor,Amritsar,2024-09-24 12:17:05,ACTIVE,False,886.83,True
MCH4048,"Lall, Kara and Uppal",Punjab,5812,Restaurant,Partnership,Jalandar,2024-06-14 00:00:00,INACTIVE,False,1748.0,False
MCH4371,Chahal-Chaudhari,Punjab,4814,Telecom,Sole Proprietor,Ludhiana,2025-01-20 00:00:00,SUSPENDED,False,219.82,False
MCH1833,"Sabharwal, Chopra and Nayar",Maharashtra,4131,Transportation,Private Limited,Poona,2023-07-26 05:30:00,ACTIVE,False,1391.53,True
MCH6300,Kumar PLC,Rajasthan,5699,Apparel,Partnership,Jaipur,2025-04-17 00:00:00,ACTIVE,False,1647.52,False
MCH8405,Roy Ltd,West Bengal,,,Private Limited,Kolkata,2023-02-13 22:05:26,INACTIVE,False,1147.53,True
MCH6256,Rana-Walia,Punjab,5812,Restaurant,Sole Proprietor,Ldh,2025-02-27 00:00:00,INACTIVE,False,330.34,True
MCH5028,"Chhabra, Deo and Chakrabarti",Punjab,7011,Hotel / Lodging,Partnership,Ludhiana,2024-03-14 00:00:00,INACTIVE,False,716.94,True
MCH5547,RAJU GROUP,Karnataka,5411,Grocery,Partnership,Bangalore,2025-04-15 00:00:00,ACTIVE,False,915.94,False
MCH3311,Sule Ltd,Maharashtra,5942,Book Store,Sole Proprietor,Pune,2026-01-30 17:36:53,ACTIVE,False,1079.15,True
MCH8032,Roy-Ramesh,Maharashtra,5699,Apparel,Partnership,Mumbai,2025-05-24 00:00:00,ACTIVE,False,1773.07,False
MCH4509,"shanker, sem and varughese",Maharashtra,4131,Transportation,Sole Proprietor,Pune,2023-08-16 00:00:00,ACTIVE,False,,False
MCH2418,mangal-krishnamurthy,Delhi,5942,Book Store,Individual,Delhi,2024-07-21 00:00:00,ACTIVE,False,436.58,False
MCH2986,Kade-Anne,Punjab,4131,Transportation,Partnership,Amritsar,2025-11-29 00:00:00,SUSPENDED,False,736.81,False
MCH3694,"Date, Naidu and Raja",Punjab,5912,Medical / Pharmacy,Partnership,Jalandhar,2024-11-22 04:13:38,ACTIVE,False,4933.54,True
MCH9692,Pandey-Behl,Telangana,5812,Restaurant,Private Limited,Hyderabad,2024-08-31 00:00:00,ACTIVE,False,522.57,True
MCH4614,BADAMI LLC,Rajasthan,5942,Book Store,Partnership,Jaipur,2025-04-02 17:40:30,ACTIVE,False,4687.53,True
MCH5197,AcharyaInc,Punjab,4131,Transportation,Private Limited,Jalandar,,ACTIVE,False,699.94,True
MCH1823,"Patla, Bhasin and Parsa",Uttar Pradesh,,,Partnership,Lucknow,2023-06-15 00:00:00,ACTIVE,False,3003.2,False
MCH4401,BEDI AND SONS,West Bengal,5699,Apparel,Partnership,Kolkata,2024-05-16 03:12:04,ACTIVE,False,557.79,True
MCH6837,"Wali, Upadhyay and Shukla",Telangana,5411,Grocery,Sole Proprietor,Hyderabad,2025-05-22 00:00:00,SUSPENDED,True,413.96,True
MCH8559,"Gokhale, Dugal and Pradhan",Maharashtra,5812,Restaurant,Private Limited,Pune,2023-07-09 00:00:00,SUSPENDED,False,2171.47,False
MCH7939,Mand LLC,Karnataka,5812,Restaurant,Private Limited,Bangalore,2025-01-23 00:00:00,ACTIVE,False,2096.4,False
MCH5156,"Bumb, Buch and R0ut",Maharashtra,7011,Hotel / Lodging,Private Limited,Mumbai,2025-10-11 21:13:00,ACTIVE,False,1483.33,False
MCH3748,Bedi-Cherian,Maharashtra,5311,Department Store,Individual,Mumbai,2025-03-19 00:00:00,SUSPENDED,False,1343.58,True
MCH7220,Rege-Sharaf,Punjab,5812,Restaurant,Private Limited,Amritsar,2023-12-15 00:00:00,ACTIVE,False,978.47,True
MCH4135,sunder ltd,Punjab,5411,Grocery,Partnership,Ludhiana,2025-01-28 00:00:00,ACTIVE,False,6745.05,False
MCH5117,BAVA-SANI,Punjab,5311,Department Store,Private Limited,Amritsar,2023-05-07 15:56:29,ACTIVE,False,557.72,True
MCH5200,Saha PLC,Punjab,4131,Transportation,Private Limited,Ludhiana,2025-10-11 08:57:00,ACTIVE,False,913.24,False
MCH7309,"LOKE, CHADA AND BADAL",Punjab,,,Sole Proprietor,Ludhiana,2023-07-26 00:00:00,ACTIVE,False,3465.02,True
MCH6785,rai llc,Tamil Nadu,7011,Hotel / Lodging,Sole Proprietor,Chennai,2024-12-01 08:40:45,ACTIVE,False,2498.92,False
MCH4244,"DOCTOR, PILLAY AND NORI",Punjab,5311,Department Store,Individual,Ldh,2026-02-22 00:00:00,ACTIVE,False,2111.57,True
MCH4163,Rajag0pa1an-Hans,Maharashtra,5812,Restaurant,Sole Proprietor,Poona,2023-06-29 15:13:09,ACTIVE,False,,True
MCH2881,J0ha1 PLC,Punjab,,,Partnership,Amritsar,2023-05-16 23:44:00,ACTIVE,False,807.63,True
MCH4804,Swamy PLC,Uttar Pradesh,,,Partnership,Lko,2025-01-12 09:37:41,SUSPENDED,False,207.24,False
MCH4858,MALHOTRA-DOCTOR,Punjab,4814,Telecom,Individual,Ludhiana,2024-11-20 00:00:00,ACTIVE,False,7460.92,True
MCH6083,"Shah, Deep and Swaminathan",Punjab,5411,Grocery,Partnership,Amritsar,2025-06-28 00:00:00,ACTIVE,False,1417.0,False
MCH5280,Mani-Chada,Tamil Nadu,4131,Transportation,Sole Proprietor,Chennai,2025-03-18 00:00:00,ACTIVE,False,1112.24,True
MCH2052,"Saraf, Maharaj and Kakar",Maharashtra,5999,Misc Retail,Individual,Poona,2025-01-30 00:00:00,ACTIVE,False,3476.81,True
MCH9366,"Parsa, Walia and Viswanathan",Punjab,5699,Apparel,Individual,Jalandhar,2024-11-13 00:00:00,ACTIVE,False,7891.78,True
MCH5256,GhoshLLC,Tamil Nadu,4131,Transportation,Individual,Chennai,,ACTIVE,False,429.35,True
MCH9239,BALAKRISHNAN-DAS,Karnataka,5411,Grocery,Partnership,Bangalore,2025-12-11 06:31:01,ACTIVE,False,,True
MCH8055,"Gade, Dani and Daya1",Karnataka,5812,Restaurant,Private Limited,Bangalore,2024-06-02 16:33:31,INACTIVE,False,1539.89,True
MCH9377,chaudhuri plc,Delhi,5699,Apparel,Sole Proprietor,Delhi,2023-04-14 00:00:00,ACTIVE,False,1583.18,True
MCH9720,Hayre Ltd,Maharashtra,5942,Book Store,Sole Proprietor,Poona,2024-04-24 00:00:00,ACTIVE,False,507.94,False
MCH7918,Purohit LLC,West Bengal,5942,Book Store,Private Limited,Kolkata,2024-09-06 00:00:00,ACTIVE,False,1204.0,True
MCH7821,Deshmukh Inc,Karnataka,,,Partnership,Bangalore,2026-01-26 00:00:00,ACTIVE,False,1463.63,True
MCH3801,"Arya, Sachar and Khanna",Karnataka,5912,Medical / Pharmacy,Partnership,Bangalore,2024-01-03 13:59:47,SUSPENDED,False,639.86,True
MCH1686,Chokshi and Sons,Karnataka,5942,Book Store,Individual,Bangalore,2024-02-02 00:00:00,ACTIVE,False,1116.34,False
MCH9534,DESHMUKH-YADAV,Telangana,7011,Hotel / Lodging,Individual,Hyderabad,2024-08-13 00:00:00,ACTIVE,False,1143.6,True
MCH9447,Sundaram LLC,Telangana,5999,Misc Retail,Individual,Hyderabad,2026-01-30 00:00:00,ACTIVE,False,974.62,True
MCH1324,"EDWIN, SAVANT AND TANDON",Karnataka,7011,Hotel / Lodging,Partnership,Bangalore,2026-01-26 00:00:00,ACTIVE,False,1192.31,False
MCH2014,Sundaram and Sons,Punjab,5999,Misc Retail,Private Limited,Ludhiana,2024-01-27 00:00:00,ACTIVE,False,4199.0,True
MCH1912,Keer-Mitra,Tamil Nadu,4131,Transportation,Sole Proprietor,Chennai,2024-10-27 18:55:18,ACTIVE,False,3259.24,True
MCH2428,Suresh-Varma,Telangana,4814,Telecom,Private Limited,Hyderabad,2024-05-31 00:00:00,ACTIVE,False,949.0,True
MCH3383,Muni Inc,Delhi,5999,Misc Retail,Sole Proprietor,Delhi,2023-04-21 22:36:00,ACTIVE,False,5804.6,True
MCH4692,Bhat Inc,Telangana,4131,Transportation,Sole Proprietor,Hyderabad,2024-05-06 00:00:00,ACTIVE,False,3808.17,False
MCH2122,"Bava, Bal and Mittal",Maharashtra,,,Individual,Pune,2024-01-04 00:00:00,ACTIVE,False,1119.03,False
MCH3513,"Gade, Raghavan and Ben",Tamil Nadu,5942,Book Store,Individual,Chennai,2024-07-21 08:51:00,INACTIVE,False,1116.95,True
MCH7462,"MALHOTRA, SACHDEVA AND SANT",Telangana,5411,Grocery,Sole Proprietor,Hyderabad,2025-11-11 00:00:00,ACTIVE,False,1601.35,True
MCH8935,tella-bawa,Rajasthan,4131,Transportation,Individual,Jaipur,2024-01-13 15:35:49,ACTIVE,False,997.56,True
MCH5193,Shetty Inc,Punjab,5912,Medical / Pharmacy,Partnership,Amritsar,2025-07-13 00:00:00,ACTIVE,True,1291.02,True
MCH1305,Ghose-Batta,Telangana,4131,Transportation,Individual,Hyderabad,2025-12-20 00:00:00,INACTIVE,False,380.06,False
MCH1162,"Anand, Mistry and Khare",Delhi,5999,Misc Retail,Private Limited,Delhi,2025-12-02 00:00:00,ACTIVE,False,1311.0,True
MCH1387,HANDA-TALWAR,Uttar Pradesh,4131,Transportation,Sole Proprietor,Lucknow,2023-10-05 03:18:00,ACTIVE,False,754.0,False
MCH6721,"Saran, Varughese and Savant",Punjab,5912,Medical / Pharmacy,Individual,Ludhiana,2025-11-11 00:00:00,ACTIVE,False,1696.94,True
MCH4669,Bail PLC,Uttar Pradesh,4131,Transportation,Sole Proprietor,Lucknow,2023-09-17 00:00:00,INACTIVE,False,1960.77,True
MCH7126,Deol Ltd,Delhi,5999,Misc Retail,Partnership,Delhi,2025-06-25 00:00:00,ACTIVE,False,495.33,False
MCH9805,Sha-Mitter,Punjab,5311,Department Store,Partnership,Jalandar,,ACTIVE,False,1993.26,True
MCH6064,"Wable, Virk and Gaba",Punjab,5812,Restaurant,Private Limited,Amritsar,2025-06-09 01:56:12,ACTIVE,False,5256.61,True
MCH2306,GOSWAMI INC,Karnataka,7011,Hotel / Lodging,Sole Proprietor,Bangalore,,ACTIVE,False,1562.95,True
MCH1874,"Bail, Madan and Mahal",Punjab,5411,Grocery,Private Limited,Jalandhar,2025-11-03 21:30:47,ACTIVE,False,928.89,True
MCH4939,Bath-Kumer,Delhi,4814,Telecom,Partnership,Delhi,2023-06-10 12:33:00,ACTIVE,False,1620.24,True
MCH7187,Sandhu Inc,Punjab,5812,Restaurant,Individual,Amritsar,,ACTIVE,False,4006.56,True
MCH1776,Vohra and Sons,Uttar Pradesh,5999,Misc Retail,Private Limited,Lucknow,2023-06-16 00:00:00,ACTIVE,False,843.8,True
MCH5147,"Rao, Mahal and Wable",Punjab,5999,Misc Retail,Private Limited,Jalandar,2024-09-16 08:12:00,ACTIVE,False,687.0,True
MCH9154,"PAL, DARA AND YADAV",Rajasthan,5999,Misc Retail,Private Limited,Jaipur,2025-07-12 00:00:00,ACTIVE,False,3887.81,True
MCH3046,Walla PLC,Punjab,5942,Book Store,Private Limited,Jalandhar,2023-12-03 00:00:00,SUSPENDED,False,6756.54,True
MCH9822,Thaman-Parsa,Karnataka,5311,Department Store,Private Limited,Bangalore,,ACTIVE,False,534.71,True
MCH5525,Nagy and Sons,Karnataka,7011,Hotel / Lodging,Partnership,Bangalore,2026-01-29 04:09:00,ACTIVE,False,1141.1,True
MCH1128,Natt-Keer,Telangana,5999,Misc Retail,Sole Proprietor,Hyderabad,2026-01-10 12:42:55,ACTIVE,False,1028.32,True
MCH5317,Seth PLC,Karnataka,7011,Hotel / Lodging,Sole Proprietor,Bangalore,2023-03-01 07:27:37,ACTIVE,False,2738.46,False
MCH1561,Gera-Kota,Rajasthan,5942,Book Store,Sole Proprietor,Jaipur,2024-06-15 00:00:00,INACTIVE,False,530.0,True
MCH5932,Jani-Sathe,Punjab,4814,Telecom,Partnership,Ludhiana,2024-10-09 04:03:57,INACTIVE,False,2383.64,False
MCH9911,"Pal, Dash and Nagi",Maharashtra,4131,Transportation,Individual,Mumbai,2024-11-28 00:00:00,ACTIVE,False,1474.73,True
MCH3461,"Balakrishnan, Sachdeva and Sekhon",Maharashtra,5999,Misc Retail,Individual,Mumbai,2025-09-23 02:42:23,ACTIVE,False,1049.37,True
MCH3655,Batra LLC,Maharashtra,5912,Medical / Pharmacy,Sole Proprietor,Poona,2024-08-17 00:00:00,ACTIVE,True,528.59,False
MCH2263,Puri-D’Alia,Punjab,5311,Department Store,Private Limited,Amritsar,2024-08-29 00:00:00,ACTIVE,False,2781.79,True
MCH6595,More-Sharma,Punjab,7011,Hotel / Lodging,Sole Proprietor,Jalandhar,2023-11-12 00:00:00,ACTIVE,False,308.54,False
MCH6430,prakash group,Telangana,4814,Telecom,Individual,Hyderabad,2025-08-05 00:00:00,SUSPENDED,False,5278.71,False
MCH9990,Mishra Inc,Maharashtra,5912,Medical / Pharmacy,Private Limited,Mumbai,2023-02-18 00:00:00,ACTIVE,False,970.05,True
MCH7631,DOSHI-VERMA,West Bengal,5942,Book Store,Partnership,Kolkata,2024-01-27 00:00:00,ACTIVE,False,2548.32,False
MCH4444,Khalsa PLC,Punjab,5999,Misc Retail,Partnership,Ludhiana,2023-05-25 00:00:00,ACTIVE,False,2332.61,True
MCH4556,Bhakta Inc,Maharashtra,5942,Book Store,Private Limited,Mumbai,2026-02-03 00:00:00,ACTIVE,False,881.89,False
MCH1966,Munshi-Bath,Karnataka,4131,Transportation,Private Limited,Bangalore,2026-01-27 00:00:00,SUSPENDED,False,1858.12,False
MCH6321,Chander Ltd,Rajasthan,5999,Misc Retail,Private Limited,Jaipur,,ACTIVE,False,380.1,False
MCH9119,Dyal-Salvi,Tamil Nadu,4814,Telecom,Partnership,Chennai,2023-04-20 00:00:00,ACTIVE,False,6428.96,False
MCH1509,"Rajan, Dash and Bora",Punjab,,,Private Limited,Amritsar,2025-04-26 00:00:00,INACTIVE,False,806.0,False
MCH7566,KADE-BHATTACHARYYA,Maharashtra,5912,Medical / Pharmacy,Individual,Mumbai,2024-12-11 00:00:00,INACTIVE,False,748.55,False
MCH9999,"KONDA, SUBRAMANIAN AND RAU",Maharashtra,5999,Misc Retail,Individual,Mumbai,2024-01-16 20:59:00,ACTIVE,False,510.0,False
MCH1627,DUA LTD,Uttar Pradesh,5999,Misc Retail,Private Limited,Lko,2024-07-31 00:00:00,ACTIVE,False,160.25,False
MCH5505,Korpal Inc,Maharashtra,4814,Telecom,Individual,Mumbai,2025-05-05 00:00:00,ACTIVE,False,1908.25,False
MCH2588,datta inc,Rajasthan,5699,Apparel,Private Limited,Jaipur,2024-09-28 00:00:00,ACTIVE,False,311.95,True
MCH4187,"Tella, Hayre and Patla",Rajasthan,5812,Restaurant,Sole Proprietor,Jaipur,2023-09-08 00:00:00,SUSPENDED,False,2332.84,False
MCH9257,Deep-Venkataraman,Punjab,7011,Hotel / Lodging,Partnership,Amritsar,2023-12-17 00:00:00,ACTIVE,False,705.83,True
MCH3404,"parekh, lad and soman",Maharashtra,5311,Department Store,Individual,Mumbai,2023-02-16 00:00:00,ACTIVE,True,1405.46,True
MCH9335,Shenoy Group,Uttar Pradesh,5699,Apparel,Partnership,Lucknow,2024-07-07 04:29:20,ACTIVE,False,1203.23,False
MCH6974,Ramaswamy Ltd,Delhi,5311,Department Store,Individual,Delhi,2026-01-01 00:00:00,ACTIVE,False,1499.0,True
MCH2445,"Vohra, Gill and Saini",Rajasthan,5311,Department Store,Individual,Jaipur,2025-05-01 00:00:00,INACTIVE,False,887.98,True
MCH7386,Tara PLC,Telangana,5912,Medical / Pharmacy,Private Limited,Hyderabad,2025-12-17 00:00:00,SUSPENDED,False,1062.8,False
MCH1960,Bail-Chand,Telangana,5411,Grocery,Partnership,Hyderabad,2024-08-26 00:00:00,ACTIVE,False,613.0,True
MCH5067,Mangat-Pant,Maharashtra,4814,Telecom,Individual,Poona,2024-02-27 00:00:00,ACTIVE,False,1263.65,True
MCH4082,Khurana Inc,Delhi,5999,Misc Retail,Private Limited,Delhi,2023-06-02 00:00:00,INACTIVE,False,288.7,True
MCH4374,Venkatesh LLC,Punjab,7011,Hotel / Lodging,Individual,Jalandhar,2025-01-15 22:22:17,ACTIVE,False,418.37,False
MCH4131,"Goyal, Krishnamurthy and Dewan",Rajasthan,4131,Transportation,Individual,Jaipur,2023-10-24 14:15:00,INACTIVE,False,319.32,True
MCH7509,Narasimhan-Naidu,West Bengal,5699,Apparel,Sole Proprietor,Kolkata,2025-07-29 00:00:00,ACTIVE,False,1271.23,True
MCH6992,"Srivastava, Sha and Natarajan",Punjab,5812,Restaurant,Partnership,Amritsar,2026-01-21 00:00:00,ACTIVE,False,893.0,True
MCH4145,"Dalal, Dass and Vaidya",Maharashtra,5942,Book Store,Sole Proprietor,Poona,2025-09-16 00:00:00,SUSPENDED,True,1294.48,True
MCH6356,"pandit, wagle and kata",Punjab,7011,Hotel / Lodging,Private Limited,Amritsar,2024-08-03 09:31:28,INACTIVE,False,499.8,True
MCH7540,Buch-Das,Telangana,5311,Department Store,Sole Proprietor,Hyderabad,2025-05-17 00:00:00,ACTIVE,True,2362.92,True
MCH6020,Goda Ltd,Uttar Pradesh,5942,Book Store,Sole Proprietor,Lucknow,2025-01-09 00:00:00,ACTIVE,False,2555.72,True
MCH8921,"Palla, Kanda and Kohli",Rajasthan,5411,Grocery,Individual,Jaipur,2023-04-01 00:00:00,INACTIVE,False,1560.65,False
MCH5770,kari llc,Telangana,5912,Medical / Pharmacy,Private Limited,Hyderabad,2025-01-29 10:38:17,ACTIVE,False,573.41,False
MCH8324,Golla-Chaudhuri,Punjab,7011,Hotel / Lodging,Private Limited,Jalandhar,2025-06-04 00:00:00,ACTIVE,False,,False
MCH5596,Biswas Group,Karnataka,5311,Department Store,Partnership,Bangalore,2024-12-02 00:00:00,SUSPENDED,True,464.03,True
MCH7832,"Sodhi, Venkataraman and Kohli",Delhi,5999,Misc Retail,Individual,Delhi,2025-06-02 00:45:12,ACTIVE,False,4116.49,True
MCH6977,SATHE-JHA,Uttar Pradesh,5942,Book Store,Individual,Lko,2023-08-06 00:00:00,ACTIVE,True,1341.62,True
MCH9472,Sankaran-Om,Delhi,5699,Apparel,Private Limited,Delhi,2023-06-03 00:00:00,INACTIVE,False,4710.1,True
MCH4288,KASHYAP-PUROHIT,Rajasthan,5699,Apparel,Private Limited,Jaipur,2025-10-08 00:00:00,ACTIVE,False,262.02,False
MCH8579,OM LLC,Karnataka,5311,Department Store,Sole Proprietor,Bangalore,2024-05-10 00:00:00,ACTIVE,False,3034.67,True
MCH7685,"Badal, Khurana and Bansal",Punjab,5311,Department Store,Individual,Jalandhar,2025-05-06 00:19:28,INACTIVE,True,3304.25,True
MCH5217,"Kapur, Sabharwal and Chaudhuri",Uttar Pradesh,5311,Department Store,Sole Proprietor,Lucknow,2023-03-07 21:02:17,INACTIVE,False,499.03,True
MCH4754,"Chhabra, Setty and Srinivasan",Telangana,5699,Apparel,Private Limited,Hyderabad,2023-12-04 00:00:00,INACTIVE,False,2016.37,True
MCH4544,"Som, Deshmukh and Narang",Karnataka,5411,Grocery,Partnership,Bangalore,2023-04-28 00:00:00,ACTIVE,False,4619.33,False
MCH4642,Jaggi Ltd,Delhi,5411,Grocery,Partnership,Delhi,2024-04-16 00:00:00,SUSPENDED,False,1180.53,True
MCH5409,Buch Inc,Punjab,5699,Apparel,Sole Proprietor,Amritsar,2023-03-04 00:10:00,ACTIVE,False,922.0,True
MCH6099,Yadav LLC,Karnataka,4814,Telecom,Partnership,Bangalore,2025-06-16 00:00:00,ACTIVE,False,4726.0,True
MCH5843,Wason and Sons,Telangana,4814,Telecom,Individual,Hyderabad,2023-05-30 00:00:00,INACTIVE,False,1023.46,False
MCH2816,Behl Group,Punjab,5812,Restaurant,Sole Proprietor,Amritsar,2023-02-17 00:00:00,INACTIVE,False,5297.33,True
MCH5961,Batra Ltd,Punjab,5812,Restaurant,Individual,Jalandhar,2024-05-24 00:00:00,ACTIVE,False,608.0,True
MCH2797,Sandhu-Singh,Karnataka,7011,Hotel / Lodging,Partnership,Bangalore,2025-05-27 00:00:00,ACTIVE,False,1083.54,True
MCH7621,Iyer-Mangal,Punjab,5411,Grocery,Sole Proprietor,Jalandar,2023-09-14 09:28:09,ACTIVE,False,1096.69,True
MCH2574,Bala and Sons,Delhi,5699,Apparel,Individual,Delhi,,SUSPENDED,False,197.23,True
MCH8967,"KAKAR, MANDAL AND SEHGAL",Delhi,4814,Telecom,Private Limited,Delhi,2024-01-26 00:00:00,ACTIVE,True,3964.67,True
MCH9769,Setty-Mistry,Maharashtra,5311,Department Store,Partnership,Mumbai,2023-10-31 00:00:00,ACTIVE,False,301.79,False
MCH6445,Shere and Sons,Punjab,5912,Medical / Pharmacy,Individual,Ludhiana,2025-01-28 00:00:00,ACTIVE,False,766.0,False
MCH8591,Dutta and Sons,West Bengal,5999,Misc Retail,Individual,Kolkata,2025-02-02 00:00:00,ACTIVE,False,2731.17,True
MCH8769,Dara-Keer,Rajasthan,5912,Medical / Pharmacy,Private Limited,Jaipur,2024-12-29 11:46:00,ACTIVE,False,637.83,False
MCH3321,Barad-Trivedi,Punjab,,,Sole Proprietor,Amritsar,2025-09-19 04:50:00,ACTIVE,False,2096.6,False
MCH6944,Amb1e-Duga1,Maharashtra,4131,Transportation,Individual,Mumbai,2023-02-22 00:00:00,ACTIVE,False,1017.42,True
MCH3328,Singh-Comar,Maharashtra,5912,Medical / Pharmacy,Sole Proprietor,Pune,2025-12-14 00:00:00,ACTIVE,True,3993.96,True
MCH7272,Kulkarni-Subramanian,Karnataka,4131,Transportation,Sole Proprietor,Bangalore,2023-12-21 09:01:15,INACTIVE,False,376.69,True
MCH9743,Sahota-Krish,Punjab,5942,Book Store,Private Limited,Ldh,2023-05-22 00:00:00,ACTIVE,False,873.78,False
MCH9456,Anne Group,Tamil Nadu,5999,Misc Retail,Sole Proprietor,Chennai,2024-05-16 00:00:00,ACTIVE,False,896.81,False
MCH4385,Bera-S0m,Punjab,,,Private Limited,Jalandar,2023-05-08 00:00:00,ACTIVE,False,2548.67,True
MCH2604,Sharaf-Kaur,Uttar Pradesh,4131,Transportation,Private Limited,Lucknow,2023-10-30 00:00:00,ACTIVE,False,1813.01,True
MCH3936,Bath Inc,Uttar Pradesh,5411,Grocery,Individual,Lucknow,2023-06-13 00:00:00,ACTIVE,False,879.38,False
MCH5861,MANNE-CHATTERJEE,Delhi,5812,Restaurant,Sole Proprietor,Delhi,2024-10-28 00:00:00,ACTIVE,False,174.45,False
MCH5293,Palla-Dhar,Karnataka,4131,Transportation,Private Limited,Bangalore,2024-12-07 00:00:00,SUSPENDED,False,1936.57,True
MCH5809,Buch PLC,Karnataka,4131,Transportation,Individual,Bangalore,2025-01-22 00:00:00,ACTIVE,False,461.99,False
MCH9120,sood ltd,Maharashtra,7011,Hotel / Lodging,Sole Proprietor,Mumbai,2025-09-24 21:17:00,ACTIVE,False,680.9,False
MCH7326,"Mandal, Behl and Bhattacharyya",Tamil Nadu,7011,Hotel / Lodging,Sole Proprietor,Chennai,2024-10-26 07:07:51,ACTIVE,False,1119.05,False
MCH4042,ROUT-MAHARAJ,Punjab,5999,Misc Retail,Partnership,Amritsar,2024-12-01 06:50:00,ACTIVE,False,696.23,True
MCH4567,Bhatti Inc,Telangana,7011,Hotel / Lodging,Partnership,Hyderabad,2023-03-29 00:00:00,ACTIVE,False,1514.65,True
MCH8622,choudhry-krishna,Maharashtra,7011,Hotel / Lodging,Partnership,Pune,2025-03-18 00:00:00,ACTIVE,False,196.86,False
MCH8945,"Sankar, Swamy and Char",West Bengal,5411,Grocery,Sole Proprietor,Kolkata,2026-02-26 00:00:00,ACTIVE,False,1329.0,True
MCH9662,Basu-Korpal,Maharashtra,4814,Telecom,Private Limited,Poona,2023-09-13 15:28:38,ACTIVE,False,1152.0,True
MCH9229,Anne-Parikh,Rajasthan,,,Private Limited,Jaipur,2025-10-23 00:00:00,INACTIVE,False,173.81,False
MCH8013,Thakkar-Vohra,Karnataka,5942,Book Store,Sole Proprietor,Bangalore,2024-08-06 00:00:00,ACTIVE,False,,True
MCH2093,Ghosh-Gaba,Punjab,,,Sole Proprietor,Ludhiana,2024-02-05 00:00:00,ACTIVE,False,2389.0,True
MCH1555,Raj LLC,Maharashtra,5942,Book Store,Individual,Pune,2023-04-23 00:00:00,ACTIVE,False,602.0,False
MCH7581,"Deshpande, Butala and Jain",Uttar Pradesh,5699,Apparel,Private Limited,Lucknow,2024-08-13 00:00:00,ACTIVE,False,,True
MCH7930,"Bhatt, Ganguly and Dhingra",Delhi,5311,Department Store,Sole Proprietor,Delhi,2025-12-16 00:00:00,SUSPENDED,False,1892.15,False
MCH2248,Mutti-Manne,Punjab,5812,Restaurant,Partnership,Ludhiana,2023-11-22 00:00:00,INACTIVE,False,1021.0,False
MCH1840,Chahal and Sons,Punjab,5942,Book Store,Sole Proprietor,Ludhiana,2026-02-06 00:00:00,ACTIVE,False,764.0,True
MCH4495,"Nadig, Gade and Jha",Telangana,5942,Book Store,Partnership,Hyderabad,2024-05-10 06:24:00,ACTIVE,False,1329.61,False
MCH1405,chandra inc,Punjab,5311,Department Store,Partnership,Ludhiana,2026-02-10 00:00:00,INACTIVE,False,1248.0,True
MCH2033,"Munshi, Sundaram and Bhasin",Maharashtra,5699,Apparel,Private Limited,Poona,2025-09-30 00:00:00,ACTIVE,False,294.83,True
MCH4529,Wali LLC,Delhi,5999,Misc Retail,Sole Proprietor,Delhi,2023-02-13 00:00:00,SUSPENDED,False,468.55,True
MCH3233,"Dada, Pingle and Date",Maharashtra,5699,Apparel,Individual,Poona,2025-11-23 00:00:00,INACTIVE,False,5434.84,False
MCH1573,"Tailor, Som and Soni",Punjab,4814,Telecom,Partnership,Jalandhar,2023-12-11 00:00:00,ACTIVE,False,540.2,False
MCH8795,basak-bhavsar,Rajasthan,5942,Book Store,Sole Proprietor,Jaipur,2024-03-15 00:00:00,INACTIVE,False,243.16,True
MCH3272,Gera Group,Tamil Nadu,5699,Apparel,Sole Proprietor,Chennai,2023-03-04 12:44:00,ACTIVE,False,2272.01,True
MCH2223,Dhaliwal LLC,Maharashtra,4814,Telecom,Individual,Mumbai,2024-07-14 16:20:52,ACTIVE,False,543.88,True
MCH8644,M0re-L0ke,Punjab,4131,Transportation,Individual,Ludhiana,2025-07-20 00:00:00,ACTIVE,False,1294.91,False
MCH2188,"Sundaram, Prakash and Sheth",Telangana,5699,Apparel,Sole Proprietor,Hyderabad,2025-11-02 20:29:00,ACTIVE,True,778.36,False
MCH1732,"BAL, LOKE AND CHADHA",Delhi,5411,Grocery,Private Limited,Delhi,2024-10-24 00:00:00,ACTIVE,False,3477.98,True
MCH8492,Narayan Gr0up,West Bengal,4814,Telecom,Individual,Kolkata,,INACTIVE,False,,True
MCH7991,Rastogi PLC,Maharashtra,5942,Book Store,Partnership,Mumbai,,ACTIVE,False,1076.7,False
MCH1343,NARASIMHAN-SHETTY,West Bengal,5999,Misc Retail,Individual,Kolkata,2023-08-18 00:00:00,ACTIVE,False,3443.8,True
MCH8674,"Mani, Dutta and Issac",Tamil Nadu,5812,Restaurant,Private Limited,Chennai,2023-05-05 15:05:33,ACTIVE,False,,True
MCH4637,Mitter-Pandya,Tamil Nadu,5411,Grocery,Individual,Chennai,2023-05-09 20:41:00,ACTIVE,False,2198.28,True
MCH7833,"Chopra, Baral and Hayre",Telangana,5942,Book Store,Sole Proprietor,Hyderabad,2023-02-10 07:53:34,SUSPENDED,False,648.0,False
MCH4767,Prasad Inc,Maharashtra,,,Private Limited,Pune,2023-06-20 00:00:00,INACTIVE,False,789.87,False
MCH9298,Jain Ltd,Karnataka,5942,Book Store,Sole Proprietor,Bangalore,2024-02-03 12:58:21,ACTIVE,False,8519.11,True
MCH5268,Nagy-Ravel,West Bengal,5999,Misc Retail,Sole Proprietor,Kolkata,2025-10-23 00:00:00,SUSPENDED,False,4125.6,True
MCH6814,Gara-Seth,Rajasthan,4814,Telecom,Private Limited,Jaipur,2024-07-02 00:00:00,ACTIVE,True,1223.19,True
MCH6143,BARAL PLC,West Bengal,5411,Grocery,Partnership,Kolkata,2024-12-05 02:07:44,ACTIVE,False,1054.97,True
MCH9188,Randhawa PLC,Punjab,4814,Telecom,Partnership,Jalandhar,2024-09-11 00:00:00,ACTIVE,False,,True
MCH9474,"dutta, ramesh and buch",Telangana,7011,Hotel / Lodging,Sole Proprietor,Hyderabad,2024-10-13 00:00:00,SUSPENDED,False,290.21,False
MCH1756,"Borah, Sura and Kunda",Rajasthan,5411,Grocery,Private Limited,Jaipur,2025-10-21 00:00:00,ACTIVE,False,1371.78,False
MCH2201,"Chandra, Sen and Ray",Karnataka,5812,Restaurant,Private Limited,Bangalore,2025-11-17 00:00:00,ACTIVE,True,384.1,True
MCH3391,Dass Inc,Uttar Pradesh,4131,Transportation,Partnership,Lucknow,,ACTIVE,False,1298.0,True
MCH5445,Ganesan Ltd,Delhi,5311,Department Store,Partnership,Delhi,2025-10-19 00:00:00,ACTIVE,False,2186.0,True
MCH3925,Buch-Zachariah,Punjab,5999,Misc Retail,Partnership,Amritsar,2025-03-01 20:26:00,ACTIVE,True,2071.12,True
MCH5037,Chadha LLC,Rajasthan,5311,Department Store,Private Limited,Jaipur,2025-05-03 00:00:00,ACTIVE,True,5536.23,True
MCH2960,Malhotra-Buch,Tamil Nadu,4131,Transportation,Private Limited,Chennai,2023-01-06 00:00:00,ACTIVE,False,2348.07,True
MCH4497,Padmanabhan Group,Maharashtra,5812,Restaurant,Individual,Mumbai,,ACTIVE,False,2142.62,False
MCH6225,"LOYAL, MANDER AND AGRAWAL",West Bengal,5411,Grocery,Sole Proprietor,Kolkata,2023-12-17 00:00:00,ACTIVE,False,859.91,False
MCH2806,"Raman, Aggarwal and Salvi",Telangana,5999,Misc Retail,Partnership,Hyderabad,2024-10-16 00:00:00,ACTIVE,False,2271.51,False
MCH2896,Jayaraman-Nazareth,West Bengal,5912,Medical / Pharmacy,Private Limited,Kolkata,2025-07-30 12:10:42,ACTIVE,False,1312.79,False
MCH8259,Lall Group,Punjab,5942,Book Store,Sole Proprietor,Jalandhar,2023-04-13 00:00:00,ACTIVE,False,2667.52,False
MCH1568,Chandran Ltd,Uttar Pradesh,7011,Hotel / Lodging,Sole Proprietor,Lucknow,2024-09-04 00:00:00,ACTIVE,False,3618.31,False
MCH6950,"Bal, Swaminathan and Desai",Rajasthan,5912,Medical / Pharmacy,Partnership,Jaipur,2025-04-10 00:08:00,ACTIVE,False,1101.05,True
MCH2153,"Dara, Vala and Venkatesh",Tamil Nadu,5699,Apparel,Partnership,Chennai,2023-06-21 00:00:00,ACTIVE,True,1608.19,False
MCH4225,Karnik LLC,Punjab,5699,Apparel,Individual,Ldh,2025-02-05 13:25:31,ACTIVE,False,537.99,True
MCH3119,CHANA-DESHMUKH,Telangana,5311,Department Store,Private Limited,Hyderabad,2024-12-02 00:00:00,ACTIVE,False,4993.0,False
MCH9059,Shroff Ltd,Punjab,5311,Department Store,Private Limited,Jalandhar,2023-07-18 00:00:00,ACTIVE,False,399.71,False
MCH8329,"Halder, Panchal and Pandit",Uttar Pradesh,,,Individual,Lko,2025-07-10 00:00:00,ACTIVE,False,422.0,True
MCH4958,Dara Inc,Maharashtra,4814,Telecom,Partnership,Pune,2025-03-30 00:00:00,ACTIVE,False,,True
MCH4582,Pai-Shenoy,Maharashtra,,,Individual,Poona,2025-03-18 00:00:00,ACTIVE,False,1857.0,True
MCH1939,"Lal,SahniandChopra",Punjab,7011,Hotel / Lodging,Private Limited,Ludhiana,2026-02-05 00:00:00,ACTIVE,False,509.0,True
MCH2799,KADAKIA-NAYAK,Delhi,5812,Restaurant,Sole Proprietor,Delhi,2025-05-04 23:51:09,ACTIVE,True,249.35,True
MCH9353,Ray-Gaba,Maharashtra,5812,Restaurant,Private Limited,Pune,2023-09-21 00:00:00,ACTIVE,False,1357.72,True
MCH3818,Gopal-Khalsa,Punjab,4814,Telecom,Partnership,Amritsar,,ACTIVE,False,200.35,False
MCH1245,"Kumer, Varghese and Dhawan",Maharashtra,,,Partnership,Poona,2023-08-23 00:00:00,ACTIVE,False,725.32,False
MCH4649,"Mand,DattaandSanghvi",Punjab,7011,Hotel / Lodging,Partnership,Ludhiana,2024-10-16 00:00:00,ACTIVE,False,666.8,False
MCH6662,Din-Gour,Maharashtra,5999,Misc Retail,Individual,Poona,2024-02-26 00:00:00,ACTIVE,False,3959.93,True
MCH9369,Kara Group,West Bengal,7011,Hotel / Lodging,Sole Proprietor,Kolkata,2024-07-06 20:37:37,ACTIVE,False,2036.0,False
MCH3178,GanesanGroup,Delhi,5699,Apparel,Individual,Delhi,2025-12-01 00:00:00,ACTIVE,False,136.0,False
MCH4157,Minhas-Saran,Maharashtra,4814,Telecom,Partnership,Mumbai,2025-11-02 00:00:00,ACTIVE,True,2413.97,False
MCH4458,"Gola, Dixit and Banik",Punjab,5411,Grocery,Sole Proprietor,Amritsar,2023-08-25 00:00:00,ACTIVE,False,991.85,True
MCH8314,Chawla-Mander,West Bengal,4131,Transportation,Partnership,Kolkata,2024-09-07 00:00:00,ACTIVE,False,93.33,True
MCH8472,Guha-Sandhu,Punjab,4814,Telecom,Partnership,Amritsar,,ACTIVE,False,1828.57,False
MCH9434,Srinivasan-Savant,Tamil Nadu,5812,Restaurant,Partnership,Chennai,2023-05-01 21:28:13,ACTIVE,False,,True
MCH6582,SAGAR GROUP,West Bengal,5912,Medical / Pharmacy,Partnership,Kolkata,2023-06-09 00:00:00,ACTIVE,False,1999.0,False
MCH5015,"Pall, Mand and Balakrishnan",Uttar Pradesh,5812,Restaurant,Sole Proprietor,Lucknow,2024-12-23 20:34:32,ACTIVE,False,2215.59,True
MCH1706,"Vala, Nagarajan and Saxena",Maharashtra,5311,Department Store,Partnership,Mumbai,2023-08-27 00:00:00,INACTIVE,False,513.27,True
MCH4296,Varty-Varma,Punjab,5999,Misc Retail,Private Limited,Amritsar,2026-02-24 00:00:00,ACTIVE,False,,False
MCH7105,Mann-Oommen,Tamil Nadu,4814,Telecom,Private Limited,Chennai,2025-11-09 10:45:31,ACTIVE,False,461.62,False
MCH3069,MAGAR INC,Maharashtra,5699,Apparel,Individual,Mumbai,2024-10-18 00:00:00,ACTIVE,False,5346.85,False
MCH8165,"Sandhu, Saran and Dhar",Tamil Nadu,5999,Misc Retail,Sole Proprietor,Chennai,2023-04-09 00:00:00,INACTIVE,False,1269.15,True
MCH5044,Mahajan-Narasimhan,Tamil Nadu,,,Individual,Chennai,2025-09-04 00:00:00,ACTIVE,False,1148.0,False
MCH1941,Bath-Sunder,Rajasthan,4814,Telecom,Sole Proprietor,Jaipur,2024-05-22 00:00:00,SUSPENDED,False,,False
MCH8135,Bhakta PLC,Punjab,5999,Misc Retail,Private Limited,Amritsar,2024-04-09 00:00:00,ACTIVE,False,857.0,False
MCH5399,Agate-Wali,Tamil Nadu,5999,Misc Retail,Private Limited,Chennai,2025-12-26 00:00:00,ACTIVE,False,1379.64,False
MCH9877,"Garde, Sabharwal and Prashad",Telangana,5942,Book Store,Private Limited,Hyderabad,2024-03-02 00:00:00,ACTIVE,False,1246.91,True
MCH2139,"Bali, Mahajan and Oza",Karnataka,5942,Book Store,Sole Proprietor,Bangalore,2023-02-12 00:00:00,ACTIVE,False,512.11,True
MCH2224,Nadig-Varma,Tamil Nadu,5812,Restaurant,Private Limited,Chennai,2025-10-29 00:00:00,ACTIVE,False,2261.0,False
MCH7879,SAWHNEY-GODA,Punjab,4814,Telecom,Individual,Jalandhar,2023-12-30 23:35:00,ACTIVE,False,1760.85,False
MCH8835,"Natarajan, Hegde and Varughese",Maharashtra,5999,Misc Retail,Sole Proprietor,Mumbai,2025-04-08 15:21:00,ACTIVE,False,523.96,True
MCH9356,WagleLLC,Delhi,5411,Grocery,Partnership,Delhi,2025-09-15 00:00:00,ACTIVE,False,862.0,True
MCH9502,VYAS-HAYRE,Maharashtra,5942,Book Store,Sole Proprietor,Mumbai,2023-03-25 00:00:00,ACTIVE,False,777.19,False
MCH1447,Uppal Ltd,Uttar Pradesh,5912,Medical / Pharmacy,Partnership,Lucknow,2026-02-20 00:00:00,ACTIVE,False,236.04,False
MCH3736,Goyal-Thakur,Karnataka,5411,Grocery,Individual,Bangalore,2023-12-08 00:00:00,ACTIVE,False,1865.39,False
MCH3520,"Kannan, Bail and Sundaram",Punjab,5699,Apparel,Sole Proprietor,Ldh,2024-09-16 08:13:00,ACTIVE,True,383.3,True
MCH4249,Jhaveri Ltd,Karnataka,5812,Restaurant,Sole Proprietor,Bangalore,2024-01-04 01:29:00,ACTIVE,False,6385.99,False
MCH4752,"Chaudhuri, Sampath and Wali",Karnataka,5311,Department Store,Individual,Bangalore,2024-01-10 00:00:00,ACTIVE,False,399.3,True
MCH1314,"Pant, Mammen and Doctor",Rajasthan,5699,Apparel,Individual,Jaipur,2023-11-12 16:47:12,ACTIVE,False,1045.43,False
MCH1683,"Sampath, Anne and Madan",Tamil Nadu,5812,Restaurant,Partnership,Chennai,2026-02-14 00:00:00,ACTIVE,False,2458.98,True
MCH3446,Ganesan-Contractor,Uttar Pradesh,5411,Grocery,Sole Proprietor,Lucknow,2026-01-24 03:27:14,INACTIVE,False,348.14,True
MCH3614,Morar-Sundaram,Maharashtra,5812,Restaurant,Individual,Mumbai,2023-08-09 00:00:00,ACTIVE,False,1484.85,True
MCH5222,"Char, Warrior and Cherian",Tamil Nadu,5699,Apparel,Partnership,Chennai,2024-03-19 18:57:00,INACTIVE,False,352.83,True
MCH8975,"shanker, kothari and balasubramanian",Maharashtra,4814,Telecom,Individual,Mumbai,2025-10-24 08:14:24,ACTIVE,True,1231.77,False
MCH6023,DATTA PLC,Punjab,5411,Grocery,Partnership,Ldh,2026-01-27 00:00:00,ACTIVE,False,2183.74,True
MCH7325,Chatterjee-Manda,West Bengal,,,Individual,Kolkata,2023-01-04 13:43:25,ACTIVE,False,1420.0,True
MCH3387,Boase Ltd,Tamil Nadu,4814,Telecom,Sole Proprietor,Chennai,2024-10-20 00:00:00,ACTIVE,False,4926.8,False
MCH6824,"Talwar, Ramesh and Hora",Karnataka,,,Sole Proprietor,Bangalore,2023-09-10 00:00:00,ACTIVE,False,3249.65,True
MCH9226,"Sandhu, Jha and Randhawa",Maharashtra,5699,Apparel,Individual,Pune,2024-12-03 00:00:00,ACTIVE,False,5451.11,True
MCH8247,"Pandya, Muni and Hora",Uttar Pradesh,4814,Telecom,Partnership,Lucknow,2024-10-24 08:45:00,ACTIVE,False,1396.47,True
MCH9428,"Dyal, Varma and Sachdeva",Uttar Pradesh,5999,Misc Retail,Private Limited,Lko,,ACTIVE,False,1955.23,False
MCH3677,Toor and Sons,Punjab,5912,Medical / Pharmacy,Sole Proprietor,Amritsar,2025-03-03 06:28:03,ACTIVE,False,4703.03,True
MCH3452,"Tandon, Oza and Sharma",Maharashtra,5411,Grocery,Sole Proprietor,Poona,2025-04-08 00:00:00,INACTIVE,True,186.45,False
MCH9994,"Barad, Lall and Shetty",Delhi,5942,Book Store,Partnership,Delhi,2026-01-13 00:00:00,ACTIVE,False,1588.48,True
MCH2839,"brar, varughese and cherian",Maharashtra,5411,Grocery,Partnership,Poona,2025-04-21 03:59:43,ACTIVE,False,614.31,False
MCH3415,Keer Inc,Tamil Nadu,5812,Restaurant,Sole Proprietor,Chennai,2025-06-05 05:53:37,ACTIVE,True,184.25,True
MCH1593,Wali-Murthy,Karnataka,5999,Misc Retail,Sole Proprietor,Bangalore,2026-02-23 12:14:26,ACTIVE,False,15388.22,True
MCH3270,"CHOKSHI, DASH AND SRIVASTAVA",Tamil Nadu,4131,Transportation,Partnership,Chennai,2024-10-07 00:00:00,ACTIVE,False,1910.46,False
MCH7868,Chander-Ramakrishnan,Maharashtra,5311,Department Store,Individual,Pune,2025-09-21 01:36:00,ACTIVE,False,563.96,True
MCH2142,"Banerjee, Ghose and Parekh",Delhi,5942,Book Store,Sole Proprietor,Delhi,2024-08-23 00:00:00,ACTIVE,True,3367.02,True
MCH4245,Dua Group,Punjab,4131,Transportation,Partnership,Ludhiana,2024-07-25 18:42:24,ACTIVE,False,323.1,True
MCH3002,"Dey, Chopra and Vig",Punjab,5699,Apparel,Individual,Ludhiana,2024-10-27 00:00:00,ACTIVE,False,761.12,True
MCH5052,Pillay-Bora,Telangana,,,Partnership,Hyderabad,2024-01-04 00:00:00,ACTIVE,False,1127.0,True
MCH1134,"Shenoy, Gokhale and Soman",Delhi,5411,Grocery,Individual,Delhi,2024-12-11 00:00:00,ACTIVE,False,284.86,True
MCH2258,Walia Group,Punjab,5311,Department Store,Sole Proprietor,Jalandhar,2025-10-14 00:00:00,ACTIVE,False,1902.49,True
MCH1308,SUBRAMANIAM-SHANKAR,Karnataka,5912,Medical / Pharmacy,Partnership,Bangalore,2024-12-28 00:00:00,INACTIVE,False,2112.78,True
MCH1770,Prabhu Inc,West Bengal,5411,Grocery,Partnership,Kolkata,2026-02-19 00:00:00,ACTIVE,False,1130.22,True
MCH9683,Pillai Inc,Karnataka,5411,Grocery,Partnership,Bangalore,2024-11-28 00:00:00,SUSPENDED,False,1862.68,False
MCH1953,"Banerjee, Maharaj and Rege",Punjab,7011,Hotel / Lodging,Sole Proprietor,Jalandhar,2025-12-14 00:00:00,ACTIVE,False,1226.94,True
MCH3630,Chacko Ltd,Maharashtra,5812,Restaurant,Partnership,Mumbai,2023-06-11 00:00:00,INACTIVE,False,2433.39,False
MCH9471,"bajaj, sandal and barad",Maharashtra,5912,Medical / Pharmacy,Sole Proprietor,Mumbai,2025-05-23 00:00:00,ACTIVE,True,457.15,True
MCH6570,Venkataraman Ltd,Delhi,5912,Medical / Pharmacy,Private Limited,Delhi,2024-01-23 00:00:00,ACTIVE,False,332.15,False
MCH2593,Gour Inc,Punjab,5999,Misc Retail,Sole Proprietor,Jalandhar,2025-10-20 00:00:00,ACTIVE,False,1307.82,True
MCH6028,"Devan, Saha and Nagar",Punjab,7011,Hotel / Lodging,Partnership,Jalandhar,2023-05-02 08:52:59,ACTIVE,False,2112.02,True
MCH9638,"Dara, Badami and Sen",Uttar Pradesh,5699,Apparel,Sole Proprietor,Lko,2026-01-22 00:00:00,ACTIVE,False,3649.35,False
MCH9802,Contractor-Keer,Delhi,5699,Apparel,Individual,Delhi,2024-04-08 00:00:00,ACTIVE,False,1430.48,True
MCH2744,"DIVAN, NARANG AND JHAVERI",Uttar Pradesh,5912,Medical / Pharmacy,Partnership,Lucknow,2025-11-04 23:49:11,SUSPENDED,False,734.64,True
MCH3107,KAPOOR INC,Maharashtra,,,Partnership,Pune,2023-10-28 00:00:00,ACTIVE,True,1009.16,True
MCH5384,Sibal Inc,Rajasthan,5411,Grocery,Private Limited,Jaipur,,ACTIVE,False,951.53,False
MCH9609,Bhatti Inc,Telangana,5411,Grocery,Individual,Hyderabad,2026-01-29 00:00:00,SUSPENDED,False,1792.34,True
MCH8628,"char, sastry and sane",Maharashtra,4131,Transportation,Individual,Pune,2023-08-18 01:53:50,ACTIVE,False,1108.74,True
MCH7448,mittal inc,Telangana,4814,Telecom,Private Limited,Hyderabad,2024-12-07 00:00:00,INACTIVE,False,760.79,True
MCH3686,Prasad Inc,Maharashtra,5812,Restaurant,Sole Proprietor,Mumbai,2024-09-04 03:46:00,ACTIVE,False,1179.14,True
MCH1926,bhattacharyya-om,Maharashtra,5311,Department Store,Individual,Mumbai,2025-06-16 00:00:00,ACTIVE,False,2425.42,True
MCH8417,Bhalla-Batta,Karnataka,5311,Department Store,Partnership,Bangalore,2025-07-07 16:05:00,ACTIVE,False,544.37,False
MCH2344,"Purohit, Rege and Patil",Rajasthan,,,Private Limited,Jaipur,,ACTIVE,False,,False
MCH9623,Subramanian LLC,Telangana,5912,Medical / Pharmacy,Individual,Hyderabad,2025-06-07 00:00:00,ACTIVE,False,1226.76,True
MCH7804,Choudhry and Sons,Punjab,5942,Book Store,Sole Proprietor,Ldh,2024-02-04 20:13:00,ACTIVE,False,586.0,True
MCH3935,Natarajan-Karnik,Delhi,4814,Telecom,Sole Proprietor,Delhi,2025-04-23 00:23:30,ACTIVE,False,461.4,False
MCH6514,Lalla-Palan,West Bengal,5812,Restaurant,Individual,Kolkata,2025-03-26 09:22:56,ACTIVE,False,,True
MCH6379,CHANA-MAHAJAN,Karnataka,5942,Book Store,Private Limited,Bangalore,2025-08-08 17:00:00,ACTIVE,False,2923.98,True
MCH9587,Krishnamurthy-Contractor,West Bengal,4814,Telecom,Sole Proprietor,Kolkata,2024-12-09 00:00:00,ACTIVE,False,211.86,True
MCH5133,sawhney group,Telangana,,,Individual,Hyderabad,2024-12-10 00:00:00,ACTIVE,False,1388.77,True
MCH5038,"din, som and bahl",Uttar Pradesh,,,Partnership,Lucknow,2024-10-20 00:00:00,ACTIVE,False,1056.12,True
MCH4158,SASTRY INC,Delhi,,,Partnership,Delhi,2024-08-15 00:00:00,INACTIVE,False,480.93,True
MCH8475,"Karpe, Iyer and Gole",Karnataka,5942,Book Store,Private Limited,Bangalore,2025-04-20 00:00:00,ACTIVE,False,2426.04,False
MCH7297,Kala-Sibal,Tamil Nadu,5311,Department Store,Partnership,Chennai,2024-09-02 00:00:00,ACTIVE,False,2004.49,True
MCH5226,Tiwari-Pau,Uttar Pradesh,5999,Misc Retail,Individual,Lucknow,2023-12-24 02:18:00,ACTIVE,False,271.33,True
MCH8767,Golla Group,Telangana,5699,Apparel,Sole Proprietor,Hyderabad,2023-11-05 00:00:00,ACTIVE,False,397.99,False
MCH2510,Kakar Group,Telangana,5411,Grocery,Sole Proprietor,Hyderabad,2024-03-29 12:22:51,ACTIVE,False,744.85,True
MCH8565,"MAMMEN, MODI AND SANKAR",Rajasthan,5812,Restaurant,Sole Proprietor,Jaipur,2024-07-27 21:42:00,ACTIVE,False,609.89,False
MCH8003,Tank Ltd,Telangana,5311,Department Store,Sole Proprietor,Hyderabad,2023-12-14 00:00:00,ACTIVE,False,614.4,True
MCH6861,Venkataraman Ltd,Maharashtra,5999,Misc Retail,Private Limited,Mumbai,2023-07-24 17:35:00,ACTIVE,False,810.0,True
MCH1202,KOSHY-BORDE,Punjab,5311,Department Store,Partnership,Ludhiana,2023-04-27 14:11:10,ACTIVE,False,1998.99,True
MCH9110,Barad LLC,Uttar Pradesh,7011,Hotel / Lodging,Individual,Lucknow,2024-08-01 13:01:22,INACTIVE,False,1477.89,True
MCH6585,Bansal Ltd,Maharashtra,5411,Grocery,Private Limited,Mumbai,2025-01-25 10:52:00,INACTIVE,False,729.86,True
MCH4073,Gopal PLC,Rajasthan,5812,Restaurant,Individual,Jaipur,2024-12-27 20:52:16,ACTIVE,False,,True
MCH4112,Sodhi-Desai,Telangana,,,Sole Proprietor,Hyderabad,2023-06-06 00:00:00,INACTIVE,False,3193.0,False
MCH6889,Vala PLC,Punjab,5311,Department Store,Sole Proprietor,Ludhiana,2024-07-03 00:00:00,ACTIVE,False,2028.13,True
MCH6935,"Sagar,BadalandJha",Delhi,5912,Medical / Pharmacy,Private Limited,Delhi,2025-11-06 00:00:00,ACTIVE,False,319.7,False
MCH1829,Ramaswamy Group,West Bengal,4131,Transportation,Sole Proprietor,Kolkata,2024-03-15 00:00:00,ACTIVE,False,2351.23,False
MCH3285,"Prasad, Luthra and Suri",Karnataka,5311,Department Store,Partnership,Bangalore,2023-02-22 00:00:00,ACTIVE,False,669.58,True
MCH5009,arora-wagle,Telangana,5699,Apparel,Individual,Hyderabad,2024-11-06 16:41:40,INACTIVE,False,1125.91,True
MCH1587,Srivastava-Saha,West Bengal,5912,Medical / Pharmacy,Private Limited,Kolkata,,ACTIVE,False,1502.0,True
MCH9914,"Parmar, Sekhon and Kakar",Punjab,4131,Transportation,Private Limited,Amritsar,2025-12-15 03:30:38,ACTIVE,False,1356.48,True
MCH9548,Sur PLC,Karnataka,5912,Medical / Pharmacy,Sole Proprietor,Bangalore,2024-08-14 00:00:00,ACTIVE,False,,False
MCH7146,Bali PLC,Telangana,4814,Telecom,Private Limited,Hyderabad,2025-02-14 00:00:00,ACTIVE,False,8255.11,True
MCH6338,Dutta PLC,West Bengal,5311,Department Store,Individual,Kolkata,2024-06-29 00:00:00,ACTIVE,False,1835.5,False
MCH1965,chawla-sawhney,Karnataka,4814,Telecom,Individual,Bangalore,2025-08-21 00:00:00,ACTIVE,False,4592.95,False
MCH9955,NORI-NAZARETH,Delhi,5699,Apparel,Sole Proprietor,Delhi,2024-05-22 02:32:54,SUSPENDED,False,673.27,False
MCH1200,Vora and Sons,Maharashtra,,,Private Limited,Pune,2023-02-08 00:00:00,ACTIVE,False,1072.0,True
MCH1115,Nadkarni LLC,Punjab,4131,Transportation,Partnership,Jalandhar,,ACTIVE,False,6943.0,False
MCH9853,Dhar-Raval,West Bengal,5912,Medical / Pharmacy,Sole Proprietor,Kolkata,,ACTIVE,False,795.17,False
MCH9942,Choudhry-Shenoy,Punjab,4814,Telecom,Partnership,Amritsar,2024-09-08 09:43:00,ACTIVE,False,1359.79,True
MCH4353,"Sha, Thaman and Bhasin",Uttar Pradesh,5699,Apparel,Partnership,Lucknow,2024-05-02 00:00:00,INACTIVE,True,391.43,True
MCH3675,Soman LLC,Telangana,5999,Misc Retail,Individual,Hyderabad,2026-02-13 00:00:00,INACTIVE,False,223.0,False
MCH8054,"Kant, Gara and Grewal",Tamil Nadu,4131,Transportation,Sole Proprietor,Chennai,2024-12-12 00:00:00,ACTIVE,False,,True
MCH9757,Venkataraman-Vig,Punjab,5311,Department Store,Sole Proprietor,Amritsar,2025-03-26 02:02:24,ACTIVE,True,1622.73,False
MCH7919,MAJUMDAR-CHANDRAN,Rajasthan,4131,Transportation,Partnership,Jaipur,2025-12-09 01:54:00,ACTIVE,False,4626.02,True
MCH3111,Cherian-G0swami,Karnataka,,,Private Limited,Bangalore,,ACTIVE,False,1311.29,False
MCH9755,ANAND INC,Uttar Pradesh,5311,Department Store,Private Limited,Lucknow,2024-10-09 16:48:00,ACTIVE,False,2048.19,True
MCH3563,Shan Inc,Karnataka,5912,Medical / Pharmacy,Sole Proprietor,Bangalore,2024-04-01 06:07:35,ACTIVE,False,335.55,True
MCH2392,Shetty and Sons,Punjab,,,Individual,Amritsar,2025-12-18 00:00:00,ACTIVE,False,655.01,True
MCH9565,"Dhar, Shukla and Chaudhary",Tamil Nadu,5942,Book Store,Individual,Chennai,2025-08-22 13:59:00,ACTIVE,False,2205.09,True
MCH9483,"Yohannan, Ghose and Pal",Telangana,5699,Apparel,Partnership,Hyderabad,2023-03-21 23:53:34,ACTIVE,False,4425.5,False
MCH5665,"Parikh, Ray and Lall",Rajasthan,5942,Book Store,Partnership,Jaipur,2023-09-12 00:00:00,ACTIVE,False,1428.0,True
MCH1233,"Upadhyay, Lall and Kala",Maharashtra,5942,Book Store,Private Limited,Pune,2024-07-19 00:00:00,ACTIVE,True,1465.98,False
MCH4331,"Wali, Buch and Nagi",Punjab,5699,Apparel,Sole Proprietor,Amritsar,2025-07-31 20:39:00,INACTIVE,False,1154.33,True
MCH9935,Sahni-Barad,Delhi,5999,Misc Retail,Partnership,Delhi,2023-06-12 00:00:00,ACTIVE,False,1444.0,False
MCH4342,S0m PLC,Rajasthan,4814,Telecom,Private Limited,Jaipur,2025-11-08 00:00:00,INACTIVE,False,337.31,False
MCH4115,"Bandi, Rau and Hayre",Rajasthan,4131,Transportation,Sole Proprietor,Jaipur,2025-05-03 00:00:00,SUSPENDED,False,748.37,True
MCH8864,Lala-Ben,Punjab,5912,Medical / Pharmacy,Individual,Ludhiana,2025-12-28 05:23:00,ACTIVE,False,869.2,False
MCH1480,Bala-Magar,Telangana,5999,Misc Retail,Individual,Hyderabad,,ACTIVE,False,,False
MCH9094,"YADAV, ZACHARIA AND DUTT",Punjab,5912,Medical / Pharmacy,Sole Proprietor,Ludhiana,2023-09-24 00:00:00,SUSPENDED,False,1081.32,True
MCH9423,apte group,Tamil Nadu,7011,Hotel / Lodging,Sole Proprietor,Chennai,2025-10-24 00:00:00,ACTIVE,False,3132.43,True
MCH8616,RATTI-JHA,Maharashtra,5699,Apparel,Sole Proprietor,Pune,2025-05-30 00:00:00,ACTIVE,False,,False
MCH2470,Mutti-Bawa,Punjab,,,Individual,Jalandar,2025-12-13 00:00:00,SUSPENDED,False,444.91,True
MCH4382,modi-sengupta,Maharashtra,5912,Medical / Pharmacy,Individual,Mumbai,2025-02-15 00:00:00,ACTIVE,False,650.1,True
MCH7191,Bhargava Ltd,Telangana,5942,Book Store,Sole Proprietor,Hyderabad,2023-07-26 00:00:00,INACTIVE,False,528.97,True
MCH6101,DORA-BAJWA,Maharashtra,5912,Medical / Pharmacy,Private Limited,Pune,2025-07-28 00:00:00,ACTIVE,False,3328.35,True
MCH6511,"Doctor, Sur and Badal",Maharashtra,5411,Grocery,Sole Proprietor,Pune,2024-07-27 20:57:52,ACTIVE,False,778.51,True
MCH2903,Swamy-Parsa,Maharashtra,5699,Apparel,Individual,Mumbai,2023-04-14 00:00:00,INACTIVE,False,1218.16,False
MCH1443,Swamy PLC,Uttar Pradesh,5999,Misc Retail,Private Limited,Lucknow,2023-06-10 00:00:00,INACTIVE,False,209.63,False
MCH8703,MODY GROUP,Telangana,,,Partnership,Hyderabad,2023-04-09 03:36:19,SUSPENDED,False,2908.51,True
MCH8574,vohra group,Rajasthan,5912,Medical / Pharmacy,Individual,Jaipur,2026-02-04 00:00:00,INACTIVE,True,746.57,True
MCH2060,Grover-Dugar,Tamil Nadu,,,Individual,Chennai,2025-10-02 05:31:26,ACTIVE,False,540.0,True
MCH9190,"Dugar, Babu and Ba1a",Tamil Nadu,5812,Restaurant,Individual,Chennai,2025-01-24 00:00:00,ACTIVE,False,471.43,False
MCH5441,Sur Group,Punjab,5411,Grocery,Private Limited,Ldh,2023-02-08 00:00:00,ACTIVE,False,1094.34,True
MCH8119,SubramanianandSons,Punjab,,,Sole Proprietor,Amritsar,2023-06-14 00:00:00,ACTIVE,False,1285.93,False
MCH1144,Morar-Rattan,Rajasthan,5699,Apparel,Sole Proprietor,Jaipur,2025-01-20 00:00:00,ACTIVE,False,1182.28,False
MCH4428,Raja-Kapadia,Maharashtra,5942,Book Store,Private Limited,Poona,2023-01-21 00:00:00,ACTIVE,False,3396.0,True
MCH8209,"Cheema, Bansal and Comar",Punjab,5699,Apparel,Sole Proprietor,Ludhiana,2023-12-27 00:00:00,ACTIVE,False,6788.0,True
MCH6555,Tata-Bajwa,Uttar Pradesh,5311,Department Store,Partnership,Lko,2023-12-24 00:00:00,SUSPENDED,False,3890.0,False
MCH8456,Srinivasan and Sons,Punjab,5411,Grocery,Individual,Jalandar,2023-03-04 13:45:00,ACTIVE,False,3454.0,True
MCH7236,bhasin llc,Punjab,5699,Apparel,Partnership,Jalandhar,2025-01-31 00:00:00,ACTIVE,False,1228.0,True
MCH6554,vora llc,Karnataka,7011,Hotel / Lodging,Individual,Bangalore,2024-10-06 15:25:00,INACTIVE,False,3625.66,False
MCH9032,Johal-Vaidya,Maharashtra,5311,Department Store,Partnership,Mumbai,2023-06-07 06:53:00,ACTIVE,False,821.89,False
MCH2671,Mohanty-Chakrabarti,Punjab,5999,Misc Retail,Partnership,Jalandhar,2023-05-08 18:02:00,ACTIVE,False,1187.55,False
MCH2126,Golla and Sons,Telangana,5311,Department Store,Partnership,Hyderabad,2024-04-15 00:00:00,ACTIVE,False,342.0,True
MCH1391,"Kale, Shroff and Barad",West Bengal,7011,Hotel / Lodging,Individual,Kolkata,2025-10-31 06:57:00,SUSPENDED,False,2757.0,False
MCH4303,"Dhingra, Khurana and Zachariah",Maharashtra,4814,Telecom,Partnership,Mumbai,2023-08-25 03:02:00,ACTIVE,False,2476.0,False
MCH9881,Kalla-Tara,Delhi,5411,Grocery,Private Limited,Delhi,2025-04-10 00:00:00,ACTIVE,False,1174.86,False
MCH4593,dube-ravel,Telangana,7011,Hotel / Lodging,Partnership,Hyderabad,2025-08-30 00:00:00,ACTIVE,False,1285.0,False
MCH2297,Mutti and Sons,Punjab,5942,Book Store,Partnership,Ldh,2026-01-15 05:18:27,ACTIVE,False,1134.74,False
MCH9442,issac-batra,Delhi,7011,Hotel / Lodging,Partnership,Delhi,2025-08-12 00:00:00,ACTIVE,False,1049.17,False
MCH5622,"Biswas, Shetty and Nazareth",Uttar Pradesh,5912,Medical / Pharmacy,Partnership,Lucknow,2025-11-13 00:00:00,ACTIVE,False,1250.67,False
MCH2037,"Kaul, Peri and Viswanathan",West Bengal,5311,Department Store,Private Limited,Kolkata,2023-09-23 16:17:00,ACTIVE,False,1457.35,False
MCH1878,Narula Group,Delhi,7011,Hotel / Lodging,Private Limited,Delhi,2025-02-26 00:00:00,ACTIVE,False,,True
MCH6397,Tella-Lad,Uttar Pradesh,5912,Medical / Pharmacy,Private Limited,Lucknow,2025-10-10 00:00:00,ACTIVE,False,872.0,False
MCH7001,Das LLC,West Bengal,4814,Telecom,Private Limited,Kolkata,2025-09-02 00:00:00,ACTIVE,False,3255.38,False
MCH4263,Kari and Sons,West Bengal,4814,Telecom,Private Limited,Kolkata,2023-11-27 00:00:00,ACTIVE,True,616.52,False
MCH1089,RANDHAWA-BARAD,Punjab,5942,Book Store,Individual,Jalandhar,2025-06-12 00:00:00,ACTIVE,False,8714.78,False
MCH6167,"Chawla, Andra and Varty",Telangana,4814,Telecom,Partnership,Hyderabad,2023-05-08 00:00:00,ACTIVE,False,2407.62,True
MCH2279,Sarma Inc,Maharashtra,5912,Medical / Pharmacy,Private Limited,Mumbai,2024-07-29 00:00:00,ACTIVE,False,2197.82,True
MCH2107,"wali, srinivas and vyas",Tamil Nadu,5912,Medical / Pharmacy,Private Limited,Chennai,2023-08-29 00:00:00,ACTIVE,False,679.27,True
MCH8445,CHAND INC,Rajasthan,5999,Misc Retail,Partnership,Jaipur,2025-12-27 10:31:00,ACTIVE,False,2873.41,False
MCH9117,"KALE, KOHLI AND CHHABRA",Punjab,5942,Book Store,Sole Proprietor,Jalandar,,SUSPENDED,False,206.51,False
MCH7343,Dixit Ltd,Rajasthan,5912,Medical / Pharmacy,Partnership,Jaipur,,ACTIVE,False,3142.0,True
MCH6377,BalasubramanianLLC,Maharashtra,5912,Medical / Pharmacy,Individual,Mumbai,2025-12-06 00:00:00,ACTIVE,False,1259.93,True
MCH9580,"murthy, virk and lad",Punjab,,,Partnership,Ludhiana,2025-09-20 00:00:00,ACTIVE,False,1520.62,False
MCH5205,"Yogi, Minhas and Goda",Punjab,5311,Department Store,Partnership,Ludhiana,2025-06-01 00:00:00,INACTIVE,False,455.0,False
MCH5611,Walia-Lad,Uttar Pradesh,7011,Hotel / Lodging,Partnership,Lucknow,2025-07-01 06:56:00,ACTIVE,False,269.25,True
MCH9627,Randhawa Gr0up,Tamil Nadu,7011,Hotel / Lodging,Private Limited,Chennai,2023-08-31 05:51:15,ACTIVE,True,714.24,False
MCH9246,"Krishna, Wable and Kanda",Maharashtra,4814,Telecom,Sole Proprietor,Pune,2023-03-01 00:00:00,ACTIVE,False,859.77,True
MCH8036,"Sarma, Madan and Pandey",Maharashtra,5912,Medical / Pharmacy,Partnership,Mumbai,2025-07-12 21:56:39,ACTIVE,False,2055.77,False
MCH5678,Bhat-Borra,Punjab,5912,Medical / Pharmacy,Private Limited,Amritsar,2024-06-08 00:00:00,ACTIVE,False,677.93,True
MCH3607,Va1a-D0ra,Punjab,5812,Restaurant,Individual,Ldh,2024-11-09 00:00:00,ACTIVE,False,1953.09,False
MCH3232,Shroff-Bobal,West Bengal,5812,Restaurant,Partnership,Kolkata,2024-04-26 00:00:00,ACTIVE,False,613.79,False
MCH5835,"Kanda, Saraf and Prashad",Punjab,5699,Apparel,Sole Proprietor,Jalandhar,2023-03-06 00:00:00,ACTIVE,False,622.64,False
MCH5204,Gokhale Ltd,Telangana,5411,Grocery,Sole Proprietor,Hyderabad,,ACTIVE,False,955.33,True
MCH8941,mutti-sharaf,Karnataka,7011,Hotel / Lodging,Sole Proprietor,Bangalore,2025-01-26 19:23:00,ACTIVE,False,153.27,False
MCH2971,"Garg, Merchant and Kuruvilla",Punjab,5699,Apparel,Individual,Ludhiana,2024-08-28 00:00:00,ACTIVE,True,205.16,False
MCH9263,"Chatterjee, Anand and Mani",West Bengal,5999,Misc Retail,Partnership,Kolkata,2024-05-05 00:44:32,ACTIVE,False,628.47,False
MCH6524,Chaudry-Lall,Delhi,7011,Hotel / Lodging,Sole Proprietor,Delhi,2023-12-25 00:00:00,INACTIVE,False,,True
MCH6530,Yogi-D’Alia,Rajasthan,4131,Transportation,Private Limited,Jaipur,2024-06-16 00:00:00,INACTIVE,False,828.59,False
MCH3264,"Narayanan, Krishnan and Bail",Rajasthan,5411,Grocery,Sole Proprietor,Jaipur,2025-03-25 00:00:00,ACTIVE,False,3885.91,True
MCH5966,"Bala, Tandon and Keer",Uttar Pradesh,,,Individual,Lko,2023-02-06 00:00:00,ACTIVE,False,255.77,False
MCH7200,Madan PLC,Delhi,5699,Apparel,Individual,Delhi,2025-02-03 00:00:00,ACTIVE,False,190.57,True
MCH1249,"Garg, Saha and Rattan",Punjab,5999,Misc Retail,Partnership,Jalandhar,2023-08-21 00:00:00,ACTIVE,True,854.43,False
MCH8988,"Ratti, Rattan and Menon",Tamil Nadu,5942,Book Store,Private Limited,Chennai,2026-02-21 19:46:26,ACTIVE,False,1897.88,True
MCH4326,Morar-Jani,Uttar Pradesh,7011,Hotel / Lodging,Partnership,Lko,2025-12-14 00:00:00,ACTIVE,False,9768.01,False
MCH7865,Rout Inc,Telangana,,,Individual,Hyderabad,2023-11-13 13:57:04,ACTIVE,False,2187.26,True
MCH1340,"Dash, Saxena and Kara",Telangana,4131,Transportation,Private Limited,Hyderabad,2024-04-03 00:00:00,INACTIVE,False,4203.63,False
