complaint_id,txn_id,user_id,merchant_id,complaint_text,disputed_amount_clean,transaction_timestamp_clean,reported_timestamp_clean,bank_response_timestamp_clean,resolution_status_clean,severity_clean,reason_code_clean,channel_clean,report_delay_days,txn_fk_valid,user_fk_valid,merchant_fk_valid,txn_amount,merchant_category_final,txn_status,disputed_amount_imputed
CBK0002082,TXN00004325,USR97580,MCH1127,Customer says amount was debited twice.,20243.78,2026-01-28 00:00:00,2026-02-01 00:00:00,2026-02-10 03:19:10,CLOSED,CRITICAL,Service Not Delivered,IVR,4.0,True,True,False,20243.78,Telecom,SUCCESS,True
CBK0001941,TXN00003720,USR54113,MCH3835,User reports money deducted but merchant denies receiving payment.,414.69,2026-02-25 10:24:00,2026-03-05 06:24:15,2026-03-12 06:24:00,IN_PROGRESS,HIGH,Account Takeover,Call Center,7.0,True,False,True,6533.6,Grocery,SUCCESS,False
CBK0001799,TXN00012539,USR17980,MCH3700,merchant service was not delivered after payment.,7039.0,2026-02-04 00:00:00,2026-02-05 00:00:00,2026-03-06 00:00:00,OPEN,LOW,Customer Dispute,IVR,1.0,True,False,True,6388.23,Transportation,PENDING,False
CBK0002465,TXN00017802,USR76148,MCH4534,Suspicious high-value payment disputed by customer. pls check asap,1303.05,2026-03-30 00:00:00,2026-04-01 00:00:00,2026-04-07 00:00:00,REJECTED,HIGH,Service Not Delivered,IVR,2.0,True,False,True,23586.25,,SUCCESS,False
CBK0001870,TXN00015944,USR24660,MCH1686,Merchant service was not delivered after payment.,1459.42,2026-01-09 00:00:00,2026-01-14 21:01:41,2026-01-26 00:00:00,IN_PROGRESS,LOW,Service Not Delivered,App,5.0,True,False,True,3561.25,Hotel / Lodging,SUCCESS,False
CBK0002663,TXN00009741,USR40631,MCH9584,Complaint received after multiple failed attempts. urgent,548.0,2026-02-05 00:00:00,2026-02-06 00:00:00,2026-02-23 00:00:00,CLOSED,LOW,Service Not Delivered,Branch,1.0,True,False,True,243.53,Grocery,SUCCESS,False
CBK0000782,TXN00015086,USR58789,MCH6008,User says UPI PIN was not entered by them.,1949.6,2026-02-05 00:00:00,2026-02-10 00:00:00,2026-03-03 00:00:00,IN_PROGRESS,MEDIUM,Wrong Amount,Chatbot,5.0,True,True,False,2512.58,Transportation,SUCCESS,False
CBK0001838,TXN00014426,USR30157,MCH4526,Merchant service was not delivered after payment. details missing,4193.52,2026-03-26 10:17:08,2026-04-06 04:17:08,2026-04-18 00:00:00,OPEN,MEDIUM,Service Not Delivered,Chatbot,10.0,True,False,True,19236.78,Apparel,SUCCESS,False
CBK0001095,TXN00015316,USR86750,MCH5980,Customer complaint text unclear due to poor call center notes.,930.83,2026-01-12 00:00:00,2026-01-13 00:00:00,2026-01-14 00:00:00,OPEN,HIGH,Customer Dispute,Branch,1.0,True,False,True,20956.02,Transportation,SUCCESS,False
CBK0002541,TXN00002822,USR11987,MCH3992,User claims account was compromised before transaction.,5724.63,2026-03-18 10:04:06,2026-03-23 00:00:00,2026-03-30 00:00:00,OPEN,HIGH,Unauthorized Transaction,IVR,4.0,True,True,False,5724.63,,SUCCESS,True
CBK0001147,TXN00002456,USR89588,MCH2614,customer says amount was debited twice.,1805.23,2026-02-10 03:16:00,2026-02-12 00:00:00,2026-03-12 14:16:00,IN_PROGRESS,LOW,Duplicate Debit,Chatbot,1.0,True,False,False,3488.53,Medical / Pharmacy,SUCCESS,False
CBK0001137,TXN00015627,USR35882,MCH8913,Customer says amount was debited twice.,4853.7,2026-01-21 01:07:00,2026-01-21 00:00:00,2026-02-06 08:07:54,RESOLVED,MEDIUM,Customer Dispute,Chatbot,,True,False,False,15222.17,Telecom,SUCCESS,False
CBK0002213,TXN00009870,USR79046,MCH8457,Merchant service was not delivered after payment.,12334.0,2026-01-02 00:00:00,2026-02-17 00:00:00,,IN_PROGRESS,MEDIUM,Service Not Delivered,IVR,46.0,True,True,False,4372.85,Grocery,SUCCESS,False
CBK0000946,TXN00013141,USR22644,MCH9193,MERCHANT SERVICE WAS NOT DELIVERED AFTER PAYMENT.,7638.7,2026-01-26 00:00:00,2026-01-31 14:01:41,,IN_PROGRESS,CRITICAL,Suspected Fraud,Email,5.0,True,True,True,23826.63,Restaurant,SUCCESS,False
CBK0002366,TXN00012165,USR98915,MCH6399,Customer says transaction was not authorized.,8602.12,2026-02-20 00:00:00,2026-02-20 00:00:00,2026-02-23 21:48:00,IN_PROGRESS,LOW,Suspected Fraud,Call Center,0.0,True,False,False,8602.12,Grocery,PENDING,True
CBK0002026,TXN00019737,USR27262,MCH4852,Merchant service was not delivered after payment.,174.11,2026-01-13 00:00:00,2026-01-23 00:00:00,2026-02-11 19:25:13,RESOLVED,MEDIUM,Duplicate Debit,IVR,10.0,True,True,False,13217.59,Grocery,SUCCESS,False
CBK0001099,TXN00011289,USR94570,MCH4545,Payment made to unknown merchant as per customer statement.,305.0,2026-01-30 04:49:00,2026-02-04 00:00:00,2026-02-28 00:00:00,CLOSED,CRITICAL,Account Takeover,IVR,4.0,True,False,False,11014.39,Misc Retail,SUCCESS,False
CBK0001197,TXN00006253,USR19220,MCH7286,Complaint received after multiple failed attempts.,4952.0,2026-01-08 00:00:00,2026-01-10 00:00:00,2026-01-20 14:43:26,REJECTED,MEDIUM,Customer Dispute,Chatbot,2.0,True,False,False,8443.55,Medical / Pharmacy,PENDING,False
CBK0002347,TXN00010961,USR55439,MCH7581,Customer says transaction was not authorized.,1126.18,2026-02-13 00:00:00,2026-03-15 00:00:00,,REJECTED,LOW,Wrong Amount,Branch,30.0,True,True,True,7883.25,Transportation,FAILED,False
CBK0000289,TXN00005764,USR38028,MCH6758,User claims account was compromised before transaction.,513.84,2026-03-12 23:03:00,,,REJECTED,MEDIUM,Suspected Fraud,Chatbot,,True,True,True,4377.78,Transportation,SUCCESS,False
CBK0002002,TXN00010298,USR97772,MCH5269,Merchant service was not delivered after payment. urgent,534.44,2026-01-03 00:00:00,2026-01-08 00:00:00,2026-02-03 23:32:04,IN_PROGRESS,CRITICAL,Service Not Delivered,Chatbot,5.0,True,True,True,8983.18,Telecom,SUCCESS,False
CBK0000512,TXN00014054,USR27947,MCH7667,Customer says amount was debited twice.,4010.97,2026-01-21 00:00:00,2026-01-26 00:00:00,2026-01-30 00:00:00,CLOSED,LOW,Unauthorized Transaction,Chatbot,5.0,True,True,True,14721.41,Restaurant,PENDING,False
CBK0001155,TXN00010146,USR94690,MCH3957,Payment made to unknown merchant as per customer statement.,2637.93,2026-02-09 19:16:42,,2026-02-23 06:16:42,IN_PROGRESS,MEDIUM,Unauthorized Transaction,IVR,,True,True,False,19497.67,Hotel / Lodging,SUCCESS,False
CBK0001330,TXN00005940,USR67471,MCH8738,Suspicious high-value payment disputed by customer.,1360.01,2026-03-14 00:34:00,2026-03-15 12:34:00,2026-03-27 00:00:00,PENDING_BANK,MEDIUM,Duplicate Debit,Chatbot,1.0,True,False,False,7039.3,Hotel / Lodging,SUCCESS,False
CBK0000259,TXN00017504,USR24872,MCH9291,merchant service was not delivered after payment.,12647.35,2026-01-22 00:00:00,2026-01-30 09:27:00,2026-02-13 00:00:00,IN_PROGRESS,LOW,Unauthorized Transaction,Chatbot,8.0,True,True,True,1927.72,Medical / Pharmacy,SUCCESS,False
CBK0000164,TXN00010786,USR79443,MCH3729,Payment made to unknown merchant as per customer statement.,2135.0,2026-01-08 02:00:24,2026-01-18 00:00:00,2026-01-23 04:00:24,CLOSED,MEDIUM,Duplicate Debit,IVR,9.0,True,False,False,2135.0,Misc Retail,SUCCESS,True
CBK0000681,TXN00006290,USR89588,MCH9105,Merchant service was not delivered after payment.,11310.86,2026-01-28 00:00:00,2026-02-02 00:00:00,2026-02-28 00:00:00,REJECTED,LOW,Wrong Amount,IVR,5.0,True,False,False,11310.86,Grocery,SUCCESS,True
CBK0002683,TXN00004094,USR73891,MCH8154,suspicious high-value payment disputed by customer.,2519.45,2026-01-08 00:00:00,2026-01-06 00:00:00,2026-01-21 00:00:00,IN_PROGRESS,HIGH,Wrong Amount,IVR,,True,False,True,23222.2,Grocery,SUCCESS,False
CBK0002792,TXN00005061,USR22154,MCH9022,Customer says amount was debited twice.,1535.65,2026-02-28 13:16:03,2026-03-02 00:00:00,2026-03-30 00:00:00,REJECTED,HIGH,Account Takeover,Chatbot,1.0,True,True,True,23322.36,Grocery,SUCCESS,False
CBK0000594,TXN00065742,USR32980,MCH7020,suspicious high-value payment disputed by customer.,470.0,2026-02-19 00:00:00,,2026-02-24 00:00:00,CLOSED,MEDIUM,Service Not Delivered,Email,,False,False,True,,,,False
CBK0001247,TXN00003165,USR41524,MCH2342,Suspicious high-value payment disputed by customer.,2714.54,2026-01-04 00:00:00,2026-01-09 00:00:00,2026-02-03 00:00:00,RESOLVED,MEDIUM,Suspected Fraud,Call Center,5.0,True,False,False,1414.0,Medical / Pharmacy,SUCCESS,False
CBK0000566,TXN00000086,USR11727,MCH4948,User says UPI PIN was not entered by them.,411.83,2026-02-23 00:00:00,2026-02-24 02:13:00,2026-03-15 00:00:00,REJECTED,HIGH,Unauthorized Transaction,Chatbot,1.0,True,False,True,8136.33,Apparel,SUCCESS,False
CBK0002764,TXN00014418,USR71468,MCH6403,customer complaint text unclear due to poor call center notes.,1393.43,2026-03-03 00:00:00,2026-03-05 00:00:00,,PENDING_BANK,MEDIUM,Service Not Delivered,Email,2.0,True,True,True,15525.65,Grocery,SUCCESS,False
CBK0000023,TXN00001464,USR92751,MCH2757,MERCHANT SERVICE WAS NOT DELIVERED AFTER PAYMENT.,1112.83,2026-03-14 00:00:00,2026-04-13 00:00:00,2026-04-16 00:00:00,RESOLVED,MEDIUM,Service Not Delivered,IVR,30.0,True,False,True,16449.55,Grocery,SUCCESS,False
CBK0000361,TXN00012527,USR24926,MCH7438,User claims account was compromised before transaction.,2311.0,2026-02-14 00:00:00,2026-02-16 18:13:57,,CLOSED,LOW,Duplicate Debit,IVR,2.0,True,True,False,326.32,Apparel,SUCCESS,False
CBK0002544,TXN00018727,USR27888,MCH5076,merchant service was not delivered after payment.,10161.06,2026-03-20 01:26:11,2026-03-25 00:00:00,2026-04-24 20:26:11,OPEN,HIGH,Service Not Delivered,Chatbot,4.0,True,False,False,775.3,Hotel / Lodging,SUCCESS,False
CBK0000430,TXN00018881,USR47299,MCH3382,Merchant service was not delivered after payment. urgent,2108.9,2026-02-11 03:20:31,2026-02-26 00:00:00,2026-03-23 06:20:31,IN_PROGRESS,HIGH,Suspected Fraud,IVR,14.0,True,True,True,137.0,Grocery,SUCCESS,False
CBK0001264,TXN00008143,USR92737,MCH4183,Merchant service was not delivered after payment.,240.64,2026-03-22 17:21:29,2026-03-25 22:21:00,,OPEN,LOW,Unauthorized Transaction,IVR,3.0,True,True,False,16124.95,Restaurant,SUCCESS,False
CBK0001919,TXN00005826,USR72795,MCH2259,Merchant service was not delivered after payment.,1770.58,2026-01-31 00:00:00,2026-02-04 14:03:00,2026-02-08 00:00:00,REJECTED,CRITICAL,Account Takeover,IVR,4.0,True,True,False,9036.79,Hotel / Lodging,SUCCESS,False
CBK0000069,TXN00002744,USR21384,MCH4252,USER CLAIMS ACCOUNT WAS COMPROMISED BEFORE TRANSACTION.,840.07,2026-01-15 01:24:40,,2026-02-11 00:00:00,IN_PROGRESS,CRITICAL,Service Not Delivered,Email,,True,False,False,3528.67,Transportation,SUCCESS,False
CBK0001760,TXN00017025,USR79110,MCH1320,user says upi pin was not entered by them.,19735.18,,2026-03-24 23:17:18,,RESOLVED,LOW,Suspected Fraud,IVR,,True,False,True,19735.18,Hotel / Lodging,SUCCESS,True
CBK0002232,TXN00009269,USR99886,MCH1941,Payment made to unknown merchant as per customer statement.,385.53,2026-01-26 19:24:45,2026-01-29 17:24:45,,CLOSED,MEDIUM,Service Not Delivered,Chatbot,2.0,True,True,True,3658.96,Grocery,SUCCESS,False
CBK0002798,TXN00066039,USR24087,MCH6965,User reports money deducted but merchant denies receiving payment.,1372.0,2026-01-14 00:00:00,2026-01-22 06:27:51,2026-02-09 00:00:00,RESOLVED,LOW,Service Not Delivered,Chatbot,8.0,False,False,True,,,,False
CBK0000080,TXN00007630,USR70905,MCH7833,user claims account was compromised before transaction.,963.14,2026-01-11 19:35:00,2026-01-12 06:35:00,2026-01-24 00:00:00,IN_PROGRESS,LOW,Duplicate Debit,Branch,0.0,True,False,True,18769.22,Grocery,SUCCESS,False
CBK0000789,TXN00006632,USR56899,MCH7296,Merchant service was not delivered after payment.,4124.85,2026-03-28 00:00:00,2026-04-03 00:00:00,,IN_PROGRESS,LOW,Suspected Fraud,Email,6.0,True,False,False,3468.56,,SUCCESS,False
CBK0002564,TXN00013473,USR78994,MCH2383,Customer says amount was debited twice.,2485.28,2026-02-16 02:17:00,2026-02-26 00:00:00,2026-03-04 00:00:00,PENDING_BANK,MEDIUM,Customer Dispute,Chatbot,9.0,True,True,True,6271.11,Misc Retail,PENDING,False
CBK0000359,TXN00014970,USR35935,MCH3100,user reports money deducted but merchant denies receiving payment.,3336.7,,2026-02-20 00:00:00,2026-03-12 18:19:47,IN_PROGRESS,MEDIUM,Account Takeover,Chatbot,,True,False,False,15075.09,Transportation,FAILED,False
CBK0002003,TXN00015085,USR71636,MCH4256,suspicious high-value payment disputed by customer.,956.46,2026-01-16 00:00:00,2026-01-18 06:11:00,2026-02-09 00:00:00,IN_PROGRESS,MEDIUM,Service Not Delivered,App,2.0,True,True,False,6131.03,Transportation,SUCCESS,False
CBK0002463,TXN00014364,USR87498,MCH4089,Customer says amount was debited twice.,2489.04,2026-01-19 00:00:00,2026-01-21 17:18:16,2026-02-11 00:00:00,RESOLVED,LOW,Suspected Fraud,Chatbot,2.0,True,False,True,21416.0,Grocery,SUCCESS,False
CBK0001171,TXN00006955,USR26685,MCH3901,payment made to unknown merchant as per customer statement.,1336.86,,2026-02-16 16:57:27,2026-02-19 00:00:00,OPEN,LOW,Account Takeover,Chatbot,,True,False,False,20486.76,Medical / Pharmacy,SUCCESS,False
CBK0002716,TXN00003119,USR34955,MCH8691,Payment made to unknown merchant as per customer statement.,1198.29,,2026-02-24 21:58:58,,CLOSED,LOW,Suspected Fraud,Email,,True,False,False,6216.92,Medical / Pharmacy,SUCCESS,False
CBK0001839,TXN00004638,USR67862,MCH8953,User reports money deducted but merchant denies receiving payment.,1651.94,2026-02-12 09:49:00,2026-02-12 11:49:00,2026-02-17 00:00:00,IN_PROGRESS,HIGH,Wrong Amount,Email,0.0,True,False,True,16561.22,Medical / Pharmacy,SUCCESS,False
CBK0002314,TXN00014145,USR21162,MCH2383,Complaint received after multiple failed attempts.,3888.0,2026-03-09 00:00:00,2026-03-10 21:03:16,2026-04-07 00:00:00,CLOSED,LOW,Suspected Fraud,IVR,1.0,True,False,True,12788.0,Medical / Pharmacy,SUCCESS,False
CBK0000406,TXN00007974,USR33394,MCH3064,user claims account was compromised before transaction.,4101.89,,2026-03-11 00:00:00,2026-03-20 06:27:39,OPEN,LOW,Wrong Amount,IVR,,True,False,False,22647.18,Hotel / Lodging,FAILED,False
CBK0002718,TXN00013934,USR84084,MCH7370,User claims account was compromised before transaction.,7727.87,2026-02-20 00:00:00,2026-03-22 23:15:17,2026-04-04 00:00:00,OPEN,LOW,Account Takeover,IVR,30.0,True,False,True,24508.25,Hotel / Lodging,SUCCESS,False
CBK0002400,TXN00015733,USR87357,MCH9878,customer complaint text unclear due to poor call center notes.,2313.86,2026-01-22 00:00:00,2026-01-25 00:00:00,2026-02-22 00:00:00,CLOSED,MEDIUM,Unauthorized Transaction,IVR,3.0,True,False,False,23068.15,Restaurant,SUCCESS,False
CBK0002758,,USR60667,MCH2383,payment made to unknown merchant as per customer statement.,1225.29,2026-03-23 06:19:08,2026-03-25 00:00:00,2026-04-13 00:00:00,IN_PROGRESS,MEDIUM,Suspected Fraud,Branch,1.0,False,True,True,,,,False
CBK0002250,TXN00008645,USR60783,MCH8613,PAYMENT MADE TO UNKNOWN MERCHANT AS PER CUSTOMER STATEMENT.,5443.5,2026-01-12 12:57:11,2026-01-19 00:00:00,,CLOSED,HIGH,Unauthorized Transaction,Call Center,6.0,True,False,True,13409.45,Transportation,SUCCESS,False
CBK0000661,TXN00012553,USR87727,MCH8876,User claims account was compromised before transaction.,901.62,2026-01-21 17:03:00,2026-01-23 00:00:00,2026-02-15 06:03:00,RESOLVED,LOW,Service Not Delivered,IVR,1.0,True,False,True,7242.0,Restaurant,SUCCESS,False
CBK0001020,TXN00084758,USR36590,MCH1368,User says UPI PIN was not entered by them.,,2026-02-23 00:00:00,2026-02-26 00:00:00,2026-03-15 00:00:00,OPEN,HIGH,Service Not Delivered,IVR,3.0,False,False,False,,,,True
CBK0002104,TXN00006293,USR48479,MCH8779,Complaint received after multiple failed attempts.,2214.27,2026-01-08 00:00:00,2026-01-19 00:00:00,,REJECTED,LOW,Duplicate Debit,Branch,11.0,True,False,True,23793.04,Grocery,SUCCESS,False
CBK0002572,TXN00002760,USR49176,MCH2925,User says UPI PIN was not entered by them.,1345.79,2026-01-15 14:26:16,2026-01-30 00:00:00,2026-02-09 00:00:00,RESOLVED,LOW,Unauthorized Transaction,IVR,14.0,True,True,False,1564.0,Restaurant,SUCCESS,False
CBK0000929,TXN00014710,USR38547,MCH5541,Merchant service was not delivered after payment.,3089.13,2026-01-23 13:11:04,2026-02-03 12:11:04,2026-02-04 12:11:00,OPEN,MEDIUM,Unauthorized Transaction,IVR,10.0,True,True,True,1410.17,Grocery,SUCCESS,False
CBK0002608,TXN00012654,USR13367,MCH8076,User claims account was compromised before transaction.,326.32,2026-03-29 04:01:37,,2026-04-24 19:01:00,RESOLVED,LOW,Account Takeover,App,,True,False,True,11381.74,Hotel / Lodging,SUCCESS,False
CBK0002430,TXN00019681,USR37650,MCH5655,Customer says amount was debited twice.,9661.7,2026-01-29 00:00:00,2026-02-04 00:00:00,2026-02-15 00:00:00,RESOLVED,HIGH,Service Not Delivered,IVR,6.0,True,True,False,21121.95,Book Store,SUCCESS,False
CBK0002156,TXN00013206,USR11987,MCH6665,Complaint received after multiple failed attempts.,26477.69,2026-01-24 09:52:00,2026-01-25 04:52:00,,IN_PROGRESS,HIGH,Customer Dispute,Email,0.0,True,True,True,22912.54,Restaurant,SUCCESS,False
CBK0000366,TXN00002078,USR73403,MCH5076,Customer says transaction was not authorized.,6907.46,2026-03-02 18:29:32,2026-03-04 00:00:00,,CLOSED,LOW,Wrong Amount,Call Center,1.0,True,False,False,11286.47,Grocery,SUCCESS,False
CBK0000432,TXN00094213,USR96958,MCH7286,User reports money deducted but merchant denies receiving payment.,1411.26,2026-01-29 00:00:00,2026-02-01 00:00:00,2026-02-02 00:00:00,RESOLVED,HIGH,Unauthorized Transaction,Email,3.0,False,False,False,,,,False
CBK0001972,TXN00001376,USR12133,MCH6555,Merchant service was not delivered after payment.,1261.15,2026-02-01 02:24:08,2026-02-06 04:24:08,,CLOSED,MEDIUM,Service Not Delivered,Chatbot,5.0,True,False,True,21770.0,Restaurant,SUCCESS,False
CBK0001250,TXN00015587,USR11697,MCH8741,Complaint received after multiple failed attempts.,11364.57,2026-02-02 00:00:00,2026-02-05 00:00:00,,PENDING_BANK,LOW,Service Not Delivered,App,3.0,True,False,True,5205.12,Restaurant,SUCCESS,False
CBK0001283,TXN00002013,USR31545,MCH5974,Suspicious high-value payment disputed by customer.,439.0,,2026-03-04 02:59:29,2026-03-28 00:00:00,REJECTED,MEDIUM,Unauthorized Transaction,Call Center,,True,False,True,22661.87,Restaurant,SUCCESS,False
CBK0000973,TXN00016040,USR25345,MCH3851,Complaint received after multiple failed attempts.,3127.0,2026-02-04 00:00:00,2026-02-06 00:00:00,2026-03-07 00:00:00,PENDING_BANK,LOW,Unauthorized Transaction,IVR,2.0,True,False,False,9770.15,Hotel / Lodging,FAILED,False
CBK0000578,TXN00006468,USR71457,MCH6810,Suspicious high-value payment disputed by customer.,7884.04,2026-01-09 11:52:43,2026-01-11 20:52:43,2026-01-13 00:00:00,IN_PROGRESS,LOW,Unauthorized Transaction,IVR,2.0,True,True,False,1773.05,Grocery,PENDING,False
CBK0001696,TXN00019601,USR19556,MCH5844,Suspicious high-value payment disputed by customer.,9956.85,2026-03-08 00:00:00,2026-03-09 13:14:00,2026-04-03 00:00:00,CLOSED,HIGH,Account Takeover,Chatbot,1.0,True,False,False,5120.0,Transportation,SUCCESS,False
CBK0002333,TXN00002832,USR10042,MCH1611,Merchant service was not delivered after payment.,8214.17,2026-03-02 13:26:00,2026-03-05 00:00:00,2026-04-04 00:00:00,REJECTED,MEDIUM,Account Takeover,IVR,2.0,True,False,True,16564.23,Department Store,SUCCESS,False
CBK0001122,TXN00015275,USR61052,MCH8979,Complaint received after multiple failed attempts.,320.53,2026-03-07 00:00:00,2026-03-13 16:27:48,2026-04-11 16:27:48,REJECTED,MEDIUM,Service Not Delivered,IVR,6.0,True,False,False,9385.66,Restaurant,SUCCESS,False
CBK0000959,TXN00011129,USR50320,MCH6319,User reports money deducted but merchant denies receiving payment.,4888.42,2026-02-07 00:00:00,2026-03-09 11:52:00,,CLOSED,MEDIUM,Unauthorized Transaction,Email,30.0,True,False,False,11204.08,Grocery,SUCCESS,False
CBK0001968,,USR46599,MCH1320,Customer says amount was debited twice.,2799.09,2026-03-21 00:00:00,2026-03-23 00:00:00,2026-04-13 03:36:00,PENDING_BANK,MEDIUM,Customer Dispute,Email,2.0,False,False,True,,,,False
CBK0001828,TXN00016623,USR59679,MCH8755,Customer says amount was debited twice. pls check asap,818.66,2026-01-05 00:00:00,2026-01-15 08:21:37,2026-02-03 08:21:37,PENDING_BANK,HIGH,Account Takeover,Branch,10.0,True,False,True,10583.72,Department Store,SUCCESS,False
CBK0001654,TXN00012039,USR76792,MCH6492,User reports money deducted but merchant denies receiving payment.,966.0,2026-02-05 00:00:00,2026-02-07 05:28:28,2026-02-22 05:28:00,IN_PROGRESS,HIGH,Wrong Amount,Call Center,2.0,True,False,True,13934.9,Grocery,SUCCESS,False
CBK0002440,TXN00014010,USR71922,MCH6703,complaint received after multiple failed attempts.,1883.55,2026-01-31 08:39:15,2026-02-01 08:39:00,,IN_PROGRESS,HIGH,Unauthorized Transaction,IVR,0.0,True,True,False,24540.45,Medical / Pharmacy,SUCCESS,False
CBK0001278,TXN00008385,USR17657,MCH3542,PAYMENT MADE TO UNKNOWN MERCHANT AS PER CUSTOMER STATEMENT.,1944.27,2026-02-20 00:00:00,2026-04-06 00:00:00,,RESOLVED,LOW,Customer Dispute,Chatbot,45.0,True,False,False,6455.91,Telecom,SUCCESS,False
CBK0002370,TXN00001816,USR24664,MCH3992,Payment made to unknown merchant as per customer statement.,6501.45,2026-03-25 00:00:00,2026-03-26 19:41:41,2026-04-13 00:00:00,PENDING_BANK,LOW,Duplicate Debit,Call Center,1.0,True,False,False,24196.82,Medical / Pharmacy,SUCCESS,False
CBK0001105,TXN00019695,USR34180,MCH6310,User reports money deducted but merchant denies receiving payment.,1782.96,2026-03-04 00:00:00,,,OPEN,MEDIUM,Duplicate Debit,Chatbot,,True,False,False,17962.97,Transportation,SUCCESS,False
CBK0000180,TXN00019503,USR70812,MCH3936,user claims account was compromised before transaction.,1537.27,2026-01-18 00:00:00,2026-01-22 00:00:00,2026-02-02 00:00:00,IN_PROGRESS,LOW,Service Not Delivered,Branch,4.0,True,True,True,15791.16,Medical / Pharmacy,SUCCESS,False
CBK0000369,TXN00008758,USR86274,MCH3418,User says UPI PIN was not entered by them.,11352.0,2026-03-18 04:15:38,2026-03-20 15:15:38,,IN_PROGRESS,MEDIUM,Unauthorized Transaction,IVR,2.0,True,False,True,8195.88,Transportation,SUCCESS,False
CBK0002303,TXN00016593,USR96415,MCH1320,Customer complaint text unclear due to poor call center notes.,6511.97,2026-01-11 00:00:00,2026-01-13 00:00:00,2026-01-22 01:23:48,RESOLVED,MEDIUM,Unauthorized Transaction,IVR,2.0,True,True,True,16331.74,Telecom,SUCCESS,False
CBK0001525,TXN00004103,USR18453,MCH7793,User claims account was compromised before transaction.,4864.83,,2026-01-28 00:00:00,2026-02-01 00:00:00,CLOSED,MEDIUM,Account Takeover,Email,,True,False,False,13708.15,Grocery,SUCCESS,False
CBK0000316,TXN00016400,USR40842,MCH3815,COMPLAINT RECEIVED AFTER MULTIPLE FAILED ATTEMPTS.,1616.81,2026-03-18 00:00:00,2026-04-18 00:00:00,2026-05-03 00:00:00,RESOLVED,MEDIUM,Wrong Amount,Chatbot,31.0,True,False,False,23774.69,Department Store,SUCCESS,False
CBK0001238,TXN00006193,USR35817,MCH7061,Customer says amount was debited twice.,26207.56,2026-03-12 00:00:00,2026-03-13 00:00:00,2026-04-10 00:00:00,IN_PROGRESS,LOW,Suspected Fraud,App,1.0,True,True,True,19571.0,Telecom,FAILED,False
CBK0002585,TXN00018187,USR23937,MCH4560,Customer complaint text unclear due to poor call center notes.,1651.6,2026-03-24 00:00:00,2026-03-27 00:00:00,2026-04-14 14:38:55,RESOLVED,MEDIUM,Account Takeover,Chatbot,3.0,True,True,True,1651.6,Apparel,SUCCESS,True
CBK0001427,TXN00019824,USR76289,MCH5563,Suspicious high-value payment disputed by customer.,755.08,2026-01-06 00:00:00,2026-02-05 00:00:00,2026-03-03 08:07:00,REJECTED,CRITICAL,Service Not Delivered,Email,30.0,True,True,True,12765.01,Transportation,SUCCESS,False
CBK0002514,TXN00001801,USR99493,MCH3992,Customer says transaction was not authorized.,4455.8,2026-03-12 14:53:38,,2026-03-19 00:00:00,PENDING_BANK,LOW,Service Not Delivered,Branch,,True,False,False,23912.97,Medical / Pharmacy,SUCCESS,False
CBK0001680,TXN00009645,USR11085,MCH7073,Complaint received after multiple failed attempts.,3937.19,2026-01-31 16:31:00,2026-02-02 00:00:00,,OPEN,MEDIUM,Service Not Delivered,Chatbot,1.0,True,False,False,9415.92,Transportation,SUCCESS,False
CBK0002041,TXN00015934,USR69637,MCH2240,Customer complaint text unclear due to poor call center notes.,1508.23,,2026-03-24 00:00:00,2026-04-17 00:00:00,CLOSED,HIGH,Customer Dispute,Chatbot,,True,True,True,648.43,Grocery,SUCCESS,False
CBK0002780,TXN00040959,USR75376,MCH4293,User says UPI PIN was not entered by them.,823.15,2026-02-26 00:00:00,2026-03-13 00:00:00,,IN_PROGRESS,HIGH,Service Not Delivered,Chatbot,15.0,False,False,False,,,,False
CBK0000294,TXN00019876,USR55690,MCH6739,CUSTOMER COMPLAINT TEXT UNCLEAR DUE TO POOR CALL CENTER NOTES.,2134.32,,,2026-03-20 23:37:00,PENDING_BANK,LOW,Duplicate Debit,IVR,,True,False,False,4323.96,,PENDING,False
CBK0002617,TXN00016671,USR60544,MCH7838,User claims account was compromised before transaction.,1587.1,2026-02-09 00:00:00,2026-02-24 00:00:00,2026-03-17 23:17:16,REJECTED,LOW,Customer Dispute,Call Center,15.0,True,False,True,14688.72,Grocery,SUCCESS,False
CBK0001175,TXN00061071,USR22543,MCH3116,customer says amount was debited twice.,,2026-02-04 15:43:17,2026-02-10 00:00:00,2026-02-22 11:43:00,IN_PROGRESS,CRITICAL,Customer Dispute,Chatbot,5.0,False,False,False,,,,True
CBK0001087,TXN00014733,USR20889,MCH5264,Suspicious high-value payment disputed by customer.,1558.23,2026-02-06 00:00:00,2026-02-06 00:00:00,,IN_PROGRESS,HIGH,Service Not Delivered,Call Center,0.0,True,False,False,4022.34,Medical / Pharmacy,SUCCESS,False
CBK0002077,TXN00005419,USR55970,MCH9128,Payment made to unknown merchant as per customer statement.,8383.0,2026-01-22 00:00:00,2026-01-30 00:00:00,2026-02-25 00:00:00,REJECTED,LOW,Suspected Fraud,Call Center,8.0,True,False,True,12280.58,Apparel,SUCCESS,False
CBK0001820,TXN00007866,USR51854,MCH1450,complaint received after multiple failed attempts.,2477.45,2026-02-21 00:00:00,2026-02-22 00:00:00,2026-03-23 19:57:00,REJECTED,LOW,Wrong Amount,Email,1.0,True,False,True,24328.89,Telecom,SUCCESS,False
CBK0001018,TXN00018348,USR13510,MCH1320,Complaint received after multiple failed attempts.,1207.49,2026-01-28 00:00:00,2026-02-13 05:26:28,2026-02-17 00:00:00,RESOLVED,LOW,Unauthorized Transaction,App,16.0,True,False,True,19466.76,Hotel / Lodging,SUCCESS,False
CBK0001949,TXN00000319,USR60096,MCH4998,Customer says amount was debited twice.,2189.0,2026-02-19 00:00:00,2026-02-24 00:00:00,2026-03-21 00:00:00,PENDING_BANK,MEDIUM,Customer Dispute,Email,5.0,True,True,True,3919.36,Telecom,SUCCESS,False
CBK0000860,TXN00007296,USR97580,MCH3701,Suspicious high-value payment disputed by customer.,1425.61,2026-02-04 00:00:00,,,PENDING_BANK,MEDIUM,Service Not Delivered,Chatbot,,True,True,True,24456.85,Grocery,SUCCESS,False
CBK0000879,TXN00018041,USR59366,MCH6145,Customer complaint text unclear due to poor call center notes.,479.19,2026-03-14 00:00:00,2026-03-24 00:00:00,2026-03-25 00:00:00,PENDING_BANK,LOW,Suspected Fraud,IVR,10.0,True,False,False,13682.41,Restaurant,FAILED,False
CBK0001383,TXN00005315,USR50648,MCH2822,User reports money deducted but merchant denies receiving payment.,819.89,2026-03-06 00:00:00,2026-03-12 00:00:00,2026-03-27 05:23:46,OPEN,LOW,Customer Dispute,Chatbot,6.0,True,False,False,12728.89,,SUCCESS,False
CBK0001532,,USR52450,MCH6244,User reports money deducted but merchant denies receiving payment.,3174.58,,2026-03-12 00:00:00,2026-03-30 00:00:00,REJECTED,LOW,Customer Dispute,IVR,,False,False,True,,,,False
CBK0000448,TXN00013063,USR62513,MCH8391,Suspicious high-value payment disputed by customer.,395.16,2026-02-14 00:00:00,,2026-02-17 10:59:00,REJECTED,MEDIUM,Service Not Delivered,Email,,True,False,True,4866.22,Department Store,SUCCESS,False
CBK0002336,TXN00014456,USR56287,MCH4473,Merchant service was not delivered after payment.,4534.17,,2026-01-10 09:07:37,2026-02-05 00:00:00,PENDING_BANK,LOW,Service Not Delivered,Email,,True,False,False,9295.61,Grocery,SUCCESS,False
CBK0001121,TXN00005396,USR14769,MCH8455,Customer says transaction was not authorized.,2926.18,2026-01-23 08:19:00,,,OPEN,MEDIUM,Suspected Fraud,Email,,True,False,True,9307.37,Medical / Pharmacy,SUCCESS,False
CBK0001266,TXN00017098,USR19427,MCH5980,Complaint received after multiple failed attempts.,1358.37,2026-01-30 00:00:00,2026-02-02 14:20:47,2026-02-03 00:00:00,REJECTED,MEDIUM,Duplicate Debit,Chatbot,3.0,True,False,True,5790.89,Transportation,SUCCESS,False
CBK0001732,TXN00007456,USR17657,MCH3806,User claims account was compromised before transaction.,2655.0,2026-03-17 00:00:00,2026-03-17 00:00:00,,CLOSED,CRITICAL,Suspected Fraud,Branch,0.0,True,False,True,24972.63,Hotel / Lodging,SUCCESS,False
CBK0000575,TXN00009966,USR40897,MCH9575,merchant service was not delivered after payment.,606.33,2026-02-23 00:00:00,2026-02-23 00:00:00,,REJECTED,CRITICAL,Service Not Delivered,Email,0.0,True,False,False,14140.75,Medical / Pharmacy,SUCCESS,False
CBK0002268,TXN00008063,USR89588,MCH1457,User says UPI PIN was not entered by them.,2296.42,2026-03-08 00:00:00,2026-03-19 00:00:00,2026-03-28 00:00:00,OPEN,HIGH,Customer Dispute,Branch,11.0,True,False,True,23716.87,Restaurant,SUCCESS,False
CBK0001126,TXN00007982,USR35882,MCH4473,Merchant service was not delivered after payment.,3415.3,2026-03-28 21:42:00,,,CLOSED,HIGH,Unauthorized Transaction,Email,,True,False,False,5283.06,Transportation,SUCCESS,False
CBK0002517,TXN00011567,USR30157,MCH1130,Customer says transaction was not authorized. urgent,7727.83,2026-01-26 00:00:00,2026-01-26 22:31:00,2026-01-30 22:31:46,CLOSED,MEDIUM,Customer Dispute,Call Center,0.0,True,False,True,108.19,Medical / Pharmacy,SUCCESS,False
CBK0001815,TXN00017040,USR53591,MCH4590,Payment made to unknown merchant as per customer statement.,2935.06,2026-03-11 16:43:08,,2026-04-05 00:00:00,IN_PROGRESS,MEDIUM,Service Not Delivered,IVR,,True,True,False,14698.0,Medical / Pharmacy,FAILED,False
CBK0000752,TXN00012584,USR47668,MCH3678,COMPLAINT RECEIVED AFTER MULTIPLE FAILED ATTEMPTS.,397.91,2026-01-17 00:00:00,2026-02-16 00:00:00,,CLOSED,LOW,Customer Dispute,App,30.0,True,True,True,20562.33,Transportation,SUCCESS,False
CBK0000688,TXN00018235,USR63160,MCH6399,User says UPI PIN was not entered by them.,5681.16,2026-02-17 08:49:47,2026-02-19 00:00:00,2026-03-18 00:00:00,REJECTED,HIGH,Customer Dispute,App,1.0,True,False,False,2626.58,Medical / Pharmacy,SUCCESS,False
CBK0001827,TXN00003656,USR60742,MCH3472,complaint received after multiple failed attempts.,1011.36,2026-03-26 00:00:00,2026-04-11 00:00:00,,REJECTED,LOW,Customer Dispute,Branch,16.0,True,False,False,5119.0,Restaurant,SUCCESS,False
CBK0001798,TXN00017706,USR24802,MCH9650,User says UPI PIN was not entered by them.,1159.44,2026-01-22 20:39:26,2026-01-24 00:00:00,2026-02-18 20:39:00,CLOSED,LOW,Account Takeover,Branch,1.0,True,False,False,24309.41,Hotel / Lodging,SUCCESS,False
CBK0001588,TXN00006200,USR71373,MCH4370,Customer says transaction was not authorized.,5233.09,2026-01-25 00:00:00,2026-01-28 00:00:00,,IN_PROGRESS,HIGH,Service Not Delivered,Email,3.0,True,False,True,1822.33,Telecom,SUCCESS,False
CBK0001960,TXN00008459,USR48339,MCH3765,Customer complaint text unclear due to poor call center notes.,3145.24,2026-01-07 05:57:00,2026-01-12 00:00:00,2026-02-09 00:00:00,IN_PROGRESS,MEDIUM,Account Takeover,Call Center,4.0,True,False,True,23920.8,,SUCCESS,False
CBK0000227,TXN00013273,USR34180,MCH1485,User claims account was compromised before transaction.,465.76,2026-02-07 00:00:00,2026-02-09 08:37:14,,PENDING_BANK,HIGH,Account Takeover,Email,2.0,True,False,False,4319.57,Transportation,SUCCESS,False
CBK0001487,TXN00015922,USR41135,MCH5982,Complaint received after multiple failed attempts.,759.33,2026-02-23 00:00:00,2026-02-25 00:00:00,2026-03-16 00:00:00,IN_PROGRESS,HIGH,Customer Dispute,IVR,2.0,True,True,False,23204.02,Medical / Pharmacy,SUCCESS,False
CBK0002403,TXN00000926,USR32749,MCH6945,SUSPICIOUS HIGH-VALUE PAYMENT DISPUTED BY CUSTOMER.,486.0,2026-03-17 00:00:00,2026-03-19 13:26:00,2026-04-17 13:26:01,IN_PROGRESS,MEDIUM,Service Not Delivered,Chatbot,2.0,True,False,True,571.51,Hotel / Lodging,FAILED,False
CBK0001606,TXN00006400,USR91446,MCH8696,Suspicious high-value payment disputed by customer. call dropped,3582.55,2026-01-29 00:00:00,2026-02-01 00:00:00,2026-02-13 00:00:00,IN_PROGRESS,HIGH,Unauthorized Transaction,Email,3.0,True,True,False,21425.18,Book Store,SUCCESS,False
CBK0002158,TXN00015104,USR76750,MCH6228,User claims account was compromised before transaction.,2517.56,2026-01-19 00:00:00,2026-01-25 00:00:00,2026-01-30 00:00:00,REJECTED,LOW,Customer Dispute,Branch,6.0,True,False,True,14017.11,Grocery,SUCCESS,False
CBK0000247,TXN00019340,USR75302,MCH7286,Customer says transaction was not authorized.,1486.0,2026-01-04 20:29:59,2026-01-04 00:00:00,2026-01-18 00:00:00,RESOLVED,HIGH,Service Not Delivered,Call Center,,True,True,False,12112.0,Transportation,SUCCESS,False
CBK0002588,TXN00008732,USR22039,MCH2374,User says UPI PIN was not entered by them.,3491.72,2026-03-22 00:00:00,2026-04-01 00:00:00,,CLOSED,HIGH,Duplicate Debit,Chatbot,10.0,True,False,False,18585.89,Medical / Pharmacy,SUCCESS,False
CBK0001636,TXN00012003,USR66224,MCH3992,SUSPICIOUS HIGH-VALUE PAYMENT DISPUTED BY CUSTOMER.,1641.33,2026-02-20 00:00:00,2026-02-27 00:00:00,,IN_PROGRESS,MEDIUM,Wrong Amount,App,7.0,True,False,False,6065.82,Grocery,SUCCESS,False
CBK0001542,TXN00007849,USR68559,MCH4064,Complaint received after multiple failed attempts.,1413.0,2026-01-21 03:43:00,2026-01-23 03:43:00,2026-02-15 03:43:00,PENDING_BANK,MEDIUM,Service Not Delivered,Branch,2.0,True,True,True,2970.36,Hotel / Lodging,SUCCESS,False
CBK0000088,TXN00002716,USR62830,MCH4381,merchant service was not delivered after payment.,8825.16,2026-01-22 00:00:00,2026-01-25 00:00:00,2026-02-15 00:00:00,REJECTED,MEDIUM,Wrong Amount,Call Center,3.0,True,True,False,7502.02,Transportation,SUCCESS,False
CBK0002664,TXN00008946,USR84093,MCH1298,Suspicious high-value payment disputed by customer. details missing,815.57,2026-01-06 13:57:53,2026-01-09 07:57:53,2026-02-08 07:57:00,REJECTED,MEDIUM,Unauthorized Transaction,IVR,2.0,True,True,True,21600.0,Medical / Pharmacy,SUCCESS,False
CBK0001415,TXN00018932,USR90778,MCH1764,complaint received after multiple failed attempts.,1825.0,2026-03-29 04:23:47,2026-03-31 10:23:00,2026-04-15 10:23:47,OPEN,HIGH,Service Not Delivered,IVR,2.0,True,False,True,23046.64,Medical / Pharmacy,FAILED,False
CBK0000390,TXN00006356,USR12919,MCH6810,User says UPI PIN was not entered by them.,344.33,2026-03-23 00:00:00,2026-05-07 00:00:00,2026-06-03 00:00:00,RESOLVED,LOW,Customer Dispute,Call Center,45.0,True,False,False,24210.79,Grocery,SUCCESS,False
CBK0000693,TXN00018137,USR29306,MCH7744,Customer says txn was not authorized.,7022.75,2026-02-15 00:00:00,2026-02-18 00:00:00,2026-02-18 00:00:00,IN_PROGRESS,MEDIUM,Wrong Amount,IVR,3.0,True,False,True,21858.06,Hotel / Lodging,SUCCESS,False
CBK0002485,TXN00010063,USR21384,MCH6470,complaint received after multiple failed attempts.,1603.64,2026-03-03 00:00:00,2026-03-05 00:00:00,,IN_PROGRESS,MEDIUM,Service Not Delivered,Branch,2.0,True,False,False,14584.0,Transportation,SUCCESS,False
CBK0002258,TXN00014019,USR41320,MCH3992,User claims account was compromised before transaction.,1550.0,2026-03-09 00:00:00,2026-03-11 00:00:00,2026-03-31 00:00:00,RESOLVED,LOW,Account Takeover,Email,2.0,True,True,False,24135.06,Medical / Pharmacy,FAILED,False
CBK0002045,TXN00002711,USR57231,MCH4181,Customer complaint text unclear due to poor call center notes.,3969.0,2026-01-23 00:00:00,2026-01-31 00:00:00,2026-02-12 00:00:00,CLOSED,LOW,Service Not Delivered,Chatbot,8.0,True,True,False,19330.82,Grocery,SUCCESS,False
CBK0000122,TXN00015011,USR79150,MCH7474,User reports money deducted but merchant denies receiving payment.,1339.61,2026-02-25 00:00:00,2026-03-07 00:00:00,2026-03-18 00:00:00,IN_PROGRESS,LOW,Unauthorized Transaction,Email,10.0,True,False,False,1698.2,Transportation,SUCCESS,False
CBK0002239,TXN00004673,USR82373,MCH4473,Customer says amount was debited twice.,1272.25,2026-02-13 09:50:18,2026-02-19 00:00:00,2026-02-26 04:50:18,RESOLVED,LOW,Customer Dispute,Chatbot,5.0,True,True,False,18137.04,Apparel,SUCCESS,False
CBK0001382,,USR57424,MCH4684,Customer complaint text unclear due to poor call center notes.,678.56,2026-01-02 00:00:00,2026-01-03 00:00:00,2026-02-01 00:00:00,PENDING_BANK,LOW,Unauthorized Transaction,IVR,1.0,False,False,False,,,,False
CBK0002315,TXN00012331,USR91192,MCH2718,Customer complaint text unclear due to poor call center notes.,1246.25,,2026-02-14 00:00:00,,PENDING_BANK,MEDIUM,Suspected Fraud,Branch,,True,True,True,15328.3,Medical / Pharmacy,FAILED,False
CBK0001978,TXN00012089,USR83284,MCH4334,User reports money deducted but merchant denies receiving payment.,1931.29,2026-03-31 04:45:00,2026-04-04 00:00:00,2026-04-28 00:00:00,OPEN,LOW,Unauthorized Transaction,IVR,3.0,True,False,True,15307.62,Apparel,SUCCESS,False
CBK0001151,TXN00002195,USR98362,MCH1468,Complaint received after multiple failed attempts.,4960.35,2026-03-30 22:38:33,2026-04-05 01:38:00,,REJECTED,LOW,Unauthorized Transaction,App,5.0,True,False,False,2783.63,Medical / Pharmacy,SUCCESS,False
CBK0000424,TXN00095161,USR40061,MCH1589,Payment made to unknown merchant as per customer statement.,4157.35,2026-03-22 09:02:49,2026-03-24 00:00:00,2026-04-20 00:00:00,OPEN,LOW,Wrong Amount,IVR,1.0,False,True,False,,,,False
CBK0002543,TXN00001628,USR11727,MCH7286,Payment made to unknown merchant as per customer statement.,13400.33,2026-02-09 00:00:00,,2026-02-20 00:00:00,PENDING_BANK,MEDIUM,Wrong Amount,IVR,,True,False,False,13400.33,Book Store,FAILED,True
CBK0000371,TXN00002374,USR58639,MCH5954,Customer complaint text unclear due to poor call center notes.,1428.93,2026-03-31 00:00:00,2026-04-03 04:13:08,,RESOLVED,HIGH,Unauthorized Transaction,App,3.0,True,False,True,10754.0,Transportation,FAILED,False
CBK0001586,TXN00001182,USR80241,MCH7734,User says UPI PIN was not entered by them. pls check asap,261.51,2026-03-30 00:00:00,2026-04-04 00:00:00,,PENDING_BANK,MEDIUM,Service Not Delivered,Branch,5.0,True,True,False,8553.39,Hotel / Lodging,SUCCESS,False
CBK0002553,TXN00012590,USR41260,MCH4089,COMPLAINT RECEIVED AFTER MULTIPLE FAILED ATTEMPTS.,8645.0,2026-03-16 00:00:00,2026-03-31 00:00:00,2026-04-17 00:00:00,CLOSED,CRITICAL,Customer Dispute,IVR,15.0,True,False,True,17923.76,Hotel / Lodging,SUCCESS,False
CBK0002432,TXN00013381,USR11036,MCH9344,User claims account was compromised before transaction.,738.73,2026-03-31 00:00:00,2026-04-02 05:19:00,2026-04-15 00:00:00,PENDING_BANK,MEDIUM,Wrong Amount,IVR,2.0,True,False,False,2104.37,Medical / Pharmacy,SUCCESS,False
CBK0001998,TXN00000406,USR93650,MCH2266,Customer says amount was debited twice.,2066.08,2026-01-31 22:47:03,2026-02-01 00:00:00,2026-02-06 01:47:00,IN_PROGRESS,HIGH,Suspected Fraud,Chatbot,0.0,True,True,True,22389.13,Medical / Pharmacy,SUCCESS,False
CBK0002566,TXN00000405,USR64878,MCH8953,suspicious high-value payment disputed by customer.,3060.38,2026-03-13 09:18:13,2026-03-24 00:00:00,2026-04-08 00:00:00,IN_PROGRESS,LOW,Service Not Delivered,App,10.0,True,True,True,8008.04,Medical / Pharmacy,SUCCESS,False
CBK0001756,TXN00005028,USR40684,MCH7978,User reports money deducted but merchant denies receiving payment.,1800.13,2026-02-22 00:00:00,,2026-03-10 00:00:00,PENDING_BANK,HIGH,Account Takeover,Chatbot,,True,False,True,1330.14,Medical / Pharmacy,FAILED,False
CBK0002645,TXN00004392,USR43033,MCH3019,User claims account was compromised before transaction.,272.46,2026-02-18 00:00:00,2026-02-21 12:13:00,2026-03-09 12:13:05,REJECTED,LOW,Service Not Delivered,Chatbot,3.0,True,False,False,13536.34,Hotel / Lodging,SUCCESS,False
CBK0002230,TXN00009287,USR50434,MCH1683,Merchant service was not delivered after payment.,1407.0,2026-01-10 00:00:00,2026-01-13 00:00:00,2026-02-03 00:00:00,IN_PROGRESS,MEDIUM,Suspected Fraud,Chatbot,3.0,True,True,True,15277.55,Medical / Pharmacy,SUCCESS,False
CBK0000526,TXN00006600,USR65622,MCH3129,Customer complaint text unclear due to poor call center notes.,14543.91,2026-01-28 00:00:00,2026-01-31 21:13:00,2026-02-05 00:00:00,OPEN,MEDIUM,Service Not Delivered,App,3.0,True,False,True,14543.91,Restaurant,SUCCESS,True
CBK0001449,TXN00008116,USR21449,MCH7397,Customer says amount was debited twice.,19544.3,2026-03-27 00:00:00,2026-03-29 15:23:00,2026-03-29 00:00:00,RESOLVED,MEDIUM,Account Takeover,Email,2.0,True,False,False,7018.78,Misc Retail,SUCCESS,False
CBK0002686,TXN00017656,USR69648,MCH9430,Customer complaint text unclear due to poor call center notes.,447.83,,2026-01-03 03:37:00,2026-01-08 00:00:00,RESOLVED,MEDIUM,Unauthorized Transaction,Chatbot,,True,True,True,17737.98,Medical / Pharmacy,PENDING,False
CBK0000533,TXN00001047,USR30500,MCH9291,suspicious high-value payment disputed by customer.,518.0,2026-01-19 06:20:45,2026-01-21 00:00:00,,RESOLVED,LOW,Service Not Delivered,Chatbot,1.0,True,False,True,5831.66,Grocery,SUCCESS,False
CBK0001709,TXN00014343,USR26622,MCH8668,User says UPI PIN was not entered by them.,2893.0,2026-02-04 00:00:00,2026-02-02 00:00:00,2026-02-17 00:00:00,OPEN,MEDIUM,Service Not Delivered,Branch,,True,False,False,3587.69,Hotel / Lodging,SUCCESS,False
CBK0001509,TXN00011866,USR37594,MCH9858,Customer says transaction was not authorized.,628.55,2026-02-16 12:27:00,2026-02-27 00:00:00,,RESOLVED,LOW,Service Not Delivered,Chatbot,10.0,True,False,True,3263.56,Department Store,SUCCESS,False
CBK0000303,TXN00015469,USR54853,MCH2556,Customer complaint text unclear due to poor call center notes.,18523.03,2026-01-11 14:40:00,2026-02-26 00:00:00,,IN_PROGRESS,MEDIUM,Duplicate Debit,Chatbot,45.0,True,False,True,18523.03,Grocery,SUCCESS,True
CBK0001911,TXN00009220,USR30497,MCH8391,User says UPI PIN was not entered by them.,914.0,2026-02-23 14:29:24,2026-02-27 00:00:00,2026-03-14 00:00:00,OPEN,MEDIUM,Service Not Delivered,App,3.0,True,False,True,3196.22,Transportation,SUCCESS,False
CBK0000626,TXN00018979,USR61349,MCH5687,Customer says transaction was not authorized.,2995.87,2026-02-02 04:41:35,,2026-02-28 00:00:00,IN_PROGRESS,MEDIUM,Suspected Fraud,Chatbot,,True,False,True,6940.72,Grocery,FAILED,False
CBK0000415,TXN00009182,USR26627,MCH9291,user claims account was compromised before transaction.,4153.73,2026-03-28 00:00:00,2026-03-29 12:42:00,2026-04-16 12:42:25,REJECTED,MEDIUM,Wrong Amount,IVR,1.0,True,False,True,10203.04,Apparel,FAILED,False
CBK0002793,TXN00005174,USR39885,MCH8673,user reports money deducted but merchant denies receiving payment.,1679.19,2026-02-06 00:00:00,2026-02-12 00:00:00,2026-02-12 00:00:00,RESOLVED,HIGH,Unauthorized Transaction,Chatbot,6.0,True,False,True,870.44,Restaurant,SUCCESS,False
CBK0001629,TXN00012665,USR52097,MCH2757,Complaint received after multiple failed attempts.,3223.69,2026-03-16 00:00:00,2026-03-19 00:00:00,,IN_PROGRESS,CRITICAL,Service Not Delivered,Email,3.0,True,False,True,11151.78,Book Store,SUCCESS,False
CBK0001065,TXN00018250,USR21407,MCH5172,Customer complaint text unclear due to poor call center notes.,4835.58,2026-01-11 00:00:00,2026-01-14 23:22:45,2026-01-19 00:00:00,CLOSED,LOW,Service Not Delivered,IVR,3.0,True,False,False,5298.0,Medical / Pharmacy,SUCCESS,False
CBK0002087,TXN00011160,USR29051,MCH4590,Customer says amount was debited twice.,1773.89,2026-03-17 00:00:00,2026-03-18 00:00:00,2026-04-03 09:26:00,REJECTED,LOW,Service Not Delivered,Branch,1.0,True,False,False,16806.0,Transportation,SUCCESS,False
CBK0001063,TXN00000271,USR23350,MCH6258,Customer says amount was debited twice.,16937.48,2026-03-17 03:29:28,2026-03-18 00:00:00,,PENDING_BANK,MEDIUM,Account Takeover,IVR,0.0,True,False,True,20235.94,Medical / Pharmacy,SUCCESS,False
CBK0002348,TXN00012938,USR62273,MCH3100,User claims account was compromised before transaction.,3749.0,2026-03-09 00:00:00,2026-03-19 00:00:00,2026-03-20 00:00:00,OPEN,LOW,Account Takeover,App,10.0,True,False,False,1424.81,Apparel,SUCCESS,False
CBK0002447,TXN00012629,USR35956,MCH8605,Customer says transaction was not authorized. NA,3056.74,2026-02-13 00:00:00,2026-03-16 00:00:00,2026-04-04 00:00:00,OPEN,MEDIUM,Service Not Delivered,Call Center,31.0,True,True,False,14382.06,Transportation,SUCCESS,False
CBK0001531,TXN00018893,USR98962,MCH8250,User claims account was compromised before transaction. pls check asap,3450.22,2026-02-28 21:20:00,2026-03-01 00:00:00,,PENDING_BANK,MEDIUM,Duplicate Debit,Email,0.0,True,True,False,12455.0,Transportation,SUCCESS,False
CBK0000921,TXN00009757,USR21384,MCH6474,Merchant service was not delivered after payment.,6075.45,2026-02-12 02:48:37,2026-02-17 09:48:37,2026-03-06 00:00:00,REJECTED,LOW,Wrong Amount,Branch,5.0,True,False,True,6075.45,Telecom,PENDING,True
CBK0002660,TXN00015268,USR84844,MCH9709,Suspicious high-value payment disputed by customer.,4086.0,2026-03-23 00:00:00,2026-03-25 00:00:00,2026-04-20 10:49:25,OPEN,MEDIUM,Service Not Delivered,Email,2.0,True,True,False,15418.53,Book Store,SUCCESS,False
CBK0000513,TXN00003962,USR43455,MCH5580,Complaint received after multiple failed attempts. urgent,12077.97,2026-02-16 00:00:00,2026-02-21 00:00:00,2026-03-16 12:04:00,RESOLVED,CRITICAL,Wrong Amount,Chatbot,5.0,True,True,True,9828.45,Transportation,SUCCESS,False
CBK0000969,TXN00014162,USR45011,MCH6383,payment made to unknown merchant as per customer statement.,4363.63,2026-02-18 00:00:00,2026-03-06 00:00:00,2026-03-19 11:52:22,IN_PROGRESS,LOW,Service Not Delivered,Branch,16.0,True,False,True,2323.48,Transportation,FAILED,False
CBK0000468,TXN00004108,USR22727,MCH3160,User says UPI PIN was not entered by them.,5763.03,2026-02-25 00:00:00,2026-03-01 01:25:00,2026-03-18 00:00:00,RESOLVED,HIGH,Suspected Fraud,Chatbot,4.0,True,True,False,1269.92,Book Store,SUCCESS,False
CBK0002014,TXN00016742,USR94725,MCH8212,Complaint received after multiple failed attempts.,1163.64,2026-01-24 00:00:00,,,OPEN,LOW,Suspected Fraud,Email,,True,False,True,22628.05,Hotel / Lodging,FAILED,False
CBK0000951,TXN00000025,USR43827,MCH5400,Suspicious high-value payment disputed by customer. details missing,1302.18,,2026-03-28 00:00:00,2026-04-10 00:00:00,CLOSED,LOW,Service Not Delivered,App,,True,False,False,11407.19,Medical / Pharmacy,SUCCESS,False
CBK0001507,TXN00014680,USR38336,MCH1475,Payment made to unknown merchant as per customer statement.,6017.37,2026-01-29 00:00:00,2026-02-28 00:00:00,2026-03-25 00:00:00,REJECTED,LOW,Wrong Amount,Chatbot,30.0,True,False,True,21814.29,Hotel / Lodging,SUCCESS,False
CBK0000470,TXN00016736,USR95074,MCH2822,User claims account was compromised before transaction.,15548.64,2026-02-08 00:00:00,2026-02-10 17:51:46,2026-03-12 00:00:00,REJECTED,MEDIUM,Suspected Fraud,Chatbot,2.0,True,False,False,22925.42,Telecom,SUCCESS,False
CBK0000453,TXN00008829,USR76027,MCH5301,CUSTOMER COMPLAINT TEXT UNCLEAR DUE TO POOR CALL CENTER NOTES.,19778.02,2026-03-25 17:00:00,2026-03-29 00:00:00,2026-04-13 13:00:00,IN_PROGRESS,CRITICAL,Service Not Delivered,Branch,3.0,True,False,False,9792.44,Medical / Pharmacy,SUCCESS,False
CBK0000183,TXN00018275,USR61083,MCH2383,Suspicious high-value payment disputed by customer.,894.24,2026-03-29 06:16:45,2026-04-08 07:16:00,2026-04-29 00:00:00,REJECTED,LOW,Wrong Amount,Call Center,10.0,True,True,True,17129.28,Transportation,SUCCESS,False
CBK0000309,TXN00008361,USR59660,MCH3485,User claims account was compromised before transaction.,5163.82,2026-02-12 00:00:00,2026-02-23 00:00:00,2026-03-12 00:00:00,OPEN,LOW,Customer Dispute,Email,11.0,True,True,False,20319.2,Hotel / Lodging,SUCCESS,False
CBK0001243,TXN00018079,USR63150,MCH6850,Complaint received after multiple failed attempts.,8988.28,2026-03-25 00:00:00,2026-03-29 00:00:00,2026-04-07 02:25:00,RESOLVED,MEDIUM,Duplicate Debit,Chatbot,4.0,True,False,False,1422.3,Department Store,SUCCESS,False
CBK0000692,TXN00005181,USR70317,MCH3740,Merchant service was not delivered after payment.,1107.86,2026-03-01 13:57:00,2026-03-05 00:00:00,2026-03-15 00:57:00,OPEN,LOW,Service Not Delivered,Chatbot,3.0,True,False,False,9705.44,Grocery,SUCCESS,False
CBK0000685,TXN00011648,USR24719,MCH5852,User claims account was compromised before transaction.,2218.94,2026-02-08 00:00:00,2026-02-11 00:00:00,,REJECTED,MEDIUM,Duplicate Debit,Email,3.0,True,False,False,10080.29,Grocery,SUCCESS,False
CBK0000550,TXN00015783,USR50831,MCH8921,Customer complaint text unclear due to poor call center notes.,2852.68,2026-03-27 00:00:00,,2026-04-07 00:00:00,IN_PROGRESS,HIGH,Account Takeover,IVR,,True,False,True,6328.38,Transportation,PENDING,False
CBK0000201,TXN00011466,USR99920,MCH9344,User reports money deducted but merchant denies receiving payment.,860.0,2026-02-06 00:00:00,2026-02-09 00:00:00,2026-03-04 00:00:00,IN_PROGRESS,HIGH,Unauthorized Transaction,Email,3.0,True,False,False,812.67,Hotel / Lodging,SUCCESS,False
CBK0001657,TXN00002770,USR79332,MCH7033,Customer says transaction was not authorized.,1004.64,2026-03-19 00:00:00,2026-03-22 00:00:00,2026-03-28 17:25:00,OPEN,MEDIUM,Account Takeover,Email,3.0,True,False,True,16993.71,,SUCCESS,False
CBK0002790,TXN00005364,USR44424,MCH3678,PAYMENT MADE TO UNKNOWN MERCHANT AS PER CUSTOMER STATEMENT.,17377.3,2026-02-03 00:00:00,2026-02-05 00:00:00,2026-03-04 00:00:00,CLOSED,CRITICAL,Service Not Delivered,Email,2.0,True,False,True,17377.3,Grocery,SUCCESS,True
CBK0001692,TXN00054083,USR37452,MCH4658,customer says transaction was not authorized.,664.5,2026-02-02 00:00:00,2026-02-05 00:00:00,2026-02-12 08:27:52,REJECTED,MEDIUM,Unauthorized Transaction,Call Center,3.0,False,False,True,,,,False
CBK0000389,TXN00015997,USR38082,MCH5891,Customer says amount was debited twice.,1370.91,,2026-02-27 01:44:30,2026-03-04 01:44:00,PENDING_BANK,LOW,Service Not Delivered,IVR,,True,False,False,14321.04,Grocery,SUCCESS,False
CBK0001599,TXN00018048,USR45408,MCH4590,Customer complaint text unclear due to poor call center notes.,2467.08,2026-02-03 07:57:00,2026-02-05 16:57:00,,PENDING_BANK,HIGH,Service Not Delivered,Chatbot,2.0,True,False,False,3472.3,Transportation,FAILED,False
CBK0000152,TXN00056695,USR13925,MCH6810,Suspicious high-value payment disputed by customer.,3475.46,2026-03-24 11:00:00,2026-03-19 11:00:00,2026-04-13 11:00:46,OPEN,CRITICAL,Unauthorized Transaction,Email,,False,True,False,,,,False
CBK0001688,TXN00015571,USR42338,MCH6498,Merchant service was not delivered after payment.,722.56,2026-02-03 00:00:00,2026-02-07 00:00:00,2026-02-15 13:16:00,CLOSED,MEDIUM,Account Takeover,Call Center,4.0,True,True,True,21848.94,Hotel / Lodging,SUCCESS,False
CBK0002187,TXN00007012,USR73010,MCH4473,Payment made to unknown merchant as per customer statement.,1064.0,2026-01-01 00:00:00,,2026-01-25 00:00:00,CLOSED,HIGH,Customer Dispute,App,,True,False,False,20149.59,Grocery,SUCCESS,False
CBK0001704,TXN00005100,USR11419,MCH1320,User reports money deducted but merchant denies receiving payment.,3671.61,2026-03-11 00:00:00,2026-03-19 18:04:00,2026-03-22 18:04:40,IN_PROGRESS,LOW,Account Takeover,Chatbot,8.0,True,False,True,1007.66,Telecom,FAILED,False
CBK0002113,TXN00002480,USR12658,MCH3815,Merchant service was not delivered after payment.,5722.09,2026-03-27 00:00:00,2026-04-02 00:00:00,2026-04-13 15:09:41,REJECTED,HIGH,Suspected Fraud,Chatbot,6.0,True,True,False,19857.32,Medical / Pharmacy,SUCCESS,False
CBK0001594,TXN00004839,USR23350,MCH9444,customer says amount was debited twice.,955.91,2026-03-25 14:10:57,2026-04-24 00:00:00,2026-04-24 21:10:57,CLOSED,HIGH,Service Not Delivered,Chatbot,29.0,True,False,True,1004.89,Restaurant,SUCCESS,False
CBK0000893,TXN00017214,USR89151,MCH7710,User reports money deducted but merchant denies receiving payment.,1267.1,2026-03-06 00:00:00,2026-03-08 00:00:00,2026-03-21 00:00:00,PENDING_BANK,MEDIUM,Suspected Fraud,Email,2.0,True,False,False,2017.27,Restaurant,SUCCESS,False
CBK0002372,TXN00037348,USR79864,MCH6026,Customer says transaction was not authorized.,2069.0,2026-01-04 00:00:00,2026-01-05 18:15:09,,OPEN,MEDIUM,Wrong Amount,Chatbot,1.0,False,False,True,,,,False
CBK0002491,TXN00019091,USR41955,MCH3954,User reports money deducted but merchant denies receiving payment.,11124.0,2026-02-20 18:20:01,2026-02-24 00:00:00,2026-03-15 00:00:00,IN_PROGRESS,MEDIUM,Service Not Delivered,Email,3.0,True,False,False,927.84,Book Store,SUCCESS,False
CBK0000133,TXN00011403,USR18453,MCH9291,Suspicious high-value payment disputed by customer.,3000.84,2026-01-14 00:00:00,2026-01-19 00:00:00,2026-02-17 16:25:35,OPEN,HIGH,Customer Dispute,Call Center,5.0,True,False,True,22031.12,Transportation,PENDING,False
CBK0002280,TXN00002173,USR47525,MCH1015,Merchant service was not delivered after payment.,856.42,2026-03-05 03:02:00,2026-03-06 00:00:00,2026-03-15 22:02:04,PENDING_BANK,LOW,Wrong Amount,Branch,0.0,True,False,True,4380.29,Medical / Pharmacy,SUCCESS,False
CBK0002322,TXN00009493,USR71348,MCH1425,user claims account was compromised before transaction.,270.77,2026-02-26 00:00:00,2026-03-13 11:10:29,,RESOLVED,MEDIUM,Service Not Delivered,IVR,15.0,True,False,False,8718.46,Restaurant,SUCCESS,False
CBK0002139,TXN00012172,USR85655,MCH2375,CUSTOMER SAYS TRANSACTION WAS NOT AUTHORIZED.,21986.64,2026-01-01 00:00:00,2026-01-02 15:32:47,2026-01-24 00:00:00,REJECTED,LOW,Suspected Fraud,App,1.0,True,False,False,21986.64,Hotel / Lodging,SUCCESS,True
CBK0001864,,USR51310,MCH8220,Merchant service was not delivered after payment.,464.81,2026-03-17 12:10:45,2026-03-23 00:00:00,2026-04-07 00:00:00,CLOSED,LOW,Suspected Fraud,Chatbot,5.0,False,True,True,,,,False
CBK0002285,TXN00005474,USR53527,MCH4473,User claims account was compromised before transaction.,271.69,2026-01-29 00:00:00,2026-01-30 00:00:00,,CLOSED,MEDIUM,Customer Dispute,IVR,1.0,True,False,False,17542.12,Transportation,SUCCESS,False
CBK0000840,TXN00018717,USR16257,MCH3019,User claims account was compromised before transaction.,4563.14,2026-02-20 08:58:00,2026-03-02 15:58:44,2026-03-13 00:00:00,PENDING_BANK,LOW,Service Not Delivered,IVR,10.0,True,True,False,13392.14,Restaurant,SUCCESS,False
CBK0000783,,USR96677,MCH2556,User says UPI PIN was not entered by them.,4726.95,2026-02-23 00:00:00,2026-02-23 00:00:00,,CLOSED,MEDIUM,Account Takeover,Chatbot,0.0,False,False,True,,,,False
CBK0002629,TXN00010196,USR41172,MCH4588,User says UPI PIN was not entered by them.,852.0,2026-02-21 00:00:00,2026-02-18 02:42:14,,REJECTED,HIGH,Suspected Fraud,IVR,,True,True,True,23232.72,Medical / Pharmacy,SUCCESS,False
CBK0001589,TXN00088540,USR96555,MCH2757,Merchant service was not delivered after payment.,221.01,2026-01-30 00:47:43,2026-01-31 00:00:00,2026-02-24 20:47:43,REJECTED,HIGH,Suspected Fraud,IVR,0.0,False,False,True,,,,False
CBK0000809,TXN00013144,USR51720,MCH9790,CUSTOMER SAYS TRANSACTION WAS NOT AUTHORIZED.,688.92,2026-03-09 00:00:00,2026-03-19 23:09:00,,PENDING_BANK,HIGH,Unauthorized Transaction,Call Center,10.0,True,False,True,2300.04,,SUCCESS,False
CBK0000654,TXN00013810,USR50022,MCH5980,complaint received after multiple failed attempts.,4552.67,2026-03-07 00:00:00,2026-03-08 07:44:45,,CLOSED,LOW,Account Takeover,IVR,1.0,True,False,True,3090.16,Grocery,SUCCESS,False
CBK0001614,TXN00017424,USR36509,MCH1316,customer says transaction was not authorized.,9374.52,2026-02-18 00:00:00,2026-02-19 00:00:00,2026-03-21 00:00:00,PENDING_BANK,MEDIUM,Service Not Delivered,Chatbot,1.0,True,False,False,24394.98,Restaurant,SUCCESS,False
CBK0000291,TXN00003485,USR79977,MCH3900,User reports money deducted but merchant denies receiving payment.,485.1,2026-02-10 00:00:00,,,OPEN,LOW,Service Not Delivered,Branch,,True,False,True,14583.94,Transportation,SUCCESS,False
CBK0002114,TXN00004014,USR25900,MCH4717,Customer complaint text unclear due to poor call center notes. urgent,4940.23,2026-03-12 00:00:00,2026-03-19 00:00:00,2026-04-17 22:25:36,RESOLVED,HIGH,Service Not Delivered,Chatbot,7.0,True,True,True,4843.95,Hotel / Lodging,SUCCESS,False
CBK0000739,TXN00017315,USR29561,MCH5980,User says UPI PIN was not entered by them.,704.73,2026-01-04 00:00:00,,2026-01-24 06:45:30,IN_PROGRESS,HIGH,Account Takeover,IVR,,True,True,True,12739.95,Grocery,SUCCESS,False
CBK0002251,TXN00017472,USR79175,MCH4488,Suspicious high-value payment disputed by customer.,14012.62,2026-02-23 08:37:00,2026-03-10 13:37:56,2026-04-01 00:00:00,RESOLVED,CRITICAL,Customer Dispute,IVR,15.0,True,False,False,8148.0,Medical / Pharmacy,PENDING,False
CBK0001438,TXN00008449,USR22964,MCH2194,Complaint received after multiple failed attempts. urgent,653.0,2026-03-22 00:00:00,2026-03-26 00:00:00,2026-04-07 00:00:00,RESOLVED,MEDIUM,Customer Dispute,App,4.0,True,False,False,2945.72,Transportation,SUCCESS,False
CBK0001884,TXN00019164,USR22644,MCH9648,suspicious high-value payment disputed by customer.,1364.5,2026-02-08 00:00:00,2026-02-12 07:08:18,2026-02-14 00:00:00,IN_PROGRESS,LOW,Suspected Fraud,Chatbot,4.0,True,True,False,3067.9,Department Store,SUCCESS,False
CBK0001771,TXN00011619,USR17315,MCH2722,Merchant service was not delivered after payment. call dropped,893.52,2026-01-25 21:15:13,2026-01-26 00:00:00,,IN_PROGRESS,LOW,Service Not Delivered,Email,0.0,True,True,False,22945.89,Medical / Pharmacy,SUCCESS,False
CBK0001406,TXN00010864,USR66856,MCH7459,Customer complaint text unclear due to poor call center notes. pls check asap,2891.42,,2026-03-23 04:34:25,2026-04-20 04:34:25,OPEN,CRITICAL,Unauthorized Transaction,Chatbot,,True,True,True,12667.47,Department Store,SUCCESS,False
CBK0001268,TXN00004622,USR97580,MCH1348,Merchant service was not delivered after payment.,1330.95,2026-01-24 00:00:00,2026-01-24 17:29:00,2026-01-31 00:00:00,REJECTED,MEDIUM,Service Not Delivered,IVR,0.0,True,True,False,19118.63,Hotel / Lodging,SUCCESS,False
CBK0001693,TXN00009578,USR55777,MCH8533,complaint received after multiple failed attempts.,5287.35,2026-02-01 00:00:00,2026-02-04 17:25:23,2026-03-01 17:25:00,CLOSED,MEDIUM,Wrong Amount,App,3.0,True,False,False,18573.11,Telecom,SUCCESS,False
CBK0002368,TXN00004923,USR50207,MCH8391,Merchant service was not delivered after payment.,1673.05,2026-01-27 00:00:00,,,CLOSED,LOW,Wrong Amount,IVR,,True,False,True,14939.76,Transportation,SUCCESS,False
CBK0000452,TXN00002107,USR52224,MCH4529,MERCHANT SERVICE WAS NOT DELIVERED AFTER PAYMENT.,6251.19,2026-02-28 04:18:55,2026-03-10 00:00:00,2026-03-27 12:18:55,REJECTED,HIGH,Service Not Delivered,IVR,9.0,True,False,True,21430.91,Grocery,SUCCESS,False
CBK0001628,TXN00008857,USR61151,MCH4796,Payment made to unknown merchant as per cust statement.,5937.26,2026-03-19 00:00:00,2026-03-22 09:53:18,2026-04-04 09:53:18,REJECTED,LOW,Duplicate Debit,Call Center,3.0,True,False,False,5364.65,Transportation,SUCCESS,False
CBK0000543,TXN00001593,USR30157,MCH9787,User claims account was compromised before transaction.,759.56,2026-03-27 00:00:00,2026-03-28 00:00:00,2026-04-01 00:00:00,PENDING_BANK,HIGH,Service Not Delivered,Call Center,1.0,True,False,True,3218.57,Restaurant,SUCCESS,False
CBK0002740,TXN00013424,USR71939,MCH4819,User reports money deducted but merchant denies receiving payment.,3989.1,2026-02-13 22:58:37,2026-02-16 00:00:00,2026-03-04 13:58:00,PENDING_BANK,LOW,Service Not Delivered,Chatbot,2.0,True,True,False,17252.88,Medical / Pharmacy,SUCCESS,False
CBK0001471,TXN00003290,USR25087,MCH3815,Customer complaint text unclear due to poor call center notes. NA,991.51,2026-03-08 00:00:00,2026-03-09 00:00:00,2026-03-20 00:00:00,CLOSED,HIGH,Service Not Delivered,Email,1.0,True,False,False,5094.78,,SUCCESS,False
CBK0001808,TXN00004140,USR30844,MCH8779,User says UPI PIN was not entered by them.,378.0,,2026-02-14 00:00:00,2026-03-04 00:00:00,IN_PROGRESS,CRITICAL,Customer Dispute,Branch,,True,False,True,13918.89,Grocery,SUCCESS,False
CBK0002225,TXN00011962,USR12961,MCH8953,Payment made to unknown merchant as per customer statement.,6403.5,2026-03-02 02:36:15,2026-03-03 23:36:15,,CLOSED,LOW,Unauthorized Transaction,IVR,1.0,True,True,True,21180.46,Telecom,SUCCESS,False
CBK0000353,TXN00017372,USR56234,MCH7986,Customer complaint text unclear due to poor call center notes.,1275.74,2026-02-02 18:14:36,2026-02-05 01:14:36,2026-02-25 00:00:00,REJECTED,HIGH,Service Not Delivered,IVR,2.0,True,False,True,8120.86,Hotel / Lodging,SUCCESS,False
CBK0002065,TXN00010646,USR10669,MCH3100,Customer says transaction was not authorized. NA,5027.32,2026-01-27 00:00:00,2026-01-29 00:00:00,2026-02-10 00:00:00,IN_PROGRESS,CRITICAL,Wrong Amount,IVR,2.0,True,False,False,1863.0,Transportation,SUCCESS,False
CBK0000833,TXN00007902,USR66726,MCH6087,Merchant service was not delivered after payment. NA,5099.0,2026-02-26 00:00:00,2026-03-09 00:00:00,2026-03-28 04:34:00,IN_PROGRESS,HIGH,Duplicate Debit,IVR,11.0,True,False,False,5536.48,Transportation,SUCCESS,False
CBK0002388,TXN00018528,USR77072,MCH5954,Complaint received after multiple failed attempts.,3336.11,,2026-03-14 00:00:00,2026-03-21 00:00:00,RESOLVED,MEDIUM,Account Takeover,IVR,,True,False,True,4782.31,Grocery,FAILED,False
CBK0001420,TXN00010436,USR26201,MCH9908,User says UPI PIN was not entered by them.,509.15,2026-03-16 06:56:10,2026-03-21 13:56:00,2026-04-16 00:00:00,REJECTED,MEDIUM,Service Not Delivered,IVR,5.0,True,False,False,9086.1,Medical / Pharmacy,FAILED,False
CBK0001795,TXN00017402,USR78513,MCH4226,Complaint received after multiple failed attempts.,2837.81,2026-01-23 04:47:03,2026-01-31 00:47:03,2026-02-11 00:47:03,REJECTED,LOW,Account Takeover,IVR,7.0,True,True,False,18836.9,,SUCCESS,False
CBK0001315,TXN00005438,USR68023,MCH5877,Merchant service was not delivered after payment. urgent,1581.74,2026-02-16 00:00:00,2026-02-22 07:46:00,,OPEN,HIGH,Wrong Amount,Branch,6.0,True,False,False,21042.13,Department Store,SUCCESS,False
CBK0000115,TXN00000541,USR20121,MCH8779,Customer says amount was debited twice.,1346.0,2026-02-20 00:00:00,2026-03-23 03:31:09,2026-04-05 00:00:00,RESOLVED,LOW,Customer Dispute,Email,31.0,True,False,True,23851.74,Medical / Pharmacy,SUCCESS,False
CBK0000627,TXN00003619,USR39542,MCH7650,suspicious high-value payment disputed by customer.,4189.62,2026-03-22 00:00:00,2026-03-22 00:00:00,,OPEN,MEDIUM,Wrong Amount,Call Center,0.0,True,False,False,19900.2,Grocery,SUCCESS,False
CBK0000510,TXN00007774,USR73010,MCH1407,User claims account was compromised before txn.,1443.57,2026-03-07 00:00:00,2026-03-09 00:00:00,2026-04-04 00:00:00,REJECTED,MEDIUM,Unauthorized Transaction,IVR,2.0,True,False,False,8117.71,Transportation,SUCCESS,False
CBK0001979,TXN00007772,USR77274,MCH7833,Customer complaint text unclear due to poor call center notes.,1320.83,2026-03-24 00:00:00,2026-03-31 00:00:00,2026-04-17 10:47:26,PENDING_BANK,CRITICAL,Wrong Amount,IVR,7.0,True,False,True,17722.05,Hotel / Lodging,SUCCESS,False
CBK0001738,TXN00010457,USR59679,MCH9291,Merchant service was not delivered after payment.,2161.39,2026-03-05 00:00:00,2026-03-06 00:00:00,2026-03-17 18:20:16,OPEN,CRITICAL,Suspected Fraud,Call Center,1.0,True,False,True,6302.19,Apparel,SUCCESS,False
CBK0002680,TXN00009041,USR82433,MCH4594,User says UPI PIN was not entered by them.,865.19,2026-02-07 00:00:00,2026-02-10 00:00:00,2026-02-16 00:00:00,OPEN,LOW,Duplicate Debit,Email,3.0,True,False,False,3640.7,Medical / Pharmacy,SUCCESS,False
CBK0001521,TXN00010065,USR51069,MCH8953,user reports money deducted but merchant denies receiving payment.,4146.46,2026-02-14 00:00:00,2026-03-17 18:07:42,2026-04-10 00:00:00,CLOSED,LOW,Service Not Delivered,Chatbot,31.0,True,True,True,3711.87,,SUCCESS,False
CBK0000013,TXN00019943,USR42818,MCH6838,User says UPI PIN was not entered by them. call dropped,728.13,2026-01-02 14:58:54,2026-01-05 00:00:00,,IN_PROGRESS,LOW,Customer Dispute,App,2.0,True,False,True,24452.67,Grocery,FAILED,False
CBK0002262,TXN00088490,USR30627,MCH2594,User reports money deducted but merchant denies receiving payment. NA,4274.13,,2026-03-17 00:00:00,,IN_PROGRESS,HIGH,Service Not Delivered,Chatbot,,False,False,False,,,,False
CBK0000718,TXN00011539,USR60803,MCH7874,customer complaint text unclear due to poor call center notes.,1528.98,2026-03-09 18:51:51,2026-03-10 00:00:00,2026-03-31 00:00:00,IN_PROGRESS,HIGH,Unauthorized Transaction,Chatbot,0.0,True,True,False,14857.0,,SUCCESS,False
CBK0000446,TXN00010750,USR17864,MCH4002,Payment made to unknown merchant as per customer statement.,2928.89,2026-01-12 00:00:00,2026-01-15 00:00:00,2026-01-31 20:48:17,REJECTED,MEDIUM,Service Not Delivered,Call Center,3.0,True,False,True,394.0,Misc Retail,SUCCESS,False
CBK0000258,TXN00017642,USR41056,MCH9394,Customer says amount was debited twice.,1505.96,2026-02-26 00:19:00,2026-03-01 00:00:00,2026-03-24 00:00:00,RESOLVED,HIGH,Customer Dispute,Chatbot,2.0,True,False,True,13070.86,Misc Retail,SUCCESS,False
CBK0000449,TXN00007492,USR66286,MCH2383,Merchant service was not delivered after payment.,2062.69,2026-02-19 00:00:00,2026-02-20 00:00:00,2026-02-25 00:00:00,OPEN,LOW,Customer Dispute,App,1.0,True,False,True,9938.31,Transportation,FAILED,False
CBK0000486,TXN00002729,USR58335,MCH6810,Payment made to unknown merchant as per customer statement.,1526.62,,2026-01-14 19:40:25,2026-01-30 19:40:00,IN_PROGRESS,LOW,Wrong Amount,Call Center,,True,False,False,6172.62,Transportation,SUCCESS,False
CBK0000888,TXN00015372,USR10047,MCH6850,PAYMENT MADE TO UNKNOWN MERCHANT AS PER CUSTOMER STATEMENT.,1341.86,2026-02-12 00:00:00,2026-02-14 00:00:00,2026-03-02 00:00:00,PENDING_BANK,CRITICAL,Wrong Amount,Chatbot,2.0,True,True,False,15613.77,Hotel / Lodging,SUCCESS,False
CBK0000711,TXN00015632,USR47206,MCH3217,User says UPI PIN was not entered by them.,386.01,2026-03-05 00:00:00,2026-03-06 00:00:00,2026-04-01 23:17:35,IN_PROGRESS,LOW,Customer Dispute,Branch,1.0,True,False,False,11623.4,Grocery,SUCCESS,False
CBK0001690,TXN00011230,USR60327,MCH9976,Complaint received after multiple failed attempts.,2395.8,2026-02-15 00:00:00,,2026-03-13 00:00:00,IN_PROGRESS,LOW,Customer Dispute,Chatbot,,True,False,False,11009.2,Grocery,SUCCESS,False
CBK0001395,TXN00016017,USR47363,MCH9787,User claims account was compromised before transaction.,849.31,2026-02-23 00:00:00,2026-02-27 00:00:00,2026-03-24 05:41:00,OPEN,HIGH,Customer Dispute,Chatbot,4.0,True,False,True,24683.02,Restaurant,PENDING,False
CBK0002728,TXN00014794,USR60133,MCH9291,Payment made to unknown merchant as per customer statement.,975.44,2026-03-03 15:24:00,2026-03-04 11:24:00,2026-03-12 00:00:00,IN_PROGRESS,MEDIUM,Customer Dispute,Chatbot,0.0,True,False,True,16849.0,Transportation,SUCCESS,False
CBK0001237,TXN00015341,USR87558,MCH4264,Complaint received after multiple failed attempts.,6901.63,2026-01-10 19:48:33,2026-01-12 14:48:33,,PENDING_BANK,CRITICAL,Service Not Delivered,IVR,1.0,True,False,False,17650.61,Grocery,SUCCESS,False
CBK0002749,TXN00019208,USR22131,MCH6084,Suspicious high-value payment disputed by customer.,1146.96,2026-03-08 00:00:00,2026-03-10 01:16:17,2026-03-12 00:00:00,REJECTED,MEDIUM,Customer Dispute,Chatbot,2.0,True,False,True,24637.03,Restaurant,SUCCESS,False
CBK0001101,TXN00002219,USR11618,MCH1518,COMPLAINT RECEIVED AFTER MULTIPLE FAILED ATTEMPTS.,3127.19,2026-03-15 00:00:00,2026-03-17 00:00:00,2026-04-12 00:00:00,OPEN,HIGH,Service Not Delivered,Chatbot,2.0,True,False,True,21820.12,Transportation,SUCCESS,False
CBK0000963,TXN00003306,USR42884,MCH8953,Payment made to unknown merchant as per customer statement.,2280.54,2026-01-04 00:00:00,,2026-02-01 00:48:55,IN_PROGRESS,MEDIUM,Duplicate Debit,Email,,True,False,True,8769.51,Medical / Pharmacy,SUCCESS,False
CBK0000772,TXN00010034,USR25196,MCH1320,Customer says amount was debited twice.,305.0,2026-01-06 00:00:00,2026-01-08 09:22:06,2026-02-05 00:00:00,OPEN,CRITICAL,Customer Dispute,Chatbot,2.0,True,True,True,22379.0,Transportation,SUCCESS,False
CBK0002005,,USR66391,MCH8391,customer says amount was debited twice.,1171.4,2026-03-16 13:33:00,2026-03-24 00:00:00,2026-04-16 00:00:00,RESOLVED,LOW,Service Not Delivered,Chatbot,7.0,False,False,True,,,,False
CBK0000345,TXN00007052,USR24877,MCH7863,Payment made to unknown merchant as per customer statement.,13186.11,2026-03-07 06:24:54,2026-03-09 00:00:00,2026-03-22 22:24:54,PENDING_BANK,LOW,Customer Dispute,Chatbot,1.0,True,False,True,13186.11,Restaurant,SUCCESS,True
CBK0000194,TXN00009105,USR80813,MCH3548,Customer complaint text unclear due to poor call center notes.,3394.12,2026-03-10 07:37:00,2026-03-12 03:37:00,2026-03-25 00:00:00,REJECTED,LOW,Service Not Delivered,App,1.0,True,False,True,3394.12,Restaurant,FAILED,True
CBK0002591,TXN00004763,USR40127,MCH4473,Customer says transaction was not authorized.,2865.75,2026-03-10 00:00:00,2026-03-12 23:20:31,2026-03-19 23:20:31,PENDING_BANK,MEDIUM,Duplicate Debit,Chatbot,2.0,True,False,False,18866.69,Transportation,SUCCESS,False
CBK0001957,TXN00009699,USR64159,MCH2134,MERCHANT SERVICE WAS NOT DELIVERED AFTER PAYMENT.,3917.9,2026-02-03 10:47:22,2026-02-06 00:00:00,2026-03-03 00:00:00,IN_PROGRESS,HIGH,Duplicate Debit,Chatbot,2.0,True,False,False,13304.39,Grocery,FAILED,False
CBK0000922,TXN00018185,USR61372,MCH8331,user reports money deducted but merchant denies receiving payment.,660.0,2026-02-27 00:00:00,2026-02-28 00:00:00,,OPEN,CRITICAL,Service Not Delivered,Email,1.0,True,True,True,7159.0,Misc Retail,SUCCESS,False
CBK0000118,TXN00008970,USR64312,MCH2858,Payment made to unknown merchant as per customer statement.,450.63,2026-01-26 00:00:00,,,CLOSED,LOW,Suspected Fraud,IVR,,True,False,False,1678.0,Hotel / Lodging,PENDING,False
CBK0002416,TXN00007831,USR38240,MCH6533,Suspicious high-value payment disputed by customer.,905.66,2026-01-06 01:46:00,2026-01-07 00:00:00,2026-01-28 08:46:41,OPEN,LOW,Account Takeover,Email,0.0,True,False,False,5019.72,Restaurant,SUCCESS,False
CBK0000075,TXN00014086,USR84007,MCH8154,User reports money deducted but merchant denies receiving payment.,1493.94,2026-03-18 00:00:00,2026-03-25 00:00:00,2026-03-26 00:00:00,RESOLVED,MEDIUM,Suspected Fraud,App,7.0,True,False,True,11378.83,Medical / Pharmacy,SUCCESS,False
CBK0001584,TXN00016151,USR53727,MCH3815,Merchant service was not delivered after payment.,1236.73,2026-02-03 00:00:00,2026-02-04 08:28:07,2026-03-06 00:00:00,IN_PROGRESS,LOW,Account Takeover,Call Center,1.0,True,True,False,24396.0,Restaurant,SUCCESS,False
CBK0001958,TXN00018222,USR46902,MCH5561,Customer complaint text unclear due to poor call center notes.,1611.0,2026-03-08 00:00:00,2026-03-10 18:32:00,,CLOSED,LOW,Service Not Delivered,Branch,2.0,True,True,False,16786.64,Hotel / Lodging,SUCCESS,False
CBK0001192,,USR17450,MCH6659,CUSTOMER SAYS AMOUNT WAS DEBITED TWICE.,4315.76,2026-03-24 09:19:34,2026-03-31 00:00:00,2026-04-30 20:19:34,REJECTED,LOW,Suspected Fraud,IVR,6.0,False,True,False,,,,False
CBK0002096,TXN00008557,USR89656,MCH4345,Payment made to unknown merchant as per customer statement.,752.0,2026-03-14 00:00:00,2026-03-20 00:00:00,,REJECTED,HIGH,Suspected Fraud,Chatbot,6.0,True,True,False,1686.67,Apparel,SUCCESS,False
CBK0000989,TXN00012972,USR33348,MCH5173,Customer says amount was debited twice.,1647.57,2026-03-03 18:36:37,2026-03-14 13:36:37,2026-03-20 00:00:00,RESOLVED,CRITICAL,Unauthorized Transaction,IVR,10.0,True,True,False,23156.0,Grocery,SUCCESS,False
CBK0002306,TXN00008650,USR32641,MCH1565,user claims account was compromised before transaction.,1166.57,2026-02-18 00:00:00,2026-02-19 00:00:00,2026-03-12 00:00:00,OPEN,MEDIUM,Service Not Delivered,Chatbot,1.0,True,True,False,5351.0,Hotel / Lodging,SUCCESS,False
CBK0001387,TXN00008870,USR26871,MCH3687,Suspicious high-value payment disputed by customer.,4628.47,2026-01-20 19:35:20,2026-01-23 00:00:00,,REJECTED,MEDIUM,Unauthorized Transaction,Chatbot,2.0,True,False,False,8762.41,Telecom,PENDING,False
CBK0000996,TXN00000021,USR22644,MCH4473,Complaint received after multiple failed attempts. pls check asap,1284.05,2026-01-07 00:00:00,2026-01-17 19:42:38,2026-02-11 00:00:00,REJECTED,LOW,Customer Dispute,Chatbot,10.0,True,True,False,15300.2,Hotel / Lodging,SUCCESS,False
CBK0001421,TXN00015594,USR50434,MCH6889,Customer complaint text unclear due to poor call center notes.,1421.26,2026-01-26 00:00:00,2026-01-30 00:00:00,2026-02-17 10:08:54,OPEN,LOW,Account Takeover,Email,4.0,True,True,True,16513.06,Grocery,SUCCESS,False
CBK0000238,TXN00008222,USR40061,MCH2274,User reports money deducted but merchant denies receiving payment.,4360.22,2026-02-19 00:00:00,2026-02-22 00:00:00,,IN_PROGRESS,LOW,Customer Dispute,App,3.0,True,True,True,4822.61,Grocery,SUCCESS,False
CBK0001241,TXN00019245,USR99206,MCH4590,Customer complaint text unclear due to poor call center notes.,2987.16,2026-03-11 00:00:00,2026-03-12 00:00:00,2026-04-06 00:00:00,CLOSED,MEDIUM,Suspected Fraud,Branch,1.0,True,False,False,24866.41,Grocery,SUCCESS,False
CBK0000558,TXN00006037,USR26658,MCH7509,user reports money deducted but merchant denies receiving payment.,739.74,2026-02-13 00:00:00,2026-02-14 00:00:00,2026-02-22 03:45:00,CLOSED,LOW,Customer Dispute,Email,1.0,True,False,True,17844.37,Grocery,SUCCESS,False
CBK0001977,TXN00000225,USR94159,MCH5655,Payment made to unknown merchant as per customer statement.,666.0,2026-03-07 00:00:00,2026-03-07 22:21:00,,RESOLVED,HIGH,Customer Dispute,Branch,0.0,True,False,False,6637.41,Grocery,SUCCESS,False
CBK0000076,TXN00001158,USR27355,MCH5963,CUSTOMER SAYS TRANSACTION WAS NOT AUTHORIZED.,461.85,2026-01-04 00:00:00,2026-01-05 22:59:45,2026-01-09 22:59:00,REJECTED,LOW,Service Not Delivered,IVR,1.0,True,False,True,22022.96,Grocery,SUCCESS,False
CBK0002083,TXN00014640,USR17657,MCH2822,Suspicious high-value payment disputed by customer. NA,5247.0,2026-03-25 00:00:00,2026-03-27 00:00:00,2026-04-03 14:05:27,CLOSED,LOW,Service Not Delivered,Email,2.0,True,False,False,15971.7,Medical / Pharmacy,SUCCESS,False
CBK0001948,TXN00014225,USR73728,MCH8953,Payment made to unknown merchant as per customer statement.,13050.0,2026-02-17 00:00:00,2026-02-18 00:00:00,,OPEN,MEDIUM,Unauthorized Transaction,Call Center,1.0,True,False,True,13050.0,Transportation,SUCCESS,True
CBK0002583,TXN00016902,USR33856,MCH4131,Customer says amount was debited twice.,1595.05,2026-01-15 15:10:59,2026-01-17 22:10:59,2026-02-10 00:00:00,PENDING_BANK,LOW,Unauthorized Transaction,Branch,2.0,True,False,True,3934.9,Transportation,SUCCESS,False
CBK0002069,TXN00019571,USR23992,MCH5315,User claims account was compromised before transaction.,475.0,,2026-03-05 00:00:00,2026-04-04 21:12:20,OPEN,MEDIUM,Unauthorized Transaction,Branch,,True,True,False,12052.46,Department Store,SUCCESS,False
CBK0000924,TXN00003076,USR28031,MCH8603,User says UPI PIN was not entered by them.,342.0,2026-01-01 00:00:00,,2026-01-24 01:31:00,PENDING_BANK,MEDIUM,Customer Dispute,App,,True,False,True,21653.73,Grocery,SUCCESS,False
CBK0002449,TXN00010509,USR57946,MCH4966,Suspicious high-value payment disputed by customer.,1835.21,2026-02-26 06:53:00,2026-02-28 00:00:00,2026-03-25 00:00:00,OPEN,MEDIUM,Service Not Delivered,IVR,1.0,True,False,False,17828.66,Apparel,SUCCESS,False
CBK0000169,TXN00084777,USR83541,MCH9196,Payment made to unknown merchant as per customer statement.,1091.87,2026-03-02 00:00:00,,2026-03-22 00:00:00,OPEN,MEDIUM,Suspected Fraud,App,,False,True,True,,,,False
CBK0001675,TXN00007698,USR30500,MCH1290,Merchant service was not delivered after payment.,1746.55,2026-03-25 00:00:00,2026-03-27 00:00:00,2026-04-10 05:50:27,RESOLVED,MEDIUM,Duplicate Debit,Branch,2.0,True,False,False,17241.46,Misc Retail,SUCCESS,False
CBK0002129,TXN00005777,USR99787,MCH8779,Customer says amount was debited twice.,891.95,2026-03-05 00:00:00,2026-03-21 00:00:00,2026-04-02 00:00:00,OPEN,HIGH,Suspected Fraud,Call Center,16.0,True,False,True,15672.57,Book Store,SUCCESS,False
CBK0000286,TXN00017361,USR62049,MCH6810,user claims account was compromised before transaction.,1755.45,2026-02-01 02:57:51,2026-02-11 00:00:00,2026-02-28 00:00:00,IN_PROGRESS,LOW,Unauthorized Transaction,IVR,9.0,True,False,False,14141.15,Medical / Pharmacy,SUCCESS,False
CBK0002438,TXN00006364,USR79500,MCH2963,Complaint received after multiple failed attempts.,2678.39,2026-02-17 00:00:00,2026-02-18 21:05:00,2026-03-16 00:00:00,CLOSED,LOW,Service Not Delivered,Email,1.0,True,False,False,11750.41,Hotel / Lodging,SUCCESS,False
CBK0002365,TXN00000567,USR77716,MCH2387,suspicious high-value payment disputed by customer.,1015.09,2026-03-15 16:57:45,2026-03-19 00:00:00,2026-04-12 05:57:00,OPEN,LOW,Suspected Fraud,Chatbot,3.0,True,False,True,9812.18,Transportation,SUCCESS,False
CBK0002224,TXN00008421,USR39089,MCH2822,User claims account was compromised before transaction.,964.56,2026-01-06 00:00:00,2026-01-11 00:00:00,2026-01-17 00:00:00,CLOSED,LOW,Unauthorized Transaction,Call Center,5.0,True,True,False,14300.0,Transportation,SUCCESS,False
CBK0000686,TXN00000850,USR54783,MCH8420,Customer says txn was not authorized.,1203.18,2026-01-23 00:00:00,2026-01-20 00:00:00,,PENDING_BANK,MEDIUM,Unauthorized Transaction,Branch,,True,True,False,14888.67,Hotel / Lodging,SUCCESS,False
CBK0002291,TXN00000916,USR59058,MCH4473,Merchant service was not delivered after payment. details missing,577.0,2026-01-01 00:19:40,2026-01-03 00:00:00,,OPEN,HIGH,Unauthorized Transaction,IVR,1.0,True,False,False,10908.8,Grocery,SUCCESS,False
CBK0000999,TXN00009812,USR25934,MCH4473,User reports money deducted but merchant denies receiving payment. details missing,2069.51,2026-03-11 14:54:18,2026-03-15 00:00:00,2026-04-01 00:00:00,OPEN,LOW,Customer Dispute,Call Center,3.0,True,False,False,20709.0,Medical / Pharmacy,SUCCESS,False
CBK0002761,TXN00017387,USR73413,MCH2266,User says UPI PIN was not entered by them.,303.26,2026-03-09 00:00:00,2026-03-12 11:20:23,2026-03-30 00:00:00,OPEN,MEDIUM,Service Not Delivered,App,3.0,True,True,True,15565.86,Hotel / Lodging,SUCCESS,False
CBK0002125,TXN00011157,USR38625,MCH3327,Customer says transaction was not authorized. urgent,2138.06,2026-01-26 03:53:00,2026-02-10 00:00:00,2026-02-16 06:53:00,PENDING_BANK,MEDIUM,Customer Dispute,IVR,14.0,True,False,True,23576.79,Medical / Pharmacy,SUCCESS,False
CBK0002511,TXN00014471,USR91311,MCH8100,COMPLAINT RECEIVED AFTER MULTIPLE FAILED ATTEMPTS.,2509.27,2026-02-21 00:00:00,2026-02-27 00:00:00,,OPEN,HIGH,Account Takeover,IVR,6.0,True,False,False,22228.52,Restaurant,FAILED,False
CBK0002548,TXN00003431,USR51725,MCH1320,User reports money deducted but merchant denies receiving payment.,3242.15,2026-01-01 00:00:00,2026-01-09 00:00:00,2026-01-09 00:08:00,OPEN,MEDIUM,Service Not Delivered,Chatbot,8.0,True,False,True,14527.95,Medical / Pharmacy,FAILED,False
CBK0002220,TXN00018020,USR89284,MCH2757,Payment made to unknown merchant as per customer statement.,1238.72,2026-03-15 13:36:00,2026-03-18 00:00:00,2026-04-10 01:36:14,CLOSED,LOW,Service Not Delivered,Call Center,2.0,True,False,True,1560.66,Grocery,SUCCESS,False
CBK0000131,,USR16031,MCH4997,Customer complaint text unclear due to poor call center notes.,1424.0,2026-02-21 20:10:28,2026-02-23 00:00:00,2026-03-21 00:00:00,IN_PROGRESS,HIGH,Unauthorized Transaction,Call Center,1.0,False,True,False,,,,False
CBK0001441,TXN00017441,USR80479,MCH2733,Customer says amount was debited twice.,766.94,2026-01-12 00:00:00,2026-01-15 00:00:00,,IN_PROGRESS,HIGH,Unauthorized Transaction,Call Center,3.0,True,False,True,13373.15,Transportation,SUCCESS,False
CBK0001641,TXN00012030,USR59679,MCH5954,Customer complaint text unclear due to poor call center notes.,7738.63,2026-03-30 18:54:00,,2026-04-23 00:00:00,REJECTED,LOW,Service Not Delivered,Call Center,,True,False,True,7738.63,Hotel / Lodging,PENDING,True
CBK0002766,TXN00011236,USR61715,MCH4062,Customer says amount was debited twice.,12760.0,2026-02-17 00:00:00,2026-02-19 00:00:00,2026-02-26 00:00:00,RESOLVED,LOW,Suspected Fraud,IVR,2.0,True,False,True,12760.0,Restaurant,SUCCESS,True
CBK0001084,TXN00017437,USR13933,MCH2265,Customer complaint text unclear due to poor call center notes.,1311.0,2026-01-17 10:41:08,2026-01-18 00:00:00,2026-02-09 00:00:00,PENDING_BANK,MEDIUM,Customer Dispute,Chatbot,0.0,True,False,True,10160.24,,SUCCESS,False
CBK0001109,TXN00008405,USR77137,MCH8779,Suspicious high-value payment disputed by customer.,1327.89,2026-02-18 00:00:00,2026-02-20 00:00:00,2026-02-28 01:12:00,CLOSED,MEDIUM,Duplicate Debit,App,2.0,True,False,True,11367.52,Misc Retail,SUCCESS,False
CBK0001142,TXN00013418,USR55881,MCH1320,User claims account was compromised before transaction.,6925.85,2026-01-13 19:02:00,2026-01-15 00:00:00,,CLOSED,MEDIUM,Service Not Delivered,IVR,1.0,True,False,True,23993.57,Transportation,PENDING,False
CBK0000777,,USR41853,MCH3327,Customer says amount was debited twice.,7674.18,2026-03-01 00:00:00,,,IN_PROGRESS,LOW,Unauthorized Transaction,Chatbot,,False,False,True,,,,False
CBK0002610,TXN00011255,USR62673,MCH3100,Merchant service was not delivered after payment.,2068.22,2026-01-06 00:00:00,2026-01-21 17:51:37,2026-01-25 17:51:37,OPEN,LOW,Account Takeover,Call Center,15.0,True,False,False,8219.44,Transportation,SUCCESS,False
CBK0000938,TXN00011273,USR80424,MCH1874,Customer says amount was debited twice.,1062.27,2026-02-16 00:00:00,2026-02-21 00:00:00,2026-02-28 00:00:00,RESOLVED,CRITICAL,Service Not Delivered,Branch,5.0,True,False,True,14088.96,Restaurant,SUCCESS,False
CBK0000720,TXN00009292,USR62461,MCH8044,Payment made to unknown merchant as per cust statement.,2299.02,2026-01-16 00:00:00,2026-01-21 00:00:00,,IN_PROGRESS,LOW,Suspected Fraud,Chatbot,5.0,True,False,True,13725.56,Hotel / Lodging,SUCCESS,False
CBK0000534,TXN00009187,USR89514,MCH5319,User says UPI PIN was not entered by them. details missing,3008.39,2026-01-18 00:00:00,2026-01-19 00:00:00,2026-02-07 00:00:00,CLOSED,LOW,Service Not Delivered,Email,1.0,True,False,False,18214.49,Transportation,SUCCESS,False
CBK0001713,TXN00019900,USR24117,MCH3622,Complaint received after multiple failed attempts. call dropped,4072.76,2026-01-19 00:00:00,2026-01-27 00:00:00,,IN_PROGRESS,MEDIUM,Service Not Delivered,Branch,8.0,True,False,False,7918.7,Grocery,FAILED,False
CBK0002694,TXN00017451,USR11727,MCH6810,Customer says transaction was not authorized.,1007.69,2026-03-04 00:00:00,2026-03-06 17:47:56,2026-03-25 00:00:00,PENDING_BANK,LOW,Service Not Delivered,IVR,2.0,True,False,False,24562.42,,SUCCESS,False
CBK0002018,TXN00005542,USR80304,MCH8953,Complaint received after multiple failed attempts.,236.16,2026-01-31 00:00:00,2026-02-01 10:25:53,,IN_PROGRESS,MEDIUM,Duplicate Debit,App,1.0,True,False,True,16242.4,Hotel / Lodging,SUCCESS,False
CBK0002775,TXN00018203,USR60939,MCH9570,Complaint received after multiple failed attempts.,1403.54,,2026-02-12 08:26:59,2026-02-15 08:26:00,CLOSED,LOW,Unauthorized Transaction,App,,True,False,False,24755.06,Restaurant,SUCCESS,False
CBK0002030,TXN00019111,USR11036,MCH5122,Payment made to unknown merchant as per customer statement.,1094.0,2026-01-15 00:00:00,2026-01-19 03:25:00,2026-01-22 00:00:00,REJECTED,HIGH,Unauthorized Transaction,Email,4.0,True,False,True,12522.63,Grocery,SUCCESS,False
CBK0002007,TXN00018681,USR53356,MCH5076,merchant service was not delivered after payment.,5525.44,2026-03-06 00:00:00,2026-03-06 00:00:00,,PENDING_BANK,MEDIUM,Wrong Amount,Chatbot,0.0,True,True,False,4418.9,Restaurant,FAILED,False
CBK0001825,TXN00000995,USR60939,MCH9788,customer says amount was debited twice.,9030.74,,2026-02-22 00:00:00,2026-03-06 00:00:00,IN_PROGRESS,MEDIUM,Suspected Fraud,App,,True,False,False,9030.74,Hotel / Lodging,SUCCESS,True
CBK0000191,TXN00016165,USR22024,MCH5684,Merchant service was not delivered after payment. urgent,4335.54,2026-02-10 00:00:00,2026-02-16 00:00:00,2026-02-19 00:00:00,CLOSED,HIGH,Service Not Delivered,Branch,6.0,True,True,True,10536.53,,SUCCESS,False
CBK0001412,TXN00007645,USR75440,MCH4862,Customer says transaction was not authorized.,1667.95,2026-02-23 00:00:00,2026-02-23 00:00:00,2026-03-21 10:58:05,IN_PROGRESS,CRITICAL,Service Not Delivered,Email,0.0,True,False,False,4126.3,Hotel / Lodging,SUCCESS,False
CBK0000015,TXN00003408,USR88037,MCH7845,Suspicious high-value payment disputed by cust.,895.1,,,2026-04-01 14:30:26,IN_PROGRESS,MEDIUM,Service Not Delivered,IVR,,True,True,True,24940.73,Medical / Pharmacy,SUCCESS,False
CBK0001722,TXN00001041,USR72483,MCH9013,customer says amount was debited twice.,1977.08,2026-01-06 00:00:00,2026-01-08 00:00:00,2026-01-18 00:00:00,PENDING_BANK,LOW,Wrong Amount,Branch,2.0,True,False,False,13491.89,Grocery,SUCCESS,False
CBK0000826,TXN00002919,USR50535,MCH2014,customer says amount was debited twice.,4331.37,2026-01-11 00:00:00,2026-01-13 00:00:00,,PENDING_BANK,HIGH,Suspected Fraud,IVR,2.0,True,False,True,10571.5,Grocery,SUCCESS,False
CBK0001912,TXN00004776,USR25848,MCH1193,Complaint received after multiple failed attempts.,2319.55,2026-01-17 01:51:00,2026-01-22 00:00:00,2026-01-30 21:51:51,REJECTED,HIGH,Service Not Delivered,Chatbot,4.0,True,False,True,20689.82,Grocery,SUCCESS,False
CBK0002561,TXN00002204,USR14039,MCH6810,User says UPI PIN was not entered by them.,455.59,2026-03-04 00:00:00,2026-03-08 00:00:00,2026-03-11 00:00:00,IN_PROGRESS,HIGH,Unauthorized Transaction,IVR,4.0,True,False,False,1060.2,Medical / Pharmacy,SUCCESS,False
CBK0000224,TXN00019488,USR33856,MCH7833,User says UPI PIN was not entered by them. urgent,6544.91,,2026-01-11 04:59:00,,CLOSED,MEDIUM,Service Not Delivered,Chatbot,,True,False,True,4477.62,Restaurant,SUCCESS,False
CBK0000554,TXN00016199,USR58457,MCH2818,Payment made to unknown merchant as per customer statement.,4366.91,2026-03-03 00:00:00,2026-03-13 00:00:00,2026-03-20 00:00:00,IN_PROGRESS,HIGH,Account Takeover,Chatbot,10.0,True,False,True,15797.09,Telecom,SUCCESS,False
CBK0001687,TXN00003168,USR79935,MCH8154,merchant service was not delivered after payment.,2132.64,2026-02-26 00:00:00,2026-03-01 00:00:00,2026-03-11 03:30:00,PENDING_BANK,MEDIUM,Suspected Fraud,Chatbot,3.0,True,False,True,2643.78,Transportation,FAILED,False
CBK0001186,TXN00018221,USR54313,MCH9511,User claims account was compromised before transaction. pls check asap,119.0,2026-01-30 00:00:00,2026-03-17 00:00:00,2026-04-03 00:00:00,OPEN,LOW,Wrong Amount,Branch,46.0,True,False,False,9208.06,Telecom,SUCCESS,False
CBK0000923,TXN00094657,USR35229,MCH1505,Merchant service was not delivered after payment.,2556.0,2026-03-23 00:00:00,2026-04-23 00:00:00,2026-04-26 00:00:00,CLOSED,HIGH,Wrong Amount,Branch,31.0,False,False,False,,,,False
CBK0000322,TXN00019719,USR68594,MCH8391,merchant service was not delivered after payment.,4373.83,2026-03-23 00:00:00,2026-04-02 20:20:18,2026-04-18 20:20:18,CLOSED,HIGH,Service Not Delivered,Branch,10.0,True,False,True,22907.0,Medical / Pharmacy,SUCCESS,False
CBK0000056,TXN00002715,USR49193,MCH9467,Merchant service was not delivered after payment.,43.83,2026-01-23 00:00:00,2026-02-03 08:44:00,,REJECTED,HIGH,Service Not Delivered,Chatbot,11.0,True,False,True,43.83,Transportation,SUCCESS,True
CBK0000778,TXN00004797,USR73637,MCH1026,customer says transaction was not authorized.,3784.33,2026-01-12 03:41:00,2026-02-27 00:00:00,,RESOLVED,MEDIUM,Unauthorized Transaction,Call Center,45.0,True,True,False,4115.53,Transportation,FAILED,False
CBK0001904,TXN00006057,USR27947,MCH5098,Merchant service was not delivered after payment.,378.18,2026-01-23 08:43:00,2026-01-26 00:00:00,2026-02-15 09:43:00,PENDING_BANK,HIGH,Wrong Amount,Call Center,2.0,True,True,False,11802.84,Department Store,SUCCESS,False
CBK0001858,TXN00019309,USR57601,MCH7194,User claims account was compromised before transaction.,6862.58,2026-01-10 00:00:00,2026-01-11 00:00:00,,IN_PROGRESS,HIGH,Customer Dispute,App,1.0,True,False,True,22398.14,Grocery,SUCCESS,False
CBK0001327,TXN00010704,USR57352,MCH9854,Complaint received after multiple failed attempts.,2880.65,2026-01-15 20:40:00,2026-01-21 00:00:00,,IN_PROGRESS,LOW,Suspected Fraud,Branch,5.0,True,False,False,24551.3,Medical / Pharmacy,SUCCESS,False
CBK0000612,TXN00008353,USR59073,MCH2016,customer says transaction was not authorized.,1208.71,2026-03-04 00:00:00,2026-03-06 18:57:42,2026-03-11 18:57:00,REJECTED,MEDIUM,Suspected Fraud,Branch,2.0,True,False,True,21312.45,Telecom,SUCCESS,False
CBK0001251,TXN00007334,USR34180,MCH8904,PAYMENT MADE TO UNKNOWN MERCHANT AS PER CUSTOMER STATEMENT.,903.47,2026-03-05 00:00:00,2026-03-08 00:00:00,2026-03-19 00:00:00,CLOSED,LOW,Service Not Delivered,Chatbot,3.0,True,False,False,12967.14,Transportation,FAILED,False
CBK0000036,TXN00007642,USR23143,MCH2032,Customer says transaction was not authorized. NA,1258.0,2026-01-14 00:00:00,2026-01-17 16:21:03,2026-02-05 16:21:03,REJECTED,CRITICAL,Customer Dispute,Email,3.0,True,True,True,8323.93,Misc Retail,SUCCESS,False
CBK0001074,TXN00016035,USR30137,MCH4252,Customer complaint text unclear due to poor call center notes.,2162.74,2026-03-18 00:00:00,2026-03-20 00:00:00,,OPEN,MEDIUM,Duplicate Debit,Branch,2.0,True,False,False,18760.31,Misc Retail,SUCCESS,False
CBK0000045,TXN00018877,USR30701,MCH8391,Payment made to unknown merchant as per customer statement.,2653.61,,2026-03-10 00:00:00,,OPEN,CRITICAL,Service Not Delivered,Chatbot,,True,False,True,2633.71,Grocery,FAILED,False
CBK0002044,TXN00012234,USR38814,MCH2495,Customer says amount was debited twice.,1786.57,2026-02-25 00:00:00,2026-04-11 00:00:00,2026-04-17 00:00:00,PENDING_BANK,CRITICAL,Unauthorized Transaction,IVR,45.0,True,True,True,5311.01,,SUCCESS,False
CBK0002390,TXN00008564,USR53527,MCH1450,USER CLAIMS ACCOUNT WAS COMPROMISED BEFORE TRANSACTION.,7520.47,2026-03-14 00:00:00,2026-03-20 12:52:19,2026-04-18 00:00:00,RESOLVED,MEDIUM,Service Not Delivered,Chatbot,6.0,True,False,True,22047.55,Restaurant,SUCCESS,False
CBK0000991,TXN00016978,USR85967,MCH9642,Customer says amount was debited twice.,3895.0,2026-03-28 06:01:00,2026-04-12 20:01:14,2026-04-12 00:00:00,CLOSED,MEDIUM,Suspected Fraud,IVR,15.0,True,False,True,22590.54,Restaurant,SUCCESS,False
CBK0001740,TXN00009712,USR32707,MCH4181,User reports money deducted but merchant denies receiving payment.,803.59,2026-01-28 00:00:00,2026-01-29 00:00:00,2026-02-28 00:00:00,CLOSED,MEDIUM,Customer Dispute,App,1.0,True,True,False,21493.04,,SUCCESS,False
CBK0000182,TXN00013078,USR91108,MCH4931,Suspicious high-value payment disputed by customer.,3943.46,2026-02-06 21:01:00,2026-02-06 00:00:00,2026-03-01 00:00:00,OPEN,CRITICAL,Service Not Delivered,App,,True,False,False,16342.48,Medical / Pharmacy,SUCCESS,False
CBK0002641,TXN00005655,USR10307,MCH4859,Merchant service was not delivered after payment.,5976.8,2026-02-27 00:00:00,2026-03-03 00:00:00,,OPEN,HIGH,Wrong Amount,Chatbot,4.0,True,False,True,3161.49,Grocery,SUCCESS,False
CBK0001106,TXN00081951,USR84942,MCH2073,Customer says transaction was not authorized. call dropped,3816.43,2026-02-12 01:12:00,,2026-03-12 00:00:00,PENDING_BANK,MEDIUM,Account Takeover,Branch,,False,False,False,,,,False
CBK0002466,TXN00013029,USR16995,MCH7040,Customer says transaction was not authorized.,1491.88,2026-01-13 05:39:00,2026-01-15 19:39:00,2026-01-25 19:39:06,REJECTED,MEDIUM,Service Not Delivered,Email,2.0,True,False,True,4658.35,Medical / Pharmacy,SUCCESS,False
CBK0001305,TXN00017826,USR89617,MCH5076,Payment made to unknown merchant as per customer statement.,5617.04,2026-01-18 23:38:00,2026-02-03 00:00:00,2026-02-24 00:00:00,IN_PROGRESS,LOW,Account Takeover,IVR,15.0,True,False,False,17859.44,Transportation,SUCCESS,False
CBK0002675,TXN00007158,USR38065,MCH6195,User reports money deducted but merchant denies receiving payment.,1520.53,2026-02-10 00:00:00,2026-02-25 18:38:29,2026-02-25 00:00:00,IN_PROGRESS,HIGH,Service Not Delivered,IVR,15.0,True,True,False,11550.54,Medical / Pharmacy,FAILED,False
CBK0002337,TXN00008947,USR74187,MCH2877,Customer says amount was debited twice.,4079.0,2026-01-05 00:00:00,2026-01-08 00:00:00,2026-01-14 00:00:00,RESOLVED,LOW,Customer Dispute,IVR,3.0,True,True,False,19540.26,Medical / Pharmacy,SUCCESS,False
CBK0000211,TXN00019098,USR76655,MCH2383,Complaint received after multiple failed attempts.,536.94,2026-02-12 00:00:00,2026-02-27 00:00:00,2026-03-14 00:00:00,PENDING_BANK,MEDIUM,Account Takeover,Email,15.0,True,True,True,15205.68,Medical / Pharmacy,SUCCESS,False
CBK0000042,TXN00001246,USR48537,MCH2700,customer says transaction was not authorized.,702.0,2026-02-08 00:00:00,,2026-02-25 00:00:00,CLOSED,HIGH,Customer Dispute,IVR,,True,False,False,15659.25,Grocery,FAILED,False
CBK0002778,TXN00034155,USR63286,MCH5795,Suspicious high-value payment disputed by customer.,736.99,2026-03-31 00:00:00,2026-05-15 00:00:00,,PENDING_BANK,MEDIUM,Service Not Delivered,Chatbot,45.0,False,False,True,,,,False
CBK0002652,TXN00008454,USR79705,MCH2757,Suspicious high-value payment disputed by customer.,268.0,,2026-02-27 00:00:00,2026-03-14 00:00:00,PENDING_BANK,MEDIUM,Account Takeover,Chatbot,,True,True,True,11044.27,Medical / Pharmacy,SUCCESS,False
CBK0000226,TXN00015815,USR35149,MCH8971,Customer complaint text unclear due to poor call center notes.,458.03,2026-02-11 01:43:00,2026-02-26 00:00:00,,IN_PROGRESS,LOW,Customer Dispute,Email,14.0,True,False,False,9326.52,Grocery,SUCCESS,False
CBK0001226,TXN00014655,USR64776,MCH4837,customer complaint text unclear due to poor call center notes.,290.31,2026-01-19 00:00:00,2026-01-29 00:00:00,2026-02-08 00:00:00,PENDING_BANK,HIGH,Duplicate Debit,Chatbot,10.0,True,False,False,11900.09,Misc Retail,SUCCESS,False
CBK0001961,TXN00004780,USR62254,MCH9817,Customer says transaction was not authorized.,673.13,2026-02-05 00:00:00,2026-02-06 00:00:00,,PENDING_BANK,HIGH,Suspected Fraud,IVR,1.0,True,True,False,5846.85,Transportation,SUCCESS,False
CBK0001650,TXN00007842,USR43371,MCH9291,Customer says amount was debited twice.,5443.0,2026-03-24 00:00:00,2026-03-27 00:00:00,2026-04-21 00:00:00,IN_PROGRESS,LOW,Wrong Amount,IVR,3.0,True,False,True,10993.3,Hotel / Lodging,FAILED,False
CBK0002294,TXN00004771,USR12753,MCH9267,Complaint received after multiple failed attempts.,5005.08,2026-02-03 00:00:00,2026-02-19 00:00:00,,PENDING_BANK,CRITICAL,Customer Dispute,Chatbot,16.0,True,True,False,184.49,Grocery,SUCCESS,False
CBK0000256,TXN00001617,USR63778,MCH6614,User reports money deducted but merchant denies receiving payment.,14278.2,2026-01-29 00:00:00,2026-01-30 00:00:00,2026-02-17 00:00:00,IN_PROGRESS,LOW,Service Not Delivered,IVR,1.0,True,False,False,24853.54,Grocery,SUCCESS,False
CBK0000634,TXN00003160,USR20310,MCH5168,USER SAYS UPI PIN WAS NOT ENTERED BY THEM.,11376.0,2026-03-14 00:00:00,2026-03-14 07:16:00,,REJECTED,LOW,Wrong Amount,Email,0.0,True,True,False,7316.65,Grocery,SUCCESS,False
CBK0001898,TXN00012370,USR72048,MCH5535,User claims account was compromised before transaction.,9690.23,2026-03-29 00:00:00,2026-04-02 00:00:00,,OPEN,MEDIUM,Duplicate Debit,Call Center,4.0,True,False,False,21023.82,Transportation,FAILED,False
CBK0001953,TXN00002867,USR48061,MCH8600,Suspicious high-value payment disputed by customer.,4361.29,2026-01-15 00:00:00,2026-01-16 10:12:56,2026-01-24 00:00:00,PENDING_BANK,LOW,Customer Dispute,Email,1.0,True,False,True,12922.0,Department Store,SUCCESS,False
CBK0000414,TXN00071282,USR51465,MCH8403,USER CLAIMS ACCOUNT WAS COMPROMISED BEFORE TRANSACTION.,4105.21,2026-03-05 00:00:00,2026-03-21 02:45:00,2026-03-30 02:45:00,IN_PROGRESS,CRITICAL,Account Takeover,Call Center,16.0,False,False,False,,,,False
CBK0000229,TXN00011498,USR25152,MCH5516,User says UPI PIN was not entered by them.,1209.77,2026-03-10 08:33:00,2026-03-13 00:00:00,2026-03-18 16:33:39,IN_PROGRESS,LOW,Suspected Fraud,Chatbot,2.0,True,False,True,9971.01,Apparel,SUCCESS,False
CBK0002621,TXN00013196,USR25302,MCH2285,Merchant service was not delivered after payment.,4814.0,2026-01-05 00:00:00,2026-01-08 00:00:00,2026-02-06 00:00:00,PENDING_BANK,MEDIUM,Service Not Delivered,Branch,3.0,True,False,False,21251.0,Grocery,PENDING,False
CBK0002599,TXN00015427,USR46465,MCH3243,Customer says transaction was not authorized. NA,1089.6,2026-03-04 00:00:00,2026-04-04 00:00:00,2026-04-18 00:00:00,OPEN,MEDIUM,Suspected Fraud,Chatbot,31.0,True,True,False,15289.74,Hotel / Lodging,SUCCESS,False
CBK0001385,TXN00015532,USR43241,MCH2822,Customer says transaction was not authorized.,90.26,2026-02-02 21:47:00,2026-02-03 00:00:00,2026-02-15 00:00:00,PENDING_BANK,CRITICAL,Account Takeover,App,0.0,True,True,False,16399.67,Misc Retail,SUCCESS,False
CBK0001645,TXN00004849,USR87914,MCH2065,Payment made to unknown merchant as per customer statement.,1212.0,2026-03-31 15:04:00,2026-04-03 00:00:00,2026-04-04 09:04:41,IN_PROGRESS,MEDIUM,Service Not Delivered,Branch,2.0,True,False,False,19090.26,Hotel / Lodging,SUCCESS,False
CBK0000995,TXN00005999,USR40639,MCH1381,COMPLAINT RECEIVED AFTER MULTIPLE FAILED ATTEMPTS.,3530.1,2026-01-11 20:47:00,2026-01-13 00:00:00,,IN_PROGRESS,LOW,Service Not Delivered,Chatbot,1.0,True,False,False,12137.41,Telecom,SUCCESS,False
CBK0000553,TXN00001388,USR38124,MCH8462,merchant service was not delivered after payment.,5809.0,2026-03-07 00:00:00,2026-03-09 16:59:00,2026-03-18 00:00:00,CLOSED,HIGH,Service Not Delivered,Email,2.0,True,True,False,3280.53,Grocery,SUCCESS,False
CBK0000812,TXN00003721,USR76959,MCH8190,User says UPI PIN was not entered by them.,3807.76,,2026-03-05 00:00:00,,CLOSED,HIGH,Suspected Fraud,Branch,,True,False,False,8591.23,Grocery,SUCCESS,False
CBK0000841,TXN00007967,USR49028,MCH7643,Customer says transaction was not authorized. call dropped,6879.64,2026-03-31 00:00:00,2026-04-11 00:00:00,2026-04-12 01:44:00,REJECTED,HIGH,Service Not Delivered,IVR,11.0,True,False,False,6879.64,,SUCCESS,True
CBK0000266,TXN00006755,USR13301,MCH5226,Customer complaint text unclear due to poor call center notes. call dropped,1874.0,2026-01-07 00:00:00,2026-01-07 00:00:00,2026-02-02 18:44:26,CLOSED,MEDIUM,Wrong Amount,Call Center,0.0,True,False,True,45.69,Misc Retail,SUCCESS,False
CBK0002431,TXN00015350,USR95800,MCH4448,Customer complaint text unclear due to poor call center notes.,676.77,2026-03-26 01:08:15,2026-03-28 03:08:15,2026-04-10 03:08:00,IN_PROGRESS,LOW,Account Takeover,Call Center,2.0,True,False,True,15558.72,Hotel / Lodging,SUCCESS,False
CBK0000907,TXN00018961,USR73332,MCH5096,Merchant service was not delivered after payment.,409.0,2026-03-24 00:00:00,,,RESOLVED,LOW,Account Takeover,IVR,,True,True,False,15919.36,Department Store,SUCCESS,False
CBK0000568,TXN00005915,USR19528,MCH9192,Customer says transaction was not authorized. urgent,215.32,,2026-02-24 00:00:00,,PENDING_BANK,MEDIUM,Suspected Fraud,Chatbot,,True,True,True,12936.63,Restaurant,PENDING,False
CBK0002248,TXN00018611,USR80560,MCH1043,Customer says amount was debited twice.,1143.89,2026-02-11 00:00:00,2026-02-13 00:00:00,2026-02-28 00:00:00,OPEN,MEDIUM,Duplicate Debit,Branch,2.0,True,False,False,23074.0,Transportation,SUCCESS,False
CBK0001578,TXN00008775,USR61019,MCH8496,Customer says amount was debited twice.,8304.41,2026-03-30 13:32:00,2026-03-31 00:00:00,2026-04-22 00:00:00,RESOLVED,LOW,Account Takeover,Email,0.0,True,False,True,23693.84,Grocery,SUCCESS,False
CBK0001548,TXN00000463,USR79013,MCH7615,User says UPI PIN was not entered by them.,18653.66,,2026-01-05 20:53:00,2026-01-10 00:00:00,RESOLVED,HIGH,Service Not Delivered,Branch,,True,False,True,18653.66,Transportation,SUCCESS,True
CBK0002013,TXN00007063,USR45520,MCH1320,User says UPI PIN was not entered by them.,370.32,2026-03-01 06:39:21,2026-03-02 00:00:00,2026-03-17 00:00:00,IN_PROGRESS,LOW,Account Takeover,Chatbot,0.0,True,False,True,16930.57,Transportation,SUCCESS,False
CBK0001094,TXN00017457,USR13306,MCH4473,Merchant service was not delivered after payment. NA,23666.33,2026-03-07 08:44:00,2026-03-10 00:00:00,,PENDING_BANK,LOW,Duplicate Debit,Call Center,2.0,True,False,False,23666.33,Hotel / Lodging,SUCCESS,True
CBK0001077,TXN00009149,USR88897,MCH5127,Payment made to unknown merchant as per cust statement.,2970.62,2026-02-02 00:00:00,2026-02-04 00:00:00,,REJECTED,CRITICAL,Suspected Fraud,Email,2.0,True,True,True,10235.82,Apparel,SUCCESS,False
CBK0001003,TXN00006075,USR31466,MCH8516,User claims account was compromised before transaction.,1413.0,2026-02-07 03:40:00,2026-02-12 09:40:00,,IN_PROGRESS,CRITICAL,Service Not Delivered,Email,5.0,True,False,False,7684.12,Grocery,PENDING,False
CBK0002093,TXN00017223,USR95193,MCH2383,CUSTOMER SAYS TRANSACTION WAS NOT AUTHORIZED.,711.68,2026-03-25 00:00:00,2026-03-20 21:23:30,2026-04-14 00:00:00,CLOSED,LOW,Account Takeover,Call Center,,True,False,True,23081.41,,SUCCESS,False
CBK0001520,TXN00005376,USR68623,MCH8701,User claims account was compromised before transaction.,6375.04,2026-03-31 00:00:00,2026-04-03 00:00:00,2026-04-18 00:00:00,PENDING_BANK,MEDIUM,Service Not Delivered,App,3.0,True,False,False,19852.42,Transportation,PENDING,False
CBK0002269,TXN00002609,USR70968,MCH6810,MERCHANT SERVICE WAS NOT DELIVERED AFTER PAYMENT.,3155.0,2026-03-06 00:00:00,2026-04-05 00:00:00,2026-04-22 00:00:00,IN_PROGRESS,MEDIUM,Wrong Amount,Email,30.0,True,False,False,17677.34,Misc Retail,SUCCESS,False
CBK0001060,TXN00004377,USR65291,MCH5076,Payment made to unknown merchant as per customer statement.,6954.75,2026-01-08 00:00:00,2026-01-12 13:45:00,2026-02-06 00:00:00,IN_PROGRESS,LOW,Customer Dispute,Chatbot,4.0,True,True,False,9575.77,Restaurant,SUCCESS,False
CBK0000878,TXN00017227,USR23617,MCH9290,User claims account was compromised before transaction. urgent,2799.72,2026-02-28 16:25:00,2026-03-08 13:25:00,2026-03-09 00:00:00,IN_PROGRESS,HIGH,Duplicate Debit,Chatbot,7.0,True,False,True,14211.94,Department Store,SUCCESS,False
CBK0002419,TXN00008154,USR61213,MCH1320,suspicious high-value payment disputed by customer.,1654.89,2026-02-25 14:30:00,2026-04-12 00:00:00,,OPEN,MEDIUM,Service Not Delivered,App,45.0,True,False,True,23576.09,Apparel,SUCCESS,False
CBK0000142,TXN00017373,USR22644,MCH2266,Merchant service was not delivered after payment.,4758.01,,2026-03-17 00:00:00,2026-04-15 15:50:00,IN_PROGRESS,MEDIUM,Suspected Fraud,Email,,True,True,True,188.18,Department Store,SUCCESS,False
CBK0000028,TXN00005785,USR15008,MCH4604,Payment made to unknown merchant as per cust statement.,222.95,2026-02-03 15:28:00,2026-03-06 00:28:00,2026-03-28 00:00:00,CLOSED,MEDIUM,Duplicate Debit,IVR,30.0,True,False,True,432.65,Restaurant,SUCCESS,False
CBK0000090,TXN00018546,USR70795,MCH3992,MERCHANT SERVICE WAS NOT DELIVERED AFTER PAYMENT.,7492.62,2026-02-26 00:00:00,2026-02-23 00:00:00,2026-03-03 00:00:00,CLOSED,HIGH,Service Not Delivered,IVR,,True,False,False,16957.7,Hotel / Lodging,SUCCESS,False
CBK0000644,TXN00007288,USR97139,MCH2822,Suspicious high-value payment disputed by customer.,320.6,2026-02-03 00:00:00,2026-02-06 00:00:00,2026-02-12 15:55:43,OPEN,LOW,Service Not Delivered,Branch,3.0,True,False,False,7094.84,,SUCCESS,False
CBK0000171,TXN00003032,USR85839,MCH4965,User says UPI PIN was not entered by them.,988.93,2026-02-02 06:26:00,2026-03-04 00:00:00,,REJECTED,HIGH,Service Not Delivered,Chatbot,29.0,True,False,True,10464.16,Book Store,SUCCESS,False
CBK0002288,TXN00001620,USR79613,MCH2822,User reports money deducted but merchant denies receiving payment.,650.47,2026-03-07 00:00:00,2026-03-07 00:00:00,,CLOSED,HIGH,Duplicate Debit,Chatbot,0.0,True,False,False,18268.96,Transportation,SUCCESS,False
CBK0000236,TXN00015982,USR78462,MCH5980,Suspicious high-value payment disputed by customer.,3445.69,2026-02-19 02:15:55,2026-03-21 00:00:00,2026-04-14 00:00:00,OPEN,LOW,Customer Dispute,IVR,29.0,True,True,True,21754.87,Telecom,SUCCESS,False
CBK0001256,TXN00012543,USR97472,MCH2266,Payment made to unknown merchant as per customer statement. NA,5621.9,2026-03-26 00:00:00,2026-03-29 00:00:00,2026-04-12 01:21:00,CLOSED,LOW,Duplicate Debit,Chatbot,3.0,True,True,True,23646.65,Grocery,SUCCESS,False
CBK0002263,TXN00017565,USR25091,MCH2757,User claims account was compromised before transaction.,3265.92,2026-03-25 00:00:00,,2026-04-08 00:00:00,OPEN,MEDIUM,Service Not Delivered,App,,True,False,True,18240.3,Transportation,FAILED,False
CBK0000491,TXN00012981,USR53356,MCH3100,MERCHANT SERVICE WAS NOT DELIVERED AFTER PAYMENT.,1168.0,2026-02-28 00:00:00,2026-03-01 00:00:00,2026-03-09 00:00:00,PENDING_BANK,HIGH,Service Not Delivered,IVR,1.0,True,True,False,4601.64,,SUCCESS,False
CBK0000790,TXN00010376,USR31294,MCH2721,suspicious high-value payment disputed by customer.,3789.0,2026-02-21 00:00:00,2026-02-21 00:00:00,,PENDING_BANK,MEDIUM,Wrong Amount,App,0.0,True,True,False,12342.57,Medical / Pharmacy,SUCCESS,False
CBK0002734,TXN00086247,USR30500,MCH9900,SUSPICIOUS HIGH-VALUE PAYMENT DISPUTED BY CUSTOMER.,1425.14,2026-01-02 00:00:00,2026-01-04 00:00:00,,OPEN,HIGH,Unauthorized Transaction,Chatbot,2.0,False,False,False,,,,False
CBK0000108,TXN00012720,USR63044,MCH3342,User reports money deducted but merchant denies receiving payment.,1297.0,2026-01-03 07:04:00,2026-01-05 00:00:00,2026-01-05 00:00:00,RESOLVED,LOW,Unauthorized Transaction,Chatbot,1.0,True,True,False,1470.19,Transportation,SUCCESS,False
CBK0000228,TXN00001207,USR43461,MCH2457,Complaint received after multiple failed attempts.,5779.34,2026-02-10 00:00:00,2026-02-06 21:57:00,2026-02-17 21:57:00,REJECTED,MEDIUM,Account Takeover,IVR,,True,True,False,17085.55,Grocery,SUCCESS,False
CBK0002532,TXN00014807,USR72152,MCH4189,Customer says amount was debited twice.,7264.53,2026-03-26 00:00:00,2026-03-30 00:00:00,2026-04-25 00:00:00,IN_PROGRESS,CRITICAL,Suspected Fraud,Chatbot,4.0,True,False,False,7264.53,Apparel,SUCCESS,True
CBK0000489,TXN00009790,USR14874,MCH3965,Customer says txn was not authorized.,1114.59,2026-02-24 00:00:00,2026-02-25 23:38:39,,RESOLVED,MEDIUM,Service Not Delivered,Chatbot,1.0,True,True,False,510.09,Misc Retail,SUCCESS,False
CBK0001085,TXN00007125,USR27848,MCH8555,user reports money deducted but merchant denies receiving payment.,1467.82,2026-03-14 00:00:00,2026-03-16 00:00:00,,IN_PROGRESS,CRITICAL,Service Not Delivered,Chatbot,2.0,True,False,True,10256.49,Restaurant,SUCCESS,False
CBK0002462,TXN00017340,USR67399,MCH8154,PAYMENT MADE TO UNKNOWN MERCHANT AS PER CUSTOMER STATEMENT.,1945.77,2026-02-10 00:00:00,2026-03-28 00:00:00,2026-04-17 00:00:00,PENDING_BANK,LOW,Unauthorized Transaction,IVR,46.0,True,False,True,359.7,Hotel / Lodging,SUCCESS,False
CBK0002197,TXN00006372,USR66647,MCH5779,user reports money deducted but merchant denies receiving payment.,5763.76,2026-02-17 13:16:55,2026-02-21 00:00:00,,IN_PROGRESS,MEDIUM,Unauthorized Transaction,Chatbot,3.0,True,True,False,8465.81,Book Store,SUCCESS,False
CBK0000814,TXN00017418,USR91623,MCH6810,Merchant service was not delivered after payment.,1350.91,,2026-01-03 02:57:39,2026-01-29 00:00:00,PENDING_BANK,LOW,Duplicate Debit,Email,,True,True,False,9924.58,Transportation,SUCCESS,False
CBK0001792,TXN00002522,USR78192,MCH5237,User reports money deducted but merchant denies receiving payment. pls check asap,877.59,2026-01-23 04:37:11,2026-01-24 00:00:00,,CLOSED,MEDIUM,Service Not Delivered,IVR,0.0,True,False,True,3370.0,Apparel,SUCCESS,False
CBK0001103,TXN00006537,USR64942,MCH8349,User says UPI PIN was not entered by them.,418.0,2026-02-25 00:00:00,2026-03-12 23:58:49,2026-03-21 23:58:00,PENDING_BANK,MEDIUM,Customer Dispute,IVR,15.0,True,False,False,16736.19,Grocery,SUCCESS,False
CBK0000208,TXN00011412,USR90908,MCH1460,User says UPI PIN was not entered by them.,1142.95,2026-01-05 00:00:00,,2026-02-04 00:00:00,REJECTED,LOW,Service Not Delivered,IVR,,True,False,False,10423.55,Transportation,SUCCESS,False
CBK0002160,TXN00003789,USR91387,MCH3992,COMPLAINT RECEIVED AFTER MULTIPLE FAILED ATTEMPTS.,1061.09,2026-03-09 00:00:00,2026-03-13 00:02:43,2026-03-31 00:00:00,PENDING_BANK,MEDIUM,Customer Dispute,Call Center,4.0,True,False,False,2976.54,Restaurant,SUCCESS,False
CBK0002355,TXN00010287,USR83793,MCH2036,USER SAYS UPI PIN WAS NOT ENTERED BY THEM.,852.14,2026-02-28 07:09:59,2026-03-03 00:00:00,,RESOLVED,CRITICAL,Service Not Delivered,Chatbot,2.0,True,False,False,10702.46,Hotel / Lodging,SUCCESS,False
CBK0001555,TXN00010998,USR55626,MCH3270,Merchant service was not delivered after payment. NA,1074.0,2026-03-23 00:00:00,2026-03-23 23:29:00,2026-04-03 00:00:00,CLOSED,CRITICAL,Unauthorized Transaction,Call Center,0.0,True,False,True,17469.44,Transportation,SUCCESS,False
CBK0000947,TXN00013726,USR83095,MCH5410,suspicious high-value payment disputed by customer.,6019.31,2026-03-28 00:00:00,2026-03-29 11:05:48,,IN_PROGRESS,HIGH,Duplicate Debit,Branch,1.0,True,True,True,23854.3,Department Store,PENDING,False
CBK0002261,TXN00000527,USR82246,MCH6318,Customer complaint text unclear due to poor call center notes.,3784.42,2026-01-18 00:00:00,2026-01-20 00:00:00,2026-01-29 03:15:21,IN_PROGRESS,LOW,Duplicate Debit,Branch,2.0,True,False,False,10376.34,Grocery,PENDING,False
CBK0001921,TXN00018097,USR29054,MCH8796,Complaint received after multiple failed attempts.,2522.66,,2026-02-27 00:00:00,2026-03-03 02:06:00,CLOSED,HIGH,Service Not Delivered,IVR,,True,False,False,897.23,Telecom,SUCCESS,False
CBK0000150,TXN00004153,USR21449,MCH8072,Suspicious high-value payment disputed by customer.,3630.27,2026-03-21 00:00:00,2026-03-22 00:00:00,2026-03-24 09:18:00,IN_PROGRESS,HIGH,Suspected Fraud,App,1.0,True,False,False,17806.3,Grocery,SUCCESS,False
CBK0001255,,USR63146,MCH9614,Customer says transaction was not authorized.,1677.54,2026-02-21 00:00:00,2026-02-27 00:00:00,2026-02-27 00:00:00,IN_PROGRESS,LOW,Service Not Delivered,Chatbot,6.0,False,False,False,,,,False
CBK0002165,TXN00011788,USR69706,MCH3368,Customer says amount was debited twice. details missing,4428.67,2026-01-04 00:00:00,2026-01-07 00:00:00,2026-01-16 00:00:00,REJECTED,LOW,Duplicate Debit,IVR,3.0,True,True,False,14477.62,Restaurant,SUCCESS,False
CBK0001143,TXN00010812,USR29995,MCH2068,User says UPI PIN was not entered by them.,752.91,2026-02-11 00:00:00,2026-02-13 00:00:00,2026-03-14 00:00:00,PENDING_BANK,LOW,Duplicate Debit,Chatbot,2.0,True,False,False,18940.17,Medical / Pharmacy,FAILED,False
CBK0001369,TXN00016708,USR40818,MCH6534,Customer says amount was debited twice.,2567.69,,,2026-02-27 00:00:00,PENDING_BANK,MEDIUM,Suspected Fraud,IVR,,True,True,False,24340.46,Hotel / Lodging,SUCCESS,False
CBK0001216,TXN00002147,USR51748,MCH7793,Complaint received after multiple failed attempts.,1064.06,2026-01-25 00:00:00,2026-01-28 00:00:00,,REJECTED,HIGH,Unauthorized Transaction,Branch,3.0,True,False,False,11487.04,Apparel,SUCCESS,False
CBK0000495,TXN00010199,USR31808,MCH4590,Customer says transaction was not authorized.,3450.0,2026-01-17 00:00:00,2026-01-27 00:00:00,2026-02-07 00:00:00,IN_PROGRESS,HIGH,Service Not Delivered,IVR,10.0,True,False,False,5044.52,Grocery,FAILED,False
CBK0002274,TXN00008466,USR84517,MCH6508,user claims account was compromised before transaction.,494.63,2026-01-21 00:00:00,2026-01-23 00:00:00,,PENDING_BANK,MEDIUM,Suspected Fraud,IVR,2.0,True,True,True,6324.05,Grocery,SUCCESS,False
CBK0000001,TXN00000797,USR85565,MCH8779,Suspicious high-value payment disputed by customer. details missing,1020.66,2026-02-04 20:55:03,2026-02-03 00:00:00,2026-02-13 00:00:00,RESOLVED,LOW,Service Not Delivered,Email,,True,True,True,23303.64,Grocery,FAILED,False
CBK0000101,TXN00010812,USR81116,MCH4055,payment made to unknown merchant as per customer statement.,3506.0,,2026-04-04 00:00:00,2026-04-05 00:00:00,IN_PROGRESS,LOW,Duplicate Debit,Chatbot,,True,True,True,18940.17,Medical / Pharmacy,FAILED,False
CBK0001075,TXN00013358,USR12571,MCH7477,Customer says transaction was not authorized.,2097.39,,2026-02-27 00:00:00,2026-03-16 00:00:00,REJECTED,LOW,Service Not Delivered,Chatbot,,True,False,False,24934.55,,SUCCESS,False
CBK0000412,TXN00007488,USR50260,MCH1591,USER REPORTS MONEY DEDUCTED BUT MERCHANT DENIES RECEIVING PAYMENT.,384.26,2026-01-14 05:30:00,2026-02-13 00:00:00,2026-02-19 00:00:00,PENDING_BANK,HIGH,Wrong Amount,IVR,29.0,True,True,True,24035.83,,SUCCESS,False
CBK0001587,TXN00016352,USR29556,MCH9289,Complaint received after multiple failed attempts.,6616.61,2026-01-14 00:00:00,2026-01-18 00:00:00,2026-01-18 00:00:00,OPEN,MEDIUM,Service Not Delivered,Chatbot,4.0,True,True,True,18889.92,Hotel / Lodging,SUCCESS,False
CBK0001232,TXN00009374,USR51626,MCH6929,User says UPI PIN was not entered by them.,21842.11,2026-01-03 00:00:00,2026-01-06 09:58:50,2026-01-28 00:00:00,REJECTED,LOW,Duplicate Debit,IVR,3.0,True,False,False,21842.11,Hotel / Lodging,SUCCESS,True
CBK0000381,TXN00014178,USR27107,MCH3113,customer says transaction was not authorized.,431.5,2026-01-05 17:14:00,2026-01-11 00:00:00,2026-01-27 00:00:00,REJECTED,LOW,Duplicate Debit,IVR,5.0,True,True,False,14663.24,Hotel / Lodging,SUCCESS,False
CBK0002726,TXN00003733,USR34851,MCH8714,Customer says amount was debited twice.,11173.4,2026-01-10 00:00:00,2026-01-12 06:21:00,2026-02-09 00:00:00,REJECTED,LOW,Suspected Fraud,Chatbot,2.0,True,True,True,11173.4,Telecom,SUCCESS,True
CBK0000805,TXN00009314,USR13620,MCH3239,User says UPI PIN was not entered by them.,766.0,2026-01-21 00:00:00,2026-01-24 00:00:00,,IN_PROGRESS,LOW,Customer Dispute,Email,3.0,True,False,False,9202.5,Telecom,SUCCESS,False
CBK0000901,TXN00012155,USR12240,MCH4226,Customer says amount was debited twice.,348.42,2026-02-27 00:00:00,2026-03-04 15:39:00,2026-03-12 15:39:05,IN_PROGRESS,MEDIUM,Customer Dispute,App,5.0,True,False,False,14907.49,Restaurant,SUCCESS,False
CBK0002226,TXN00005923,USR15487,MCH2547,Customer says transaction was not authorized.,1759.97,2026-01-26 00:00:00,2026-02-06 03:51:00,2026-02-20 00:00:00,RESOLVED,MEDIUM,Service Not Delivered,Email,11.0,True,True,False,4378.0,Hotel / Lodging,SUCCESS,False
CBK0000630,TXN00019233,USR41212,MCH3129,User reports money deducted but merchant denies receiving payment.,1007.91,2026-03-01 00:00:00,2026-03-08 15:33:27,2026-03-28 00:00:00,REJECTED,LOW,Suspected Fraud,Email,7.0,True,True,True,8306.0,Transportation,SUCCESS,False
CBK0000965,TXN00009897,USR16439,MCH2212,User claims account was compromised before transaction.,1827.19,2026-01-11 00:00:00,2026-01-12 00:00:00,2026-01-14 00:00:00,REJECTED,HIGH,Wrong Amount,Call Center,1.0,True,False,True,17946.84,Hotel / Lodging,SUCCESS,False
CBK0001952,TXN00013367,USR59329,MCH3526,User claims account was compromised before transaction.,18514.67,2026-01-08 00:00:00,2026-01-11 00:00:00,2026-01-20 01:50:10,IN_PROGRESS,LOW,Suspected Fraud,Email,3.0,True,False,False,4114.95,Medical / Pharmacy,SUCCESS,False
CBK0001962,TXN00008141,USR88930,MCH5655,Customer complaint text unclear due to poor call center notes.,4306.86,2026-01-21 00:00:00,2026-01-27 00:00:00,2026-02-06 06:00:00,PENDING_BANK,MEDIUM,Suspected Fraud,App,6.0,True,False,False,3015.57,Transportation,SUCCESS,False
CBK0000785,TXN00012403,USR98061,MCH9923,User claims account was compromised before transaction. details missing,10286.57,2026-03-24 00:00:00,2026-03-29 08:53:42,2026-03-29 00:00:00,PENDING_BANK,CRITICAL,Customer Dispute,Branch,5.0,True,False,False,10286.57,Transportation,SUCCESS,True
CBK0000492,TXN00008504,USR51736,MCH8181,Customer complaint text unclear due to poor call center notes.,303.99,2026-01-12 00:00:00,2026-01-15 03:05:53,,IN_PROGRESS,LOW,Duplicate Debit,IVR,3.0,True,True,True,24306.02,Misc Retail,FAILED,False
CBK0001072,TXN00006554,USR20930,MCH7833,merchant service was not delivered after payment.,4172.97,2026-01-11 00:00:00,2026-02-11 00:00:00,2026-03-04 00:59:16,IN_PROGRESS,MEDIUM,Service Not Delivered,Email,31.0,True,True,True,222.3,Restaurant,SUCCESS,False
CBK0002427,TXN00003973,USR79707,MCH2266,USER REPORTS MONEY DEDUCTED BUT MERCHANT DENIES RECEIVING PAYMENT.,2121.87,,2026-03-23 01:55:27,2026-04-14 01:55:27,PENDING_BANK,LOW,Wrong Amount,Email,,True,True,True,6888.23,Restaurant,SUCCESS,False
CBK0000433,TXN00046623,USR96958,MCH2105,User claims account was compromised before transaction.,6432.0,2026-03-03 11:55:57,2026-03-05 12:55:00,,OPEN,HIGH,Suspected Fraud,Chatbot,2.0,False,False,True,,,,False
CBK0001685,TXN00009635,USR26009,MCH8203,USER REPORTS MONEY DEDUCTED BUT MERCHANT DENIES RECEIVING PAYMENT.,1538.91,2026-01-29 11:05:25,2026-02-13 00:00:00,2026-02-13 00:00:00,PENDING_BANK,LOW,Duplicate Debit,Chatbot,14.0,True,False,True,7161.66,Grocery,SUCCESS,False
CBK0001581,TXN00096928,USR33856,MCH8779,Payment made to unknown merchant as per customer statement.,2456.94,2026-01-06 00:00:00,2026-01-08 02:03:43,2026-01-20 00:00:00,IN_PROGRESS,LOW,Customer Dispute,Call Center,2.0,False,False,True,,,,False
CBK0002730,TXN00004070,USR84719,MCH4590,Complaint received after multiple failed attempts.,3047.23,2026-02-15 00:00:00,2026-02-16 00:00:00,2026-02-26 00:00:00,PENDING_BANK,MEDIUM,Account Takeover,Chatbot,1.0,True,True,False,21173.71,,SUCCESS,False
CBK0000523,TXN00014885,USR52281,MCH1833,Complaint received after multiple failed attempts.,573.0,2026-01-16 00:00:00,2026-01-26 00:00:00,2026-02-10 00:00:00,IN_PROGRESS,HIGH,Customer Dispute,Chatbot,10.0,True,False,True,10501.77,Restaurant,SUCCESS,False
CBK0000301,TXN00016908,USR68915,MCH4590,Payment made to unknown merchant as per customer statement.,2938.45,,2026-03-26 00:00:00,2026-03-29 02:20:18,IN_PROGRESS,LOW,Account Takeover,App,,True,False,False,1564.98,,SUCCESS,False
CBK0000742,TXN00007076,USR36630,MCH5264,Customer complaint text unclear due to poor call center notes.,533.33,2026-02-26 00:00:00,2026-02-28 00:00:00,2026-03-23 11:58:36,PENDING_BANK,MEDIUM,Service Not Delivered,App,2.0,True,True,False,4573.8,,SUCCESS,False
CBK0002215,TXN00007143,USR62254,MCH6359,Customer complaint text unclear due to poor call center notes.,2415.01,,2026-01-29 00:00:00,2026-02-28 00:00:00,PENDING_BANK,MEDIUM,Customer Dispute,App,,True,True,True,19369.08,Restaurant,SUCCESS,False
CBK0000062,TXN00012210,USR39698,MCH5302,Customer says amount was debited twice.,1467.32,2026-01-22 10:10:40,2026-01-25 00:00:00,,CLOSED,HIGH,Wrong Amount,IVR,2.0,True,False,False,5822.54,Telecom,SUCCESS,False
CBK0002222,TXN00017740,USR92520,MCH5264,User claims account was compromised before transaction.,2328.0,2026-02-18 17:42:00,2026-02-19 04:42:00,2026-02-20 04:42:36,IN_PROGRESS,MEDIUM,Service Not Delivered,Chatbot,0.0,True,False,False,7597.09,Hotel / Lodging,PENDING,False
CBK0001068,TXN00011141,USR85237,MCH9377,user says upi pin was not entered by them.,1466.29,2026-01-13 20:39:53,2026-01-14 00:00:00,2026-01-26 00:00:00,CLOSED,MEDIUM,Service Not Delivered,IVR,0.0,True,False,True,19177.64,Restaurant,SUCCESS,False
CBK0000903,TXN00009145,USR87189,MCH8391,Customer says transaction was not authorized.,1922.11,2026-01-14 00:00:00,2026-01-14 00:00:00,2026-01-19 18:38:44,IN_PROGRESS,LOW,Unauthorized Transaction,IVR,0.0,True,True,True,18350.67,Restaurant,SUCCESS,False
CBK0001360,TXN00018073,USR38459,MCH1267,User claims account was compromised before transaction.,171.37,2026-01-17 05:43:30,2026-01-18 00:00:00,2026-01-30 00:00:00,PENDING_BANK,LOW,Service Not Delivered,Call Center,0.0,True,True,True,21722.15,Medical / Pharmacy,SUCCESS,False
CBK0002773,TXN00003172,USR63475,MCH3441,User reports money deducted but merchant denies receiving payment.,3809.65,2026-02-09 00:00:00,2026-02-11 00:00:00,2026-03-03 00:00:00,OPEN,LOW,Wrong Amount,Chatbot,2.0,True,False,True,6513.31,Hotel / Lodging,SUCCESS,False
CBK0001595,TXN00019657,USR11057,MCH7114,Merchant service was not delivered after payment.,18735.0,2026-03-10 01:00:24,2026-03-20 14:00:00,2026-04-13 00:00:00,CLOSED,MEDIUM,Customer Dispute,App,10.0,True,False,False,11224.03,Restaurant,SUCCESS,False
CBK0001556,TXN00003293,USR34180,MCH4663,User reports money deducted but merchant denies receiving payment.,2045.0,2026-03-09 21:48:00,,2026-03-22 00:00:00,RESOLVED,MEDIUM,Duplicate Debit,Email,,True,False,False,9741.23,Department Store,SUCCESS,False
CBK0001298,TXN00007668,USR64776,MCH6492,Complaint received after multiple failed attempts.,872.83,2026-02-13 00:00:00,2026-02-16 00:00:00,2026-03-02 00:00:00,REJECTED,LOW,Account Takeover,IVR,3.0,True,False,True,17323.1,Hotel / Lodging,SUCCESS,False
CBK0002671,TXN00018559,USR95364,MCH3979,User says UPI PIN was not entered by them.,9404.0,2026-02-16 00:00:00,2026-02-17 02:27:10,2026-03-14 02:27:10,REJECTED,LOW,Account Takeover,Call Center,1.0,True,False,False,17045.22,Restaurant,SUCCESS,False
CBK0000319,,USR75218,MCH7937,USER REPORTS MONEY DEDUCTED BUT MERCHANT DENIES RECEIVING PAYMENT.,659.11,2026-03-23 19:09:00,2026-03-25 00:00:00,2026-04-01 00:00:00,REJECTED,LOW,Wrong Amount,IVR,1.0,False,True,False,,,,False
CBK0000794,TXN00013962,USR28913,MCH9984,User claims account was compromised before transaction.,1826.0,2026-01-12 10:51:00,2026-01-28 00:00:00,,CLOSED,MEDIUM,Service Not Delivered,Email,15.0,True,False,True,14439.21,Misc Retail,SUCCESS,False
CBK0000484,TXN00005084,USR96003,MCH8682,Customer says amount was debited twice.,12351.07,2026-03-06 05:20:24,2026-03-08 00:00:00,2026-03-30 23:20:24,PENDING_BANK,LOW,Service Not Delivered,IVR,1.0,True,False,False,6003.1,Apparel,SUCCESS,False
CBK0002284,TXN00019560,USR71503,MCH7874,Complaint received after multiple failed attempts.,4923.1,2026-01-17 12:10:09,2026-01-19 00:00:00,2026-02-05 00:00:00,IN_PROGRESS,CRITICAL,Service Not Delivered,App,1.0,True,True,False,8456.52,Apparel,SUCCESS,False
CBK0001920,TXN00011275,USR18736,MCH4473,User claims account was compromised before txn.,10469.69,2026-02-21 00:00:00,2026-02-17 00:00:00,2026-02-23 12:13:00,IN_PROGRESS,HIGH,Account Takeover,App,,True,False,False,3478.01,Medical / Pharmacy,SUCCESS,False
CBK0000338,TXN00014545,USR52948,MCH4069,CUSTOMER SAYS AMOUNT WAS DEBITED TWICE.,1623.27,2026-02-28 00:00:00,2026-03-06 00:00:00,,CLOSED,CRITICAL,Customer Dispute,Chatbot,6.0,True,False,False,10421.63,Transportation,SUCCESS,False
CBK0002530,TXN00008558,USR71564,MCH4848,User says UPI PIN was not entered by them. call dropped,1053.3,2026-01-29 00:00:00,2026-02-01 06:28:44,2026-02-17 06:28:44,CLOSED,HIGH,Unauthorized Transaction,IVR,3.0,True,False,True,14846.71,,SUCCESS,False
CBK0002211,TXN00013107,USR37685,MCH8309,Customer complaint text unclear due to poor call center notes.,2345.09,2026-01-17 04:52:50,2026-01-18 00:00:00,2026-01-24 00:00:00,IN_PROGRESS,HIGH,Duplicate Debit,IVR,0.0,True,True,False,9686.57,Medical / Pharmacy,SUCCESS,False
CBK0000646,TXN00018578,USR49324,MCH3174,User says UPI PIN was not entered by them.,4970.0,2026-03-01 01:31:22,2026-03-02 00:00:00,2026-03-11 00:00:00,IN_PROGRESS,MEDIUM,Account Takeover,Chatbot,0.0,True,False,False,11488.0,Transportation,SUCCESS,False
CBK0002328,TXN00016836,USR20310,MCH6341,Customer says transaction was not authorized.,3288.32,2026-02-12 16:33:00,2026-02-14 00:00:00,,IN_PROGRESS,MEDIUM,Duplicate Debit,App,1.0,True,True,False,3288.32,Misc Retail,SUCCESS,True
CBK0001817,TXN00010816,USR54649,MCH5999,Customer complaint text unclear due to poor call center notes.,1622.49,2026-01-20 00:00:00,2026-01-21 00:00:00,2026-01-27 00:00:00,IN_PROGRESS,CRITICAL,Customer Dispute,Chatbot,1.0,True,True,True,14437.77,Transportation,SUCCESS,False
CBK0000700,TXN00001244,USR88147,MCH2972,User claims account was compromised before transaction.,1404.94,2026-02-13 00:00:00,2026-03-31 00:00:00,2026-04-04 00:00:00,IN_PROGRESS,MEDIUM,Service Not Delivered,Chatbot,46.0,True,False,False,21121.13,Grocery,SUCCESS,False
CBK0000223,TXN00005582,USR74418,MCH4130,User claims account was compromised before transaction.,16352.81,2026-02-19 15:03:20,,2026-02-25 03:03:20,RESOLVED,HIGH,Suspected Fraud,Call Center,,True,False,False,9063.71,Grocery,SUCCESS,False
CBK0000775,TXN00004439,USR27107,MCH7732,Merchant service was not delivered after payment.,1706.04,2026-01-21 00:00:00,2026-01-24 00:00:00,,REJECTED,HIGH,Service Not Delivered,IVR,3.0,True,True,False,24812.94,Hotel / Lodging,SUCCESS,False
CBK0000625,TXN00000101,USR93581,MCH5578,Customer says transaction was not authorized.,703.07,2026-02-16 00:00:00,2026-02-19 00:00:00,,RESOLVED,CRITICAL,Service Not Delivered,App,3.0,True,False,False,795.42,Transportation,FAILED,False
CBK0001883,TXN00014046,USR51538,MCH5600,User says UPI PIN was not entered by them.,4405.58,2026-03-18 00:00:00,2026-03-20 13:07:18,2026-03-25 00:00:00,PENDING_BANK,LOW,Service Not Delivered,App,2.0,True,False,False,8452.97,Book Store,FAILED,False
CBK0000292,,USR21921,MCH4375,Complaint received after multiple failed attempts. details missing,,2026-03-15 21:06:18,2026-03-21 00:00:00,2026-03-27 00:00:00,IN_PROGRESS,LOW,Wrong Amount,Branch,5.0,False,False,True,,,,True
CBK0001167,TXN00007185,USR30821,MCH4473,Customer says amount was debited twice.,5710.23,2026-03-14 00:00:00,2026-03-15 00:00:00,2026-03-28 06:08:16,CLOSED,MEDIUM,Unauthorized Transaction,IVR,1.0,True,False,False,5710.23,Grocery,SUCCESS,True
CBK0001821,TXN00015418,USR40538,MCH3027,Payment made to unknown merchant as per customer statement.,2520.29,2026-02-09 00:00:00,2026-02-07 19:59:09,,PENDING_BANK,MEDIUM,Wrong Amount,IVR,,True,False,False,10020.73,Transportation,SUCCESS,False
CBK0001959,TXN00011213,USR97266,MCH6311,Customer complaint text unclear due to poor call center notes.,1071.93,2026-03-23 11:07:04,,,RESOLVED,LOW,Account Takeover,Email,,True,False,False,16531.65,Grocery,SUCCESS,False
CBK0001011,TXN00016394,USR71985,MCH8514,User reports money deducted but merchant denies receiving payment.,4322.92,2026-02-24 05:25:21,2026-03-11 17:25:21,,OPEN,HIGH,Service Not Delivered,Chatbot,15.0,True,True,False,4322.92,Apparel,SUCCESS,True
CBK0001468,TXN00016367,USR57411,MCH5305,Payment made to unknown merchant as per customer statement.,6490.82,2026-03-12 10:03:31,2026-03-11 00:00:00,,IN_PROGRESS,MEDIUM,Customer Dispute,Email,,True,True,True,16367.0,Restaurant,SUCCESS,False
CBK0002451,TXN00008228,USR86411,MCH8154,customer complaint text unclear due to poor call center notes.,443.81,2026-01-13 05:23:00,2026-01-18 00:00:00,2026-01-29 09:23:00,RESOLVED,LOW,Unauthorized Transaction,Email,4.0,True,False,True,3153.8,Misc Retail,SUCCESS,False
CBK0000026,TXN00001919,USR39089,MCH5042,Complaint received after multiple failed attempts.,1859.77,2026-03-03 00:00:00,2026-03-05 00:00:00,2026-03-27 22:56:15,REJECTED,LOW,Service Not Delivered,IVR,2.0,True,True,True,9794.23,Transportation,SUCCESS,False
CBK0002558,TXN00011898,USR64312,MCH7218,Customer complaint text unclear due to poor call center notes.,2771.91,2026-01-14 19:22:13,2026-01-18 00:00:00,2026-02-04 00:00:00,REJECTED,LOW,Duplicate Debit,Branch,3.0,True,False,True,22394.02,Restaurant,SUCCESS,False
CBK0001307,TXN00008095,USR42956,MCH9637,User claims account was compromised before transaction.,13312.0,2026-03-11 05:18:57,2026-03-15 03:18:57,2026-03-26 00:00:00,IN_PROGRESS,HIGH,Customer Dispute,Branch,3.0,True,True,True,13312.0,Misc Retail,SUCCESS,True
CBK0001225,TXN00015094,USR34566,MCH5674,Customer complaint text unclear due to poor call center notes.,12640.85,2026-03-03 00:00:00,2026-03-05 00:00:00,,PENDING_BANK,LOW,Duplicate Debit,App,2.0,True,False,True,10009.64,Department Store,SUCCESS,False
CBK0000822,TXN00005564,USR76792,MCH6388,Customer says amount was debited twice.,1858.07,2026-03-15 00:00:00,2026-03-16 02:35:00,2026-04-08 02:35:00,PENDING_BANK,MEDIUM,Service Not Delivered,IVR,1.0,True,False,True,6985.47,Restaurant,SUCCESS,False
CBK0000596,TXN00006654,USR37722,MCH4208,User reports money deducted but merchant denies receiving payment.,2733.0,2026-01-02 00:00:00,2026-01-08 17:27:00,,CLOSED,LOW,Unauthorized Transaction,Chatbot,6.0,True,False,True,4466.5,Transportation,FAILED,False
CBK0001259,TXN00012199,USR39404,MCH2849,User claims account was compromised before transaction.,879.0,2026-03-30 00:00:00,2026-04-06 00:00:00,2026-04-13 00:00:00,OPEN,LOW,Customer Dispute,Chatbot,7.0,True,True,True,7327.96,Apparel,SUCCESS,False
CBK0001764,TXN00007180,USR97480,MCH8142,User reports money deducted but merchant denies receiving payment.,671.37,2026-01-31 00:00:00,2026-02-01 00:00:00,2026-02-10 00:00:00,PENDING_BANK,HIGH,Service Not Delivered,Email,1.0,True,False,True,12541.02,Grocery,SUCCESS,False
CBK0002513,TXN00003753,USR11110,MCH5076,Suspicious high-value payment disputed by customer.,691.4,2026-01-03 00:00:00,2026-01-06 09:06:26,2026-01-29 09:06:00,PENDING_BANK,MEDIUM,Customer Dispute,Call Center,3.0,True,False,False,7853.81,Grocery,FAILED,False
CBK0001370,TXN00017169,USR14813,MCH6201,Complaint received after multiple failed attempts.,696.63,2026-03-05 07:45:00,2026-03-12 00:00:00,2026-03-14 07:45:00,REJECTED,LOW,Wrong Amount,Branch,6.0,True,True,False,20813.63,Restaurant,PENDING,False
CBK0002247,TXN00013006,USR65627,MCH4411,User says UPI PIN was not entered by them.,1637.49,2026-02-19 23:35:31,2026-02-21 00:00:00,2026-03-21 00:00:00,RESOLVED,MEDIUM,Suspected Fraud,App,1.0,True,False,True,17232.04,Hotel / Lodging,PENDING,False
CBK0000563,TXN00011206,USR97772,MCH7503,complaint received after multiple failed attempts.,22887.67,2026-02-17 00:00:00,2026-02-19 20:32:51,2026-02-28 00:00:00,REJECTED,LOW,Duplicate Debit,Chatbot,2.0,True,True,True,22887.67,Transportation,SUCCESS,True
CBK0000347,TXN00015951,USR35882,MCH6839,CUSTOMER SAYS AMOUNT WAS DEBITED TWICE.,607.62,2026-03-01 00:00:00,2026-03-02 22:57:12,2026-03-10 00:00:00,PENDING_BANK,MEDIUM,Suspected Fraud,Call Center,1.0,True,False,True,23706.63,Restaurant,SUCCESS,False
CBK0002509,TXN00002022,USR85958,MCH7739,Merchant service was not delivered after payment.,7834.45,,2026-02-22 16:14:00,2026-03-15 00:00:00,RESOLVED,HIGH,Service Not Delivered,Call Center,,True,False,False,14008.6,Restaurant,SUCCESS,False
CBK0002177,TXN00018087,USR50619,MCH1160,CUSTOMER SAYS TRANSACTION WAS NOT AUTHORIZED.,2152.04,2026-01-07 00:00:00,2026-01-15 00:00:00,2026-01-22 00:00:00,REJECTED,LOW,Service Not Delivered,Call Center,8.0,True,False,False,9700.7,Restaurant,FAILED,False
CBK0001158,TXN00016429,USR80809,MCH9349,Payment made to unknown merchant as per customer statement.,276.59,2026-01-10 00:00:00,2026-01-12 05:11:00,2026-01-17 05:11:04,RESOLVED,MEDIUM,Service Not Delivered,Branch,2.0,True,False,True,11103.9,Grocery,SUCCESS,False
CBK0000277,TXN00013423,USR88037,MCH4048,Customer says amount was debited twice.,498.7,2026-01-11 00:00:00,2026-01-14 07:32:19,,PENDING_BANK,MEDIUM,Service Not Delivered,App,3.0,True,True,True,20911.0,Hotel / Lodging,FAILED,False
CBK0001620,TXN00013592,USR47384,MCH9347,User says UPI PIN was not entered by them.,1528.43,,2026-02-08 00:00:00,2026-02-27 09:15:00,CLOSED,LOW,Service Not Delivered,App,,True,True,False,10556.0,Department Store,SUCCESS,False
CBK0000264,TXN00012389,USR77084,MCH4475,Customer complaint text unclear due to poor call center notes. call dropped,1247.52,2026-01-23 11:24:20,2026-01-28 00:00:00,,IN_PROGRESS,LOW,Duplicate Debit,Email,4.0,True,True,True,23963.32,Grocery,PENDING,False
CBK0000105,TXN00004321,USR86889,MCH1166,Customer complaint text unclear due to poor call center notes.,2032.79,,2026-03-27 00:00:00,2026-04-01 06:28:32,OPEN,LOW,Service Not Delivered,App,,True,False,False,14520.32,,SUCCESS,False
CBK0001461,,USR21469,MCH3425,User reports money deducted but merchant denies receiving payment.,1041.71,2026-02-26 00:00:00,2026-02-28 21:04:00,2026-03-24 00:00:00,IN_PROGRESS,LOW,Account Takeover,Branch,2.0,False,False,False,,,,False
CBK0000459,TXN00018065,USR75856,MCH6850,merchant service was not delivered after payment.,4568.57,2026-02-11 19:04:00,2026-02-14 14:04:54,2026-03-01 14:04:00,OPEN,LOW,Suspected Fraud,IVR,2.0,True,True,False,14633.73,Medical / Pharmacy,SUCCESS,False
CBK0001462,TXN00002045,USR58805,MCH2842,Suspicious high-value payment disputed by customer.,3144.27,2026-03-02 00:00:00,2026-03-01 00:00:00,2026-03-21 12:45:23,IN_PROGRESS,MEDIUM,Unauthorized Transaction,Email,,True,False,True,21504.89,Restaurant,SUCCESS,False
CBK0002257,TXN00041888,USR36095,MCH2102,Customer says transaction was not authorized.,3064.59,2026-02-17 00:00:00,,2026-03-15 00:00:00,REJECTED,HIGH,Service Not Delivered,Branch,,False,False,True,,,,False
CBK0002657,TXN00017047,USR97927,MCH9426,Complaint received after multiple failed attempts.,1731.53,2026-01-26 00:00:00,2026-02-05 00:00:00,2026-03-04 00:00:00,IN_PROGRESS,LOW,Suspected Fraud,Call Center,10.0,True,False,True,14273.51,Transportation,SUCCESS,False
CBK0000483,,USR36499,MCH5954,User reports money deducted but merchant denies receiving payment.,2047.0,2026-03-28 16:40:00,2026-03-31 00:00:00,2026-04-19 15:40:00,PENDING_BANK,LOW,Service Not Delivered,App,2.0,False,False,True,,,,False
CBK0001914,TXN00009715,USR93782,MCH5614,Suspicious high-value payment disputed by customer.,1483.0,2026-02-12 00:00:00,2026-02-13 03:25:21,2026-02-24 00:00:00,OPEN,CRITICAL,Suspected Fraud,App,1.0,True,False,False,12023.04,Hotel / Lodging,FAILED,False
CBK0002052,TXN00019589,USR55253,MCH4612,user says upi pin was not entered by them.,2150.0,2026-03-16 00:00:00,2026-03-17 00:00:00,,RESOLVED,HIGH,Customer Dispute,Email,1.0,True,True,False,14304.08,Hotel / Lodging,SUCCESS,False
CBK0002592,TXN00003766,USR79094,MCH8315,Suspicious high-value payment disputed by customer.,587.08,2026-01-17 13:54:40,2026-01-21 00:00:00,2026-01-28 00:00:00,PENDING_BANK,MEDIUM,Account Takeover,Email,3.0,True,False,False,7505.55,Hotel / Lodging,SUCCESS,False
CBK0001281,TXN00018888,USR76747,MCH3704,User reports money deducted but merchant denies receiving payment.,18360.4,,2026-04-17 00:00:00,2026-05-04 06:27:57,REJECTED,MEDIUM,Wrong Amount,IVR,,True,True,False,18360.4,Hotel / Lodging,FAILED,True
CBK0001484,TXN00014252,USR18345,MCH7982,Payment made to unknown merchant as per customer statement.,5943.18,2026-03-15 00:00:00,2026-03-10 00:00:00,,OPEN,CRITICAL,Customer Dispute,App,,True,False,True,21392.14,Restaurant,SUCCESS,False
CBK0001969,TXN00002091,USR88037,MCH7819,Payment made to unknown merchant as per customer statement.,497.48,2026-03-21 00:00:00,2026-03-29 07:59:18,,REJECTED,HIGH,Account Takeover,IVR,8.0,True,True,False,19392.54,Grocery,SUCCESS,False
CBK0000333,TXN00009429,USR43447,MCH6659,Complaint received after multiple failed attempts.,1275.75,2026-03-06 05:06:00,2026-03-13 17:06:24,2026-03-30 00:00:00,IN_PROGRESS,LOW,Service Not Delivered,App,7.0,True,False,False,10815.59,Grocery,SUCCESS,False
CBK0001285,TXN00011614,USR22620,MCH8730,Customer says amount was debited twice.,459.43,2026-01-25 15:04:08,2026-01-26 00:00:00,2026-02-13 00:00:00,RESOLVED,MEDIUM,Duplicate Debit,Chatbot,0.0,True,False,True,24245.82,Transportation,SUCCESS,False
CBK0001834,TXN00009538,USR93486,MCH1097,Merchant service was not delivered after payment. call dropped,1124.0,2026-03-25 23:42:00,2026-03-28 00:00:00,2026-04-12 00:00:00,CLOSED,MEDIUM,Suspected Fraud,Email,2.0,True,True,True,19364.19,Grocery,SUCCESS,False
CBK0000834,TXN00006801,USR60701,MCH8625,CUSTOMER SAYS AMOUNT WAS DEBITED TWICE.,1623.25,2026-01-04 16:40:24,2026-01-19 00:00:00,,CLOSED,HIGH,Duplicate Debit,IVR,14.0,True,False,False,1436.91,Telecom,SUCCESS,False
CBK0001644,TXN00015953,USR99110,MCH2723,Merchant service was not delivered after payment.,8373.0,,2026-03-20 00:00:00,2026-03-31 12:00:12,REJECTED,LOW,Service Not Delivered,Chatbot,,True,False,True,8373.0,,PENDING,True
CBK0002357,TXN00009106,USR64172,MCH7722,Merchant service was not delivered after payment.,1104.0,2026-03-05 00:00:00,2026-03-09 07:38:31,2026-04-05 07:38:31,REJECTED,MEDIUM,Account Takeover,Chatbot,4.0,True,False,False,7289.43,Transportation,SUCCESS,False
CBK0001454,TXN00011270,USR25463,MCH7713,Complaint received after multiple failed attempts.,2315.0,2026-01-12 23:29:29,2026-02-12 00:00:00,2026-03-14 00:00:00,PENDING_BANK,MEDIUM,Account Takeover,IVR,30.0,True,False,False,6619.68,Restaurant,SUCCESS,False
CBK0002467,TXN00018324,USR12011,MCH6969,Customer says amount was debited twice.,1624.65,2026-03-09 02:28:51,2026-03-11 00:00:00,,IN_PROGRESS,LOW,Wrong Amount,Call Center,1.0,True,True,False,5984.0,Book Store,SUCCESS,False
CBK0001570,TXN00015345,USR50434,MCH4720,Payment made to unknown merchant as per customer statement.,891.13,2026-03-14 05:36:46,2026-03-21 13:36:00,,RESOLVED,LOW,Service Not Delivered,Branch,7.0,True,True,True,17998.56,Grocery,SUCCESS,False
CBK0000899,TXN00019564,USR29187,MCH8779,user reports money deducted but merchant denies receiving payment.,17075.88,2026-03-19 00:00:00,2026-03-20 00:00:00,2026-04-04 08:18:37,IN_PROGRESS,LOW,Duplicate Debit,Email,1.0,True,True,True,4652.0,Hotel / Lodging,SUCCESS,False
CBK0001181,TXN00009419,USR39500,MCH9291,Complaint received after multiple failed attempts.,16164.46,2026-03-06 15:17:00,2026-04-21 00:00:00,,IN_PROGRESS,LOW,Service Not Delivered,IVR,45.0,True,False,True,13195.34,Medical / Pharmacy,SUCCESS,False
CBK0002788,TXN00007182,USR38163,MCH5980,Customer says transaction was not authorized.,7942.83,2026-03-11 00:00:00,2026-03-13 01:58:00,2026-03-24 00:00:00,IN_PROGRESS,LOW,Customer Dispute,Branch,2.0,True,False,True,10245.0,Hotel / Lodging,SUCCESS,False
CBK0000419,TXN00018842,USR61484,MCH8719,Payment made to unknown merchant as per customer statement.,1397.32,2026-03-13 16:46:00,2026-03-29 08:46:00,,CLOSED,MEDIUM,Wrong Amount,Email,15.0,True,True,True,23848.02,Transportation,SUCCESS,False
CBK0001389,TXN00013530,USR54156,MCH6601,Customer says transaction was not authorized.,11913.51,2026-01-09 13:45:32,2026-01-15 00:00:00,,IN_PROGRESS,LOW,Duplicate Debit,IVR,5.0,True,False,False,2089.61,Restaurant,SUCCESS,False
CBK0000747,TXN00015384,USR91399,MCH3815,user claims account was compromised before transaction.,452.46,2026-02-21 00:00:00,2026-03-04 07:27:02,,CLOSED,LOW,Customer Dispute,Chatbot,11.0,True,True,False,21086.36,Telecom,SUCCESS,False
CBK0002757,TXN00002386,USR65855,MCH2446,Customer says amount was debited twice.,4215.68,2026-01-07 14:37:01,2026-01-03 14:37:01,,PENDING_BANK,LOW,Service Not Delivered,Call Center,,True,False,False,14559.15,Transportation,SUCCESS,False
CBK0000332,TXN00005378,USR88270,MCH4590,Complaint received after multiple failed attempts.,1274.1,2026-03-31 00:00:00,2026-05-16 14:52:28,2026-05-16 14:52:28,OPEN,MEDIUM,Service Not Delivered,Call Center,46.0,True,False,False,8558.32,Apparel,FAILED,False
CBK0002051,TXN00008348,USR53527,MCH2721,User claims account was compromised before transaction.,7413.72,,2026-01-25 00:00:00,2026-02-23 23:19:00,REJECTED,CRITICAL,Duplicate Debit,Email,,True,False,False,830.31,Hotel / Lodging,FAILED,False
CBK0002634,TXN00017469,USR67399,MCH4047,User reports money deducted but merchant denies receiving payment.,1016.01,2026-02-04 00:00:00,2026-02-05 00:00:00,2026-02-20 00:00:00,REJECTED,LOW,Wrong Amount,IVR,1.0,True,False,True,24638.13,Hotel / Lodging,SUCCESS,False
CBK0000497,TXN00001489,USR78501,MCH8779,Merchant service was not delivered after payment.,6345.72,2026-03-22 14:52:27,2026-05-07 01:52:00,2026-05-19 00:00:00,RESOLVED,HIGH,Service Not Delivered,App,45.0,True,False,True,9720.07,Grocery,SUCCESS,False
CBK0001504,TXN00058280,USR46847,MCH9988,User says UPI PIN was not entered by them.,834.87,,2026-01-31 00:00:00,2026-02-09 22:09:00,OPEN,MEDIUM,Duplicate Debit,Branch,,False,True,True,,,,False
CBK0000746,TXN00006761,USR27533,MCH9632,CUSTOMER COMPLAINT TEXT UNCLEAR DUE TO POOR CALL CENTER NOTES.,1870.83,2026-01-09 00:00:00,2026-01-16 00:00:00,2026-01-25 23:15:33,OPEN,MEDIUM,Duplicate Debit,Chatbot,7.0,True,True,True,7018.57,Grocery,SUCCESS,False
CBK0000073,TXN00007186,USR55692,MCH9079,Customer says amount was debited twice.,7193.48,2026-02-14 01:49:22,2026-02-21 00:00:00,2026-02-21 00:00:00,REJECTED,MEDIUM,Wrong Amount,Email,6.0,True,False,False,23056.36,,SUCCESS,False
CBK0001239,,USR43165,MCH9882,Customer says amount was debited twice.,8059.65,,2026-02-28 00:00:00,2026-02-28 00:00:00,REJECTED,MEDIUM,Wrong Amount,App,,False,False,True,,,,False
CBK0000454,TXN00010362,USR13559,MCH3717,Payment made to unknown merchant as per customer statement.,721.17,2026-02-01 00:00:00,2026-02-04 00:00:00,2026-02-10 00:00:00,OPEN,MEDIUM,Duplicate Debit,Chatbot,3.0,True,False,False,22194.96,Book Store,SUCCESS,False
CBK0000202,TXN00003879,USR22628,MCH4977,CUSTOMER SAYS TRANSACTION WAS NOT AUTHORIZED.,2999.94,2026-01-14 00:00:00,2026-01-20 00:00:00,2026-02-05 00:00:00,PENDING_BANK,LOW,Duplicate Debit,IVR,6.0,True,False,True,13930.44,Hotel / Lodging,SUCCESS,False
CBK0000384,TXN00007704,USR74500,MCH5267,Customer says amount was debited twice.,1568.0,2026-02-07 00:00:00,2026-02-09 00:00:00,,CLOSED,LOW,Wrong Amount,Chatbot,2.0,True,False,True,8888.69,Transportation,SUCCESS,False
CBK0002015,TXN00003845,USR71348,MCH6074,Customer says amount was debited twice.,2182.0,2026-01-20 00:00:00,2026-01-23 00:00:00,2026-02-18 00:40:34,RESOLVED,HIGH,Account Takeover,Chatbot,3.0,True,False,False,4038.86,Department Store,SUCCESS,False
CBK0002359,TXN00004169,USR59679,MCH4473,Customer complaint text unclear due to poor call center notes.,13744.99,2026-01-03 08:56:00,2026-01-08 00:00:00,2026-01-16 14:56:06,CLOSED,CRITICAL,Suspected Fraud,Email,4.0,True,False,False,7879.81,Telecom,PENDING,False
CBK0001364,TXN00018217,USR92659,MCH6674,User claims account was compromised before transaction.,1300.73,,,2026-01-06 00:00:00,PENDING_BANK,HIGH,Customer Dispute,Chatbot,,True,True,False,15343.47,Grocery,SUCCESS,False
CBK0002379,TXN00008645,USR61509,MCH1914,Complaint received after multiple failed attempts.,3501.28,2026-03-27 00:00:00,2026-03-29 00:00:00,,REJECTED,MEDIUM,Account Takeover,IVR,2.0,True,True,False,13409.45,Transportation,SUCCESS,False
CBK0000039,TXN00010340,USR89475,MCH2478,Payment made to unknown merchant as per customer statement.,8382.0,2026-01-07 12:28:00,2026-01-12 00:00:00,2026-01-31 00:00:00,IN_PROGRESS,MEDIUM,Service Not Delivered,Chatbot,4.0,True,True,True,21471.76,,SUCCESS,False
CBK0002254,TXN00016982,USR48692,MCH4326,User says UPI PIN was not entered by them.,662.25,2026-01-08 00:00:00,2026-01-10 00:00:00,2026-01-27 22:58:49,OPEN,MEDIUM,Suspected Fraud,App,2.0,True,True,True,8879.4,Grocery,PENDING,False
CBK0000443,TXN00003234,USR48070,MCH7286,Suspicious high-value payment disputed by customer.,8014.91,2026-02-25 00:00:00,2026-02-26 00:00:00,2026-03-21 00:00:00,REJECTED,HIGH,Suspected Fraud,IVR,1.0,True,False,False,1452.73,Grocery,SUCCESS,False
CBK0001214,TXN00084117,USR58335,MCH8999,user reports money deducted but merchant denies receiving payment.,3956.74,2026-02-06 00:00:00,2026-02-11 21:36:27,2026-02-27 00:00:00,CLOSED,HIGH,Service Not Delivered,Branch,5.0,False,False,True,,,,False
CBK0002038,TXN00005021,USR23918,MCH2822,Customer says transaction was not authorized.,7640.62,2026-02-15 01:06:00,2026-02-17 05:06:57,2026-03-01 00:00:00,RESOLVED,LOW,Service Not Delivered,Email,2.0,True,False,False,16676.52,Restaurant,SUCCESS,False
CBK0000298,TXN00003788,USR83977,MCH4437,Merchant service was not delivered after payment.,5092.34,2026-02-03 23:13:39,2026-02-05 03:13:00,2026-02-24 00:00:00,PENDING_BANK,LOW,Service Not Delivered,Chatbot,1.0,True,False,False,11604.9,Telecom,SUCCESS,False
CBK0001464,TXN00032619,USR22277,MCH4473,User claims account was compromised before transaction.,2826.04,2026-01-02 00:00:00,2026-01-05 19:21:00,2026-01-30 00:00:00,RESOLVED,MEDIUM,Service Not Delivered,Email,3.0,False,False,False,,,,False
CBK0001736,TXN00006569,USR82594,MCH5200,Merchant service was not delivered after payment. details missing,3352.04,2026-03-07 00:00:00,2026-03-09 00:00:00,,RESOLVED,HIGH,Service Not Delivered,App,2.0,True,False,True,9667.7,Medical / Pharmacy,SUCCESS,False
CBK0000761,TXN00001654,USR73010,MCH6154,Suspicious high-value payment disputed by cust.,11920.81,2026-02-05 00:00:00,2026-02-08 03:55:59,2026-02-10 00:00:00,PENDING_BANK,LOW,Suspected Fraud,IVR,3.0,True,False,False,9010.0,Department Store,SUCCESS,False
CBK0002190,TXN00074121,USR68897,MCH4316,Customer says transaction was not authorized.,1678.99,2026-03-13 12:21:29,2026-03-19 00:00:00,2026-03-26 00:00:00,PENDING_BANK,MEDIUM,Service Not Delivered,Chatbot,5.0,False,True,False,,,,False
CBK0001234,TXN00011425,USR22130,MCH7915,customer says transaction was not authorized.,3369.42,2026-02-07 06:14:00,2026-02-07 00:00:00,2026-03-01 00:00:00,OPEN,MEDIUM,Suspected Fraud,IVR,,True,True,False,20785.0,Misc Retail,SUCCESS,False
CBK0000307,TXN00010177,USR34955,MCH8749,customer complaint text unclear due to poor call center notes.,690.45,2026-02-22 00:00:00,2026-02-23 16:33:27,2026-03-23 16:33:27,OPEN,HIGH,Wrong Amount,IVR,1.0,True,False,True,19068.69,Restaurant,SUCCESS,False
CBK0000368,TXN00005138,USR72854,MCH3135,Customer says amount was debited twice.,1597.23,2026-03-03 00:00:00,2026-03-08 18:14:00,2026-03-19 18:14:00,PENDING_BANK,MEDIUM,Service Not Delivered,Chatbot,5.0,True,False,False,2002.08,Restaurant,PENDING,False
CBK0001276,TXN00003403,USR85655,MCH1234,Merchant service was not delivered after payment.,24972.33,2026-03-14 00:00:00,2026-03-13 00:00:00,,OPEN,MEDIUM,Customer Dispute,Call Center,,True,False,True,24972.33,Telecom,SUCCESS,True
CBK0002659,TXN00003213,USR61306,MCH7286,Customer says transaction was not authorized.,1246.38,2026-03-25 00:00:00,2026-03-28 00:00:00,2026-04-13 00:00:00,OPEN,HIGH,Wrong Amount,IVR,3.0,True,True,False,4489.54,Transportation,SUCCESS,False
CBK0000061,TXN00010949,USR32546,MCH9169,User says UPI PIN was not entered by them. call dropped,2673.31,2026-01-06 00:00:00,2026-01-07 06:45:00,2026-01-12 00:00:00,CLOSED,MEDIUM,Service Not Delivered,App,1.0,True,True,False,5570.8,Grocery,SUCCESS,False
CBK0000987,TXN00003201,USR35236,MCH3555,Suspicious high-value payment disputed by customer. pls check asap,993.95,2026-02-03 15:38:55,2026-03-05 23:38:00,,REJECTED,LOW,Unauthorized Transaction,Chatbot,30.0,True,False,True,13838.75,Transportation,SUCCESS,False
CBK0001927,TXN00011359,USR71316,MCH5954,Customer says amount was debited twice.,6170.83,2026-03-14 00:00:00,2026-03-22 14:50:33,2026-04-09 14:50:33,CLOSED,MEDIUM,Account Takeover,Chatbot,8.0,True,True,True,18781.2,Book Store,SUCCESS,False
CBK0001093,,USR43765,MCH9369,Customer says transaction was not authorized.,1407.25,2026-02-20 06:25:08,2026-02-21 00:00:00,2026-03-19 00:00:00,OPEN,MEDIUM,Wrong Amount,IVR,0.0,False,False,True,,,,False
CBK0000217,TXN00010428,USR35582,MCH8391,User claims account was compromised before transaction.,2580.03,,2026-03-17 00:00:00,,PENDING_BANK,HIGH,Suspected Fraud,Email,,True,True,True,20968.04,Transportation,SUCCESS,False
CBK0000902,TXN00019180,USR18416,MCH3100,Complaint received after multiple failed attempts.,163.0,2026-02-28 00:00:00,2026-03-04 08:02:37,,PENDING_BANK,HIGH,Service Not Delivered,Branch,4.0,True,False,False,13586.9,Apparel,PENDING,False
CBK0000652,TXN00015166,USR42412,MCH2811,USER SAYS UPI PIN WAS NOT ENTERED BY THEM.,732.38,2026-01-06 00:00:00,2026-01-09 00:00:00,2026-01-26 00:00:00,OPEN,HIGH,Service Not Delivered,IVR,3.0,True,True,False,3982.54,Grocery,FAILED,False
CBK0001358,TXN00013107,USR31479,MCH2757,Payment made to unknown merchant as per customer statement.,1035.74,2026-01-20 00:15:51,,2026-02-26 00:00:00,CLOSED,LOW,Account Takeover,IVR,,True,False,True,9686.57,Medical / Pharmacy,SUCCESS,False
CBK0001023,TXN00007154,USR60699,MCH6910,User claims account was compromised before transaction.,3092.99,2026-01-24 02:08:45,2026-01-29 13:08:00,,REJECTED,LOW,Duplicate Debit,Chatbot,5.0,True,False,False,22256.61,Grocery,SUCCESS,False
CBK0001630,TXN00011150,USR97781,MCH4684,Customer says transaction was not authorized.,3344.0,2026-03-04 21:59:00,2026-03-07 00:00:00,,RESOLVED,MEDIUM,Duplicate Debit,Call Center,2.0,True,True,False,21358.15,,SUCCESS,False
CBK0002123,TXN00015926,USR65059,MCH5703,User claims account was compromised before transaction.,851.0,,2026-03-12 14:21:21,2026-04-07 00:00:00,IN_PROGRESS,MEDIUM,Service Not Delivered,Chatbot,,True,False,False,21984.25,Book Store,FAILED,False
CBK0000421,TXN00010803,USR72422,MCH2757,Payment made to unknown merchant as per customer statement.,7913.77,2026-02-24 00:00:00,2026-02-27 00:00:00,,IN_PROGRESS,MEDIUM,Suspected Fraud,Branch,3.0,True,False,True,1679.26,Book Store,SUCCESS,False
CBK0002771,TXN00003740,USR43341,MCH4181,user says upi pin was not entered by them.,6434.35,2026-02-07 00:00:00,2026-02-08 09:22:00,2026-03-08 00:00:00,IN_PROGRESS,LOW,Customer Dispute,Branch,1.0,True,True,False,14451.5,Restaurant,SUCCESS,False
CBK0002424,TXN00002184,USR26661,MCH1213,Payment made to unknown merchant as per customer statement.,3019.75,2026-01-02 15:21:00,,2026-01-24 00:00:00,CLOSED,MEDIUM,Suspected Fraud,Email,,True,True,True,7605.62,Medical / Pharmacy,SUCCESS,False
CBK0000631,TXN00004185,USR21843,MCH5007,USER REPORTS MONEY DEDUCTED BUT MERCHANT DENIES RECEIVING PAYMENT.,7433.73,2026-01-16 00:00:00,,2026-01-26 00:00:00,OPEN,LOW,Wrong Amount,Chatbot,,True,False,False,3338.92,,SUCCESS,False
CBK0001390,TXN00017748,USR66250,MCH1711,User says UPI PIN was not entered by them.,8160.0,2026-03-04 16:20:03,2026-03-19 19:20:03,2026-03-20 00:00:00,RESOLVED,LOW,Account Takeover,App,15.0,True,True,True,6599.82,Medical / Pharmacy,SUCCESS,False
CBK0002141,TXN00009768,USR20378,MCH9291,User says UPI PIN was not entered by them.,2335.0,2026-03-20 00:00:00,2026-03-30 17:28:30,2026-04-03 00:00:00,OPEN,MEDIUM,Unauthorized Transaction,App,10.0,True,True,True,19024.68,Telecom,SUCCESS,False
CBK0002126,TXN00010837,USR17697,MCH6219,User reports money deducted but merchant denies receiving payment.,3555.94,2026-03-15 07:18:08,2026-03-16 11:18:08,,RESOLVED,LOW,Wrong Amount,Chatbot,1.0,True,True,True,14378.09,,SUCCESS,False
CBK0000494,TXN00017891,USR29919,MCH9291,Merchant service was not delivered after payment.,3343.99,2026-01-01 08:32:31,2026-01-12 00:00:00,2026-01-31 00:00:00,REJECTED,CRITICAL,Service Not Delivered,App,10.0,True,False,True,8861.97,,SUCCESS,False
CBK0000727,TXN00008469,USR71348,MCH9319,User says UPI PIN was not entered by them.,604.81,2026-01-03 19:11:00,2026-01-11 00:00:00,2026-02-04 00:00:00,REJECTED,MEDIUM,Duplicate Debit,App,7.0,True,False,True,7380.33,Transportation,SUCCESS,False
CBK0000531,TXN00014058,USR49275,MCH9836,User claims account was compromised before transaction.,1009.36,2026-01-24 00:00:00,2026-01-30 00:00:07,2026-02-20 00:00:00,PENDING_BANK,CRITICAL,Wrong Amount,IVR,6.0,True,True,True,20565.18,Medical / Pharmacy,SUCCESS,False
CBK0001139,TXN00009825,USR93426,MCH6856,Customer says amount was debited twice. urgent,6446.22,2026-03-03 00:00:00,2026-03-06 14:42:00,2026-03-23 14:42:18,IN_PROGRESS,CRITICAL,Duplicate Debit,App,3.0,True,False,True,12354.74,Grocery,SUCCESS,False
CBK0001402,TXN00004276,USR93581,MCH2383,User reports money deducted but merchant denies receiving payment.,3192.45,2026-01-22 09:19:32,2026-01-28 05:19:32,2026-02-22 00:00:00,OPEN,MEDIUM,Suspected Fraud,IVR,5.0,True,False,True,14548.0,Grocery,SUCCESS,False
CBK0002461,TXN00017240,USR28613,MCH1420,Merchant service was not delivered after payment.,7674.03,2026-02-12 06:09:18,2026-02-18 00:00:00,2026-03-03 00:00:00,PENDING_BANK,LOW,Service Not Delivered,App,5.0,True,True,True,23836.14,Medical / Pharmacy,SUCCESS,False
CBK0000246,TXN00019885,USR90720,MCH8625,Payment made to unknown merchant as per customer statement.,2738.74,2026-02-22 05:29:58,2026-02-23 00:00:00,,PENDING_BANK,MEDIUM,Duplicate Debit,IVR,0.0,True,False,False,15098.98,Medical / Pharmacy,SUCCESS,False
CBK0001110,TXN00013301,USR82155,MCH9291,Complaint received after multiple failed attempts.,12924.85,2026-03-27 08:05:22,2026-03-30 06:05:00,,RESOLVED,HIGH,Unauthorized Transaction,Chatbot,2.0,True,True,True,12924.85,Apparel,SUCCESS,True
CBK0000372,TXN00010170,USR38969,MCH7294,Payment made to unknown merchant as per customer statement.,11446.22,2026-01-03 19:40:32,2026-01-18 00:00:00,,RESOLVED,MEDIUM,Customer Dispute,App,14.0,True,False,True,11446.22,Transportation,SUCCESS,True
CBK0002016,TXN00007362,USR90209,MCH9344,Customer says transaction was not authorized.,3269.55,2026-03-23 00:00:00,2026-04-03 14:15:00,2026-04-17 00:00:00,IN_PROGRESS,LOW,Service Not Delivered,Chatbot,11.0,True,False,False,11351.63,Grocery,SUCCESS,False
CBK0002498,TXN00009704,USR26525,MCH4212,Customer says amount was debited twice.,2595.11,2026-01-24 00:00:00,2026-01-26 03:33:00,2026-01-26 00:00:00,RESOLVED,LOW,Service Not Delivered,Call Center,2.0,True,False,True,20003.36,Grocery,SUCCESS,False
CBK0001481,TXN00001735,USR85139,MCH3100,Merchant service was not delivered after payment.,3084.74,2026-02-26 00:00:00,2026-03-28 00:00:00,2026-03-28 00:00:00,CLOSED,MEDIUM,Service Not Delivered,IVR,30.0,True,False,False,3276.45,Grocery,SUCCESS,False
CBK0002392,TXN00006668,USR61084,MCH2875,payment made to unknown merchant as per customer statement.,1736.0,2026-01-28 00:00:00,2026-01-30 00:00:00,2026-02-17 12:08:01,RESOLVED,HIGH,Customer Dispute,Email,2.0,True,True,True,18613.61,Grocery,SUCCESS,False
CBK0000614,TXN00000040,USR94585,MCH8779,Complaint received after multiple failed attempts. call dropped,1389.07,2026-01-20 00:00:00,2026-01-25 00:00:00,2026-02-10 00:00:00,RESOLVED,LOW,Account Takeover,App,5.0,True,False,True,11009.41,,SUCCESS,False
CBK0002520,TXN00006276,USR55226,MCH7826,Merchant service was not delivered after payment.,1890.0,2026-01-21 00:00:00,2026-01-22 00:00:00,2026-01-24 16:37:21,PENDING_BANK,CRITICAL,Duplicate Debit,Branch,1.0,True,False,False,16321.68,Restaurant,SUCCESS,False
CBK0000593,TXN00013111,USR25826,MCH9808,Customer says transaction was not authorized.,5583.0,2026-02-26 00:00:00,2026-03-05 18:10:06,2026-03-15 00:00:00,OPEN,HIGH,Account Takeover,IVR,7.0,True,True,False,5583.0,Restaurant,SUCCESS,True
CBK0000551,TXN00012467,USR71976,MCH4344,Suspicious high-value payment disputed by customer.,1654.78,2026-02-01 10:46:36,2026-02-05 08:46:36,2026-03-07 00:00:00,PENDING_BANK,LOW,Customer Dispute,Chatbot,3.0,True,False,False,5449.0,Hotel / Lodging,SUCCESS,False
CBK0000138,TXN00003017,USR74855,MCH9944,Customer complaint text unclear due to poor call center notes.,707.43,2026-01-12 10:06:13,2026-01-18 08:06:13,2026-02-13 00:00:00,REJECTED,LOW,Account Takeover,Email,5.0,True,False,True,18320.15,Grocery,SUCCESS,False
CBK0000100,TXN00017882,USR54020,MCH3381,User reports money deducted but merchant denies receiving payment.,732.66,2026-01-17 00:00:00,2026-01-20 00:00:00,2026-02-17 00:00:00,OPEN,HIGH,Duplicate Debit,App,3.0,True,False,False,20189.71,Restaurant,SUCCESS,False
CBK0000620,TXN00014536,USR49473,MCH9291,Suspicious high-value payment disputed by customer.,12058.7,2026-01-08 10:01:00,2026-01-10 00:00:00,,IN_PROGRESS,MEDIUM,Duplicate Debit,IVR,1.0,True,True,True,3787.54,Apparel,FAILED,False
CBK0000787,TXN00015064,USR33856,MCH8652,User reports money deducted but merchant denies receiving payment.,981.9,2026-02-03 00:00:00,2026-03-20 00:00:00,2026-03-25 00:00:00,IN_PROGRESS,MEDIUM,Duplicate Debit,IVR,45.0,True,False,False,6001.21,Hotel / Lodging,SUCCESS,False
CBK0002134,TXN00009374,USR27878,MCH5264,Customer says amount was debited twice.,50.0,2026-03-30 13:34:53,2026-04-02 15:34:53,,PENDING_BANK,MEDIUM,Customer Dispute,IVR,3.0,True,True,False,21842.11,Hotel / Lodging,SUCCESS,False
CBK0001981,TXN00014392,USR72048,MCH4590,user claims account was compromised before transaction.,4520.19,2026-03-17 00:00:00,2026-03-20 00:00:00,2026-03-23 00:00:00,REJECTED,LOW,Duplicate Debit,App,3.0,True,False,False,20841.85,Grocery,FAILED,False
CBK0001249,TXN00003498,USR73675,MCH3822,user reports money deducted but merchant denies receiving payment.,3661.3,2026-03-31 00:00:00,2026-04-08 14:29:36,2026-04-20 00:00:00,RESOLVED,MEDIUM,Suspected Fraud,Email,8.0,True,False,True,22153.47,Medical / Pharmacy,SUCCESS,False
CBK0002554,TXN00000914,USR21146,MCH2266,User claims account was compromised before txn.,1207.28,2026-02-08 11:30:00,2026-03-25 00:00:00,2026-04-02 00:00:00,OPEN,HIGH,Service Not Delivered,Branch,44.0,True,False,True,10241.2,Misc Retail,SUCCESS,False
CBK0002602,TXN00012801,USR20795,MCH5787,Suspicious high-value payment disputed by customer.,2374.29,2026-02-11 00:00:00,2026-02-18 00:00:00,2026-03-09 12:23:30,RESOLVED,MEDIUM,Service Not Delivered,Call Center,7.0,True,False,True,13972.5,Grocery,SUCCESS,False
CBK0002797,TXN00013910,USR34880,MCH1320,USER REPORTS MONEY DEDUCTED BUT MERCHANT DENIES RECEIVING PAYMENT.,877.44,2026-01-21 11:46:59,2026-01-27 08:46:00,,IN_PROGRESS,HIGH,Unauthorized Transaction,Chatbot,5.0,True,False,True,5778.14,Medical / Pharmacy,SUCCESS,False
CBK0000521,TXN00019385,USR20822,MCH6549,Suspicious high-value payment disputed by customer.,1082.82,2026-03-19 19:31:42,2026-03-21 00:00:00,2026-04-11 11:31:42,IN_PROGRESS,HIGH,Unauthorized Transaction,Branch,1.0,True,False,False,21717.0,Grocery,SUCCESS,False
CBK0001422,TXN00013883,USR59251,MCH7833,Payment made to unknown merchant as per customer statement.,3588.0,2026-01-13 00:00:00,2026-01-15 11:58:51,2026-01-21 00:00:00,OPEN,MEDIUM,Unauthorized Transaction,Chatbot,2.0,True,True,True,16368.07,Misc Retail,SUCCESS,False
CBK0000458,TXN00016719,USR26895,MCH4723,User claims account was compromised before txn.,2956.42,2026-01-16 00:00:00,2026-01-19 00:00:00,2026-02-03 00:00:00,RESOLVED,LOW,Customer Dispute,Chatbot,3.0,True,False,True,7448.64,Medical / Pharmacy,SUCCESS,False
CBK0000085,TXN00004176,USR35280,MCH8030,Customer complaint text unclear due to poor call center notes.,1105.82,2026-01-08 00:00:00,2026-01-09 21:57:00,2026-01-27 21:57:00,CLOSED,HIGH,Account Takeover,Branch,1.0,True,False,False,24889.27,Grocery,FAILED,False
CBK0000376,TXN00010928,USR62685,MCH9719,Customer says transaction was not authorized. urgent,1538.0,2026-02-26 00:00:00,2026-03-01 05:50:00,2026-03-17 05:50:00,CLOSED,HIGH,Duplicate Debit,Chatbot,3.0,True,False,False,10513.05,Hotel / Lodging,SUCCESS,False
CBK0002059,,USR69096,MCH6070,user says upi pin was not entered by them.,599.01,2026-02-03 00:00:00,2026-02-06 07:00:00,,RESOLVED,LOW,Account Takeover,Branch,3.0,False,False,False,,,,False
CBK0002759,TXN00003778,USR65783,MCH3028,User claims account was compromised before transaction.,7597.0,2026-02-06 00:00:00,2026-02-07 12:51:27,2026-02-25 00:00:00,PENDING_BANK,MEDIUM,Wrong Amount,Call Center,1.0,True,False,False,14169.47,Restaurant,SUCCESS,False
CBK0000425,TXN00019652,USR51854,MCH4908,Payment made to unknown merchant as per customer statement.,1289.49,2026-03-06 00:00:00,,2026-03-25 08:31:28,IN_PROGRESS,CRITICAL,Suspected Fraud,App,,True,False,False,12064.21,Transportation,PENDING,False
CBK0000473,TXN00006355,USR15888,MCH5561,Customer says transaction was not authorized.,1211.72,2026-01-12 00:00:00,2026-01-14 00:00:00,2026-01-18 13:37:06,RESOLVED,MEDIUM,Service Not Delivered,Branch,2.0,True,False,False,23020.06,Transportation,FAILED,False
CBK0002609,TXN00005872,USR71348,MCH9291,Customer complaint text unclear due to poor call center notes.,2023.21,2026-03-31 04:58:00,2026-04-16 00:00:00,2026-05-11 00:00:00,RESOLVED,LOW,Service Not Delivered,Chatbot,15.0,True,False,True,5925.64,Grocery,SUCCESS,False
CBK0002781,TXN00007463,USR88712,MCH4226,Merchant service was not delivered after payment.,540.0,2026-02-08 10:50:00,2026-02-09 00:00:00,,IN_PROGRESS,MEDIUM,Service Not Delivered,IVR,0.0,True,False,False,22846.22,Telecom,SUCCESS,False
CBK0000437,TXN00008304,USR31182,MCH7390,Merchant service was not delivered after payment. NA,6321.44,2026-03-17 00:00:00,2026-03-19 00:00:00,,PENDING_BANK,MEDIUM,Unauthorized Transaction,Chatbot,2.0,True,False,False,5379.22,Department Store,SUCCESS,False
CBK0001434,TXN00014276,USR37196,MCH2407,payment made to unknown merchant as per customer statement.,637.61,2026-03-27 00:00:00,2026-03-30 00:00:00,2026-04-08 00:00:00,PENDING_BANK,MEDIUM,Duplicate Debit,IVR,3.0,True,False,True,5105.12,Hotel / Lodging,SUCCESS,False
CBK0002012,TXN00012346,USR40998,MCH3992,Customer says amount was debited twice.,1010.1,2026-01-07 00:00:00,2026-01-10 15:42:32,,IN_PROGRESS,HIGH,Account Takeover,Call Center,3.0,True,False,False,20302.71,Grocery,SUCCESS,False
CBK0000297,TXN00019269,USR53731,MCH9458,CUSTOMER SAYS TRANSACTION WAS NOT AUTHORIZED.,2732.12,2026-02-08 09:15:08,2026-02-11 00:00:00,2026-02-15 00:00:00,CLOSED,MEDIUM,Unauthorized Transaction,IVR,2.0,True,False,True,16390.09,Misc Retail,SUCCESS,False
CBK0002058,TXN00010832,USR29952,MCH6418,User says UPI PIN was not entered by them. urgent,1882.0,2026-02-22 21:09:00,2026-02-28 00:00:00,2026-03-16 00:00:00,IN_PROGRESS,LOW,Account Takeover,Chatbot,5.0,True,False,True,3049.36,Hotel / Lodging,SUCCESS,False
CBK0000267,,USR13313,MCH9823,Complaint received after multiple failed attempts.,1878.56,2026-02-09 00:00:00,2026-02-12 00:00:00,2026-03-03 00:00:00,CLOSED,MEDIUM,Account Takeover,Chatbot,3.0,False,False,True,,,,False
CBK0000035,TXN00004120,USR53171,MCH6920,user reports money deducted but merchant denies receiving payment.,5701.53,2026-03-07 00:00:00,2026-03-05 00:00:00,2026-04-02 00:00:00,IN_PROGRESS,LOW,Duplicate Debit,IVR,,True,False,True,17870.82,Transportation,SUCCESS,False
CBK0002020,TXN00019784,USR89588,MCH8760,Customer says amount was debited twice.,2591.32,2026-03-08 00:00:00,2026-03-10 00:00:00,,RESOLVED,LOW,Service Not Delivered,IVR,2.0,True,False,False,451.0,Misc Retail,SUCCESS,False
CBK0001016,TXN00018653,USR39211,MCH1376,User reports money deducted but merchant denies receiving payment.,2423.45,2026-02-19 00:00:00,2026-02-22 00:00:00,2026-03-05 00:00:00,REJECTED,LOW,Account Takeover,Chatbot,3.0,True,False,False,23913.15,Hotel / Lodging,SUCCESS,False
CBK0000905,TXN00003495,USR37693,MCH8091,Complaint received after multiple failed attempts.,2983.97,2026-01-08 00:00:00,2026-02-08 00:07:18,,PENDING_BANK,LOW,Service Not Delivered,Email,31.0,True,False,True,16479.54,Medical / Pharmacy,PENDING,False
CBK0000394,TXN00000779,USR64440,MCH8614,User claims account was compromised before txn.,4511.29,2026-02-03 13:21:00,2026-03-06 00:00:00,2026-03-28 00:00:00,IN_PROGRESS,MEDIUM,Duplicate Debit,Chatbot,30.0,True,True,True,18003.71,Department Store,SUCCESS,False
CBK0000059,TXN00011102,USR87051,MCH4693,COMPLAINT RECEIVED AFTER MULTIPLE FAILED ATTEMPTS.,1825.45,2026-03-06 00:00:00,2026-03-07 00:00:00,2026-03-09 00:00:00,OPEN,LOW,Account Takeover,Call Center,1.0,True,False,True,21876.0,Transportation,SUCCESS,False
CBK0001956,TXN00004350,USR48482,MCH1641,user claims account was compromised before transaction.,2131.37,2026-03-16 00:00:00,2026-03-22 00:00:00,2026-03-30 00:00:00,IN_PROGRESS,LOW,Unauthorized Transaction,Chatbot,6.0,True,False,True,15790.0,Medical / Pharmacy,SUCCESS,False
CBK0002439,TXN00009347,USR87914,MCH6751,Suspicious high-value payment disputed by customer.,1704.94,,2026-03-12 20:47:00,2026-03-24 00:00:00,IN_PROGRESS,LOW,Wrong Amount,IVR,,True,False,True,18812.54,Transportation,SUCCESS,False
CBK0002733,TXN00015766,USR87074,MCH6810,User reports money deducted but merchant denies receiving payment.,198.26,2026-03-26 15:10:36,2026-04-05 00:00:00,,OPEN,LOW,Account Takeover,Chatbot,9.0,True,False,False,4535.21,Misc Retail,PENDING,False
CBK0000344,TXN00018344,USR11559,MCH4841,Merchant service was not delivered after payment.,9060.0,2026-02-05 00:00:00,2026-03-07 00:00:00,2026-03-08 22:10:00,CLOSED,HIGH,Suspected Fraud,IVR,30.0,True,False,True,19192.0,Apparel,SUCCESS,False
CBK0000704,TXN00015091,USR45203,MCH9864,Suspicious high-value payment disputed by customer. NA,20286.73,2026-03-28 00:00:00,2026-04-03 18:18:00,2026-05-01 00:00:00,OPEN,HIGH,Service Not Delivered,Chatbot,6.0,True,False,False,5657.0,Grocery,SUCCESS,False
CBK0001841,TXN00005953,USR96307,MCH1423,Payment made to unknown merchant as per customer statement.,1742.0,2026-03-28 00:00:00,2026-03-29 00:00:00,2026-04-18 00:00:00,REJECTED,LOW,Service Not Delivered,IVR,1.0,True,True,False,19754.0,,SUCCESS,False
CBK0000305,TXN00002303,USR21074,MCH1320,Customer says amount was debited twice.,1712.22,2026-02-04 00:00:00,2026-02-09 00:00:00,2026-02-22 00:00:00,IN_PROGRESS,LOW,Service Not Delivered,App,5.0,True,False,True,12821.57,Restaurant,SUCCESS,False
CBK0002157,TXN00010666,USR74780,MCH6850,Payment made to unknown merchant as per customer statement.,1349.33,2026-02-07 00:00:00,2026-03-09 00:00:00,2026-03-27 00:00:00,CLOSED,LOW,Wrong Amount,Branch,30.0,True,False,False,3488.3,Hotel / Lodging,FAILED,False
CBK0000219,TXN00076688,USR63208,MCH6288,User claims account was compromised before transaction.,355.19,2026-03-31 00:00:00,2026-04-06 00:00:00,2026-05-05 00:00:00,RESOLVED,LOW,Service Not Delivered,Branch,6.0,False,False,False,,,,False
CBK0000503,TXN00009139,USR87033,MCH8779,Payment made to unknown merchant as per customer statement.,1518.49,2026-03-05 00:00:00,2026-03-08 00:00:00,2026-03-29 10:48:07,CLOSED,CRITICAL,Service Not Delivered,Email,3.0,True,False,True,12037.04,Grocery,SUCCESS,False
CBK0002098,TXN00012193,USR22644,MCH5980,Merchant service was not delivered after payment.,1913.11,2026-03-19 04:04:00,2026-03-20 00:00:00,2026-03-24 00:00:00,CLOSED,HIGH,Suspected Fraud,Call Center,0.0,True,True,True,23532.06,Restaurant,SUCCESS,False
CBK0002395,TXN00010795,USR24347,MCH3677,User reports money deducted but merchant denies receiving payment.,933.13,2026-03-30 00:00:00,2026-04-14 00:00:00,2026-05-10 12:23:00,IN_PROGRESS,LOW,Duplicate Debit,Chatbot,15.0,True,False,True,4342.6,Transportation,SUCCESS,False
CBK0001580,TXN00004779,USR38912,MCH6908,customer says amount was debited twice.,1565.13,2026-01-12 10:59:00,2026-01-13 09:59:00,2026-01-16 00:00:00,OPEN,MEDIUM,Suspected Fraud,Email,0.0,True,True,False,6036.72,Medical / Pharmacy,SUCCESS,False
CBK0000388,TXN00000433,USR50784,MCH6968,User says UPI PIN was not entered by them.,979.0,2026-02-18 00:00:00,2026-02-23 19:00:44,2026-03-19 00:00:00,OPEN,LOW,Wrong Amount,Branch,5.0,True,True,False,15459.27,Grocery,SUCCESS,False
CBK0000891,TXN00017408,USR10307,MCH7766,user reports money deducted but merchant denies receiving payment.,836.19,2026-03-23 00:00:00,2026-03-23 00:00:00,,IN_PROGRESS,LOW,Service Not Delivered,Email,0.0,True,False,False,12247.0,Grocery,SUCCESS,False
CBK0000501,TXN00019009,USR96611,MCH3763,Customer complaint text unclear due to poor call center notes.,1552.99,2026-01-10 00:00:00,2026-01-15 00:00:00,2026-01-27 15:33:00,PENDING_BANK,HIGH,Wrong Amount,App,5.0,True,True,False,3392.71,Transportation,FAILED,False
CBK0002227,TXN00097124,USR21632,MCH9291,User reports money deducted but merchant denies receiving payment.,1596.33,2026-02-25 20:48:05,2026-04-12 00:00:00,2026-04-26 00:00:00,RESOLVED,HIGH,Duplicate Debit,App,45.0,False,False,True,,,,False
CBK0000060,TXN00004672,USR95647,MCH3815,Suspicious high-value payment disputed by customer.,985.98,,2026-01-09 00:00:00,2026-02-04 00:00:00,RESOLVED,HIGH,Service Not Delivered,IVR,,True,True,False,21983.2,Department Store,SUCCESS,False
CBK0002174,,USR75213,MCH2779,User reports money deducted but merchant denies receiving payment.,484.07,2026-02-28 00:00:00,2026-04-14 23:11:36,2026-05-10 00:00:00,CLOSED,MEDIUM,Account Takeover,Branch,45.0,False,False,False,,,,False
CBK0000869,TXN00011061,USR71557,MCH8342,Merchant service was not delivered after payment.,211.84,2026-03-03 00:00:00,2026-03-14 00:00:00,2026-04-11 00:00:00,CLOSED,LOW,Customer Dispute,Call Center,11.0,True,False,False,18876.92,Transportation,SUCCESS,False
CBK0001381,TXN00011623,USR99837,MCH8765,Customer says amount was debited twice. NA,3487.78,2026-01-28 09:27:00,2026-01-30 21:27:00,,CLOSED,HIGH,Service Not Delivered,IVR,2.0,True,True,True,1639.17,Hotel / Lodging,SUCCESS,False
CBK0002396,TXN00000711,USR70575,MCH1910,User says UPI PIN was not entered by them. NA,19008.09,2026-02-25 00:00:00,,,RESOLVED,HIGH,Customer Dispute,IVR,,True,False,False,19008.09,Grocery,SUCCESS,True
CBK0000723,TXN00001222,USR96458,MCH9291,PAYMENT MADE TO UNKNOWN MERCHANT AS PER CUSTOMER STATEMENT.,3784.94,2026-01-14 00:00:00,2026-01-16 04:31:14,,RESOLVED,LOW,Service Not Delivered,Email,2.0,True,True,True,3784.94,Restaurant,SUCCESS,True
CBK0000504,TXN00008435,USR93535,MCH7466,Customer says amount was debited twice.,755.82,,2026-02-06 00:00:00,2026-03-03 09:34:59,REJECTED,MEDIUM,Service Not Delivered,Email,,True,True,False,24037.88,Transportation,SUCCESS,False
CBK0002746,TXN00015136,USR57117,MCH5167,Customer complaint text unclear due to poor call center notes.,661.74,2026-02-24 00:00:00,2026-02-26 00:00:00,2026-03-27 08:47:00,OPEN,LOW,Service Not Delivered,Call Center,2.0,True,False,True,2767.27,Medical / Pharmacy,SUCCESS,False
CBK0002737,TXN00005881,USR91565,MCH2757,Merchant service was not delivered after payment.,2284.0,2026-02-03 19:55:07,2026-02-07 00:00:00,2026-02-13 08:55:00,REJECTED,MEDIUM,Wrong Amount,Email,3.0,True,True,True,5114.37,Restaurant,SUCCESS,False
CBK0002270,TXN00000045,USR73010,MCH6294,Customer says transaction was not authorized.,1101.8,2026-01-03 00:00:03,2026-01-05 22:00:00,2026-01-11 22:00:03,CLOSED,MEDIUM,Account Takeover,Call Center,2.0,True,False,False,6476.91,Hotel / Lodging,SUCCESS,False
CBK0001994,TXN00000296,USR71624,MCH4650,Complaint received after multiple failed attempts.,512.0,2026-03-29 00:00:00,2026-03-29 17:25:00,2026-03-30 00:00:00,RESOLVED,HIGH,Account Takeover,App,0.0,True,False,False,13061.0,Hotel / Lodging,SUCCESS,False
CBK0002612,TXN00010607,USR32830,MCH9346,CUSTOMER SAYS AMOUNT WAS DEBITED TWICE.,397.65,2026-03-01 00:00:00,2026-03-17 00:00:00,2026-04-07 00:00:00,RESOLVED,HIGH,Account Takeover,Branch,16.0,True,False,False,16222.19,Grocery,SUCCESS,False
CBK0001950,TXN00002053,USR33960,MCH5223,Customer complaint text unclear due to poor call center notes.,2130.67,2026-03-26 00:00:00,2026-03-27 11:08:07,2026-04-08 11:08:00,PENDING_BANK,MEDIUM,Duplicate Debit,Email,1.0,True,False,True,4152.71,Apparel,SUCCESS,False
CBK0000757,TXN00010601,USR53404,MCH4311,User says UPI PIN was not entered by them.,1363.12,2026-03-20 14:22:47,2026-03-26 10:22:00,2026-04-22 00:00:00,CLOSED,MEDIUM,Service Not Delivered,IVR,5.0,True,True,False,4850.57,Grocery,SUCCESS,False
CBK0000159,TXN00001671,USR51888,MCH8727,User says UPI PIN was not entered by them.,2605.0,2026-02-19 00:00:00,2026-02-24 00:00:00,2026-02-24 00:00:00,PENDING_BANK,HIGH,Wrong Amount,IVR,5.0,True,False,True,9521.78,Grocery,SUCCESS,False
CBK0001270,TXN00015781,USR60184,MCH5412,Customer says transaction was not authorized.,6433.23,2026-02-22 00:00:00,2026-02-25 18:53:25,2026-02-25 18:53:25,OPEN,HIGH,Wrong Amount,Chatbot,3.0,True,False,False,2482.82,Medical / Pharmacy,SUCCESS,False
CBK0001833,TXN00009923,USR24660,MCH3434,Merchant service was not delivered after payment.,2940.0,2026-01-04 12:15:00,2025-12-30 12:15:20,2025-12-31 00:00:00,OPEN,MEDIUM,Customer Dispute,Call Center,,True,False,False,15127.47,Grocery,SUCCESS,False
CBK0000148,,USR37395,MCH3992,Suspicious high-value payment disputed by customer.,,2026-02-25 00:00:00,2026-02-28 00:00:00,2026-03-09 00:00:00,CLOSED,CRITICAL,Customer Dispute,IVR,3.0,False,False,False,,,,True
CBK0002188,TXN00011115,USR83988,MCH3113,User reports money deducted but merchant denies receiving payment.,3037.16,,2026-01-03 00:00:00,2026-01-14 02:37:33,PENDING_BANK,LOW,Customer Dispute,Chatbot,,True,False,False,14242.1,Grocery,SUCCESS,False
CBK0000906,TXN00009979,USR59679,MCH6645,User claims account was compromised before transaction.,876.91,2026-02-02 22:05:54,2026-02-04 00:00:00,2026-02-13 00:00:00,REJECTED,MEDIUM,Account Takeover,App,1.0,True,False,True,23765.79,Restaurant,SUCCESS,False
CBK0001190,TXN00017091,USR51699,MCH7327,User says UPI PIN was not entered by them.,2254.1,2026-02-17 00:00:00,2026-02-28 00:00:00,2026-03-11 02:20:08,OPEN,HIGH,Account Takeover,App,11.0,True,False,True,2249.97,Hotel / Lodging,SUCCESS,False
CBK0000325,TXN00011027,USR51987,MCH6810,Customer says txn was not authorized.,3285.5,2026-01-04 03:24:27,2026-01-06 00:00:00,2026-01-16 00:00:00,IN_PROGRESS,MEDIUM,Unauthorized Transaction,App,1.0,True,True,False,3743.12,Restaurant,SUCCESS,False
CBK0002358,TXN00012958,USR45319,MCH4022,Customer complaint text unclear due to poor call center notes. call dropped,1142.21,2026-02-23 16:54:56,2026-03-03 00:00:00,2026-03-20 03:54:56,PENDING_BANK,LOW,Duplicate Debit,IVR,7.0,True,False,True,22329.54,Grocery,SUCCESS,False
CBK0001443,TXN00003853,USR70317,MCH6921,PAYMENT MADE TO UNKNOWN MERCHANT AS PER CUSTOMER STATEMENT.,2342.78,2026-02-19 00:00:00,2026-02-22 00:00:00,2026-02-26 00:00:00,CLOSED,MEDIUM,Service Not Delivered,IVR,3.0,True,False,False,15323.77,Medical / Pharmacy,SUCCESS,False
CBK0001944,TXN00005059,USR14388,MCH5076,CUSTOMER SAYS AMOUNT WAS DEBITED TWICE.,4128.34,2026-03-10 22:25:51,2026-04-25 00:00:00,2026-04-26 05:25:51,OPEN,CRITICAL,Wrong Amount,IVR,45.0,True,False,False,13958.7,Medical / Pharmacy,SUCCESS,False
CBK0000097,TXN00014288,USR75999,MCH4226,Payment made to unknown merchant as per customer statement.,4255.52,2026-03-14 12:10:00,2026-03-13 00:00:00,,PENDING_BANK,MEDIUM,Customer Dispute,IVR,,True,False,False,21497.69,Grocery,SUCCESS,False
CBK0000609,TXN00001796,USR77277,MCH2970,User reports money deducted but merchant denies receiving payment.,2128.95,2026-01-06 00:00:00,2026-01-11 00:00:00,,CLOSED,LOW,Service Not Delivered,Branch,5.0,True,False,True,2128.95,Book Store,SUCCESS,True
CBK0000920,TXN00000546,USR20076,MCH2383,Complaint received after multiple failed attempts.,427.33,2026-03-02 00:00:00,2026-04-17 13:17:00,2026-04-27 00:00:00,PENDING_BANK,LOW,Wrong Amount,App,46.0,True,False,True,8960.49,Telecom,SUCCESS,False
CBK0001945,TXN00015576,USR59679,MCH5013,MERCHANT SERVICE WAS NOT DELIVERED AFTER PAYMENT.,2182.01,2026-02-28 04:17:48,2026-03-03 00:00:00,2026-03-07 00:00:00,OPEN,HIGH,Duplicate Debit,IVR,2.0,True,False,False,14393.67,Hotel / Lodging,SUCCESS,False
CBK0002769,TXN00003447,USR76233,MCH8735,Payment made to unknown merchant as per cust statement.,1984.96,2026-02-19 00:00:00,2026-02-21 00:00:00,2026-03-03 00:00:00,REJECTED,MEDIUM,Wrong Amount,Chatbot,2.0,True,True,True,20112.31,Grocery,SUCCESS,False
CBK0002138,TXN00000295,USR86497,MCH2786,Customer says amount was debited twice.,731.69,2026-01-10 00:00:00,2026-01-16 00:00:00,2026-01-30 00:00:00,IN_PROGRESS,LOW,Suspected Fraud,Chatbot,6.0,True,False,True,3185.24,Grocery,SUCCESS,False
CBK0001973,TXN00013275,USR71371,MCH9810,Complaint received after multiple failed attempts.,666.32,2026-03-19 00:00:00,2026-03-27 00:00:00,2026-04-19 00:00:00,PENDING_BANK,MEDIUM,Service Not Delivered,Chatbot,8.0,True,False,False,17807.58,Misc Retail,FAILED,False
CBK0000440,TXN00019212,USR83469,MCH7067,customer says transaction was not authorized.,2786.25,,2026-01-20 03:57:35,2026-01-28 03:57:35,OPEN,LOW,Account Takeover,Call Center,,True,True,False,18650.46,Transportation,SUCCESS,False
CBK0001313,TXN00002015,USR70926,MCH8374,Merchant service was not delivered after payment.,2615.98,2026-03-24 00:00:00,2026-03-26 22:40:05,2026-04-11 22:40:00,OPEN,CRITICAL,Account Takeover,Chatbot,2.0,True,False,True,13315.19,Hotel / Lodging,SUCCESS,False
CBK0001519,TXN00000459,USR36461,MCH6850,Customer says amount was debited twice.,8278.26,2026-01-05 01:52:09,2026-02-20 00:52:09,2026-03-19 00:00:00,PENDING_BANK,HIGH,Customer Dispute,Call Center,45.0,True,True,False,1417.0,Book Store,SUCCESS,False
CBK0001153,TXN00007272,USR23407,MCH9088,Merchant service was not delivered after payment.,928.0,2026-03-13 04:40:00,2026-03-14 00:00:00,2026-03-19 23:40:22,PENDING_BANK,HIGH,Account Takeover,Chatbot,0.0,True,True,True,24098.26,Grocery,SUCCESS,False
CBK0000490,TXN00019708,USR89588,MCH9291,customer says amount was debited twice.,1943.24,2026-02-23 01:22:04,,2026-04-18 23:22:00,OPEN,LOW,Customer Dispute,Call Center,,True,False,True,11612.03,Telecom,SUCCESS,False
CBK0000306,TXN00000680,USR62254,MCH5980,User says UPI PIN was not entered by them.,589.63,2026-01-26 00:00:00,2026-02-02 00:00:00,2026-02-21 12:35:42,IN_PROGRESS,HIGH,Suspected Fraud,Chatbot,7.0,True,True,True,21639.02,Misc Retail,SUCCESS,False
CBK0001088,TXN00012038,USR14244,MCH5655,Customer complaint text unclear due to poor call center notes.,21278.79,2026-01-19 00:00:00,2026-01-23 00:00:00,,CLOSED,LOW,Duplicate Debit,Email,4.0,True,False,False,21278.79,Grocery,SUCCESS,True
CBK0002181,TXN00014627,USR41247,MCH7342,Customer says amount was debited twice.,4363.55,2026-03-02 00:00:00,2026-03-04 00:00:00,,PENDING_BANK,MEDIUM,Customer Dispute,Chatbot,2.0,True,False,False,8325.77,Restaurant,SUCCESS,False
CBK0000863,TXN00016767,USR90880,MCH2841,customer says transaction was not authorized.,1273.0,2026-03-06 00:00:00,2026-03-07 21:23:05,2026-04-03 00:00:00,CLOSED,HIGH,Service Not Delivered,Email,1.0,True,False,True,13189.0,Grocery,SUCCESS,False
CBK0000178,TXN00004134,USR75133,MCH1949,Customer complaint text unclear due to poor call center notes.,794.23,2026-02-24 00:00:00,,2026-03-06 06:12:04,OPEN,HIGH,Suspected Fraud,IVR,,True,False,False,15846.45,,SUCCESS,False
CBK0000340,TXN00006753,USR93690,MCH7199,Suspicious high-value payment disputed by customer.,6262.28,2026-01-18 00:00:00,2026-01-15 19:42:11,2026-01-16 00:00:00,IN_PROGRESS,LOW,Service Not Delivered,App,,True,True,True,7614.65,Misc Retail,SUCCESS,False
CBK0001772,TXN00010231,USR49951,MCH4775,payment made to unknown merchant as per customer statement.,12820.0,2026-01-29 11:52:47,2026-01-30 00:00:00,2026-02-08 00:00:00,REJECTED,MEDIUM,Unauthorized Transaction,App,0.0,True,False,True,12820.0,Restaurant,SUCCESS,True
CBK0002100,TXN00012645,USR65267,MCH1601,Customer says transaction was not authorized.,1273.59,2026-03-30 00:00:00,2026-04-03 00:00:00,,CLOSED,LOW,Suspected Fraud,IVR,4.0,True,False,False,8641.46,Department Store,SUCCESS,False
CBK0001757,TXN00018643,USR46650,MCH2383,User reports money deducted but merchant denies receiving payment.,12207.21,2026-02-16 00:00:00,2026-02-19 16:58:00,2026-03-16 00:00:00,OPEN,LOW,Service Not Delivered,Chatbot,3.0,True,True,True,12207.21,,SUCCESS,True
CBK0000314,TXN00017581,USR74438,MCH2757,Customer says transaction was not authorized.,1299.7,2026-01-04 00:00:00,2026-01-08 21:56:24,2026-01-11 00:00:00,CLOSED,CRITICAL,Suspected Fraud,Chatbot,4.0,True,True,True,12534.15,Transportation,SUCCESS,False
CBK0002107,TXN00013202,USR27107,MCH9715,Customer says amount was debited twice.,1331.0,2026-03-29 00:00:00,2026-04-01 00:00:00,2026-04-21 00:00:00,IN_PROGRESS,CRITICAL,Account Takeover,IVR,3.0,True,True,True,12732.75,Apparel,SUCCESS,False
CBK0001444,TXN00003678,USR50434,MCH5076,User claims account was compromised before transaction.,8722.75,2026-01-01 07:55:22,2026-01-04 00:00:00,,CLOSED,HIGH,Service Not Delivered,Chatbot,2.0,True,True,False,9499.99,Grocery,SUCCESS,False
CBK0001899,TXN00000835,USR11194,MCH1631,Suspicious high-value payment disputed by customer.,12464.21,2026-03-27 15:04:48,2026-03-29 00:00:00,,REJECTED,LOW,Customer Dispute,IVR,1.0,True,False,False,12464.21,Book Store,SUCCESS,True
CBK0001951,TXN00007053,USR17824,MCH8057,User claims account was compromised before transaction.,3545.44,2026-03-26 16:44:00,2026-05-10 00:00:00,2026-06-09 00:00:00,CLOSED,HIGH,Wrong Amount,Branch,44.0,True,False,True,23247.46,Hotel / Lodging,SUCCESS,False
CBK0000193,TXN00011628,USR15884,MCH9002,Customer complaint text unclear due to poor call center notes.,6328.27,2026-01-10 00:00:00,2026-01-13 11:20:14,2026-01-30 11:20:14,IN_PROGRESS,CRITICAL,Customer Dispute,IVR,3.0,True,True,True,12144.3,Transportation,SUCCESS,False
CBK0001867,TXN00017191,USR13167,MCH3106,CUSTOMER COMPLAINT TEXT UNCLEAR DUE TO POOR CALL CENTER NOTES.,13889.45,2026-03-28 20:09:00,2026-04-01 06:09:00,2026-04-22 00:00:00,RESOLVED,MEDIUM,Service Not Delivered,Email,3.0,True,False,False,4717.94,Apparel,SUCCESS,False
CBK0001712,TXN00007450,USR20950,MCH4523,Merchant service was not delivered after payment.,1985.25,2026-03-24 11:00:00,2026-04-23 00:00:00,2026-04-24 00:00:00,PENDING_BANK,HIGH,Service Not Delivered,Chatbot,29.0,True,False,False,2915.68,Grocery,SUCCESS,False
CBK0000165,TXN00013500,USR82240,MCH3046,User reports money deducted but merchant denies receiving payment.,3214.54,2026-01-23 09:33:00,2026-03-09 00:00:00,2026-03-16 19:33:00,OPEN,LOW,Duplicate Debit,IVR,44.0,True,False,True,17726.76,Misc Retail,SUCCESS,False
CBK0002719,TXN00016715,USR73639,MCH6051,payment made to unknown merchant as per customer statement.,1128.27,2026-01-09 00:00:00,2026-01-14 00:00:00,,REJECTED,MEDIUM,Suspected Fraud,IVR,5.0,True,True,True,23891.83,Book Store,SUCCESS,False
CBK0001706,TXN00012764,USR22644,MCH1401,Complaint received after multiple failed attempts.,9737.34,2026-03-10 00:00:00,2026-03-18 08:08:27,,CLOSED,MEDIUM,Service Not Delivered,Chatbot,8.0,True,True,True,15335.95,Grocery,SUCCESS,False
CBK0000945,TXN00003565,USR46365,MCH4473,merchant service was not delivered after payment.,1723.81,2026-03-14 00:00:00,2026-03-14 00:00:00,2026-04-08 03:51:15,REJECTED,HIGH,Account Takeover,Branch,0.0,True,False,False,11466.2,Book Store,SUCCESS,False
CBK0001335,TXN00016756,USR44060,MCH7471,Customer complaint text unclear due to poor call center notes.,455.72,2026-03-14 00:00:00,2026-03-14 00:00:00,2026-03-18 00:00:00,REJECTED,MEDIUM,Wrong Amount,Call Center,0.0,True,False,True,15849.98,Book Store,SUCCESS,False
CBK0000852,TXN00010668,USR81745,MCH4420,Customer says amount was debited twice. NA,1305.45,2026-03-06 00:00:00,2026-04-06 15:52:29,2026-04-25 00:00:00,PENDING_BANK,MEDIUM,Service Not Delivered,App,31.0,True,True,False,6139.8,Grocery,SUCCESS,False
CBK0002796,TXN00001679,USR97772,MCH2029,Complaint received after multiple failed attempts.,705.52,2026-02-27 08:22:56,2026-03-04 14:22:56,2026-03-17 00:00:00,IN_PROGRESS,MEDIUM,Account Takeover,IVR,5.0,True,True,True,4346.38,Misc Retail,SUCCESS,False
CBK0000318,TXN00001878,USR10693,MCH5303,Suspicious high-value payment disputed by customer.,3834.0,2026-03-08 00:00:00,2026-03-15 00:00:00,,IN_PROGRESS,HIGH,Service Not Delivered,IVR,7.0,True,False,True,12713.93,Telecom,SUCCESS,False
CBK0001790,TXN00000533,USR46536,MCH5535,CUSTOMER SAYS TRANSACTION WAS NOT AUTHORIZED.,6055.78,2026-01-18 17:59:52,2026-02-03 00:00:00,2026-02-13 00:00:00,OPEN,MEDIUM,Suspected Fraud,Email,15.0,True,True,False,24916.0,Grocery,SUCCESS,False
CBK0000283,TXN00017871,USR39576,MCH3354,Payment made to unknown merchant as per cust statement.,1129.96,2026-01-17 10:50:06,2026-02-01 00:00:00,,REJECTED,HIGH,Suspected Fraud,IVR,14.0,True,True,True,1129.96,Telecom,FAILED,True
CBK0001613,TXN00012902,USR20076,MCH8345,Customer says transaction was not authorized.,586.88,2026-02-18 00:00:00,2026-02-20 00:00:00,2026-03-21 05:15:27,PENDING_BANK,LOW,Service Not Delivered,Email,2.0,True,False,True,6794.39,Restaurant,SUCCESS,False
CBK0002598,TXN00012208,USR54794,MCH2336,Payment made to unknown merchant as per cust statement.,5802.45,2026-01-06 00:00:00,2026-01-09 00:00:00,2026-01-10 00:00:00,CLOSED,MEDIUM,Suspected Fraud,Branch,3.0,True,False,True,14537.67,Transportation,SUCCESS,False
CBK0001754,TXN00006873,USR95486,MCH1520,Customer says amount was debited twice. call dropped,15503.83,2026-02-12 00:00:00,2026-02-14 11:52:00,2026-03-12 00:00:00,REJECTED,CRITICAL,Service Not Delivered,Branch,2.0,True,False,False,15503.83,Misc Retail,SUCCESS,True
CBK0000642,TXN00009627,USR88037,MCH4516,Merchant service was not delivered after payment.,10535.8,2026-02-04 00:00:00,2026-02-07 00:00:00,2026-02-09 00:00:00,IN_PROGRESS,LOW,Customer Dispute,Call Center,3.0,True,True,False,14887.94,Medical / Pharmacy,SUCCESS,False
CBK0000637,TXN00005214,USR91453,MCH6014,Suspicious high-value payment disputed by customer.,18907.24,2026-02-06 00:00:00,2026-02-07 00:00:00,2026-03-06 00:00:00,IN_PROGRESS,MEDIUM,Service Not Delivered,Chatbot,1.0,True,True,False,18907.24,Medical / Pharmacy,SUCCESS,True
CBK0001718,TXN00033788,USR58639,MCH2757,User reports money deducted but merchant denies receiving payment.,664.74,2026-01-06 14:14:30,2026-01-07 00:00:00,2026-01-26 16:14:30,OPEN,LOW,Wrong Amount,Branch,0.0,False,False,True,,,,False
CBK0002437,TXN00007105,USR45914,MCH3247,Payment made to unknown merchant as per customer statement. details missing,6549.17,2026-03-27 00:00:00,2026-03-27 21:16:00,2026-04-10 00:00:00,PENDING_BANK,MEDIUM,Wrong Amount,Call Center,0.0,True,False,True,6549.17,Hotel / Lodging,SUCCESS,True
CBK0000245,TXN00010561,USR45218,MCH8515,Customer says amount was debited twice.,865.55,2026-02-05 03:39:40,2026-02-06 00:00:00,,RESOLVED,LOW,Wrong Amount,Chatbot,0.0,True,False,False,2955.32,Book Store,SUCCESS,False
CBK0001410,TXN00012186,USR14130,MCH6048,User says UPI PIN was not entered by them.,4466.44,2026-01-04 00:00:00,2026-01-06 00:00:00,,IN_PROGRESS,LOW,Suspected Fraud,IVR,2.0,True,False,False,17855.9,Book Store,SUCCESS,False
CBK0001558,TXN00018011,USR70587,MCH9995,User claims account was compromised before transaction. NA,550.29,2026-02-12 15:33:24,2026-02-12 00:00:00,2026-03-07 00:00:00,PENDING_BANK,LOW,Wrong Amount,Email,,True,False,True,16595.74,Grocery,SUCCESS,False
CBK0000610,TXN00014090,USR65211,MCH6850,User says UPI PIN was not entered by them.,848.3,2026-03-24 17:38:00,2026-04-01 06:38:00,,OPEN,MEDIUM,Account Takeover,IVR,7.0,True,False,False,13535.1,Restaurant,SUCCESS,False
CBK0002304,TXN00005004,USR24536,MCH6507,Customer says transaction was not authorized.,1095.0,2026-02-25 16:37:09,,2026-03-23 00:00:00,RESOLVED,MEDIUM,Unauthorized Transaction,Branch,,True,False,True,8506.71,Transportation,PENDING,False
CBK0000205,TXN00009947,USR49302,MCH7335,Complaint received after multiple failed attempts.,8278.87,2026-01-24 11:39:04,2026-02-04 04:39:04,2026-03-05 00:00:00,IN_PROGRESS,CRITICAL,Unauthorized Transaction,App,10.0,True,True,True,8278.87,Department Store,SUCCESS,True
CBK0002199,TXN00083913,USR69345,MCH1289,Payment made to unknown merchant as per customer statement.,732.0,2026-03-17 20:54:58,2026-03-20 07:54:58,2026-03-21 00:00:00,PENDING_BANK,HIGH,Duplicate Debit,Branch,2.0,False,False,False,,,,False
CBK0000096,TXN00015289,USR24926,MCH9472,Payment made to unknown merchant as per customer statement.,2649.1,2026-03-29 09:32:00,2026-04-05 00:00:00,2026-04-26 00:00:00,CLOSED,LOW,Service Not Delivered,IVR,6.0,True,True,True,17911.11,Medical / Pharmacy,SUCCESS,False
CBK0001480,TXN00010969,USR40561,MCH9717,Customer says amount was debited twice. call dropped,1918.05,2026-02-17 00:00:00,2026-02-20 00:00:00,2026-03-04 00:00:00,OPEN,LOW,Service Not Delivered,Call Center,3.0,True,True,False,16440.78,Book Store,SUCCESS,False
CBK0001125,TXN00011934,USR25357,MCH8928,User claims account was compromised before transaction.,4074.0,2026-02-18 00:00:00,,2026-03-06 11:31:18,CLOSED,MEDIUM,Service Not Delivered,Call Center,,True,False,True,4074.0,Grocery,SUCCESS,True
CBK0000842,TXN00002437,USR58147,MCH1299,Suspicious high-value payment disputed by customer.,1368.83,2026-01-27 09:34:13,2026-02-02 00:00:00,2026-03-01 00:00:00,PENDING_BANK,HIGH,Suspected Fraud,Call Center,5.0,True,False,True,9643.94,Transportation,SUCCESS,False
CBK0002364,TXN00001342,USR61151,MCH5245,Customer complaint text unclear due to poor call center notes.,2534.0,2026-02-23 23:42:23,2026-03-03 00:00:00,2026-03-24 09:42:23,IN_PROGRESS,HIGH,Wrong Amount,IVR,7.0,True,False,True,11571.0,Hotel / Lodging,SUCCESS,False
CBK0000474,TXN00009795,USR24690,MCH8976,Suspicious high-value payment disputed by customer.,1506.67,2026-03-27 00:00:00,2026-03-27 09:12:31,2026-04-22 00:00:00,RESOLVED,LOW,Duplicate Debit,IVR,0.0,True,False,True,12855.63,,FAILED,False
CBK0001677,TXN00005417,USR53957,MCH2848,Payment made to unknown merchant as per customer statement.,2380.3,2026-01-02 00:00:00,,2026-02-02 00:00:00,CLOSED,MEDIUM,Service Not Delivered,App,,True,True,False,8843.0,Restaurant,SUCCESS,False
CBK0002352,TXN00009981,USR92382,MCH2075,Customer says transaction was not authorized.,1850.41,2026-03-11 00:00:00,2026-03-12 00:00:00,2026-03-28 10:00:00,CLOSED,HIGH,Suspected Fraud,Call Center,1.0,True,True,True,8854.1,Telecom,SUCCESS,False
CBK0000055,TXN00017357,USR15485,MCH3992,User claims account was compromised before txn.,3043.82,2026-03-27 00:00:00,2026-03-29 00:00:00,,IN_PROGRESS,CRITICAL,Customer Dispute,Chatbot,2.0,True,True,False,7005.44,Transportation,SUCCESS,False
CBK0002441,TXN00007492,USR71182,MCH9948,Customer says transaction was not authorized.,1969.45,,2026-03-12 00:00:00,,OPEN,LOW,Duplicate Debit,Chatbot,,True,False,False,9938.31,Transportation,FAILED,False
CBK0001193,TXN00014849,USR27328,MCH4912,merchant service was not delivered after payment.,2302.0,2026-01-19 00:00:00,2026-01-30 00:00:00,2026-02-09 00:04:06,REJECTED,HIGH,Duplicate Debit,Branch,11.0,True,True,True,14850.42,,SUCCESS,False
CBK0002705,TXN00005717,USR91772,MCH2757,Customer complaint text unclear due to poor call center notes.,2449.38,2026-01-19 17:45:15,2026-01-22 00:00:00,2026-01-24 00:00:00,PENDING_BANK,LOW,Wrong Amount,IVR,2.0,True,False,True,4715.68,Book Store,SUCCESS,False
CBK0001851,TXN00006293,USR95875,MCH2065,Merchant service was not delivered after payment.,2387.22,2026-02-27 00:00:00,2026-03-07 00:00:00,2026-03-30 00:00:00,PENDING_BANK,MEDIUM,Service Not Delivered,IVR,8.0,True,True,False,23793.04,Grocery,SUCCESS,False
CBK0002384,TXN00005874,USR26867,MCH5264,User says UPI PIN was not entered by them.,20750.19,,2026-03-06 03:25:03,2026-03-22 00:00:00,RESOLVED,MEDIUM,Duplicate Debit,Email,,True,False,False,20750.19,Restaurant,SUCCESS,True
CBK0001729,TXN00002228,USR56148,MCH6141,User claims account was compromised before transaction.,378.3,2026-02-09 09:11:00,2026-02-13 00:00:00,2026-03-01 00:00:00,PENDING_BANK,HIGH,Wrong Amount,Chatbot,3.0,True,False,False,14962.95,Transportation,SUCCESS,False
CBK0001485,TXN00000921,USR25087,MCH2266,user claims account was compromised before transaction.,1585.45,2026-03-03 18:48:32,2026-03-08 00:00:00,,CLOSED,LOW,Service Not Delivered,Email,4.0,True,False,True,21713.01,Department Store,FAILED,False
CBK0002550,TXN00001381,USR44152,MCH1993,User claims account was compromised before transaction.,1001.43,,2026-03-09 00:00:00,,IN_PROGRESS,LOW,Wrong Amount,IVR,,True,True,True,4096.46,Telecom,SUCCESS,False
CBK0001475,TXN00017932,USR30591,MCH4204,Suspicious high-value payment disputed by customer. details missing,4452.54,2026-01-28 00:00:00,,2026-02-23 12:38:55,OPEN,CRITICAL,Service Not Delivered,Branch,,True,True,False,12933.73,Book Store,FAILED,False
CBK0000033,TXN00009708,USR97772,MCH5076,merchant service was not delivered after payment.,3007.22,2026-01-18 00:00:00,2026-01-24 11:33:49,2026-02-18 00:00:00,REJECTED,HIGH,Wrong Amount,IVR,6.0,True,True,False,11278.08,Hotel / Lodging,SUCCESS,False
CBK0001804,TXN00008462,USR37261,MCH2030,Customer says amount was debited twice.,884.33,2026-03-04 19:34:51,2026-03-06 00:00:00,2026-03-11 01:34:51,REJECTED,LOW,Unauthorized Transaction,Email,1.0,True,True,True,22538.13,Book Store,SUCCESS,False
CBK0000724,TXN00001310,USR27947,MCH2065,Merchant service was not delivered after payment.,2026.3,2026-02-13 06:58:57,2026-02-16 00:00:00,2026-02-17 00:00:00,OPEN,LOW,Unauthorized Transaction,Branch,2.0,True,True,False,20372.48,Grocery,SUCCESS,False
CBK0002240,TXN00000019,USR40246,MCH4062,Customer says amount was debited twice.,377.11,2026-02-26 00:00:00,2026-03-01 01:49:00,2026-03-08 01:49:15,IN_PROGRESS,HIGH,Suspected Fraud,Chatbot,3.0,True,False,True,10804.0,,SUCCESS,False
CBK0001379,TXN00010182,USR52335,MCH5954,User says UPI PIN was not entered by them.,1252.47,2026-03-31 00:00:00,2026-04-02 00:00:00,2026-04-26 00:00:00,CLOSED,LOW,Account Takeover,Branch,2.0,True,True,True,11767.81,Transportation,SUCCESS,False
CBK0000668,TXN00011231,USR61576,MCH7063,User reports money deducted but merchant denies receiving payment. details missing,4533.6,2026-03-19 00:00:00,2026-03-15 00:00:00,2026-04-03 00:00:00,PENDING_BANK,MEDIUM,Service Not Delivered,IVR,,True,False,True,19901.37,Grocery,SUCCESS,False
CBK0000799,TXN00012446,USR75853,MCH2771,Customer says transaction was not authorized.,1105.07,2026-02-02 22:34:00,2026-02-03 21:34:00,,REJECTED,MEDIUM,Unauthorized Transaction,IVR,0.0,True,False,False,162.13,,SUCCESS,False
CBK0000762,TXN00003810,USR65062,MCH5911,User reports money deducted but merchant denies receiving payment.,861.41,2026-01-23 00:00:00,2026-01-25 00:00:00,2026-02-12 00:00:00,IN_PROGRESS,MEDIUM,Service Not Delivered,IVR,2.0,True,False,True,1328.6,Telecom,SUCCESS,False
CBK0002241,TXN00009947,USR75572,MCH3262,Merchant service was not delivered after payment. pls check asap,8278.87,2026-01-01 00:00:00,2026-01-03 00:00:00,2026-01-07 00:00:00,OPEN,HIGH,Account Takeover,Branch,2.0,True,False,False,8278.87,Department Store,SUCCESS,True
CBK0000120,TXN00005470,USR35882,MCH5805,COMPLAINT RECEIVED AFTER MULTIPLE FAILED ATTEMPTS.,881.56,2026-03-24 00:00:00,2026-03-25 00:00:00,,OPEN,MEDIUM,Customer Dispute,Chatbot,1.0,True,False,True,8998.29,Grocery,SUCCESS,False
CBK0001486,TXN00012555,USR32962,MCH5076,USER SAYS UPI PIN WAS NOT ENTERED BY THEM.,2740.59,2026-01-08 00:00:00,,2026-01-09 00:00:00,PENDING_BANK,LOW,Customer Dispute,IVR,,True,True,False,15331.92,Grocery,SUCCESS,False
CBK0000278,TXN00018188,USR33934,MCH1639,Payment made to unknown merchant as per customer statement.,609.57,2026-01-03 00:00:00,2026-01-05 00:00:00,2026-02-03 00:00:00,IN_PROGRESS,CRITICAL,Customer Dispute,Branch,2.0,True,True,True,18893.0,Restaurant,SUCCESS,False
CBK0001433,TXN00011103,USR93242,MCH9047,Suspicious high-value payment disputed by cust.,5968.43,2026-01-02 23:19:14,2026-02-02 00:00:00,2026-02-25 04:19:00,RESOLVED,LOW,Duplicate Debit,Branch,30.0,True,True,False,19168.0,Book Store,SUCCESS,False
CBK0000423,TXN00012405,USR33721,MCH8247,User claims account was compromised before transaction.,1837.0,2026-01-26 21:04:00,2026-02-11 00:00:00,2026-03-12 00:00:00,REJECTED,MEDIUM,Duplicate Debit,Branch,15.0,True,False,True,24967.48,Grocery,SUCCESS,False
CBK0001435,TXN00004594,USR40538,MCH1070,MERCHANT SERVICE WAS NOT DELIVERED AFTER PAYMENT.,262.38,2026-01-16 00:00:00,2026-01-16 21:36:00,2026-02-02 00:00:00,IN_PROGRESS,LOW,Suspected Fraud,IVR,0.0,True,False,True,7811.62,Telecom,SUCCESS,False
CBK0001616,TXN00009207,USR49823,MCH8953,Suspicious high-value payment disputed by customer.,4915.0,2026-02-04 00:00:00,2026-02-06 00:00:00,,OPEN,HIGH,Wrong Amount,Chatbot,2.0,True,True,True,12532.98,Book Store,SUCCESS,False
CBK0001552,TXN00014793,USR10598,MCH1855,USER CLAIMS ACCOUNT WAS COMPROMISED BEFORE TRANSACTION.,641.02,2026-01-21 18:47:00,2026-01-23 00:00:00,2026-02-02 00:00:00,IN_PROGRESS,HIGH,Service Not Delivered,Chatbot,1.0,True,True,True,15742.89,,SUCCESS,False
CBK0002116,TXN00018024,USR18423,MCH9655,user says upi pin was not entered by them.,23928.09,2026-02-26 02:31:01,2026-02-28 00:00:00,2026-03-21 21:31:01,CLOSED,MEDIUM,Service Not Delivered,Chatbot,1.0,True,False,False,23928.09,Misc Retail,SUCCESS,True
CBK0001293,TXN00010530,USR99535,MCH4181,User claims account was compromised before transaction.,7652.76,2026-03-21 18:14:15,2026-03-24 20:14:15,2026-04-21 00:00:00,PENDING_BANK,HIGH,Duplicate Debit,App,3.0,True,True,False,779.27,Hotel / Lodging,SUCCESS,False
CBK0000110,TXN00005150,USR19275,MCH7578,Customer complaint text unclear due to poor call center notes.,2477.97,2026-01-03 00:00:00,2026-01-01 00:00:00,2026-01-20 18:56:14,REJECTED,MEDIUM,Account Takeover,Call Center,,True,False,False,3290.89,Transportation,SUCCESS,False
CBK0000851,TXN00015265,USR52830,MCH1188,User says UPI PIN was not entered by them.,9117.57,2026-02-01 00:00:00,2026-02-05 00:00:00,2026-02-18 00:00:00,CLOSED,MEDIUM,Suspected Fraud,IVR,4.0,True,False,True,15919.66,Medical / Pharmacy,SUCCESS,False
CBK0000664,TXN00014659,USR74769,MCH9010,suspicious high-value payment disputed by customer.,1093.6,2026-03-12 13:53:38,2026-03-15 22:53:00,2026-03-21 00:00:00,OPEN,CRITICAL,Unauthorized Transaction,App,3.0,True,True,False,5436.71,Grocery,SUCCESS,False
CBK0000737,TXN00008826,USR85122,MCH9786,Complaint received after multiple failed attempts.,1347.43,2026-01-14 00:00:00,2026-01-24 00:00:00,,OPEN,LOW,Account Takeover,Email,10.0,True,False,True,7552.85,Medical / Pharmacy,SUCCESS,False
CBK0001284,TXN00000281,USR46321,MCH9422,User claims account was compromised before transaction.,1426.33,2026-01-10 00:00:00,,2026-02-11 00:00:00,REJECTED,HIGH,Service Not Delivered,Call Center,,True,True,False,22251.23,Department Store,SUCCESS,False
CBK0002010,TXN00008590,USR58106,MCH9878,User claims account was compromised before transaction.,2830.0,2026-02-01 00:00:00,2026-02-06 00:00:00,2026-03-04 16:37:00,OPEN,MEDIUM,Wrong Amount,Email,5.0,True,True,False,16771.97,Book Store,SUCCESS,False
CBK0002245,,USR77262,MCH9007,Payment made to unknown merchant as per cust statement.,279.0,,2026-03-13 07:52:00,,IN_PROGRESS,MEDIUM,Duplicate Debit,Chatbot,,False,False,False,,,,False
CBK0002235,TXN00009348,USR81487,MCH6056,CUSTOMER SAYS AMOUNT WAS DEBITED TWICE.,2309.36,2026-03-17 00:00:00,2026-05-01 00:00:00,,IN_PROGRESS,LOW,Duplicate Debit,Chatbot,45.0,True,False,True,21598.94,Medical / Pharmacy,SUCCESS,False
CBK0001762,TXN00011289,USR14871,MCH4080,User reports money deducted but merchant denies receiving payment.,1035.0,2026-02-19 00:00:00,2026-02-27 00:00:00,2026-03-22 04:25:49,IN_PROGRESS,HIGH,Service Not Delivered,Branch,8.0,True,True,True,11014.39,Misc Retail,SUCCESS,False
CBK0001604,TXN00019626,USR38245,MCH7973,Suspicious high-value payment disputed by customer.,781.0,2026-02-09 00:00:00,2026-02-13 00:00:00,,REJECTED,MEDIUM,Suspected Fraud,Email,4.0,True,False,True,7251.0,Restaurant,SUCCESS,False
CBK0002182,TXN00015499,USR22939,MCH5631,Customer says transaction was not authorized.,1792.1,2026-03-11 06:34:26,2026-03-14 00:00:00,,IN_PROGRESS,LOW,Service Not Delivered,IVR,2.0,True,False,True,1461.0,Restaurant,SUCCESS,False
CBK0000904,,USR46902,MCH9120,Suspicious high-value payment disputed by customer.,,2026-03-24 00:00:00,2026-03-26 19:54:00,2026-04-10 19:54:00,IN_PROGRESS,LOW,Wrong Amount,Chatbot,2.0,False,True,True,,,,True
CBK0002381,TXN00011829,USR54103,MCH7837,Customer says transaction was not authorized.,4126.88,,2026-01-19 00:00:00,2026-01-28 00:00:00,OPEN,HIGH,Suspected Fraud,Call Center,,True,True,True,4126.88,Grocery,SUCCESS,True
CBK0000835,TXN00016557,USR82094,MCH3363,User claims account was compromised before transaction. pls check asap,3670.72,2026-03-20 00:00:00,2026-03-31 11:25:32,,PENDING_BANK,MEDIUM,Account Takeover,Call Center,11.0,True,False,False,15997.3,Hotel / Lodging,FAILED,False
CBK0000403,TXN00014814,USR43455,MCH2055,Payment made to unknown merchant as per customer statement.,7081.78,2026-02-14 16:05:00,,2026-03-07 11:05:00,IN_PROGRESS,LOW,Duplicate Debit,Call Center,,True,True,False,5987.03,Medical / Pharmacy,PENDING,False
CBK0000426,TXN00001222,USR40061,MCH7377,User reports money deducted but merchant denies receiving payment.,10359.87,2026-01-13 00:00:00,2026-02-13 02:39:13,,OPEN,MEDIUM,Service Not Delivered,Email,31.0,True,True,False,3784.94,Restaurant,SUCCESS,False
CBK0002539,TXN00001614,USR85040,MCH7599,customer says amount was debited twice.,13495.0,2026-02-02 01:33:00,2026-02-04 00:00:00,,PENDING_BANK,LOW,Service Not Delivered,IVR,1.0,True,False,False,8115.1,Transportation,FAILED,False
CBK0000672,TXN00094670,USR23466,MCH2383,MERCHANT SERVICE WAS NOT DELIVERED AFTER PAYMENT.,33780.71,,2026-03-19 00:00:00,,IN_PROGRESS,LOW,Duplicate Debit,Email,,False,False,True,,,,False
CBK0000170,TXN00016286,USR62841,MCH6175,customer says transaction was not authorized.,800.41,2026-01-26 00:00:00,,,IN_PROGRESS,MEDIUM,Unauthorized Transaction,IVR,,True,False,False,16172.91,Department Store,SUCCESS,False
CBK0000632,TXN00016316,USR44482,MCH7297,User says UPI PIN was not entered by them.,5742.0,2026-01-10 00:00:00,2026-01-13 00:00:00,2026-01-27 00:00:00,RESOLVED,LOW,Customer Dispute,Call Center,3.0,True,False,True,12562.34,,SUCCESS,False
CBK0002133,TXN00010760,USR68349,MCH2383,Customer complaint text unclear due to poor call center notes.,1471.98,,2026-01-17 03:43:00,2026-02-04 00:00:00,IN_PROGRESS,MEDIUM,Customer Dispute,Branch,,True,False,True,17750.29,Grocery,SUCCESS,False
CBK0001183,TXN00017897,USR88749,MCH7263,Customer complaint text unclear due to poor call center notes.,1234.0,2026-01-25 00:00:00,2026-01-27 22:56:59,2026-02-17 22:56:00,RESOLVED,MEDIUM,Customer Dispute,Branch,2.0,True,True,False,2631.56,Grocery,SUCCESS,False
CBK0000342,TXN00004782,USR30157,MCH5825,Customer complaint text unclear due to poor call center notes.,779.81,2026-01-23 00:00:00,2026-01-26 00:00:00,2026-02-07 00:00:00,REJECTED,MEDIUM,Customer Dispute,Call Center,3.0,True,False,True,4686.24,,SUCCESS,False
CBK0001451,TXN00003075,USR13134,MCH6033,User claims account was compromised before transaction.,2267.96,2026-01-19 00:00:00,2026-02-03 00:00:00,2026-02-12 00:00:00,OPEN,LOW,Wrong Amount,Email,15.0,True,False,True,14945.73,Transportation,SUCCESS,False
CBK0002072,TXN00004967,USR42423,MCH8097,Suspicious high-value payment disputed by customer.,952.74,2026-02-21 04:46:00,2026-02-24 07:46:00,,RESOLVED,LOW,Duplicate Debit,Call Center,3.0,True,True,False,24182.0,Book Store,SUCCESS,False
CBK0002486,TXN00007604,USR66432,MCH6076,Merchant service was not delivered after payment.,440.35,2026-02-14 20:40:00,2026-02-20 00:00:00,2026-03-22 18:40:38,OPEN,MEDIUM,Service Not Delivered,Chatbot,5.0,True,False,False,22602.0,Grocery,SUCCESS,False
CBK0001104,TXN00007230,USR60004,MCH8097,Suspicious high-value payment disputed by customer.,4334.18,2026-03-21 00:00:00,2026-03-22 00:00:00,,RESOLVED,CRITICAL,Suspected Fraud,App,1.0,True,True,False,10589.72,Department Store,PENDING,False
CBK0000824,TXN00078658,USR57147,MCH4226,User says UPI PIN was not entered by them.,2283.69,2026-02-18 00:00:00,2026-03-01 00:00:00,2026-03-25 00:00:00,CLOSED,CRITICAL,Wrong Amount,IVR,11.0,False,True,False,,,,False
CBK0000049,TXN00009231,USR41135,MCH3165,Customer complaint text unclear due to poor call center notes.,669.96,2026-03-11 00:00:00,,2026-04-18 00:00:00,IN_PROGRESS,LOW,Suspected Fraud,Branch,,True,True,False,11903.8,Misc Retail,SUCCESS,False
CBK0000576,TXN00019045,USR84127,MCH4763,customer complaint text unclear due to poor call center notes.,4841.06,2026-02-13 00:00:00,2026-02-16 00:00:00,2026-02-21 00:00:00,PENDING_BANK,MEDIUM,Unauthorized Transaction,Branch,3.0,True,True,False,12631.54,Transportation,FAILED,False
CBK0001936,TXN00016714,USR63167,MCH9457,suspicious high-value payment disputed by customer.,22904.61,2026-01-09 00:00:00,2026-01-12 00:00:00,2026-02-07 00:00:00,PENDING_BANK,MEDIUM,Customer Dispute,IVR,3.0,True,True,True,22904.61,Hotel / Lodging,SUCCESS,True
CBK0000103,TXN00008797,USR69455,MCH2902,User says UPI PIN was not entered by them.,980.58,2026-03-29 03:22:50,2026-03-31 00:00:00,2026-04-02 00:00:00,PENDING_BANK,MEDIUM,Account Takeover,IVR,1.0,True,False,True,3433.0,Medical / Pharmacy,SUCCESS,False
CBK0001724,TXN00001257,USR18577,MCH5237,customer says transaction was not authorized.,2576.33,2026-02-06 00:00:00,2026-02-07 03:04:41,2026-03-01 00:00:00,CLOSED,LOW,Suspected Fraud,IVR,1.0,True,False,True,5021.11,Hotel / Lodging,SUCCESS,False
CBK0000243,TXN00006922,USR46902,MCH2461,User claims account was compromised before transaction.,1272.25,2026-02-13 00:00:00,2026-02-15 00:00:00,2026-02-17 00:00:00,CLOSED,LOW,Suspected Fraud,App,2.0,True,True,False,1221.12,Hotel / Lodging,SUCCESS,False
CBK0000515,TXN00005131,USR30157,MCH8694,Payment made to unknown merchant as per customer statement.,9968.68,,2026-02-09 07:20:00,,OPEN,MEDIUM,Customer Dispute,Chatbot,,True,False,False,13984.86,Transportation,SUCCESS,False
CBK0002691,TXN00002791,USR22598,MCH2822,Customer says transaction was not authorized.,15201.89,2026-01-27 20:56:14,2026-02-11 00:00:00,2026-02-23 20:56:14,OPEN,CRITICAL,Service Not Delivered,IVR,14.0,True,False,False,17795.95,Grocery,SUCCESS,False
CBK0001254,TXN00015085,USR72505,MCH4244,COMPLAINT RECEIVED AFTER MULTIPLE FAILED ATTEMPTS.,3569.92,2026-03-23 07:03:00,2026-03-26 22:03:00,,OPEN,LOW,Duplicate Debit,Branch,3.0,True,False,True,6131.03,Transportation,SUCCESS,False
CBK0002569,TXN00012026,USR10288,MCH8779,Payment made to unknown merchant as per customer statement.,4655.0,2026-01-12 00:00:00,,2026-01-25 00:00:00,REJECTED,LOW,Account Takeover,App,,True,True,True,1521.0,Restaurant,SUCCESS,False
CBK0000912,TXN00017717,USR72474,MCH8508,Complaint received after multiple failed attempts.,24414.54,2026-02-19 00:00:00,2026-02-21 00:00:00,2026-03-11 00:00:00,OPEN,LOW,Suspected Fraud,Email,2.0,True,False,True,8578.8,Medical / Pharmacy,SUCCESS,False
CBK0000379,TXN00005013,USR11871,MCH1785,User claims account was compromised before transaction.,1946.17,2026-02-09 22:37:06,2026-02-12 17:37:06,2026-03-10 00:00:00,OPEN,LOW,Wrong Amount,App,2.0,True,True,True,13388.34,Misc Retail,SUCCESS,False
CBK0000529,TXN00016687,USR79572,MCH6500,User reports money deducted but merchant denies receiving payment.,15660.34,2026-01-10 12:15:27,2026-01-11 00:00:00,,CLOSED,MEDIUM,Service Not Delivered,IVR,0.0,True,False,False,7434.3,Medical / Pharmacy,SUCCESS,False
CBK0001805,TXN00007244,USR76141,MCH3777,User claims account was compromised before transaction.,3040.89,2026-03-25 00:00:00,2026-03-27 22:50:39,2026-04-19 00:00:00,IN_PROGRESS,HIGH,Account Takeover,Chatbot,2.0,True,True,False,13303.01,Medical / Pharmacy,PENDING,False
CBK0000881,TXN00009647,USR95891,MCH5076,User reports money deducted but merchant denies receiving payment.,19562.07,2026-03-28 00:00:00,2026-04-01 00:00:00,2026-04-03 01:09:00,IN_PROGRESS,MEDIUM,Service Not Delivered,IVR,4.0,True,False,False,19562.07,Grocery,SUCCESS,True
CBK0001009,TXN00016326,USR34963,MCH9568,user claims account was compromised before transaction.,905.23,2026-03-13 00:00:00,2026-03-15 00:00:00,2026-04-12 00:00:00,IN_PROGRESS,LOW,Wrong Amount,Chatbot,2.0,True,True,False,5871.0,Apparel,SUCCESS,False
CBK0002707,TXN00010218,USR11076,MCH7833,user reports money deducted but merchant denies receiving payment.,694.0,,2026-01-30 06:18:41,2026-03-01 06:18:00,CLOSED,MEDIUM,Service Not Delivered,Branch,,True,False,True,7883.26,Transportation,SUCCESS,False
CBK0001445,TXN00003088,USR27045,MCH4407,User says UPI PIN was not entered by them.,1019.25,2026-01-13 00:00:00,2026-01-16 00:00:00,2026-02-10 00:00:00,OPEN,MEDIUM,Suspected Fraud,App,3.0,True,False,False,394.72,Book Store,SUCCESS,False
CBK0001702,TXN00003610,USR66677,MCH8953,MERCHANT SERVICE WAS NOT DELIVERED AFTER PAYMENT.,6753.79,2026-01-30 00:00:00,2026-02-03 00:00:00,2026-02-04 00:00:00,CLOSED,LOW,Duplicate Debit,IVR,4.0,True,False,True,24248.46,Grocery,SUCCESS,False
CBK0002518,TXN00001703,USR36969,MCH3491,User reports money deducted but merchant denies receiving payment.,1926.45,2026-03-13 00:00:00,2026-03-19 00:00:00,,IN_PROGRESS,MEDIUM,Service Not Delivered,Email,6.0,True,False,True,7802.29,Transportation,FAILED,False
CBK0001694,TXN00051122,USR46938,MCH9841,Customer says amount was debited twice.,348.47,2026-03-02 00:00:00,2026-03-18 00:00:00,2026-03-25 00:00:00,REJECTED,LOW,Wrong Amount,Email,16.0,False,False,False,,,,False
CBK0000043,TXN00015200,USR15181,MCH4051,complaint received after multiple failed attempts.,13578.32,2026-02-12 05:01:35,2026-02-15 00:00:00,2026-03-08 00:00:00,RESOLVED,LOW,Wrong Amount,IVR,2.0,True,False,True,13578.32,,SUCCESS,True
CBK0002493,TXN00014670,USR79511,MCH9179,Merchant service was not delivered after payment.,1969.23,2026-03-13 00:00:00,2026-03-19 00:00:00,2026-04-17 00:00:00,IN_PROGRESS,MEDIUM,Unauthorized Transaction,IVR,6.0,True,False,False,9761.0,Grocery,FAILED,False
CBK0002402,TXN00015883,USR71704,MCH9745,Suspicious high-value payment disputed by customer.,2183.47,2026-01-08 00:00:00,2026-01-19 00:00:00,,CLOSED,MEDIUM,Service Not Delivered,Call Center,11.0,True,False,True,7859.12,Misc Retail,SUCCESS,False
CBK0000530,TXN00013623,USR83977,MCH7491,Customer complaint text unclear due to poor call center notes.,5881.5,2026-03-23 13:39:00,2026-03-25 00:00:00,2026-04-01 00:00:00,REJECTED,HIGH,Duplicate Debit,Chatbot,1.0,True,False,False,21129.23,Hotel / Lodging,SUCCESS,False
CBK0001362,TXN00003264,USR32927,MCH3566,User says UPI PIN was not entered by them.,1771.56,2026-02-25 05:34:00,2026-02-28 00:00:00,2026-03-11 00:34:58,IN_PROGRESS,HIGH,Service Not Delivered,Email,2.0,True,True,False,463.0,Grocery,SUCCESS,False
CBK0000844,TXN00012434,USR60718,MCH5451,Customer says transaction was not authorized.,2898.89,,2026-02-26 16:33:00,2026-03-09 00:00:00,REJECTED,MEDIUM,Service Not Delivered,Chatbot,,True,False,True,14061.44,Transportation,SUCCESS,False
CBK0000560,,USR33142,MCH4991,Payment made to unknown merchant as per customer statement.,3235.8,2026-03-07 20:06:00,2026-03-08 00:00:00,2026-03-11 00:00:00,RESOLVED,HIGH,Account Takeover,Chatbot,0.0,False,False,False,,,,False
CBK0001906,TXN00005849,USR68355,MCH6716,customer says amount was debited twice.,2213.96,2026-03-31 00:00:00,2026-04-02 04:29:55,2026-04-12 00:00:00,RESOLVED,MEDIUM,Duplicate Debit,Call Center,2.0,True,True,True,8007.2,,PENDING,False
CBK0001073,TXN00004089,USR33934,MCH1529,Merchant service was not delivered after payment.,493.48,2026-01-25 00:00:00,2026-01-30 16:41:27,2026-02-12 00:00:00,RESOLVED,LOW,Customer Dispute,Call Center,5.0,True,True,True,21237.67,Transportation,SUCCESS,False
CBK0000917,TXN00010215,USR71348,MCH2938,User says UPI PIN was not entered by them.,6899.7,2026-01-22 00:00:00,2026-02-01 23:51:18,2026-02-28 00:00:00,PENDING_BANK,MEDIUM,Service Not Delivered,Chatbot,10.0,True,False,True,22659.79,Hotel / Lodging,SUCCESS,False
CBK0001579,TXN00013935,USR67399,MCH5294,User reports money deducted but merchant denies receiving payment.,1513.85,2026-01-30 00:00:00,,2026-02-23 00:00:00,PENDING_BANK,LOW,Wrong Amount,App,,True,False,True,15411.13,Grocery,SUCCESS,False
CBK0001324,TXN00002901,USR43702,MCH2167,Suspicious high-value payment disputed by customer.,668.0,2026-03-19 00:00:00,2026-03-29 00:00:00,,OPEN,MEDIUM,Suspected Fraud,Chatbot,10.0,True,False,False,3205.39,Grocery,SUCCESS,False
CBK0001788,TXN00016160,USR74134,MCH4181,User says UPI PIN was not entered by them.,604.17,2026-01-25 00:00:00,2026-02-05 04:45:43,2026-02-11 04:45:00,CLOSED,MEDIUM,Duplicate Debit,IVR,11.0,True,True,False,4954.39,,SUCCESS,False
CBK0000717,TXN00011204,USR82688,MCH4181,Customer says transaction was not authorized.,18885.92,2026-03-04 00:00:00,,2026-03-19 06:54:31,REJECTED,HIGH,Service Not Delivered,App,,True,False,False,18885.92,Grocery,PENDING,True
CBK0002271,TXN00012860,USR27755,MCH6850,User reports money deducted but merchant denies receiving payment.,4626.0,2026-01-27 00:00:00,2026-01-30 23:27:37,2026-02-10 23:27:37,PENDING_BANK,LOW,Account Takeover,App,3.0,True,False,False,5444.93,,SUCCESS,False
CBK0002524,TXN00010461,USR72734,MCH2390,Suspicious high-value payment disputed by customer.,300.44,2026-03-14 02:52:00,,,OPEN,LOW,Wrong Amount,IVR,,True,True,True,12631.39,Restaurant,SUCCESS,False
CBK0000268,TXN00000069,USR16371,MCH5588,Merchant service was not delivered after payment.,985.19,2026-03-21 00:00:00,2026-03-20 00:00:00,2026-03-20 10:09:00,PENDING_BANK,CRITICAL,Wrong Amount,Email,,True,False,True,1873.02,Transportation,SUCCESS,False
CBK0000025,TXN00018011,USR73468,MCH3488,COMPLAINT RECEIVED AFTER MULTIPLE FAILED ATTEMPTS.,376.33,2026-01-18 21:37:05,2026-01-20 00:00:00,2026-02-12 00:00:00,REJECTED,HIGH,Customer Dispute,IVR,1.0,True,False,True,16595.74,Grocery,SUCCESS,False
CBK0002252,TXN00018705,USR30837,MCH4857,Customer says amount was debited twice.,325.69,2026-02-13 09:40:00,2026-02-18 00:00:00,2026-02-19 00:00:00,PENDING_BANK,LOW,Customer Dispute,Email,4.0,True,False,True,1137.0,Medical / Pharmacy,SUCCESS,False
CBK0001230,TXN00015088,USR49696,MCH6914,user reports money deducted but merchant denies receiving payment.,590.13,2026-01-10 11:58:51,2026-01-18 00:00:00,2026-02-05 00:00:00,RESOLVED,LOW,Service Not Delivered,Call Center,7.0,True,False,False,3389.64,Transportation,SUCCESS,False
CBK0000725,TXN00001816,USR77595,MCH4624,Customer says transaction was not authorized.,506.82,2026-02-03 00:00:00,2026-02-05 00:11:27,2026-02-15 00:00:00,RESOLVED,HIGH,Suspected Fraud,Chatbot,2.0,True,False,True,24196.82,Medical / Pharmacy,SUCCESS,False
CBK0000871,TXN00014130,USR50013,MCH3815,Customer says transaction was not authorized.,6351.69,2026-02-24 14:55:00,2026-03-02 00:00:00,2026-03-04 00:00:00,PENDING_BANK,MEDIUM,Suspected Fraud,Chatbot,5.0,True,False,False,7007.0,Transportation,SUCCESS,False
CBK0001638,TXN00016806,USR90476,MCH2266,Suspicious high-value payment disputed by customer.,754.9,2026-01-23 00:00:00,2026-01-23 08:43:25,2026-02-11 00:00:00,CLOSED,MEDIUM,Service Not Delivered,Call Center,0.0,True,False,True,24181.69,Restaurant,SUCCESS,False
CBK0001862,TXN00015119,USR29393,MCH2677,Customer says transaction was not authorized.,2069.0,2026-01-29 00:00:00,,2026-02-25 00:00:00,REJECTED,LOW,Service Not Delivered,Chatbot,,True,False,False,1438.92,Restaurant,SUCCESS,False
CBK0000953,TXN00011579,USR13025,MCH7570,User claims account was compromised before transaction.,4186.0,2026-03-02 00:00:00,2026-03-18 00:00:00,2026-04-13 00:00:00,CLOSED,CRITICAL,Service Not Delivered,Chatbot,16.0,True,True,False,16999.0,Medical / Pharmacy,SUCCESS,False
CBK0001597,TXN00014374,USR80134,MCH4854,Complaint received after multiple failed attempts.,1445.01,2026-02-06 00:00:00,2026-02-06 00:00:00,,RESOLVED,LOW,Unauthorized Transaction,Branch,0.0,True,False,False,13084.22,Transportation,SUCCESS,False
CBK0000870,TXN00013994,USR44954,MCH7833,User says UPI PIN was not entered by them.,522.4,,2026-02-11 00:00:00,2026-02-25 02:46:35,REJECTED,MEDIUM,Duplicate Debit,IVR,,True,False,True,9037.46,Book Store,FAILED,False
CBK0000954,TXN00009961,USR59679,MCH7079,Merchant service was not delivered after payment.,983.39,2026-03-14 09:02:40,2026-03-16 00:00:00,2026-04-12 00:00:00,PENDING_BANK,LOW,Customer Dispute,IVR,1.0,True,False,False,14706.28,Department Store,SUCCESS,False
CBK0001048,TXN00006989,USR32480,MCH4181,Suspicious high-value payment disputed by customer.,1796.19,2026-03-31 00:00:00,2026-04-02 00:00:00,2026-04-27 00:00:00,PENDING_BANK,MEDIUM,Suspected Fraud,IVR,2.0,True,False,False,3942.72,Grocery,SUCCESS,False
CBK0001910,TXN00015728,USR83310,MCH3536,Customer complaint text unclear due to poor call center notes.,791.9,2026-01-24 00:00:00,2026-01-28 00:00:00,2026-02-06 18:00:46,REJECTED,LOW,Suspected Fraud,Email,4.0,True,True,True,18078.63,Hotel / Lodging,SUCCESS,False
CBK0000098,TXN00003777,USR36855,MCH7866,Customer complaint text unclear due to poor call center notes.,177.16,2026-01-12 00:00:00,2026-01-14 00:00:00,2026-01-17 20:23:00,PENDING_BANK,MEDIUM,Service Not Delivered,App,2.0,True,False,True,20526.32,Medical / Pharmacy,SUCCESS,False
CBK0002471,TXN00004346,USR67181,MCH1914,Suspicious high-value payment disputed by customer.,2582.05,2026-01-27 00:00:00,2026-02-02 03:10:00,,REJECTED,LOW,Suspected Fraud,Call Center,6.0,True,False,False,8834.04,Grocery,SUCCESS,False
CBK0002636,TXN00019539,USR51854,MCH1037,Complaint received after multiple failed attempts.,671.14,2026-03-10 00:00:00,2026-03-12 00:00:00,,PENDING_BANK,LOW,Customer Dispute,Branch,2.0,True,False,False,7054.53,,SUCCESS,False
CBK0001913,TXN00010478,USR46902,MCH9912,suspicious high-value payment disputed by customer.,2872.74,2026-03-16 00:00:00,2026-03-13 00:00:00,2026-03-31 00:00:00,IN_PROGRESS,MEDIUM,Account Takeover,Email,,True,True,True,1259.97,Restaurant,SUCCESS,False
CBK0001514,TXN00017992,USR36766,MCH3815,Customer says amount was debited twice.,1134.77,2026-02-12 00:00:00,,2026-02-25 00:00:00,REJECTED,LOW,Wrong Amount,Chatbot,,True,False,False,21774.31,Telecom,SUCCESS,False
CBK0000255,TXN00008054,USR91954,MCH2417,suspicious high-value payment disputed by customer.,472.22,2026-03-22 00:00:00,2026-03-24 11:29:00,2026-04-07 00:00:00,REJECTED,HIGH,Duplicate Debit,Branch,2.0,True,True,True,17332.3,Transportation,SUCCESS,False
CBK0000802,TXN00019956,USR41434,MCH1767,User claims account was compromised before transaction.,503.49,2026-03-06 00:28:00,2026-03-09 00:00:00,,PENDING_BANK,LOW,Service Not Delivered,IVR,2.0,True,False,True,24912.26,Transportation,SUCCESS,False
CBK0001917,TXN00019782,USR15741,MCH5222,Customer says amount was debited twice.,2150.18,2026-01-26 00:00:00,2026-01-28 00:00:00,2026-02-19 00:43:29,REJECTED,HIGH,Service Not Delivered,IVR,2.0,True,False,True,15531.85,Hotel / Lodging,SUCCESS,False
CBK0002006,TXN00008821,USR51720,MCH8701,complaint received after multiple failed attempts.,2136.49,2026-02-21 00:00:00,2026-03-24 00:00:00,2026-04-04 00:00:00,IN_PROGRESS,LOW,Suspected Fraud,Branch,31.0,True,False,False,2106.0,Transportation,SUCCESS,False
CBK0002151,TXN00009818,USR97580,MCH2800,User claims account was compromised before transaction. NA,2614.31,2026-01-16 07:14:35,2026-01-17 00:00:00,,IN_PROGRESS,MEDIUM,Service Not Delivered,Chatbot,0.0,True,True,True,11515.05,Department Store,SUCCESS,False
CBK0002043,TXN00009451,USR14683,MCH5344,CUSTOMER SAYS TRANSACTION WAS NOT AUTHORIZED.,3711.97,2026-02-26 19:22:00,2026-03-06 01:22:00,,PENDING_BANK,MEDIUM,Customer Dispute,Chatbot,7.0,True,True,False,11219.08,Apparel,SUCCESS,False
CBK0001861,TXN00008377,USR29849,MCH5427,Payment made to unknown merchant as per customer statement.,1274.95,,,2026-03-31 00:00:00,IN_PROGRESS,MEDIUM,Unauthorized Transaction,IVR,,True,True,False,4277.3,,PENDING,False
CBK0002295,TXN00011080,USR86500,MCH1485,Merchant service was not delivered after payment.,3444.75,2026-03-27 00:15:00,2026-03-28 00:00:00,2026-04-25 13:15:25,RESOLVED,MEDIUM,Service Not Delivered,Chatbot,0.0,True,True,False,20480.92,Grocery,SUCCESS,False
CBK0001901,TXN00014122,USR98061,MCH7055,CUSTOMER SAYS TRANSACTION WAS NOT AUTHORIZED.,440.57,2026-02-28 00:00:00,2026-03-15 16:03:17,2026-04-11 16:03:17,RESOLVED,MEDIUM,Customer Dispute,Call Center,15.0,True,False,False,9286.98,Telecom,SUCCESS,False
CBK0000699,TXN00035789,USR17657,MCH1670,Suspicious high-value payment disputed by customer.,1813.99,2026-03-06 00:00:00,2026-03-08 00:00:00,,RESOLVED,LOW,Duplicate Debit,Chatbot,2.0,False,False,False,,,,False
CBK0000405,TXN00010731,USR66391,MCH4181,User reports money deducted but merchant denies receiving payment.,1916.0,2026-02-26 18:04:00,2026-02-28 00:00:00,,RESOLVED,LOW,Suspected Fraud,Chatbot,1.0,True,False,False,9110.18,Hotel / Lodging,SUCCESS,False
CBK0001374,TXN00085698,USR29467,MCH4473,complaint received after multiple failed attempts.,551.1,2026-01-20 20:07:30,2026-01-23 03:07:30,2026-02-15 00:00:00,PENDING_BANK,HIGH,Customer Dispute,IVR,2.0,False,False,False,,,,False
CBK0000143,TXN00059408,USR34207,MCH9423,Suspicious high-value payment disputed by cust.,8028.0,2026-03-20 00:00:00,2026-03-25 00:00:00,2026-04-20 00:00:00,PENDING_BANK,HIGH,Service Not Delivered,App,5.0,False,True,True,,,,False
CBK0002488,TXN00002926,USR83342,MCH8398,Payment made to unknown merchant as per customer statement.,407.36,2026-02-17 14:21:10,2026-02-20 00:00:00,2026-03-15 11:21:00,CLOSED,CRITICAL,Account Takeover,Branch,2.0,True,True,False,22549.49,Transportation,SUCCESS,False
CBK0002319,TXN00011383,USR79596,MCH3966,USER REPORTS MONEY DEDUCTED BUT MERCHANT DENIES RECEIVING PAYMENT.,1933.11,2026-03-22 00:00:00,2026-03-23 09:22:00,2026-04-13 09:22:44,CLOSED,MEDIUM,Wrong Amount,Branch,1.0,True,False,True,15130.74,Hotel / Lodging,SUCCESS,False
CBK0002720,TXN00010672,USR87829,MCH9344,Customer complaint text unclear due to poor call center notes.,2072.0,2026-02-12 21:52:01,2026-02-14 00:00:00,2026-02-18 17:52:00,CLOSED,MEDIUM,Service Not Delivered,Chatbot,1.0,True,True,False,5383.41,Hotel / Lodging,SUCCESS,False
CBK0000144,TXN00006125,USR91671,MCH4943,Merchant service was not delivered after payment. pls check asap,2573.59,2026-03-06 23:07:46,2026-03-12 00:00:00,2026-04-08 00:00:00,CLOSED,HIGH,Service Not Delivered,Chatbot,5.0,True,False,True,20058.82,Misc Retail,SUCCESS,False
CBK0002039,TXN00005346,USR68277,MCH2065,Complaint received after multiple failed attempts.,5067.95,2026-01-25 00:00:00,2026-01-27 02:10:02,,IN_PROGRESS,MEDIUM,Service Not Delivered,Chatbot,2.0,True,False,False,13443.13,Grocery,SUCCESS,False
CBK0002476,TXN00056546,USR63172,MCH4667,User says UPI PIN was not entered by them.,,2026-03-11 00:00:00,2026-03-14 00:00:00,2026-03-22 00:00:00,IN_PROGRESS,MEDIUM,Wrong Amount,IVR,3.0,False,True,True,,,,True
CBK0000649,TXN00019659,USR74992,MCH8779,Payment made to unknown merchant as per cust statement.,2545.52,2026-03-04 00:00:00,2026-03-10 00:00:00,2026-03-19 13:25:24,CLOSED,MEDIUM,Service Not Delivered,IVR,6.0,True,False,True,21737.78,Grocery,SUCCESS,False
CBK0001419,TXN00003304,USR91108,MCH2574,Payment made to unknown merchant as per cust statement.,6448.11,2026-01-07 00:00:00,2026-01-11 00:00:00,2026-02-06 00:00:00,CLOSED,MEDIUM,Account Takeover,Branch,4.0,True,False,True,8035.84,Apparel,PENDING,False
CBK0000680,TXN00006440,USR32302,MCH2383,Payment made to unknown merchant as per customer statement.,6058.0,2026-03-11 00:00:00,2026-03-16 23:47:02,2026-03-17 00:00:00,OPEN,LOW,Wrong Amount,App,5.0,True,False,True,13243.05,Book Store,SUCCESS,False
CBK0001400,TXN00013909,USR85655,MCH5170,Merchant service was not delivered after payment.,836.05,2026-03-14 09:46:00,2026-03-14 13:46:00,,REJECTED,CRITICAL,Account Takeover,Call Center,0.0,True,False,False,21404.69,Transportation,SUCCESS,False
CBK0002631,TXN00010422,USR63280,MCH9480,Payment made to unknown merchant as per customer statement.,2144.03,2026-03-21 00:00:00,2026-03-16 00:00:00,2026-04-15 00:00:00,REJECTED,MEDIUM,Suspected Fraud,IVR,,True,True,False,11211.18,Transportation,SUCCESS,False
CBK0000134,TXN00007757,USR87362,MCH3332,Suspicious high-value payment disputed by customer.,2328.13,2026-03-19 00:00:00,2026-03-24 00:00:00,2026-04-15 22:34:56,OPEN,HIGH,Service Not Delivered,Branch,5.0,True,False,False,6558.25,Hotel / Lodging,SUCCESS,False
CBK0002742,TXN00015781,USR70003,MCH5954,User says UPI PIN was not entered by them.,3126.09,2026-02-10 00:00:00,2026-02-20 00:00:00,2026-03-15 04:14:07,IN_PROGRESS,MEDIUM,Account Takeover,App,10.0,True,False,True,2482.82,Medical / Pharmacy,SUCCESS,False
CBK0001184,TXN00010902,USR62254,MCH4226,Complaint received after multiple failed attempts.,3801.16,2026-03-03 00:00:00,2026-03-06 03:53:28,2026-04-01 00:00:00,REJECTED,MEDIUM,Customer Dispute,App,3.0,True,True,False,14723.1,Apparel,SUCCESS,False
CBK0002704,TXN00013438,USR19231,MCH9625,Customer complaint text unclear due to poor call center notes.,532.41,2026-01-05 00:00:00,2026-01-05 00:00:00,2026-01-15 00:00:00,CLOSED,MEDIUM,Account Takeover,Chatbot,0.0,True,False,True,19465.86,Hotel / Lodging,PENDING,False
CBK0001780,TXN00012392,USR78095,MCH8798,Customer says amount was debited twice.,687.06,2026-03-19 09:14:00,2026-03-22 00:00:00,,IN_PROGRESS,MEDIUM,Suspected Fraud,Email,2.0,True,False,True,23518.52,Department Store,SUCCESS,False
CBK0001081,TXN00019947,USR35882,MCH7833,Customer says transaction was not authorized.,3167.22,2026-01-05 00:00:00,2026-01-07 00:00:00,,IN_PROGRESS,MEDIUM,Unauthorized Transaction,Email,2.0,True,False,True,6995.4,Transportation,SUCCESS,False
CBK0001043,TXN00017300,USR36485,MCH4326,User says UPI PIN was not entered by them.,2554.87,2026-02-14 17:44:04,2026-02-16 00:00:00,,PENDING_BANK,HIGH,Duplicate Debit,Branch,1.0,True,False,True,18832.16,Apparel,SUCCESS,False
CBK0001417,TXN00014359,USR93454,MCH6178,Payment made to unknown merchant as per customer statement.,3642.0,2026-02-23 20:16:08,2026-03-02 00:00:00,2026-03-06 00:00:00,CLOSED,LOW,Account Takeover,Chatbot,6.0,True,False,False,21911.97,,SUCCESS,False
CBK0001565,TXN00019006,USR76917,MCH2053,customer says transaction was not authorized.,11125.63,2026-03-20 00:00:00,2026-03-17 00:00:00,,REJECTED,MEDIUM,Service Not Delivered,IVR,,True,False,False,11125.63,Grocery,SUCCESS,True
CBK0000830,TXN00007939,USR55355,MCH2375,Customer says amount was debited twice.,976.66,2026-01-13 00:00:00,,2026-01-24 00:00:00,OPEN,MEDIUM,Service Not Delivered,Branch,,True,True,False,8989.88,Restaurant,SUCCESS,False
CBK0002595,TXN00006136,USR28582,MCH5118,Merchant service was not delivered after payment.,3785.87,,2026-02-14 00:00:00,2026-03-14 00:00:00,IN_PROGRESS,LOW,Service Not Delivered,IVR,,True,True,False,2567.28,Grocery,SUCCESS,False
CBK0000253,TXN00009329,USR58076,MCH4388,payment made to unknown merchant as per customer statement.,648.33,2026-02-01 00:00:00,2026-02-02 00:00:00,2026-02-25 00:00:00,CLOSED,CRITICAL,Duplicate Debit,App,1.0,True,False,False,8449.39,Hotel / Lodging,FAILED,False
CBK0001279,TXN00042287,USR83181,MCH2757,User reports money deducted but merchant denies receiving payment.,1318.76,2026-02-24 00:00:00,2026-02-27 00:00:00,2026-03-12 00:00:00,REJECTED,MEDIUM,Service Not Delivered,App,3.0,False,False,True,,,,False
CBK0001955,TXN00018686,USR46407,MCH5510,Customer says transaction was not authorized.,530.01,2026-01-11 17:40:36,2026-01-17 00:00:00,2026-01-30 00:00:00,PENDING_BANK,MEDIUM,Unauthorized Transaction,Chatbot,5.0,True,False,False,2720.01,Restaurant,SUCCESS,False
CBK0000119,TXN00079001,USR68410,MCH1820,User reports money deducted but merchant denies receiving payment.,5620.82,2026-03-13 00:00:00,2026-03-15 00:00:00,,RESOLVED,LOW,Service Not Delivered,Chatbot,2.0,False,True,False,,,,False
CBK0002049,TXN00047225,USR73797,MCH2065,User says UPI PIN was not entered by them.,,2026-02-04 00:00:00,2026-02-05 20:41:10,,IN_PROGRESS,LOW,Wrong Amount,Chatbot,1.0,False,False,False,,,,True
CBK0001489,TXN00014835,USR25333,MCH5151,Customer says amount was debited twice.,2565.94,2026-02-25 00:00:00,2026-02-28 08:34:00,,PENDING_BANK,MEDIUM,Unauthorized Transaction,IVR,3.0,True,False,True,17542.97,Medical / Pharmacy,SUCCESS,False
CBK0002698,TXN00019768,USR65106,MCH2472,User claims account was compromised before transaction.,537.48,2026-03-29 00:00:00,2026-03-31 00:00:00,2026-04-23 16:54:00,RESOLVED,HIGH,Unauthorized Transaction,Branch,2.0,True,False,False,2516.98,Grocery,SUCCESS,False
CBK0002529,TXN00012156,USR45756,MCH6446,Complaint received after multiple failed attempts.,1477.28,2026-02-04 00:00:00,2026-02-09 14:09:00,,REJECTED,MEDIUM,Customer Dispute,Chatbot,5.0,True,False,True,7368.66,Grocery,PENDING,False
CBK0001652,TXN00018423,USR89267,MCH7879,User reports money deducted but merchant denies receiving payment.,1074.0,2026-02-03 00:00:00,2026-02-08 16:45:00,2026-02-20 00:00:00,IN_PROGRESS,HIGH,Service Not Delivered,IVR,5.0,True,True,True,14939.0,Grocery,SUCCESS,False
CBK0001924,TXN00005199,USR42019,MCH3162,payment made to unknown merchant as per customer statement.,2351.11,2026-01-09 08:32:40,2026-01-11 00:00:00,2026-01-12 21:32:00,RESOLVED,LOW,Unauthorized Transaction,IVR,1.0,True,False,False,9686.71,Hotel / Lodging,SUCCESS,False
CBK0001178,TXN00014094,USR27804,MCH3932,merchant service was not delivered after payment.,2999.91,2026-02-27 01:30:01,,2026-03-20 12:30:01,OPEN,MEDIUM,Wrong Amount,Chatbot,,True,False,False,24222.85,Book Store,SUCCESS,False
CBK0002203,TXN00005966,USR98685,MCH9257,Customer says transaction was not authorized. details missing,8500.66,2026-02-22 00:00:00,2026-02-27 10:29:49,2026-03-29 00:00:00,RESOLVED,MEDIUM,Account Takeover,Email,5.0,True,True,True,22439.33,Restaurant,FAILED,False
CBK0001473,TXN00001160,USR20984,MCH6953,customer complaint text unclear due to poor call center notes.,2273.54,2026-01-02 00:00:00,2026-01-02 00:00:00,2026-01-11 00:00:00,PENDING_BANK,LOW,Duplicate Debit,Email,0.0,True,False,True,740.89,Grocery,SUCCESS,False
CBK0001769,TXN00001679,USR43379,MCH9176,Suspicious high-value payment disputed by customer.,3976.0,2026-02-21 00:00:00,2026-02-24 11:40:00,2026-03-06 00:00:00,RESOLVED,MEDIUM,Customer Dispute,Chatbot,3.0,True,False,True,4346.38,Misc Retail,SUCCESS,False
CBK0001563,TXN00004035,USR38725,MCH4473,User claims account was compromised before transaction.,4064.18,2026-01-08 04:46:00,2026-01-13 00:00:00,2026-02-08 00:00:00,CLOSED,MEDIUM,Duplicate Debit,IVR,4.0,True,False,False,3913.48,Transportation,SUCCESS,False
CBK0000763,TXN00005691,USR98061,MCH6850,Suspicious high-value payment disputed by customer.,5829.65,2026-02-11 00:00:00,2026-02-14 22:00:46,2026-03-10 00:00:00,PENDING_BANK,HIGH,Wrong Amount,Email,3.0,True,False,False,5829.65,Grocery,FAILED,True
CBK0001306,TXN00000143,USR63816,MCH4399,User says UPI PIN was not entered by them.,449.0,2026-03-15 00:00:00,2026-03-26 08:39:16,2026-04-07 00:00:00,PENDING_BANK,MEDIUM,Wrong Amount,Call Center,11.0,True,False,False,12436.24,Medical / Pharmacy,SUCCESS,False
CBK0002421,TXN00008235,USR71538,MCH4564,Customer complaint text unclear due to poor call center notes. call dropped,1302.0,2026-03-24 15:27:52,2026-03-26 00:00:00,2026-04-07 16:27:00,REJECTED,MEDIUM,Customer Dispute,Branch,1.0,True,False,False,2431.96,Medical / Pharmacy,SUCCESS,False
CBK0001918,TXN00006549,USR90740,MCH2943,User says UPI PIN was not entered by them.,905.53,2026-02-05 01:21:00,2026-02-10 00:00:00,2026-03-02 00:00:00,REJECTED,LOW,Customer Dispute,IVR,4.0,True,False,True,3619.47,Hotel / Lodging,SUCCESS,False
CBK0001928,TXN00018064,USR85507,MCH2857,Customer says transaction was not authorized.,590.0,2026-01-02 01:25:56,2026-01-09 05:25:00,2026-01-30 00:00:00,RESOLVED,MEDIUM,Customer Dispute,Email,7.0,True,False,True,24948.0,Transportation,SUCCESS,False
CBK0001721,TXN00013741,USR65211,MCH5954,Complaint received after multiple failed attempts.,1756.23,2026-02-08 00:00:00,2026-02-14 00:34:00,2026-03-11 00:34:00,CLOSED,HIGH,Service Not Delivered,Branch,6.0,True,False,True,6813.47,Grocery,SUCCESS,False
CBK0001619,TXN00007989,USR21845,MCH1998,Customer complaint text unclear due to poor call center notes.,1245.09,2026-02-17 00:00:00,2026-02-17 00:00:00,2026-02-23 22:05:00,CLOSED,MEDIUM,Wrong Amount,Chatbot,0.0,True,False,False,19806.83,Restaurant,SUCCESS,False
CBK0000139,TXN00034566,USR29306,MCH4355,User says UPI PIN was not entered by them.,2696.0,2026-01-13 06:24:38,2026-01-15 00:00:00,,REJECTED,LOW,Duplicate Debit,IVR,1.0,False,False,True,,,,False
CBK0001893,TXN00018872,USR67363,MCH2594,User reports money deducted but merchant denies receiving payment.,4001.57,2026-01-31 00:00:00,2026-02-02 00:00:00,,REJECTED,MEDIUM,Unauthorized Transaction,IVR,2.0,True,True,False,8676.72,Transportation,SUCCESS,False
CBK0001686,TXN00003833,USR21384,MCH4729,Customer says transaction was not authorized.,1688.18,2026-03-18 10:00:38,2026-03-22 00:00:00,2026-04-17 00:00:00,OPEN,MEDIUM,Customer Dispute,IVR,3.0,True,False,True,20592.35,,SUCCESS,False
CBK0000868,TXN00017012,USR26098,MCH2383,customer says amount was debited twice.,990.42,2026-02-07 23:22:53,2026-02-09 00:00:00,,RESOLVED,MEDIUM,Service Not Delivered,IVR,1.0,True,False,True,19926.4,Apparel,SUCCESS,False
CBK0002309,TXN00012387,USR18453,MCH5452,Customer complaint text unclear due to poor call center notes. NA,2462.0,2026-03-02 00:00:00,2026-03-07 00:00:00,,REJECTED,MEDIUM,Duplicate Debit,Chatbot,5.0,True,False,False,18895.19,Grocery,PENDING,False
CBK0000116,TXN00008116,USR77356,MCH8789,Suspicious high-value payment disputed by customer.,841.93,2026-02-13 00:00:00,2026-02-19 00:00:00,2026-03-16 00:00:00,CLOSED,LOW,Unauthorized Transaction,IVR,6.0,True,False,True,7018.78,Misc Retail,SUCCESS,False
CBK0000093,TXN00009196,USR28608,MCH7127,Suspicious high-value payment disputed by customer.,2341.25,2026-01-20 18:00:00,2026-01-22 00:00:00,2026-02-07 12:00:43,PENDING_BANK,MEDIUM,Service Not Delivered,Email,1.0,True,True,True,2341.25,Department Store,SUCCESS,True
CBK0000064,TXN00019898,USR48525,MCH5257,Suspicious high-value payment disputed by customer.,861.86,2026-03-13 04:30:00,2026-03-15 20:30:00,2026-04-03 20:30:01,CLOSED,MEDIUM,Wrong Amount,Email,2.0,True,True,True,15719.49,Hotel / Lodging,SUCCESS,False
CBK0002119,TXN00005222,USR53942,MCH6399,COMPLAINT RECEIVED AFTER MULTIPLE FAILED ATTEMPTS.,1345.55,2026-01-21 09:16:49,2026-01-29 00:00:00,,REJECTED,LOW,Account Takeover,IVR,7.0,True,False,False,11863.0,Apparel,FAILED,False
CBK0002412,TXN00003020,USR96958,MCH8779,User claims account was compromised before transaction.,2521.22,2026-03-14 00:00:00,2026-03-17 00:00:00,2026-03-18 20:13:34,CLOSED,LOW,Duplicate Debit,Email,3.0,True,False,True,19596.16,Restaurant,SUCCESS,False
CBK0000149,TXN00015300,USR25559,MCH8125,Merchant service was not delivered after payment.,753.9,2026-03-24 00:00:00,,,IN_PROGRESS,MEDIUM,Account Takeover,App,,True,False,True,9809.45,Grocery,SUCCESS,False
CBK0002702,TXN00010278,USR59665,MCH8977,COMPLAINT RECEIVED AFTER MULTIPLE FAILED ATTEMPTS.,1779.15,2026-03-10 00:00:00,2026-03-16 05:57:07,2026-04-01 05:57:00,CLOSED,HIGH,Unauthorized Transaction,IVR,6.0,True,True,False,20756.27,Grocery,SUCCESS,False
CBK0002747,TXN00010095,USR18347,MCH9442,Merchant service was not delivered after payment.,1820.01,2026-03-24 00:00:00,,2026-03-30 00:00:00,RESOLVED,LOW,Duplicate Debit,Email,,True,True,True,20699.52,Grocery,FAILED,False
CBK0002394,TXN00001169,USR60198,MCH6518,Customer says transaction was not authorized.,10453.78,2026-02-27 00:00:00,2026-03-03 00:00:00,2026-03-16 00:00:00,IN_PROGRESS,MEDIUM,Wrong Amount,Chatbot,4.0,True,True,False,169.58,Transportation,FAILED,False
CBK0001574,TXN00019043,USR90528,MCH6885,user reports money deducted but merchant denies receiving payment.,215.0,2026-01-17 00:00:00,2026-01-22 23:10:00,2026-02-10 00:00:00,PENDING_BANK,HIGH,Suspected Fraud,Branch,5.0,True,True,False,4514.04,Transportation,SUCCESS,False
CBK0002307,TXN00036574,USR15565,MCH4590,USER REPORTS MONEY DEDUCTED BUT MERCHANT DENIES RECEIVING PAYMENT.,676.79,2026-02-08 00:00:00,2026-02-09 00:00:00,2026-02-15 12:46:00,RESOLVED,MEDIUM,Suspected Fraud,Call Center,1.0,False,False,False,,,,False
CBK0000816,TXN00014266,USR92332,MCH2146,Customer complaint text unclear due to poor call center notes. details missing,5244.0,2026-03-21 11:09:00,2026-03-21 00:00:00,2026-03-25 00:00:00,PENDING_BANK,MEDIUM,Customer Dispute,Branch,,True,False,False,5244.0,Medical / Pharmacy,SUCCESS,True
CBK0001321,TXN00019939,USR87558,MCH3588,User claims account was compromised before transaction. call dropped,1954.14,2026-02-19 00:00:00,2026-02-20 00:00:00,2026-03-09 00:00:00,RESOLVED,MEDIUM,Service Not Delivered,Email,1.0,True,False,False,8970.89,Transportation,SUCCESS,False
CBK0000821,TXN00001860,USR54089,MCH8467,User reports money deducted but merchant denies receiving payment.,18214.98,2026-03-21 00:00:00,2026-03-22 00:00:00,,OPEN,LOW,Account Takeover,IVR,1.0,True,False,True,18214.98,Restaurant,SUCCESS,True
CBK0002326,TXN00005168,USR42079,MCH6628,Customer complaint text unclear due to poor call center notes.,5074.67,2026-01-01 00:00:00,2026-01-02 00:00:00,2026-01-05 00:00:00,RESOLVED,HIGH,Suspected Fraud,Call Center,1.0,True,False,True,3267.52,Restaurant,SUCCESS,False
CBK0002415,TXN00007375,USR25624,MCH3252,Payment made to unknown merchant as per customer statement.,4608.0,,2026-03-23 00:00:00,2026-04-17 22:41:55,RESOLVED,HIGH,Customer Dispute,Call Center,,True,False,True,3032.81,Grocery,SUCCESS,False
CBK0001513,TXN00000653,USR70889,MCH8076,Customer says transaction was not authorized.,4308.0,2026-03-15 00:00:00,2026-03-19 00:00:00,2026-04-01 00:00:00,PENDING_BANK,LOW,Service Not Delivered,App,4.0,True,False,True,14675.0,Restaurant,SUCCESS,False
CBK0002048,TXN00015397,USR65030,MCH4270,User reports money deducted but merchant denies receiving payment. call dropped,460.42,2026-02-08 00:00:00,,2026-03-04 09:53:00,REJECTED,CRITICAL,Account Takeover,Branch,,True,False,False,9132.62,Grocery,SUCCESS,False
CBK0002293,TXN00004932,USR18205,MCH1981,User reports money deducted but merchant denies receiving payment.,595.39,2026-02-28 11:31:00,2026-02-24 00:00:00,,REJECTED,LOW,Suspected Fraud,Branch,,True,False,False,8559.89,,SUCCESS,False
CBK0000520,TXN00002770,USR60151,MCH8249,Customer says amount was debited twice.,908.2,2026-02-22 00:00:00,2026-02-24 00:00:00,2026-03-23 00:00:00,IN_PROGRESS,LOW,Wrong Amount,Chatbot,2.0,True,True,False,16993.71,,SUCCESS,False
CBK0001708,TXN00009350,USR60818,MCH2906,Customer says transaction was not authorized.,478.75,2026-01-18 00:00:00,,2026-01-27 00:00:00,RESOLVED,MEDIUM,Wrong Amount,Call Center,,True,False,False,21408.57,Misc Retail,SUCCESS,False
CBK0001097,,USR34204,MCH5980,Merchant service was not delivered after payment.,2968.29,2026-03-11 00:00:00,2026-03-13 00:00:00,2026-03-23 00:00:00,REJECTED,MEDIUM,Wrong Amount,IVR,2.0,False,False,True,,,,False
CBK0000477,TXN00001582,USR30157,MCH7030,User says UPI PIN was not entered by them.,6740.29,2026-01-09 00:00:00,2026-01-10 00:00:00,2026-01-20 00:00:00,CLOSED,MEDIUM,Account Takeover,IVR,1.0,True,False,True,9778.74,Grocery,SUCCESS,False
CBK0000740,TXN00019738,USR22040,MCH1234,Merchant service was not delivered after payment.,584.74,2026-03-20 00:00:00,2026-03-26 03:59:33,2026-04-07 03:59:33,RESOLVED,LOW,Account Takeover,Email,6.0,True,True,True,17300.64,,SUCCESS,False
CBK0001907,TXN00014905,USR24536,MCH2714,Merchant service was not delivered after payment.,797.17,2026-02-23 00:00:00,,2026-03-23 00:00:00,OPEN,MEDIUM,Customer Dispute,App,,True,False,False,17889.95,,PENDING,False
CBK0001098,TXN00006667,USR54912,MCH4734,User reports money deducted but merchant denies receiving payment. call dropped,4240.52,2026-03-16 00:00:00,2026-03-19 00:00:00,2026-04-07 00:00:00,IN_PROGRESS,LOW,Service Not Delivered,Chatbot,3.0,True,False,False,8306.7,Telecom,FAILED,False
CBK0002034,TXN00014295,USR46599,MCH7669,customer complaint text unclear due to poor call center notes.,3265.64,2026-02-22 00:00:00,2026-04-09 00:23:56,2026-05-05 00:23:56,RESOLVED,LOW,Duplicate Debit,Call Center,46.0,True,False,False,19507.87,Telecom,SUCCESS,False
CBK0000328,TXN00011489,USR62345,MCH8996,Customer says transaction was not authorized.,1419.0,,2026-01-26 04:02:00,2026-01-27 04:02:03,CLOSED,LOW,Account Takeover,Chatbot,,True,False,True,19030.15,Grocery,PENDING,False
CBK0002510,TXN00049297,USR99880,MCH1439,User says UPI PIN was not entered by them. NA,1707.55,2026-02-05 04:07:59,,,PENDING_BANK,MEDIUM,Customer Dispute,Email,,False,False,True,,,,False
CBK0000819,TXN00008276,USR66046,MCH3941,Suspicious high-value payment disputed by customer.,2947.75,2026-02-25 00:00:00,2026-03-12 00:00:00,2026-03-28 00:00:00,OPEN,HIGH,Service Not Delivered,Chatbot,15.0,True,False,True,18557.6,Transportation,SUCCESS,False
CBK0001301,TXN00005559,USR98939,MCH5403,merchant service was not delivered after payment.,597.81,2026-01-10 00:00:00,2026-01-07 00:00:00,,REJECTED,MEDIUM,Customer Dispute,Chatbot,,True,False,False,6884.72,Book Store,SUCCESS,False
CBK0000547,TXN00003173,USR42144,MCH9330,Customer complaint text unclear due to poor call center notes.,3014.0,2026-03-22 02:40:00,2026-03-24 00:00:00,2026-04-14 00:00:00,REJECTED,LOW,Duplicate Debit,Email,1.0,True,True,False,3995.71,Transportation,SUCCESS,False
CBK0001625,TXN00006214,USR39132,MCH3495,User reports money deducted but merchant denies receiving payment.,4111.68,2026-02-13 00:00:00,2026-03-30 23:46:00,2026-04-12 23:46:08,CLOSED,MEDIUM,Customer Dispute,Email,45.0,True,True,False,8774.0,Grocery,SUCCESS,False
CBK0001515,TXN00000062,USR11366,MCH2992,User says UPI PIN was not entered by them.,330.73,,2026-03-07 14:01:00,2026-04-05 00:00:00,CLOSED,LOW,Service Not Delivered,Branch,,True,True,False,6791.01,Grocery,SUCCESS,False
CBK0000788,TXN00003574,USR22284,MCH4473,User says UPI PIN was not entered by them.,3933.58,2026-03-28 00:00:00,2026-03-30 14:07:24,2026-04-28 00:00:00,RESOLVED,LOW,Unauthorized Transaction,Branch,2.0,True,False,False,24736.38,Restaurant,SUCCESS,False
CBK0000089,TXN00017797,USR85655,MCH8344,Complaint received after multiple failed attempts.,1590.47,2026-01-22 00:00:00,2026-01-23 23:22:08,2026-02-07 00:00:00,OPEN,HIGH,Service Not Delivered,IVR,1.0,True,False,True,11211.49,Telecom,SUCCESS,False
CBK0002218,TXN00018418,USR35410,MCH7622,Customer says transaction was not authorized.,671.84,2026-03-13 08:55:08,2026-03-16 00:00:00,2026-04-08 00:00:00,IN_PROGRESS,HIGH,Customer Dispute,Branch,2.0,True,True,True,20776.86,Book Store,SUCCESS,False
CBK0001356,TXN00018996,USR61151,MCH3100,Customer says amount was debited twice.,1863.8,2026-01-25 00:00:00,2026-01-27 00:00:00,2026-02-12 00:00:00,CLOSED,LOW,Wrong Amount,IVR,2.0,True,False,False,1507.02,Grocery,SUCCESS,False
CBK0001028,TXN00007136,USR67087,MCH5446,Customer complaint text unclear due to poor call center notes.,6758.4,2026-03-02 03:15:09,2026-03-05 00:00:00,2026-03-20 00:15:00,IN_PROGRESS,LOW,Duplicate Debit,Call Center,2.0,True,True,False,18466.09,Misc Retail,FAILED,False
CBK0000407,TXN00008429,USR90727,MCH2989,User claims account was compromised before transaction.,1512.54,2026-01-13 11:06:46,2026-01-15 00:00:00,2026-01-18 00:00:00,IN_PROGRESS,MEDIUM,Customer Dispute,App,1.0,True,False,False,7723.0,Grocery,SUCCESS,False
CBK0000386,TXN00017080,USR66286,MCH2441,Merchant service was not delivered after payment.,687.73,2026-03-02 00:00:00,2026-03-03 00:00:00,,REJECTED,LOW,Duplicate Debit,Chatbot,1.0,True,False,True,22905.52,Book Store,SUCCESS,False
CBK0002369,TXN00000843,USR72135,MCH4517,SUSPICIOUS HIGH-VALUE PAYMENT DISPUTED BY CUSTOMER.,947.54,2026-03-01 00:00:00,2026-03-02 02:12:47,2026-03-17 02:12:00,REJECTED,LOW,Account Takeover,Call Center,1.0,True,False,True,4459.12,Transportation,SUCCESS,False
CBK0001194,TXN00010450,USR85606,MCH3304,Suspicious high-value payment disputed by cust.,1024.0,2026-01-20 13:36:47,2026-01-20 19:36:47,2026-01-30 00:00:00,PENDING_BANK,MEDIUM,Account Takeover,IVR,0.0,True,True,False,24844.39,Transportation,SUCCESS,False
CBK0000299,TXN00010454,USR21651,MCH1397,Merchant service was not delivered after payment.,2554.86,2026-03-15 00:00:00,2026-03-18 13:17:09,,IN_PROGRESS,LOW,Account Takeover,Branch,3.0,True,True,True,22573.5,Grocery,PENDING,False
CBK0000125,TXN00006063,USR72570,MCH3943,User claims account was compromised before transaction.,2157.0,2026-02-14 00:00:00,2026-02-15 11:35:00,2026-02-18 00:00:00,IN_PROGRESS,HIGH,Account Takeover,IVR,1.0,True,False,False,12303.28,Grocery,SUCCESS,False
CBK0000754,TXN00001826,USR35882,MCH3115,User claims account was compromised before transaction. urgent,895.55,2026-02-28 00:00:00,2026-03-10 00:00:00,,PENDING_BANK,MEDIUM,Customer Dispute,Chatbot,10.0,True,False,False,13262.25,Transportation,SUCCESS,False
CBK0001655,TXN00016496,USR31906,MCH4225,Customer complaint text unclear due to poor call center notes.,5996.21,2026-01-29 00:00:00,2026-02-06 00:00:00,2026-02-13 00:00:00,RESOLVED,CRITICAL,Customer Dispute,IVR,8.0,True,False,True,10822.18,Book Store,SUCCESS,False
CBK0002024,TXN00016207,USR91246,MCH7726,Suspicious high-value payment disputed by customer.,628.32,2026-01-02 00:00:00,2026-01-04 00:00:00,2026-01-24 07:10:00,CLOSED,MEDIUM,Service Not Delivered,Email,2.0,True,False,True,23411.8,,SUCCESS,False
CBK0001470,TXN00030234,USR24750,MCH6880,Customer complaint text unclear due to poor call center notes.,1915.5,2026-03-24 00:00:00,,2026-04-17 00:00:00,CLOSED,MEDIUM,Suspected Fraud,Branch,,False,False,False,,,,False
CBK0001499,TXN00016211,USR84128,MCH7738,Payment made to unknown merchant as per customer statement.,6191.97,2026-03-02 00:00:00,2026-03-03 00:00:00,2026-03-07 00:00:00,REJECTED,HIGH,Duplicate Debit,Chatbot,1.0,True,False,False,24194.18,Book Store,SUCCESS,False
CBK0002580,TXN00004925,USR73573,MCH6810,User reports money deducted but merchant denies receiving payment.,9977.75,,,2026-03-25 00:00:00,REJECTED,MEDIUM,Service Not Delivered,App,,True,True,False,1249.65,Transportation,SUCCESS,False
CBK0001399,TXN00015053,USR20076,MCH5050,merchant service was not delivered after payment.,3746.75,2026-02-05 05:08:00,,2026-03-13 05:08:00,RESOLVED,MEDIUM,Duplicate Debit,Email,,True,False,True,2108.9,Telecom,SUCCESS,False
CBK0002120,TXN00008067,USR62703,MCH7593,customer complaint text unclear due to poor call center notes.,14279.05,2026-01-17 00:08:00,2026-01-27 01:08:22,,IN_PROGRESS,CRITICAL,Service Not Delivered,Chatbot,10.0,True,False,False,12033.33,Transportation,SUCCESS,False
CBK0000349,TXN00015766,USR88643,MCH2541,Suspicious high-value payment disputed by customer.,2585.25,2026-02-12 00:00:00,2026-02-18 02:44:00,2026-02-25 02:44:00,REJECTED,HIGH,Service Not Delivered,IVR,6.0,True,False,False,4535.21,Misc Retail,PENDING,False
CBK0000160,TXN00015230,USR38364,MCH5454,Merchant service was not delivered after payment.,2419.56,2026-02-08 23:09:47,2026-02-14 02:09:47,,PENDING_BANK,HIGH,Customer Dispute,Call Center,5.0,True,False,False,22317.48,Apparel,SUCCESS,False
CBK0001199,TXN00005512,USR76915,MCH3815,suspicious high-value payment disputed by customer.,2981.85,2026-03-07 00:00:00,2026-03-12 00:00:00,2026-04-01 00:00:00,IN_PROGRESS,LOW,Duplicate Debit,Chatbot,5.0,True,False,False,23194.37,Telecom,SUCCESS,False
CBK0001976,TXN00004835,USR37357,MCH5772,user reports money deducted but merchant denies receiving payment.,11573.0,2026-02-23 04:26:51,2026-02-20 00:00:00,2026-03-13 04:26:00,IN_PROGRESS,MEDIUM,Account Takeover,IVR,,True,False,False,13680.66,,SUCCESS,False
CBK0001819,TXN00014412,USR27393,MCH9291,suspicious high-value payment disputed by customer.,19997.74,2026-01-16 22:17:46,2026-01-24 00:00:00,,REJECTED,MEDIUM,Wrong Amount,IVR,7.0,True,False,True,19997.74,Grocery,SUCCESS,True
CBK0001463,TXN00018916,USR92463,MCH4008,User reports money deducted but merchant denies receiving payment. NA,1889.0,2026-03-25 00:00:00,,2026-04-13 00:00:00,PENDING_BANK,MEDIUM,Wrong Amount,IVR,,True,True,True,12291.44,Restaurant,SUCCESS,False
CBK0002435,TXN00015767,USR33671,MCH2699,Merchant service was not delivered after payment.,1904.98,2026-03-01 00:00:00,2026-02-24 01:38:00,2026-03-19 01:38:00,REJECTED,MEDIUM,Service Not Delivered,Chatbot,,True,True,False,15803.23,Transportation,SUCCESS,False
CBK0001554,TXN00012362,USR87967,MCH3177,Merchant service was not delivered after payment.,1105.15,2026-02-01 00:00:00,2026-02-08 02:49:19,2026-02-23 00:00:00,RESOLVED,LOW,Account Takeover,Email,7.0,True,True,True,8439.86,Grocery,SUCCESS,False
CBK0002443,TXN00017471,USR44213,MCH3992,User claims account was compromised before transaction.,918.63,2026-02-01 00:00:00,2026-02-04 00:00:00,2026-02-20 00:00:00,REJECTED,HIGH,Unauthorized Transaction,Email,3.0,True,False,False,19466.64,Transportation,FAILED,False
CBK0000204,TXN00014673,USR21209,MCH8154,Customer says amount was debited twice.,749.06,2026-01-24 00:00:00,2026-01-26 01:45:00,2026-02-10 01:45:00,CLOSED,MEDIUM,Customer Dispute,Call Center,2.0,True,False,True,2722.99,Grocery,SUCCESS,False
CBK0002056,TXN00003732,USR18442,MCH1606,Customer says transaction was not authorized.,5678.98,2026-03-03 00:00:00,2026-04-03 00:00:00,,RESOLVED,CRITICAL,Service Not Delivered,IVR,31.0,True,False,False,24202.23,Transportation,SUCCESS,False
CBK0002192,TXN00002316,USR77746,MCH1674,Customer says amount was debited twice.,20754.36,2026-01-12 04:00:55,2026-01-14 00:00:00,,IN_PROGRESS,HIGH,Suspected Fraud,IVR,1.0,True,False,True,3295.91,Medical / Pharmacy,SUCCESS,False
CBK0002590,TXN00001121,USR43833,MCH4575,user says upi pin was not entered by them.,993.0,2026-03-23 00:00:00,,2026-04-20 10:56:00,CLOSED,MEDIUM,Service Not Delivered,Email,,True,True,False,22219.81,Hotel / Lodging,SUCCESS,False
CBK0001086,TXN00019525,USR21162,MCH3992,customer complaint text unclear due to poor call center notes.,5874.15,2026-01-12 00:00:00,2026-01-14 08:32:01,2026-01-22 00:00:00,IN_PROGRESS,LOW,Customer Dispute,Call Center,2.0,True,False,False,18451.32,Grocery,PENDING,False
CBK0002137,TXN00008657,USR34250,MCH6955,Suspicious high-value payment disputed by customer. urgent,4252.24,2026-02-23 00:00:00,2026-03-03 03:32:50,2026-03-28 00:00:00,OPEN,LOW,Suspected Fraud,IVR,8.0,True,False,False,13433.86,Transportation,SUCCESS,False
CBK0002492,TXN00001518,USR20737,MCH5541,Complaint received after multiple failed attempts. urgent,9039.58,2026-03-16 00:00:00,2026-03-18 00:00:00,2026-03-21 00:00:00,IN_PROGRESS,HIGH,Customer Dispute,Email,2.0,True,False,True,22452.0,Hotel / Lodging,SUCCESS,False
CBK0001965,TXN00008205,USR62398,MCH6714,Customer says amount was debited twice. pls check asap,1147.39,2026-02-12 00:00:00,2026-02-12 00:00:00,2026-03-01 22:26:43,RESOLVED,HIGH,Account Takeover,Chatbot,0.0,True,False,False,16605.21,Grocery,SUCCESS,False
CBK0001409,TXN00014019,USR20076,MCH4751,User reports money deducted but merchant denies receiving payment.,2386.95,2026-01-14 00:00:00,2026-01-16 00:00:00,2026-01-29 00:00:00,IN_PROGRESS,MEDIUM,Service Not Delivered,Chatbot,2.0,True,False,False,24135.06,Medical / Pharmacy,FAILED,False
CBK0000738,TXN00018812,USR98980,MCH2757,User says UPI PIN was not entered by them.,15054.0,2026-01-05 00:00:00,2026-01-16 00:00:00,2026-02-14 00:00:00,PENDING_BANK,HIGH,Suspected Fraud,Call Center,11.0,True,False,True,23993.0,Transportation,SUCCESS,False
CBK0000293,TXN00016470,USR50092,MCH1879,Suspicious high-value payment disputed by customer.,1947.05,2026-01-19 00:00:00,2026-01-25 15:05:00,2026-02-13 00:00:00,PENDING_BANK,HIGH,Customer Dispute,IVR,6.0,True,False,True,5946.77,Grocery,SUCCESS,False
CBK0001585,TXN00082330,USR14591,MCH3928,Customer complaint text unclear due to poor call center notes.,2452.3,2026-03-31 00:00:00,2026-04-01 21:31:00,2026-04-21 00:00:00,PENDING_BANK,CRITICAL,Service Not Delivered,IVR,1.0,False,True,False,,,,False
CBK0000019,TXN00008321,USR27583,MCH4590,User says UPI PIN was not entered by them.,699.14,2026-02-22 00:00:00,2026-02-25 00:00:00,2026-02-27 00:00:00,IN_PROGRESS,HIGH,Duplicate Debit,Chatbot,3.0,True,True,False,3281.97,Department Store,SUCCESS,False
CBK0001180,TXN00012133,USR84844,MCH6202,customer says transaction was not authorized.,7361.16,2026-02-01 07:09:49,2026-02-06 00:00:00,2026-02-27 00:00:00,PENDING_BANK,MEDIUM,Customer Dispute,Chatbot,4.0,True,True,False,6861.6,,SUCCESS,False
CBK0000324,TXN00014492,USR34540,MCH4590,user says upi pin was not entered by them.,18659.19,2026-02-01 00:00:00,2026-02-02 13:49:55,2026-02-25 00:00:00,RESOLVED,HIGH,Suspected Fraud,Chatbot,1.0,True,False,False,18659.19,Apparel,SUCCESS,True
CBK0001005,TXN00006695,USR65902,MCH5655,Merchant service was not delivered after payment.,1671.67,2026-02-19 11:11:00,2026-02-22 00:00:00,,PENDING_BANK,MEDIUM,Account Takeover,App,2.0,True,True,False,14051.31,Transportation,SUCCESS,False
CBK0001149,TXN00013355,USR52988,MCH1182,User says UPI PIN was not entered by them.,6746.58,2026-03-27 10:20:15,2026-03-23 10:20:15,2026-04-20 00:00:00,RESOLVED,LOW,Customer Dispute,Chatbot,,True,False,False,518.32,Medical / Pharmacy,SUCCESS,False
CBK0002743,TXN00053543,USR85742,MCH4473,User says UPI PIN was not entered by them.,299.18,2026-01-25 01:22:37,2026-01-25 00:00:00,2026-02-23 00:00:00,REJECTED,LOW,Service Not Delivered,Email,,False,False,False,,,,False
CBK0002526,TXN00014583,USR53424,MCH7006,Customer says amount was debited twice.,6768.55,2026-03-20 19:24:00,2026-03-24 00:00:00,2026-04-08 00:00:00,IN_PROGRESS,LOW,Wrong Amount,Chatbot,3.0,True,False,False,11569.0,Hotel / Lodging,SUCCESS,False
CBK0000792,TXN00017591,USR59752,MCH2176,CUSTOMER SAYS AMOUNT WAS DEBITED TWICE.,6180.12,2026-02-07 00:00:00,2026-02-09 00:00:00,2026-02-26 17:50:00,CLOSED,MEDIUM,Customer Dispute,Email,2.0,True,False,False,6787.83,Book Store,SUCCESS,False
CBK0000971,TXN00019356,USR80212,MCH2335,merchant service was not delivered after payment.,6782.66,2026-01-07 00:00:00,2026-01-10 06:07:00,2026-02-04 00:00:00,CLOSED,HIGH,Unauthorized Transaction,IVR,3.0,True,False,True,21102.97,Transportation,SUCCESS,False
CBK0002752,TXN00009074,USR58639,MCH4181,Complaint received after multiple failed attempts.,611.73,2026-01-05 07:07:09,2026-01-05 00:00:00,,OPEN,MEDIUM,Account Takeover,Branch,,True,False,False,12933.59,,SUCCESS,False
CBK0002406,TXN00019470,USR71704,MCH3759,Merchant service was not delivered after payment. urgent,3505.15,2026-03-02 00:00:00,2026-03-04 00:00:00,,CLOSED,LOW,Service Not Delivered,Branch,2.0,True,False,False,10139.74,Telecom,SUCCESS,False
CBK0000896,TXN00014731,USR29803,MCH7761,Suspicious high-value payment disputed by cust.,4988.8,2026-03-25 00:00:00,2026-03-29 04:53:24,2026-04-13 00:00:00,REJECTED,MEDIUM,Service Not Delivered,App,4.0,True,False,False,24233.56,Hotel / Lodging,SUCCESS,False
CBK0000874,TXN00008435,USR43450,MCH8870,User reports money deducted but merchant denies receiving payment.,2126.63,2026-02-03 00:00:00,2026-02-06 00:00:00,2026-03-03 00:00:00,RESOLVED,MEDIUM,Customer Dispute,Email,3.0,True,False,True,24037.88,Transportation,SUCCESS,False
CBK0002644,TXN00006588,USR72024,MCH7102,Complaint received after multiple failed attempts.,1971.85,2026-03-27 00:00:00,,2026-04-20 00:00:00,REJECTED,CRITICAL,Customer Dispute,Chatbot,,True,True,False,1238.22,Apparel,SUCCESS,False
CBK0000057,TXN00005197,USR33934,MCH6452,Customer says transaction was not authorized.,5740.0,,,2026-02-08 00:00:00,PENDING_BANK,MEDIUM,Account Takeover,Email,,True,True,False,18466.27,Book Store,SUCCESS,False
CBK0002367,TXN00000803,USR40928,MCH2574,Suspicious high-value payment disputed by customer.,1719.0,2026-02-10 00:00:00,2026-02-11 17:54:00,2026-02-17 17:54:00,PENDING_BANK,MEDIUM,Customer Dispute,Call Center,1.0,True,True,True,14411.45,Misc Retail,SUCCESS,False
CBK0001703,TXN00014396,USR62221,MCH7833,MERCHANT SERVICE WAS NOT DELIVERED AFTER PAYMENT.,1107.61,2026-03-30 00:00:00,2026-04-14 00:00:00,,CLOSED,HIGH,Unauthorized Transaction,App,15.0,True,False,True,13171.97,Restaurant,SUCCESS,False
CBK0001314,TXN00015397,USR25021,MCH8657,Customer says transaction was not authorized.,7499.76,2026-02-10 00:00:00,2026-02-17 00:00:00,,REJECTED,LOW,Service Not Delivered,IVR,7.0,True,True,False,9132.62,Grocery,SUCCESS,False
CBK0001319,,USR87558,MCH8935,User says UPI PIN was not entered by them.,1537.87,2026-03-28 00:00:00,2026-04-13 00:00:00,2026-05-12 00:00:00,CLOSED,MEDIUM,Customer Dispute,Call Center,16.0,False,False,True,,,,False
CBK0002004,TXN00016498,USR71282,MCH5954,Customer complaint text unclear due to poor call center notes.,3489.66,2026-01-02 14:58:00,2026-01-03 00:00:00,,REJECTED,HIGH,Suspected Fraud,Chatbot,0.0,True,True,True,3074.0,Medical / Pharmacy,SUCCESS,False
CBK0000030,TXN00002461,USR44431,MCH2413,Customer says transaction was not authorized.,24846.27,2026-01-18 06:52:30,2026-01-20 00:00:00,2026-02-05 16:52:30,RESOLVED,LOW,Service Not Delivered,Branch,1.0,True,False,False,24846.27,Medical / Pharmacy,SUCCESS,True
CBK0001890,,USR70787,MCH9165,Complaint received after multiple failed attempts.,594.52,2026-01-19 00:00:00,2026-01-25 00:00:00,2026-02-24 00:00:00,CLOSED,MEDIUM,Account Takeover,IVR,6.0,False,False,True,,,,False
CBK0001601,TXN00014556,USR51157,MCH7360,CUSTOMER SAYS AMOUNT WAS DEBITED TWICE.,13308.54,2026-02-14 20:36:49,2026-02-17 17:36:49,,PENDING_BANK,MEDIUM,Suspected Fraud,Chatbot,2.0,True,True,True,10183.23,Medical / Pharmacy,SUCCESS,False
CBK0002519,TXN00002544,USR91069,MCH4788,User reports money deducted but merchant denies receiving payment.,3839.34,2026-02-23 04:34:00,2026-02-23 00:00:00,,RESOLVED,LOW,Service Not Delivered,IVR,,True,True,True,15344.0,Medical / Pharmacy,FAILED,False
CBK0002316,TXN00018781,USR80429,MCH4070,User reports money deducted but merchant denies receiving payment.,428.55,2026-03-14 00:00:00,2026-03-15 00:00:00,2026-03-21 00:00:00,RESOLVED,LOW,Suspected Fraud,Chatbot,1.0,True,False,False,11828.17,Grocery,SUCCESS,False
CBK0000050,TXN00004935,USR75712,MCH2076,Suspicious high-value payment disputed by customer.,18552.59,2026-01-31 00:00:00,2026-02-01 17:11:00,2026-03-03 00:00:00,RESOLVED,LOW,Customer Dispute,Call Center,1.0,True,False,True,12231.32,Medical / Pharmacy,SUCCESS,False
CBK0002086,TXN00004716,USR14045,MCH9271,Customer says amount was debited twice. NA,169.35,2026-01-25 14:59:00,2026-01-30 21:59:00,2026-02-06 21:59:00,REJECTED,MEDIUM,Duplicate Debit,Call Center,5.0,True,False,True,8028.16,Medical / Pharmacy,SUCCESS,False
CBK0002244,,USR64363,MCH2948,USER REPORTS MONEY DEDUCTED BUT MERCHANT DENIES RECEIVING PAYMENT.,4378.8,2026-01-03 00:00:00,2026-01-04 00:00:00,,REJECTED,MEDIUM,Duplicate Debit,Call Center,1.0,False,True,False,,,,False
CBK0000467,TXN00009035,USR66080,MCH9242,Customer says amount was debited twice.,1224.57,2026-02-20 19:44:28,2026-02-21 09:44:28,,RESOLVED,LOW,Suspected Fraud,Branch,0.0,True,True,True,11362.23,Department Store,SUCCESS,False
CBK0002168,TXN00002821,USR83150,MCH5655,Customer says amount was debited twice.,4707.47,2026-02-10 00:00:00,2026-02-11 00:00:00,,RESOLVED,LOW,Unauthorized Transaction,IVR,1.0,True,False,False,23155.59,Restaurant,SUCCESS,False
CBK0000988,TXN00007940,USR74004,MCH2383,User claims account was compromised before transaction. NA,1608.0,2026-03-14 00:00:00,2026-03-22 11:13:00,,CLOSED,HIGH,Account Takeover,Chatbot,8.0,True,True,True,11889.22,Department Store,SUCCESS,False
CBK0001035,TXN00012639,USR38128,MCH9737,payment made to unknown merchant as per customer statement.,3681.26,2026-01-19 00:00:00,2026-01-20 00:00:00,2026-02-13 00:00:00,IN_PROGRESS,HIGH,Wrong Amount,Call Center,1.0,True,True,False,10303.32,Misc Retail,SUCCESS,False
CBK0002784,TXN00003041,USR21253,MCH2118,User reports money deducted but merchant denies receiving payment.,4136.0,2026-01-18 17:10:46,2026-02-02 17:10:46,,RESOLVED,MEDIUM,Service Not Delivered,Email,15.0,True,False,True,4492.32,Department Store,PENDING,False
CBK0001119,TXN00013564,USR13165,MCH8547,Complaint received after multiple failed attempts. NA,4295.67,2026-01-04 00:00:00,2026-01-04 19:22:27,2026-01-24 00:00:00,IN_PROGRESS,MEDIUM,Service Not Delivered,Call Center,0.0,True,True,False,13907.33,Apparel,SUCCESS,False
CBK0002692,TXN00011494,USR52887,MCH1757,PAYMENT MADE TO UNKNOWN MERCHANT AS PER CUSTOMER STATEMENT.,1084.65,2026-01-25 00:00:00,2026-02-05 07:06:20,2026-03-01 00:00:00,REJECTED,LOW,Account Takeover,IVR,11.0,True,False,False,19676.05,Grocery,SUCCESS,False
CBK0001902,TXN00008905,USR53056,MCH5119,User claims account was compromised before transaction.,1362.36,,,,PENDING_BANK,CRITICAL,Wrong Amount,IVR,,True,True,True,15171.92,Transportation,SUCCESS,False
CBK0002606,TXN00018342,USR69706,MCH8779,payment made to unknown merchant as per customer statement.,2231.66,2026-03-23 00:00:00,2026-03-25 00:00:00,2026-04-04 00:00:00,IN_PROGRESS,CRITICAL,Suspected Fraud,IVR,2.0,True,True,True,11709.92,Grocery,PENDING,False
CBK0001896,TXN00005799,USR97580,MCH8791,Customer complaint text unclear due to poor call center notes.,674.67,2026-01-06 10:14:34,2026-01-12 00:00:00,2026-01-14 01:14:34,CLOSED,CRITICAL,Wrong Amount,Chatbot,5.0,True,True,False,24109.19,Book Store,SUCCESS,False
CBK0002555,TXN00003972,USR76553,MCH1320,User reports money deducted but merchant denies receiving payment.,4309.44,,2026-01-18 07:02:56,,OPEN,LOW,Service Not Delivered,Email,,True,True,True,13609.52,Telecom,SUCCESS,False
CBK0002064,,USR68861,MCH3516,customer says transaction was not authorized.,1531.2,2026-03-29 00:00:00,2026-04-14 00:00:00,2026-05-07 00:00:00,PENDING_BANK,LOW,Customer Dispute,Chatbot,16.0,False,False,False,,,,False
CBK0002521,TXN00013602,USR98636,MCH1574,Merchant service was not delivered after payment.,2090.68,,2026-03-15 00:00:00,,IN_PROGRESS,CRITICAL,Suspected Fraud,Chatbot,,True,False,False,4968.03,Grocery,FAILED,False
CBK0000615,TXN00002775,USR83032,MCH3402,customer says amount was debited twice.,1908.8,2026-01-07 00:00:00,2026-01-18 06:04:00,2026-02-16 06:04:00,OPEN,HIGH,Suspected Fraud,Email,11.0,True,False,True,13668.96,Telecom,FAILED,False
CBK0002405,TXN00017196,USR45251,MCH2538,COMPLAINT RECEIVED AFTER MULTIPLE FAILED ATTEMPTS.,9937.63,2026-03-06 00:00:00,2026-03-07 02:28:07,2026-03-09 02:28:07,IN_PROGRESS,MEDIUM,Suspected Fraud,Chatbot,1.0,True,False,False,10130.88,Grocery,SUCCESS,False
CBK0002453,TXN00013396,USR24527,MCH2822,User claims account was compromised before transaction.,203.0,2026-02-23 00:00:00,,2026-03-24 00:00:00,OPEN,LOW,Service Not Delivered,IVR,,True,False,False,4424.0,Grocery,SUCCESS,False
CBK0001288,TXN00038794,USR82920,MCH5755,User says UPI PIN was not entered by them.,1144.0,2026-03-10 00:00:00,2026-04-10 02:16:42,2026-04-24 02:16:00,OPEN,HIGH,Wrong Amount,Chatbot,31.0,False,False,False,,,,False
CBK0000696,TXN00007676,USR33564,MCH3259,CUSTOMER SAYS TRANSACTION WAS NOT AUTHORIZED.,841.13,2026-02-28 00:00:00,2026-02-28 00:00:00,2026-03-01 09:11:30,IN_PROGRESS,CRITICAL,Customer Dispute,IVR,0.0,True,True,True,14451.15,Book Store,SUCCESS,False
CBK0002448,TXN00004698,USR56276,MCH3396,Suspicious high-value payment disputed by customer.,1942.99,2026-03-15 05:45:53,,,CLOSED,LOW,Customer Dispute,IVR,,True,True,False,12698.87,Hotel / Lodging,SUCCESS,False
CBK0000897,,USR78326,MCH2266,User claims account was compromised before transaction.,1390.61,2026-01-24 00:00:00,2026-01-27 00:00:00,,CLOSED,LOW,Duplicate Debit,Branch,3.0,False,False,True,,,,False
CBK0000464,TXN00001948,USR72135,MCH8274,Complaint received after multiple failed attempts.,3935.87,2026-03-11 00:50:00,2026-04-10 00:00:00,2026-04-24 23:50:00,RESOLVED,LOW,Service Not Delivered,Chatbot,29.0,True,False,False,3694.84,Transportation,SUCCESS,False
CBK0002482,TXN00018844,USR39808,MCH5330,Payment made to unknown merchant as per customer statement.,6620.7,2026-01-26 00:00:00,2026-02-02 03:31:15,,PENDING_BANK,MEDIUM,Service Not Delivered,Chatbot,7.0,True,False,False,14096.06,Medical / Pharmacy,SUCCESS,False
CBK0000411,TXN00003133,USR48609,MCH3992,complaint received after multiple failed attempts.,3287.47,,2026-03-20 00:00:00,2026-04-16 00:00:00,PENDING_BANK,MEDIUM,Unauthorized Transaction,Email,,True,True,False,23318.44,Telecom,SUCCESS,False
CBK0000722,TXN00014532,USR42970,MCH9937,Customer says transaction was not authorized.,4825.86,2026-02-28 00:00:00,2026-03-04 00:00:00,2026-03-11 00:00:00,REJECTED,HIGH,Wrong Amount,IVR,4.0,True,True,True,24561.36,Grocery,SUCCESS,False
CBK0001545,TXN00005459,USR26201,MCH9867,user claims account was compromised before transaction.,2038.0,,2026-02-15 00:00:00,2026-02-21 00:00:00,REJECTED,LOW,Account Takeover,App,,True,False,True,24411.65,,SUCCESS,False
CBK0000145,TXN00009456,USR21384,MCH8779,Complaint received after multiple failed attempts.,3537.13,2026-02-23 00:00:00,,2026-03-21 00:00:00,IN_PROGRESS,MEDIUM,Customer Dispute,Chatbot,,True,False,True,6413.81,Restaurant,SUCCESS,False
CBK0001154,TXN00007949,USR61761,MCH5076,complaint received after multiple failed attempts.,2276.53,,2026-01-25 17:35:49,2026-02-10 00:00:00,RESOLVED,LOW,Account Takeover,IVR,,True,True,False,23298.5,Grocery,SUCCESS,False
CBK0002135,TXN00017607,USR62613,MCH1320,Suspicious high-value payment disputed by customer. details missing,291.0,2026-02-09 00:00:00,2026-03-11 00:00:00,2026-03-21 09:52:20,OPEN,LOW,Unauthorized Transaction,Email,30.0,True,True,True,1880.32,Book Store,SUCCESS,False
CBK0000048,TXN00003553,USR11419,MCH5833,Customer says transaction was not authorized.,3278.36,2026-02-22 00:00:00,2026-02-26 00:00:00,2026-03-07 03:45:00,PENDING_BANK,MEDIUM,Account Takeover,Email,4.0,True,False,True,14521.67,Restaurant,SUCCESS,False
CBK0000719,TXN00008362,USR51141,MCH4473,payment made to unknown merchant as per customer statement.,716.05,2026-03-23 00:00:00,2026-05-07 11:49:41,2026-05-31 11:49:00,IN_PROGRESS,LOW,Service Not Delivered,App,45.0,True,True,False,3323.77,Restaurant,SUCCESS,False
CBK0001188,,USR99905,MCH7881,User reports money deducted but merchant denies receiving payment.,6211.43,2026-02-10 09:30:00,2026-02-20 00:00:00,2026-03-05 21:30:45,CLOSED,HIGH,Unauthorized Transaction,IVR,9.0,False,False,True,,,,False
CBK0001540,TXN00018190,USR83597,MCH5264,Customer complaint text unclear due to poor call center notes.,3985.84,,2026-02-24 00:00:00,,REJECTED,MEDIUM,Unauthorized Transaction,IVR,,True,False,False,22849.0,Grocery,SUCCESS,False
CBK0002666,TXN00005307,USR63160,MCH3992,Complaint received after multiple failed attempts.,11930.0,2026-02-23 00:09:00,2026-02-24 00:00:00,2026-03-26 17:09:06,CLOSED,LOW,Customer Dispute,App,0.0,True,False,False,11930.0,Hotel / Lodging,SUCCESS,True
CBK0000111,TXN00019912,USR43416,MCH5748,User says UPI PIN was not entered by them.,2124.72,2026-02-28 00:00:00,2026-03-08 00:41:12,2026-03-13 00:00:00,OPEN,LOW,Service Not Delivered,Email,8.0,True,False,False,2570.03,Hotel / Lodging,SUCCESS,False
CBK0000561,TXN00011891,USR27107,MCH8154,Customer complaint text unclear due to poor call center notes.,146.7,2026-02-23 00:00:00,,2026-03-19 00:00:00,OPEN,HIGH,Unauthorized Transaction,Chatbot,,True,True,True,16870.1,Transportation,SUCCESS,False
CBK0001938,TXN00010250,USR52258,MCH7697,Complaint received after multiple failed attempts.,507.34,2026-01-29 00:00:00,2026-01-30 00:00:00,2026-02-09 00:00:00,OPEN,LOW,Unauthorized Transaction,App,1.0,True,False,False,507.34,Grocery,SUCCESS,True
CBK0001070,TXN00006138,USR72463,MCH7131,Merchant service was not delivered after payment.,486.96,2026-02-21 00:00:00,2026-02-28 00:00:00,,CLOSED,LOW,Unauthorized Transaction,IVR,7.0,True,False,False,23330.49,Hotel / Lodging,SUCCESS,False
CBK0001240,TXN00005144,USR87558,MCH2223,merchant service was not delivered after payment.,1262.32,2026-02-17 14:32:16,2026-02-25 00:00:00,2026-03-07 00:00:00,RESOLVED,LOW,Unauthorized Transaction,IVR,7.0,True,False,True,19161.02,Apparel,FAILED,False
CBK0001172,TXN00000950,USR35692,MCH2757,Customer says amount was debited twice.,1749.52,2026-03-03 14:07:36,2026-03-05 00:00:00,2026-03-22 00:00:00,REJECTED,LOW,Duplicate Debit,Email,1.0,True,True,True,14939.35,Restaurant,SUCCESS,False
CBK0002786,TXN00001975,USR44809,MCH9291,Customer says transaction was not authorized.,1823.8,2026-03-11 00:00:00,2026-03-14 00:00:00,2026-03-16 06:59:19,RESOLVED,HIGH,Unauthorized Transaction,IVR,3.0,True,False,True,7475.15,Medical / Pharmacy,SUCCESS,False
CBK0001609,TXN00011210,USR50352,MCH2706,User claims account was compromised before transaction.,1853.91,2026-02-20 08:31:54,2026-02-23 00:00:00,2026-03-02 00:00:00,OPEN,MEDIUM,Service Not Delivered,IVR,2.0,True,False,False,9600.51,,SUCCESS,False
CBK0000209,TXN00059223,USR24507,MCH4782,Payment made to unknown merchant as per cust statement.,902.0,,2026-02-17 00:00:00,,OPEN,HIGH,Duplicate Debit,App,,False,True,True,,,,False
CBK0002101,TXN00010055,USR53903,MCH2065,User reports money deducted but merchant denies receiving payment.,3918.28,2026-01-22 00:00:00,2026-01-28 00:51:01,2026-02-13 00:00:00,REJECTED,MEDIUM,Wrong Amount,IVR,6.0,True,True,False,13128.0,Transportation,SUCCESS,False
CBK0002166,TXN00005750,USR64580,MCH5980,Customer says transaction was not authorized.,1459.51,2026-03-21 07:22:46,2026-03-22 00:00:00,2026-04-02 00:00:00,IN_PROGRESS,MEDIUM,Service Not Delivered,IVR,0.0,True,False,True,17170.1,,SUCCESS,False
CBK0001971,TXN00001893,USR40538,MCH4473,Customer complaint text unclear due to poor call center notes.,1059.97,2026-03-25 04:27:22,2026-03-26 00:00:00,2026-04-20 00:00:00,RESOLVED,LOW,Duplicate Debit,Call Center,0.0,True,False,False,20003.77,Book Store,PENDING,False
CBK0000872,TXN00015686,USR41987,MCH4226,Complaint received after multiple failed attempts.,4354.56,2026-02-27 00:00:00,2026-03-04 09:09:00,2026-03-04 00:00:00,RESOLVED,MEDIUM,Duplicate Debit,App,5.0,True,True,False,19726.54,,SUCCESS,False
CBK0002618,TXN00011168,USR44759,MCH5594,Customer complaint text unclear due to poor call center notes. call dropped,5239.53,2026-01-06 00:00:00,2026-01-10 00:35:07,2026-01-27 00:00:00,REJECTED,MEDIUM,Account Takeover,Chatbot,4.0,True,True,True,5226.56,Grocery,SUCCESS,False
CBK0000176,TXN00001405,USR91859,MCH2900,Merchant service was not delivered after payment. call dropped,2105.51,2026-03-13 00:00:00,2026-03-18 14:11:00,2026-04-05 00:00:00,CLOSED,MEDIUM,Service Not Delivered,Chatbot,5.0,True,False,False,16598.48,Restaurant,SUCCESS,False
CBK0001836,TXN00002935,USR58979,MCH4535,Customer says transaction was not authorized.,318.65,2026-01-17 00:00:00,2026-01-19 14:28:40,,RESOLVED,LOW,Service Not Delivered,IVR,2.0,True,True,False,17735.93,Medical / Pharmacy,SUCCESS,False
CBK0000130,TXN00002672,USR96637,MCH4181,User reports money deducted but merchant denies receiving payment.,4547.87,2026-01-06 00:00:00,2026-01-13 13:42:00,,PENDING_BANK,LOW,Wrong Amount,Email,7.0,True,False,False,9884.32,Grocery,SUCCESS,False
CBK0001271,TXN00015189,USR33650,MCH4181,User claims account was compromised before transaction.,638.59,2026-01-10 13:57:59,2026-01-13 20:57:59,2026-01-18 00:00:00,REJECTED,HIGH,Unauthorized Transaction,IVR,3.0,True,False,False,5360.76,,SUCCESS,False
CBK0001593,TXN00015434,USR18724,MCH7728,customer says transaction was not authorized.,8317.58,2026-03-05 10:42:00,2026-03-21 07:42:38,2026-04-07 00:00:00,PENDING_BANK,MEDIUM,Suspected Fraud,Email,15.0,True,False,True,18120.49,Department Store,SUCCESS,False
CBK0001879,TXN00007654,USR60131,MCH8887,Complaint received after multiple failed attempts.,552.24,2026-02-05 01:30:00,2026-02-06 23:30:00,,RESOLVED,LOW,Wrong Amount,IVR,1.0,True,True,False,20309.81,Telecom,SUCCESS,False
CBK0001717,TXN00005246,USR87318,MCH2104,User says UPI PIN was not entered by them.,99.96,2026-03-04 12:35:00,2026-03-08 00:35:05,,REJECTED,LOW,Duplicate Debit,IVR,3.0,True,False,True,14555.93,Medical / Pharmacy,SUCCESS,False
CBK0000702,TXN00017072,USR56312,MCH5133,Customer says amount was debited twice.,15432.0,2026-01-18 03:52:25,2026-01-23 00:00:00,2026-02-07 00:00:00,IN_PROGRESS,HIGH,Wrong Amount,IVR,4.0,True,False,True,13863.56,Grocery,SUCCESS,False
CBK0002647,TXN00099966,USR24761,MCH4392,User reports money deducted but merchant denies receiving payment.,841.29,2026-01-24 00:00:00,2026-01-27 09:02:00,2026-02-20 09:02:00,OPEN,MEDIUM,Wrong Amount,Branch,3.0,False,False,False,,,,False
CBK0001723,TXN00000941,USR58335,MCH7616,Complaint received after multiple failed attempts.,6049.12,,2026-01-07 07:32:40,2026-01-20 00:00:00,CLOSED,LOW,Service Not Delivered,Branch,,True,False,False,6858.64,Grocery,SUCCESS,False
CBK0002770,TXN00013498,USR24608,MCH3992,Customer says transaction was not authorized.,469.12,2026-01-05 17:13:36,2026-02-05 00:00:00,,PENDING_BANK,LOW,Unauthorized Transaction,IVR,30.0,True,False,False,2370.48,Transportation,SUCCESS,False
CBK0002346,TXN00001292,USR25528,MCH6328,Customer says transaction was not authorized.,33975.77,2026-03-24 00:00:00,,2026-05-05 00:00:00,OPEN,LOW,Service Not Delivered,Email,,True,False,True,3327.0,Grocery,SUCCESS,False
CBK0002487,TXN00009313,USR32981,MCH1201,Payment made to unknown merchant as per customer statement.,1561.28,2026-02-03 00:00:00,2026-02-10 00:00:00,2026-03-03 00:00:00,REJECTED,LOW,Customer Dispute,IVR,7.0,True,False,False,17711.02,Transportation,SUCCESS,False
CBK0001909,TXN00015341,USR51939,MCH4348,Merchant service was not delivered after payment.,5481.51,2026-02-27 00:00:00,2026-04-14 00:00:00,2026-05-01 00:00:00,IN_PROGRESS,MEDIUM,Duplicate Debit,Chatbot,46.0,True,True,False,17650.61,Grocery,SUCCESS,False
CBK0002234,TXN00016207,USR61715,MCH6850,merchant service was not delivered after payment.,1383.0,2026-01-13 00:00:00,2026-01-23 00:00:00,2026-01-29 15:38:41,PENDING_BANK,HIGH,Account Takeover,Branch,10.0,True,False,False,23411.8,,SUCCESS,False
CBK0000854,TXN00000164,USR17326,MCH7017,Complaint received after multiple failed attempts.,3086.0,2026-01-01 05:32:00,2026-01-08 00:00:00,2026-02-02 00:00:00,OPEN,CRITICAL,Account Takeover,Email,6.0,True,False,True,13399.01,Medical / Pharmacy,SUCCESS,False
CBK0002376,TXN00004589,USR76792,MCH5515,suspicious high-value payment disputed by customer.,1100.37,2026-01-20 11:45:52,2026-01-30 20:45:00,2026-02-08 00:00:00,IN_PROGRESS,MEDIUM,Service Not Delivered,IVR,10.0,True,False,False,16796.0,,SUCCESS,False
CBK0002540,TXN00010104,USR46321,MCH2065,Merchant service was not delivered after payment.,1912.26,2026-03-04 00:00:00,2026-03-06 00:00:00,,OPEN,HIGH,Duplicate Debit,IVR,2.0,True,True,False,8450.52,Restaurant,SUCCESS,False
CBK0001666,TXN00018160,USR11659,MCH6810,Complaint received after multiple failed attempts.,482.0,2026-02-28 00:00:00,2026-03-01 00:00:00,2026-03-17 08:39:00,PENDING_BANK,MEDIUM,Service Not Delivered,Chatbot,1.0,True,False,False,19498.27,Medical / Pharmacy,FAILED,False
CBK0001340,TXN00001898,USR41763,MCH4190,Complaint received after multiple failed attempts.,638.96,2026-02-25 08:15:11,2026-03-03 00:00:00,2026-03-06 06:15:11,RESOLVED,MEDIUM,Service Not Delivered,IVR,5.0,True,False,False,4708.74,Grocery,SUCCESS,False
CBK0002616,TXN00000806,USR30612,MCH2757,Customer says transaction was not authorized.,3611.11,2026-02-10 00:00:00,2026-02-11 03:28:31,2026-03-05 03:28:00,RESOLVED,LOW,Service Not Delivered,Chatbot,1.0,True,False,True,18413.74,Apparel,SUCCESS,False
CBK0000813,TXN00008478,USR72576,MCH2072,user claims account was compromised before transaction.,2598.96,2026-03-03 00:00:00,2026-03-08 22:39:44,2026-04-05 00:00:00,CLOSED,CRITICAL,Duplicate Debit,App,5.0,True,False,False,16255.81,Transportation,SUCCESS,False
CBK0000244,TXN00005487,USR31599,MCH6810,User claims account was compromised before transaction.,5636.77,2026-02-26 00:00:00,2026-03-01 00:00:00,2026-03-08 00:00:00,CLOSED,HIGH,Duplicate Debit,Branch,3.0,True,True,False,5636.77,Department Store,SUCCESS,True
CBK0002653,TXN00000675,USR49080,MCH5147,Payment made to unknown merchant as per cust statement.,3743.54,2026-02-24 00:00:00,2026-02-25 18:22:00,2026-03-20 00:00:00,IN_PROGRESS,LOW,Service Not Delivered,IVR,1.0,True,False,True,10265.82,Book Store,SUCCESS,False
CBK0001966,TXN00005813,USR30602,MCH6570,Payment made to unknown merchant as per customer statement.,1708.0,2026-03-12 21:54:53,2026-03-15 02:54:53,2026-03-30 00:00:00,CLOSED,HIGH,Customer Dispute,Call Center,2.0,True,True,True,20523.02,Book Store,SUCCESS,False
CBK0000687,TXN00005195,USR53215,MCH8519,Customer complaint text unclear due to poor call center notes.,4251.73,2026-03-06 00:00:00,2026-03-07 00:00:00,,IN_PROGRESS,LOW,Customer Dispute,Call Center,1.0,True,False,False,5128.01,Transportation,SUCCESS,False
CBK0000836,TXN00003340,USR69581,MCH5218,customer complaint text unclear due to poor call center notes.,1823.47,2026-01-09 19:59:04,2026-01-25 00:00:00,2026-01-26 00:00:00,RESOLVED,MEDIUM,Suspected Fraud,Email,15.0,True,False,False,16356.78,Grocery,SUCCESS,False
CBK0001498,TXN00017926,USR98061,MCH5655,Customer complaint text unclear due to poor call center notes.,5338.83,2026-02-08 06:54:39,2026-02-10 02:54:00,2026-02-20 00:00:00,IN_PROGRESS,LOW,Customer Dispute,IVR,1.0,True,False,False,19552.04,Grocery,FAILED,False
CBK0000710,TXN00012306,USR86472,MCH2032,Customer says amount was debited twice.,1076.54,2026-02-08 00:00:00,2026-02-09 14:17:35,,PENDING_BANK,LOW,Service Not Delivered,IVR,1.0,True,True,True,6857.03,Transportation,SUCCESS,False
CBK0000444,TXN00014743,USR56564,MCH2369,Customer says transaction was not authorized.,1382.96,2026-02-22 00:00:00,2026-02-26 00:00:00,,PENDING_BANK,MEDIUM,Account Takeover,Chatbot,4.0,True,False,False,20149.58,Medical / Pharmacy,SUCCESS,False
CBK0002153,TXN00034179,USR47114,MCH8849,SUSPICIOUS HIGH-VALUE PAYMENT DISPUTED BY CUSTOMER.,3258.82,,2026-04-07 00:00:00,2026-04-15 05:48:00,PENDING_BANK,CRITICAL,Wrong Amount,Call Center,,False,False,False,,,,False
CBK0000839,TXN00014620,USR55888,MCH8779,Customer says amount was debited twice.,501.3,2026-03-20 00:00:00,2026-03-30 00:00:00,2026-04-14 00:00:00,RESOLVED,MEDIUM,Account Takeover,Chatbot,10.0,True,False,True,12323.79,Apparel,PENDING,False
CBK0002121,TXN00013687,USR26337,MCH2065,USER SAYS UPI PIN WAS NOT ENTERED BY THEM.,506.18,2026-02-04 00:00:00,2026-02-05 00:00:00,2026-02-22 00:00:00,OPEN,HIGH,Service Not Delivered,IVR,1.0,True,False,False,14334.84,,SUCCESS,False
CBK0002600,TXN00095920,USR42158,MCH8602,Merchant service was not delivered after payment.,45384.61,2026-02-06 12:50:00,2026-02-13 18:50:00,2026-02-21 18:50:00,CLOSED,HIGH,Unauthorized Transaction,Chatbot,7.0,False,False,True,,,,False
CBK0001527,TXN00044508,USR35882,MCH5076,Customer says transaction was not authorized. details missing,,2026-03-24 00:00:00,2026-04-01 00:00:00,,RESOLVED,HIGH,Account Takeover,App,8.0,False,False,False,,,,True
CBK0000399,TXN00003924,USR85504,MCH7005,Complaint received after multiple failed attempts.,2479.92,2026-01-08 00:00:00,,2026-01-16 00:00:00,RESOLVED,MEDIUM,Service Not Delivered,Email,,True,False,False,6655.55,Department Store,FAILED,False
CBK0000708,TXN00014452,USR24775,MCH2757,Suspicious high-value payment disputed by customer.,798.72,2026-02-17 00:00:00,2026-02-20 21:31:31,2026-03-15 00:00:00,REJECTED,LOW,Service Not Delivered,IVR,3.0,True,False,True,4244.97,Department Store,SUCCESS,False
CBK0000485,TXN00016648,USR27340,MCH3100,Complaint received after multiple failed attempts.,1142.0,2026-01-16 15:36:13,2026-01-19 00:00:00,2026-01-31 00:00:00,PENDING_BANK,MEDIUM,Customer Dispute,Call Center,2.0,True,False,False,8969.73,Hotel / Lodging,SUCCESS,False
CBK0001355,TXN00002926,USR49477,MCH5714,User reports money deducted but merchant denies receiving payment.,6014.84,2026-03-08 18:59:00,2026-03-19 00:00:00,,REJECTED,HIGH,Service Not Delivered,IVR,10.0,True,False,False,22549.49,Transportation,SUCCESS,False
CBK0002468,TXN00004673,USR45477,MCH4469,Payment made to unknown merchant as per customer statement.,3382.78,2026-03-14 23:12:19,2026-03-22 16:12:19,2026-04-13 00:00:00,CLOSED,LOW,Suspected Fraud,Email,7.0,True,False,True,18137.04,Apparel,SUCCESS,False
CBK0002672,TXN00014672,USR51854,MCH2993,Customer says transaction was not authorized.,1817.11,2026-02-20 00:00:00,2026-02-22 00:00:00,2026-03-08 09:32:00,OPEN,HIGH,Suspected Fraud,Email,2.0,True,False,True,21892.58,Medical / Pharmacy,SUCCESS,False
CBK0001013,TXN00096416,USR33841,MCH9291,User reports money deducted but merchant denies receiving payment.,5544.6,2026-01-17 07:44:00,2026-01-20 22:44:00,2026-02-14 00:00:00,PENDING_BANK,MEDIUM,Customer Dispute,Call Center,3.0,False,True,True,,,,False
CBK0002150,TXN00013524,USR74666,MCH8154,Customer says transaction was not authorized.,2142.84,2026-01-31 00:00:00,2026-02-07 00:00:00,2026-03-04 00:00:00,OPEN,LOW,Suspected Fraud,IVR,7.0,True,True,True,21436.8,Transportation,SUCCESS,False
CBK0001411,TXN00011455,USR24660,MCH3964,PAYMENT MADE TO UNKNOWN MERCHANT AS PER CUSTOMER STATEMENT.,3012.1,2026-02-02 22:05:00,2026-03-05 00:00:00,,OPEN,LOW,Suspected Fraud,Call Center,30.0,True,False,True,24649.0,Restaurant,SUCCESS,False
CBK0002646,TXN00007962,USR17493,MCH3415,user says upi pin was not entered by them.,875.42,2026-01-06 03:01:00,2026-02-05 00:00:00,2026-02-26 16:01:00,CLOSED,CRITICAL,Duplicate Debit,IVR,29.0,True,True,True,7880.18,Grocery,SUCCESS,False
CBK0001852,TXN00017893,USR27328,MCH3100,User claims account was compromised before transaction.,4556.84,2026-01-03 00:00:00,2026-01-04 08:34:57,2026-01-27 00:00:00,IN_PROGRESS,LOW,Duplicate Debit,IVR,1.0,True,True,False,23532.84,Department Store,FAILED,False
CBK0001453,TXN00012893,USR52532,MCH2931,Complaint received after multiple failed attempts. details missing,1558.33,2026-03-06 07:48:50,,2026-03-30 00:00:00,REJECTED,LOW,Wrong Amount,IVR,,True,False,False,4193.0,,FAILED,False
CBK0002693,,USR66470,MCH7690,customer complaint text unclear due to poor call center notes.,1231.18,2026-02-02 05:38:00,2026-02-17 00:00:00,2026-02-28 15:38:40,OPEN,MEDIUM,Account Takeover,Chatbot,14.0,False,True,False,,,,False
CBK0001695,TXN00007159,USR91996,MCH6645,Customer says transaction was not authorized. call dropped,1034.0,,2026-03-03 14:25:14,,PENDING_BANK,LOW,Suspected Fraud,App,,True,False,True,7867.71,Restaurant,PENDING,False
CBK0001743,TXN00005081,USR55177,MCH3198,User says UPI PIN was not entered by them. NA,782.28,2026-01-10 00:00:00,2026-01-21 00:00:00,,RESOLVED,LOW,Account Takeover,Chatbot,11.0,True,True,False,1881.65,Transportation,PENDING,False
CBK0002656,TXN00003111,USR97954,MCH1274,Customer says transaction was not authorized.,1858.78,2026-01-02 00:00:00,2026-01-04 00:00:00,2026-01-11 00:00:00,CLOSED,LOW,Account Takeover,App,2.0,True,True,False,15945.83,Grocery,SUCCESS,False
CBK0001196,TXN00016378,USR64980,MCH2065,Complaint received after multiple failed attempts.,403.8,2026-02-28 14:57:09,2026-03-02 21:57:09,,OPEN,HIGH,Suspected Fraud,Chatbot,2.0,True,False,False,12047.38,Hotel / Lodging,SUCCESS,False
CBK0000269,TXN00016915,USR75856,MCH1213,Payment made to unknown merchant as per customer statement.,886.36,2026-03-25 00:00:00,2026-03-28 00:00:00,2026-04-25 21:01:00,CLOSED,MEDIUM,Account Takeover,IVR,3.0,True,True,True,1027.09,Apparel,SUCCESS,False
CBK0000701,TXN00002775,USR31842,MCH7869,Merchant service was not delivered after payment.,6779.18,2026-01-25 00:00:00,2026-01-30 15:50:18,2026-02-21 00:00:00,PENDING_BANK,LOW,Service Not Delivered,Chatbot,5.0,True,True,False,13668.96,Telecom,FAILED,False
CBK0001127,TXN00017229,USR16037,MCH3572,Customer says amount was debited twice.,796.1,,2026-02-28 00:00:00,2026-03-06 00:00:00,IN_PROGRESS,MEDIUM,Service Not Delivered,Email,,True,False,True,13143.26,Grocery,SUCCESS,False
CBK0000665,TXN00012726,USR82229,MCH6230,Complaint received after multiple failed attempts.,360.49,2026-02-07 00:00:00,2026-02-10 01:03:00,,OPEN,LOW,Service Not Delivered,Branch,3.0,True,True,False,23155.46,Department Store,SUCCESS,False
CBK0000569,TXN00016196,USR24538,MCH2336,Suspicious high-value payment disputed by customer.,2141.56,2026-01-09 00:00:00,2026-01-10 00:00:00,2026-01-17 00:00:00,IN_PROGRESS,MEDIUM,Customer Dispute,Email,1.0,True,False,True,13438.54,,SUCCESS,False
CBK0000913,TXN00004115,USR85406,MCH2832,Merchant service was not delivered after payment.,1495.6,,2026-03-12 00:00:00,,REJECTED,MEDIUM,Service Not Delivered,IVR,,True,True,True,15026.79,Hotel / Lodging,SUCCESS,False
CBK0000380,TXN00000414,USR57745,MCH6126,user reports money deducted but merchant denies receiving payment.,806.29,2026-02-10 00:00:00,2026-02-13 00:00:00,2026-03-13 00:00:00,REJECTED,LOW,Account Takeover,Call Center,3.0,True,True,False,14340.21,Transportation,SUCCESS,False
CBK0002497,TXN00019914,USR48451,MCH6538,User claims account was compromised before transaction.,3065.07,2026-01-21 19:23:00,2026-01-22 00:00:00,2026-01-26 00:00:00,PENDING_BANK,MEDIUM,Service Not Delivered,IVR,0.0,True,False,False,9077.09,Grocery,SUCCESS,False
CBK0002799,TXN00003221,USR38263,MCH3031,Merchant service was not delivered after payment.,574.0,,2026-01-30 00:00:00,2026-02-17 00:00:00,RESOLVED,MEDIUM,Service Not Delivered,Email,,True,True,True,12878.18,Grocery,SUCCESS,False
CBK0000317,TXN00005496,USR91453,MCH1988,Complaint received after multiple failed attempts.,8351.08,2026-02-22 00:00:00,2026-03-25 00:00:00,2026-04-15 00:00:00,RESOLVED,MEDIUM,Service Not Delivered,IVR,31.0,True,True,False,8351.08,Misc Retail,SUCCESS,True
CBK0000582,TXN00006728,USR32162,MCH1074,Customer says transaction was not authorized.,1002.59,2026-02-14 00:00:00,2026-02-17 00:00:00,2026-02-22 00:00:00,PENDING_BANK,CRITICAL,Service Not Delivered,Email,3.0,True,False,False,2251.63,Restaurant,SUCCESS,False
CBK0002571,TXN00011546,USR24926,MCH2822,Complaint received after multiple failed attempts.,3305.27,2026-01-26 00:00:00,2026-02-03 00:00:00,2026-02-17 00:00:00,REJECTED,LOW,Duplicate Debit,IVR,8.0,True,True,False,10603.25,Transportation,SUCCESS,False
CBK0001943,TXN00000649,USR47711,MCH1196,user says upi pin was not entered by them.,1174.17,2026-03-13 00:00:00,2026-04-13 00:00:00,2026-05-11 02:50:07,IN_PROGRESS,MEDIUM,Service Not Delivered,IVR,31.0,True,True,False,19731.39,Misc Retail,SUCCESS,False
CBK0001177,TXN00004028,USR95524,MCH7017,Customer says amount was debited twice.,2255.0,2026-02-06 00:00:00,2026-02-09 00:00:00,2026-03-01 00:00:00,IN_PROGRESS,HIGH,Wrong Amount,IVR,3.0,True,False,True,3916.36,Department Store,SUCCESS,False
CBK0002055,TXN00004686,USR87013,MCH3011,USER CLAIMS ACCOUNT WAS COMPROMISED BEFORE TRANSACTION.,1634.47,2026-01-06 00:33:00,2026-01-07 00:00:00,2026-01-27 00:00:00,CLOSED,MEDIUM,Customer Dispute,Call Center,0.0,True,False,True,9834.11,Grocery,SUCCESS,False
CBK0000104,TXN00010908,USR70176,MCH5980,CUSTOMER SAYS TRANSACTION WAS NOT AUTHORIZED.,608.69,2026-02-19 00:00:00,2026-02-22 17:53:00,2026-03-09 00:00:00,REJECTED,LOW,Duplicate Debit,Branch,3.0,True,False,True,10368.88,Medical / Pharmacy,SUCCESS,False
CBK0002489,,USR88037,MCH4590,Suspicious high-value payment disputed by customer.,1315.92,2026-03-13 00:00:00,2026-03-09 00:00:00,2026-03-17 00:00:00,RESOLVED,MEDIUM,Duplicate Debit,Chatbot,,False,True,False,,,,False
CBK0000154,TXN00011689,USR92364,MCH2569,User reports money deducted but merchant denies receiving payment.,473.27,2026-03-07 00:00:00,2026-03-14 22:06:34,2026-03-23 00:00:00,REJECTED,LOW,Service Not Delivered,IVR,7.0,True,False,False,8227.84,Hotel / Lodging,SUCCESS,False
CBK0001635,TXN00008467,USR70836,MCH6914,Customer says amount was debited twice.,1016.94,2026-03-11 00:00:00,2026-03-14 10:21:00,2026-03-21 00:00:00,CLOSED,MEDIUM,Suspected Fraud,Call Center,3.0,True,False,False,10925.06,Restaurant,SUCCESS,False
CBK0002756,TXN00003850,USR52907,MCH1919,Suspicious high-value payment disputed by customer.,5978.59,2026-03-06 00:00:00,2026-04-20 18:06:08,2026-05-12 18:06:08,REJECTED,LOW,Duplicate Debit,IVR,45.0,True,False,False,1720.58,Misc Retail,SUCCESS,False
CBK0000892,TXN00019345,USR99727,MCH8400,Merchant service was not delivered after payment.,393.4,2026-03-06 01:42:03,2026-03-06 00:00:00,,PENDING_BANK,MEDIUM,Account Takeover,Branch,,True,False,True,4784.0,Grocery,SUCCESS,False
CBK0000445,TXN00013230,USR28772,MCH3727,customer complaint text unclear due to poor call center notes.,1323.41,2026-01-18 00:00:00,2026-01-22 00:00:00,,IN_PROGRESS,LOW,Service Not Delivered,Chatbot,4.0,True,True,False,6769.02,Transportation,SUCCESS,False
CBK0000845,TXN00009880,USR90298,MCH5574,User says UPI PIN was not entered by them.,731.59,2026-01-25 22:25:35,2026-01-28 00:00:00,2026-02-11 19:25:35,CLOSED,CRITICAL,Suspected Fraud,IVR,2.0,True,False,False,13874.62,Restaurant,SUCCESS,False
CBK0001262,TXN00010454,USR21439,MCH7751,Customer complaint text unclear due to poor call center notes.,470.39,2026-03-15 00:00:00,2026-03-30 22:30:00,2026-04-11 22:30:00,RESOLVED,LOW,Unauthorized Transaction,Call Center,15.0,True,False,True,22573.5,Grocery,PENDING,False
CBK0000862,TXN00002240,USR25056,MCH6810,User claims account was compromised before transaction.,401.02,2026-03-23 00:00:00,2026-03-26 00:00:00,2026-04-21 10:54:00,CLOSED,MEDIUM,Wrong Amount,Call Center,3.0,True,False,False,5995.36,,SUCCESS,False
CBK0000981,TXN00009791,USR68023,MCH2433,Payment made to unknown merchant as per customer statement.,807.97,2026-01-11 00:00:00,2026-01-14 00:00:00,2026-01-22 00:00:00,CLOSED,LOW,Duplicate Debit,IVR,3.0,True,False,False,6328.85,Restaurant,FAILED,False
CBK0001975,TXN00019834,USR32424,MCH5954,Customer says amount was debited twice.,41457.94,2026-01-11 00:00:00,2026-01-14 00:00:00,2026-02-06 00:00:00,RESOLVED,LOW,Suspected Fraud,Branch,3.0,True,False,True,24285.19,Department Store,SUCCESS,False
CBK0001523,TXN00010463,USR76129,MCH3006,Customer says amount was debited twice.,24351.04,2026-01-15 00:00:00,2026-01-23 03:12:56,,IN_PROGRESS,MEDIUM,Service Not Delivered,Call Center,8.0,True,False,True,24351.04,Grocery,SUCCESS,True
CBK0000671,TXN00004668,USR54740,MCH4646,Customer says amount was debited twice.,20972.96,,2026-03-18 13:09:02,2026-03-22 00:00:00,CLOSED,MEDIUM,Customer Dispute,IVR,,True,False,False,20972.96,Restaurant,SUCCESS,True
CBK0001669,TXN00017590,USR41522,MCH4473,Complaint received after multiple failed attempts.,740.63,2026-01-27 08:27:52,2026-01-29 00:00:00,2026-02-27 00:00:00,IN_PROGRESS,MEDIUM,Duplicate Debit,Call Center,1.0,True,False,False,16040.77,Transportation,SUCCESS,False
CBK0001823,,USR32406,MCH8595,Customer complaint text unclear due to poor call center notes.,3940.26,2026-02-13 04:08:53,2026-02-16 21:08:53,2026-03-10 00:00:00,PENDING_BANK,LOW,Wrong Amount,Email,3.0,False,True,False,,,,False
CBK0001608,TXN00019683,USR20968,MCH4899,USER REPORTS MONEY DEDUCTED BUT MERCHANT DENIES RECEIVING PAYMENT.,363.03,2026-02-14 00:00:00,2026-03-02 15:14:00,2026-03-11 00:00:00,IN_PROGRESS,MEDIUM,Customer Dispute,Email,16.0,True,True,False,15415.0,Grocery,SUCCESS,False
CBK0000198,TXN00019042,USR16744,MCH8391,User says UPI PIN was not entered by them.,1241.09,2026-02-22 00:00:00,2026-03-25 15:25:13,2026-04-24 15:25:13,CLOSED,MEDIUM,Suspected Fraud,IVR,31.0,True,False,True,8264.89,Book Store,PENDING,False
CBK0000573,TXN00005006,USR65253,MCH5655,Suspicious high-value payment disputed by customer.,216.3,2026-01-04 00:00:00,2026-01-07 00:00:00,2026-01-22 00:00:00,PENDING_BANK,LOW,Suspected Fraud,Chatbot,3.0,True,False,False,2212.0,Hotel / Lodging,SUCCESS,False
CBK0000621,TXN00059284,USR96201,MCH6056,Customer says transaction was not authorized.,1857.0,2026-01-12 09:54:00,2026-01-15 00:00:00,,REJECTED,MEDIUM,Suspected Fraud,Branch,2.0,False,False,True,,,,False
CBK0002266,TXN00009068,USR70505,MCH8037,complaint received after multiple failed attempts.,1500.0,2026-03-25 00:00:00,2026-03-20 00:00:00,2026-03-31 00:00:00,RESOLVED,HIGH,Unauthorized Transaction,IVR,,True,False,True,12630.65,Grocery,FAILED,False
CBK0000786,TXN00000679,USR22762,MCH2342,payment made to unknown merchant as per customer statement.,4474.08,2026-03-14 00:00:00,2026-03-15 07:28:00,2026-04-02 00:00:00,OPEN,HIGH,Unauthorized Transaction,IVR,1.0,True,False,False,24237.07,Grocery,SUCCESS,False
CBK0002074,TXN00000823,USR21224,MCH2266,CUSTOMER SAYS AMOUNT WAS DEBITED TWICE.,4418.82,2026-03-15 05:37:00,2026-03-17 04:37:11,,OPEN,MEDIUM,Customer Dispute,App,1.0,True,False,True,8344.14,Grocery,FAILED,False
CBK0000463,TXN00017663,USR67399,MCH7286,Customer says amount was debited twice.,8257.96,2026-01-11 00:00:00,2026-01-17 00:24:23,2026-02-03 00:00:00,IN_PROGRESS,HIGH,Service Not Delivered,IVR,6.0,True,False,False,24332.94,Grocery,SUCCESS,False
CBK0001768,,USR27328,MCH9291,Suspicious high-value payment disputed by customer.,7478.21,2026-01-03 00:00:00,2026-01-09 00:00:00,,RESOLVED,MEDIUM,Wrong Amount,IVR,6.0,False,True,True,,,,False
CBK0002458,TXN00016001,USR25348,MCH7859,Payment made to unknown merchant as per customer statement.,992.78,2026-02-15 15:36:38,2026-02-20 00:00:00,2026-03-06 15:36:38,RESOLVED,MEDIUM,Account Takeover,Chatbot,4.0,True,False,False,120.0,Department Store,FAILED,False
CBK0002584,TXN00014405,USR78603,MCH8391,Customer says amount was debited twice.,6441.32,2026-01-17 00:00:00,,2026-02-03 03:04:42,CLOSED,LOW,Customer Dispute,IVR,,True,True,True,13243.78,Grocery,SUCCESS,False
CBK0000885,TXN00005367,USR25239,MCH2903,Complaint received after multiple failed attempts.,734.0,,2026-01-29 00:00:00,,RESOLVED,LOW,Customer Dispute,IVR,,True,True,True,15287.43,,PENDING,False
CBK0000395,TXN00019343,USR25559,MCH6850,Customer says amount was debited twice.,4178.65,2026-02-14 00:00:00,2026-02-17 08:20:00,,PENDING_BANK,CRITICAL,Duplicate Debit,Call Center,3.0,True,False,False,20034.79,Hotel / Lodging,SUCCESS,False
CBK0002791,TXN00015597,USR82439,MCH6037,complaint received after multiple failed attempts.,5141.83,2026-01-19 00:00:00,2026-01-24 00:00:00,2026-02-20 00:00:00,CLOSED,LOW,Account Takeover,Call Center,5.0,True,True,False,3246.87,Hotel / Lodging,SUCCESS,False
CBK0002669,TXN00019872,USR24991,MCH4473,User says UPI PIN was not entered by them.,2597.87,2026-02-28 00:00:00,2026-03-10 00:00:00,2026-03-27 12:32:00,IN_PROGRESS,MEDIUM,Wrong Amount,Chatbot,10.0,True,True,False,2068.72,Medical / Pharmacy,SUCCESS,False
CBK0001044,TXN00017041,USR46644,MCH2822,PAYMENT MADE TO UNKNOWN MERCHANT AS PER CUSTOMER STATEMENT.,768.89,2026-03-16 00:00:00,2026-03-17 00:00:00,,IN_PROGRESS,HIGH,Account Takeover,Chatbot,1.0,True,False,False,12749.14,Transportation,SUCCESS,False
CBK0000014,TXN00006433,USR59260,MCH7254,User says UPI PIN was not entered by them.,468.43,2026-03-17 00:00:00,2026-03-24 00:00:00,2026-03-30 00:00:00,RESOLVED,HIGH,Suspected Fraud,Branch,7.0,True,False,False,22042.07,Grocery,SUCCESS,False
CBK0000546,TXN00015015,USR64208,MCH3613,User reports money deducted but merchant denies receiving payment.,1247.41,2026-03-19 10:37:17,2026-03-21 07:37:17,2026-04-12 07:37:17,CLOSED,MEDIUM,Suspected Fraud,Chatbot,1.0,True,False,True,21684.96,Telecom,SUCCESS,False
CBK0000365,TXN00050079,USR19852,MCH7962,Customer complaint text unclear due to poor call center notes.,2659.07,2026-01-09 00:00:00,2026-01-10 21:54:00,2026-01-26 00:00:00,IN_PROGRESS,LOW,Suspected Fraud,IVR,1.0,False,False,False,,,,False
CBK0000052,TXN00002289,USR12120,MCH6097,Customer complaint text unclear due to poor call center notes.,397.0,2026-02-03 19:27:00,2026-02-06 16:27:24,,CLOSED,LOW,Duplicate Debit,Branch,2.0,True,True,True,12056.21,Book Store,FAILED,False
CBK0002106,TXN00000751,USR78076,MCH4328,Complaint received after multiple failed attempts.,3107.33,2026-02-04 00:00:00,2026-02-06 00:00:00,,PENDING_BANK,MEDIUM,Unauthorized Transaction,App,2.0,True,False,False,2931.28,Telecom,FAILED,False
CBK0001518,TXN00015930,USR24159,MCH7364,User says UPI PIN was not entered by them.,8611.05,2026-02-10 00:00:00,2026-02-11 00:00:00,,RESOLVED,LOW,Service Not Delivered,App,1.0,True,False,True,9209.66,Department Store,SUCCESS,False
CBK0001873,TXN00015156,USR14556,MCH4153,Customer complaint text unclear due to poor call center notes.,743.67,2026-03-30 00:00:00,2026-04-10 00:00:00,,OPEN,LOW,Service Not Delivered,Chatbot,11.0,True,False,True,17017.07,Grocery,FAILED,False
CBK0002145,TXN00013507,USR12300,MCH1320,user reports money deducted but merchant denies receiving payment.,384.66,2026-01-03 15:18:11,2026-01-08 00:00:00,2026-01-31 00:00:00,PENDING_BANK,MEDIUM,Wrong Amount,IVR,4.0,True,False,True,13798.25,Restaurant,SUCCESS,False
CBK0000346,TXN00019000,USR70482,MCH9834,Complaint received after multiple failed attempts.,595.88,2026-01-07 00:00:00,,2026-03-01 10:53:00,REJECTED,LOW,Service Not Delivered,IVR,,True,False,True,20074.0,Hotel / Lodging,SUCCESS,False
CBK0000518,TXN00019651,USR43011,MCH8391,USER SAYS UPI PIN WAS NOT ENTERED BY THEM.,7485.82,2026-02-17 08:25:20,2026-02-13 00:00:00,2026-03-07 00:00:00,REJECTED,HIGH,Suspected Fraud,IVR,,True,False,True,7435.76,Grocery,FAILED,False
CBK0001990,TXN00013175,USR40088,MCH2076,User says UPI PIN was not entered by them.,917.0,2026-03-29 13:19:19,2026-04-13 15:19:00,,IN_PROGRESS,HIGH,Account Takeover,Email,15.0,True,True,True,5492.01,Hotel / Lodging,SUCCESS,False
CBK0000392,TXN00012439,USR38698,MCH3682,Suspicious high-value payment disputed by customer.,1778.59,2026-02-09 00:00:00,2026-02-11 00:00:00,,REJECTED,MEDIUM,Service Not Delivered,IVR,2.0,True,False,True,4545.63,Department Store,PENDING,False
CBK0001163,TXN00015098,USR22550,MCH3992,User reports money deducted but merchant denies receiving payment.,862.23,2026-01-03 07:07:35,2026-01-06 00:00:00,2026-01-28 08:07:35,PENDING_BANK,LOW,Wrong Amount,Email,2.0,True,True,False,13980.94,Grocery,SUCCESS,False
CBK0000271,TXN00002677,USR94094,MCH6810,Payment made to unknown merchant as per customer statement.,12852.7,2026-01-07 08:03:00,,2026-01-30 00:00:00,PENDING_BANK,MEDIUM,Customer Dispute,Email,,True,False,False,9200.97,Restaurant,SUCCESS,False
CBK0001550,TXN00019667,USR69706,MCH1489,Complaint received after multiple failed attempts.,11916.0,2026-03-16 00:00:00,2026-03-17 23:14:00,2026-03-30 00:00:00,IN_PROGRESS,MEDIUM,Customer Dispute,Chatbot,1.0,True,True,False,11916.0,Apparel,SUCCESS,True
CBK0001538,TXN00007658,USR99769,MCH5655,Payment made to unknown merchant as per customer statement.,2100.66,,2026-03-12 00:00:00,2026-03-14 00:00:00,PENDING_BANK,MEDIUM,Customer Dispute,App,,True,False,False,16737.94,,SUCCESS,False
CBK0002298,TXN00017266,USR66122,MCH2822,User says UPI PIN was not entered by them.,260.19,2026-01-20 01:05:38,2026-01-30 00:00:00,,PENDING_BANK,HIGH,Suspected Fraud,App,9.0,True,True,False,4438.79,Book Store,SUCCESS,False
CBK0001034,TXN00017915,USR65211,MCH7357,Customer complaint text unclear due to poor call center notes. urgent,1532.42,2026-02-02 00:00:00,2026-02-08 00:00:00,2026-03-07 06:28:19,REJECTED,MEDIUM,Service Not Delivered,IVR,6.0,True,False,True,2668.04,Transportation,SUCCESS,False
CBK0001526,TXN00000871,USR45479,MCH8259,customer says transaction was not authorized.,589.34,2026-01-04 07:14:00,2026-01-11 00:00:00,,RESOLVED,CRITICAL,Customer Dispute,Email,6.0,True,True,True,9339.0,Hotel / Lodging,SUCCESS,False
CBK0002297,TXN00013147,USR10842,MCH2327,Complaint received after multiple failed attempts.,4819.26,2026-03-29 08:55:00,2026-04-02 00:00:00,,IN_PROGRESS,LOW,Account Takeover,Call Center,3.0,True,False,True,23608.86,Grocery,SUCCESS,False
CBK0001810,TXN00004960,USR99526,MCH3990,User says UPI PIN was not entered by them.,1327.87,2026-03-28 00:00:00,2026-04-27 22:27:53,2026-05-02 00:00:00,CLOSED,LOW,Service Not Delivered,App,30.0,True,False,True,18736.74,Department Store,SUCCESS,False
CBK0000684,TXN00017791,USR21714,MCH2319,user claims account was compromised before transaction.,2658.78,2026-02-12 00:00:00,2026-02-20 00:00:00,2026-03-07 00:00:00,PENDING_BANK,MEDIUM,Unauthorized Transaction,Email,8.0,True,True,False,22457.0,Grocery,SUCCESS,False
CBK0002500,TXN00001461,USR25808,MCH6058,Merchant service was not delivered after payment. details missing,740.03,2026-03-13 00:00:00,,2026-03-16 00:00:00,PENDING_BANK,MEDIUM,Wrong Amount,Chatbot,,True,True,True,9852.67,Grocery,SUCCESS,False
CBK0000962,,USR21384,MCH8160,Customer says amount was debited twice. pls check asap,6282.15,2026-03-09 00:00:00,2026-03-12 00:00:00,2026-03-25 00:00:00,CLOSED,MEDIUM,Service Not Delivered,Chatbot,3.0,False,False,True,,,,False
CBK0001781,TXN00007749,USR87914,MCH9316,User reports money deducted but merchant denies receiving payment.,1287.86,2026-03-31 00:00:00,2026-04-07 00:00:00,,IN_PROGRESS,HIGH,Duplicate Debit,Email,7.0,True,False,True,7572.98,Grocery,FAILED,False
CBK0001231,TXN00001392,USR68023,MCH4246,Merchant service was not delivered after payment.,508.21,2026-01-14 05:07:55,2026-01-16 18:07:55,2026-02-04 00:00:00,IN_PROGRESS,MEDIUM,Service Not Delivered,App,2.0,True,False,True,1846.68,Misc Retail,SUCCESS,False
CBK0001832,TXN00095203,USR76886,MCH4590,Complaint received after multiple failed attempts.,3668.05,2026-02-10 00:00:00,2026-02-13 00:00:00,2026-03-02 06:18:49,OPEN,HIGH,Duplicate Debit,IVR,3.0,False,True,False,,,,False
CBK0001393,TXN00004549,USR66391,MCH2802,Customer complaint text unclear due to poor call center notes.,1639.85,2026-03-10 00:00:00,2026-03-16 00:00:00,2026-04-02 00:00:00,OPEN,HIGH,Wrong Amount,Chatbot,6.0,True,False,False,16725.22,Medical / Pharmacy,FAILED,False
CBK0001633,,USR69513,MCH6502,Payment made to unknown merchant as per customer statement.,2553.0,,2026-02-18 00:00:00,2026-02-27 00:00:00,PENDING_BANK,HIGH,Service Not Delivered,App,,False,False,True,,,,False
CBK0000555,TXN00010709,USR61652,MCH3388,customer complaint text unclear due to poor call center notes.,372.66,2026-03-01 00:00:00,2026-03-04 00:00:00,2026-03-21 00:00:00,CLOSED,MEDIUM,Service Not Delivered,Call Center,3.0,True,False,True,16558.03,Transportation,SUCCESS,False
CBK0002452,TXN00016739,USR87040,MCH8521,User reports money deducted but merchant denies receiving payment.,10606.78,2026-01-31 00:00:00,2026-02-06 14:44:00,2026-02-15 14:44:00,PENDING_BANK,LOW,Suspected Fraud,Call Center,6.0,True,False,True,20827.91,Transportation,PENDING,False
CBK0002410,TXN00010646,USR89422,MCH7235,Customer complaint text unclear due to poor call center notes.,12234.17,2026-02-06 00:00:00,2026-02-11 00:00:00,2026-02-11 00:00:00,IN_PROGRESS,LOW,Service Not Delivered,Chatbot,5.0,True,False,False,1863.0,Transportation,SUCCESS,False
CBK0001429,TXN00002466,USR67833,MCH9464,User says UPI PIN was not entered by them.,3099.92,2026-03-31 00:00:00,2026-04-03 00:00:00,2026-04-22 00:00:00,RESOLVED,CRITICAL,Unauthorized Transaction,Branch,3.0,True,False,False,5040.79,Hotel / Lodging,SUCCESS,False
CBK0001612,TXN00014722,USR65193,MCH2065,Complaint received after multiple failed attempts.,336.91,2026-01-19 00:00:00,2026-01-22 11:17:44,2026-02-04 11:17:44,IN_PROGRESS,MEDIUM,Suspected Fraud,Chatbot,3.0,True,True,False,2401.2,Restaurant,SUCCESS,False
CBK0001102,TXN00011957,USR73976,MCH5980,Customer says amount was debited twice.,3402.48,2026-03-24 00:49:47,2026-03-25 15:49:00,,OPEN,LOW,Account Takeover,IVR,1.0,True,False,True,16964.8,Medical / Pharmacy,SUCCESS,False
CBK0001642,TXN00010479,USR22574,MCH9738,Customer says transaction was not authorized.,3691.3,2026-01-16 00:00:00,2026-01-18 02:57:54,2026-02-17 02:57:54,CLOSED,MEDIUM,Unauthorized Transaction,Email,2.0,True,False,True,12186.37,Grocery,SUCCESS,False
CBK0002208,TXN00006710,USR27567,MCH1708,Customer says transaction was not authorized.,12811.39,2026-03-03 00:00:00,,2026-03-23 12:32:00,REJECTED,HIGH,Duplicate Debit,IVR,,True,False,False,22582.81,Restaurant,SUCCESS,False
CBK0002081,TXN00007014,USR43464,MCH9155,User reports money deducted but merchant denies receiving payment.,1748.13,2026-01-12 00:00:00,2026-01-14 11:53:14,2026-01-17 00:00:00,IN_PROGRESS,LOW,Customer Dispute,IVR,2.0,True,True,False,4796.12,Medical / Pharmacy,SUCCESS,False
CBK0002643,TXN00011560,USR74311,MCH9291,Complaint received after multiple failed attempts.,2932.55,2026-01-06 16:33:45,2026-01-22 11:33:45,2026-02-05 00:00:00,REJECTED,HIGH,Service Not Delivered,Chatbot,15.0,True,True,True,21216.21,Transportation,SUCCESS,False
CBK0001100,TXN00058495,USR57427,MCH5101,Merchant service was not delivered after payment.,543.72,2026-03-19 00:00:00,2026-04-04 00:00:00,,REJECTED,HIGH,Duplicate Debit,Chatbot,16.0,False,True,False,,,,False
CBK0000016,TXN00013636,USR71660,MCH4806,payment made to unknown merchant as per customer statement.,8898.0,2026-03-19 18:06:00,2026-03-22 07:06:10,2026-03-24 00:00:00,RESOLVED,MEDIUM,Customer Dispute,Branch,2.0,True,True,False,21199.62,Hotel / Lodging,SUCCESS,False
CBK0002228,TXN00018314,USR71704,MCH3815,Merchant service was not delivered after payment.,1635.13,2026-03-20 17:55:00,2026-03-21 12:55:00,2026-04-07 00:00:00,PENDING_BANK,MEDIUM,Service Not Delivered,Branch,0.0,True,False,False,5344.1,Apparel,SUCCESS,False
CBK0001211,,USR53527,MCH4848,Complaint received after multiple failed attempts.,988.08,2026-03-27 00:00:00,2026-03-29 12:22:56,2026-04-11 00:00:00,OPEN,HIGH,Suspected Fraud,App,2.0,False,False,True,,,,False
CBK0001447,TXN00015239,USR59920,MCH4650,User says UPI PIN was not entered by them.,10770.37,2026-02-17 00:00:00,2026-02-19 00:00:00,2026-02-19 00:00:00,IN_PROGRESS,LOW,Duplicate Debit,Branch,2.0,True,True,False,10972.08,Apparel,SUCCESS,False
CBK0001476,TXN00009355,USR74753,MCH9250,User reports money deducted but merchant denies receiving payment.,2786.42,,2026-01-17 07:44:00,2026-01-18 00:00:00,RESOLVED,MEDIUM,Wrong Amount,IVR,,True,True,False,1965.27,Hotel / Lodging,SUCCESS,False
CBK0002292,TXN00014118,USR56014,MCH1692,Merchant service was not delivered after payment.,3230.0,2026-01-06 00:00:00,2026-01-07 00:00:00,2026-01-29 00:00:00,REJECTED,MEDIUM,Wrong Amount,Chatbot,1.0,True,False,False,1592.35,Hotel / Lodging,SUCCESS,False
CBK0001345,TXN00016061,USR71319,MCH7074,USER SAYS UPI PIN WAS NOT ENTERED BY THEM.,3106.54,2026-01-02 00:00:00,2026-01-05 00:00:00,2026-01-24 00:00:00,REJECTED,MEDIUM,Service Not Delivered,IVR,3.0,True,False,True,9071.8,Telecom,SUCCESS,False
CBK0001200,TXN00008369,USR34652,MCH1854,Payment made to unknown merchant as per cust statement.,690.97,2026-03-09 13:02:31,2026-03-10 00:00:00,2026-03-13 00:00:00,OPEN,MEDIUM,Suspected Fraud,Call Center,0.0,True,False,True,15462.47,Apparel,SUCCESS,False
CBK0000280,TXN00006257,USR14813,MCH5918,User says UPI PIN was not entered by them.,350.52,,2026-01-05 00:00:00,2026-01-30 01:29:00,CLOSED,MEDIUM,Service Not Delivered,Email,,True,True,True,15493.37,Department Store,PENDING,False
CBK0001354,TXN00014155,USR29864,MCH9709,Customer says amount was debited twice.,2193.93,2026-02-01 00:00:00,2026-02-06 00:00:00,2026-02-19 00:00:00,RESOLVED,MEDIUM,Duplicate Debit,Email,5.0,True,True,False,18917.5,Restaurant,SUCCESS,False
CBK0001015,TXN00016813,USR32994,MCH3718,User reports money deducted but merchant denies receiving payment.,9012.82,2026-03-06 17:47:01,,,OPEN,HIGH,Duplicate Debit,Branch,,True,False,True,22647.46,Grocery,SUCCESS,False
CBK0002601,TXN00008048,USR47942,MCH3036,Payment made to unknown merchant as per customer statement.,7477.0,2026-02-07 03:19:43,2026-02-10 00:00:00,2026-03-04 00:00:00,IN_PROGRESS,HIGH,Suspected Fraud,IVR,2.0,True,False,False,789.06,Telecom,SUCCESS,False
CBK0001159,TXN00004247,USR78862,MCH9098,Merchant service was not delivered after payment. NA,1908.75,2026-01-30 00:00:00,,,IN_PROGRESS,MEDIUM,Service Not Delivered,Chatbot,,True,False,True,6279.47,,SUCCESS,False
CBK0000535,TXN00013922,USR57069,MCH3346,Customer complaint text unclear due to poor call center notes.,1204.8,2026-02-27 00:00:00,2026-03-04 00:00:00,2026-03-12 22:10:12,IN_PROGRESS,MEDIUM,Account Takeover,App,5.0,True,True,False,1204.8,Grocery,SUCCESS,True
CBK0000581,TXN00007551,USR73632,MCH8435,merchant service was not delivered after payment.,1887.02,2026-01-11 00:00:00,2026-01-14 00:00:00,2026-01-28 00:00:00,RESOLVED,MEDIUM,Duplicate Debit,Chatbot,3.0,True,False,True,23642.38,Transportation,SUCCESS,False
CBK0002148,TXN00006250,USR11419,MCH4680,Payment made to unknown merchant as per customer statement.,836.39,2026-01-28 00:26:31,2026-01-29 00:00:00,2026-02-26 00:00:00,IN_PROGRESS,LOW,Customer Dispute,Chatbot,0.0,True,False,False,2162.53,Medical / Pharmacy,SUCCESS,False
CBK0001882,TXN00001309,USR58639,MCH2755,suspicious high-value payment disputed by customer.,8492.86,2026-01-27 00:00:00,2026-01-29 03:01:00,,PENDING_BANK,HIGH,Account Takeover,Email,2.0,True,False,True,8492.86,Grocery,FAILED,True
CBK0000659,TXN00017737,USR53527,MCH3861,Payment made to unknown merchant as per customer statement.,1419.1,2026-02-11 00:00:00,2026-02-16 00:00:00,2026-02-28 23:40:00,CLOSED,CRITICAL,Customer Dispute,Chatbot,5.0,True,False,False,16989.39,Telecom,SUCCESS,False
CBK0001128,TXN00007988,USR69706,MCH2973,Merchant service was not delivered after payment.,1309.6,2026-01-11 00:00:00,2026-01-17 00:00:00,,RESOLVED,LOW,Unauthorized Transaction,IVR,6.0,True,True,True,11337.01,Medical / Pharmacy,SUCCESS,False
CBK0001019,TXN00010667,USR25121,MCH5175,Complaint received after multiple failed attempts.,276.61,2026-03-01 00:00:00,2026-03-02 09:12:00,2026-03-16 09:12:00,OPEN,LOW,Customer Dispute,Email,1.0,True,False,False,94.66,Medical / Pharmacy,SUCCESS,False
CBK0002025,TXN00011048,USR73065,MCH3751,Suspicious high-value payment disputed by customer.,946.11,2026-02-09 00:00:00,2026-02-11 00:00:00,2026-03-11 00:00:00,CLOSED,LOW,Customer Dispute,App,2.0,True,True,False,9666.52,Medical / Pharmacy,SUCCESS,False
CBK0000548,TXN00010219,USR53771,MCH4421,customer says transaction was not authorized.,9344.29,2026-03-03 00:00:00,2026-03-06 00:00:00,2026-03-23 00:00:00,IN_PROGRESS,HIGH,Unauthorized Transaction,Chatbot,3.0,True,False,True,13551.59,Medical / Pharmacy,SUCCESS,False
CBK0001720,TXN00009955,USR71375,MCH7982,user claims account was compromised before transaction.,2132.38,2026-03-04 05:18:00,2026-03-11 00:00:00,,PENDING_BANK,MEDIUM,Service Not Delivered,Chatbot,6.0,True,False,True,4163.35,Transportation,SUCCESS,False
CBK0002283,TXN00010523,USR84010,MCH6886,Customer complaint text unclear due to poor call center notes.,907.87,2026-02-22 02:27:40,2026-02-25 00:00:00,,IN_PROGRESS,HIGH,Wrong Amount,App,2.0,True,False,False,21840.25,Grocery,SUCCESS,False
CBK0000008,TXN00010497,USR15241,MCH2822,Merchant service was not delivered after payment.,1549.8,2026-02-10 00:00:00,2026-02-15 00:00:00,2026-02-16 00:00:00,PENDING_BANK,MEDIUM,Account Takeover,Chatbot,5.0,True,False,False,13220.46,Medical / Pharmacy,SUCCESS,False
CBK0000850,TXN00013581,USR49649,MCH8251,Payment made to unknown merchant as per customer statement.,162.44,2026-01-09 00:00:00,2026-01-09 22:29:08,2026-01-24 22:29:00,CLOSED,LOW,Suspected Fraud,Chatbot,0.0,True,False,False,3852.09,Transportation,SUCCESS,False
CBK0002122,TXN00015416,USR51198,MCH5655,Merchant service was not delivered after payment.,4100.6,2026-02-07 00:00:00,2026-02-09 00:00:00,,REJECTED,LOW,Wrong Amount,Email,2.0,True,False,False,18826.19,Transportation,SUCCESS,False
CBK0002649,TXN00007227,USR18102,MCH8436,Payment made to unknown merchant as per customer statement.,3120.43,2026-03-03 00:00:00,2026-03-06 08:40:00,2026-03-15 00:00:00,REJECTED,MEDIUM,Service Not Delivered,Email,3.0,True,True,True,21484.53,Transportation,SUCCESS,False
CBK0002301,TXN00016200,USR35882,MCH8547,Suspicious high-value payment disputed by customer.,1071.38,2026-01-20 15:12:31,2026-01-22 03:12:00,2026-02-07 00:00:00,CLOSED,HIGH,Service Not Delivered,Email,1.0,True,False,False,19118.59,Apparel,SUCCESS,False
CBK0001793,TXN00004370,USR75457,MCH8779,user claims account was compromised before transaction.,733.59,2026-01-24 00:00:00,2026-01-30 00:00:00,2026-02-16 00:00:00,PENDING_BANK,MEDIUM,Unauthorized Transaction,IVR,6.0,True,False,True,4619.63,Grocery,SUCCESS,False
CBK0002022,TXN00011522,USR85266,MCH4641,User claims account was compromised before transaction.,1768.79,,,2026-05-01 00:00:00,PENDING_BANK,HIGH,Service Not Delivered,App,,True,False,True,456.78,Restaurant,SUCCESS,False
CBK0001053,TXN00012989,USR53359,MCH4181,Customer says transaction was not authorized.,2439.31,2026-02-22 00:00:00,2026-02-28 09:07:48,2026-03-21 00:00:00,IN_PROGRESS,LOW,Customer Dispute,Branch,6.0,True,False,False,11608.74,Grocery,SUCCESS,False
CBK0000766,TXN00012205,USR25990,MCH4590,Customer complaint text unclear due to poor call center notes.,2093.79,2026-01-08 15:49:00,,2026-02-09 00:00:00,PENDING_BANK,MEDIUM,Service Not Delivered,Branch,,True,False,False,1718.11,Medical / Pharmacy,SUCCESS,False
CBK0002308,TXN00006966,USR87795,MCH4912,Customer says transaction was not authorized.,645.29,2026-02-11 00:00:00,2026-02-12 20:09:09,2026-02-17 00:00:00,IN_PROGRESS,MEDIUM,Service Not Delivered,Email,1.0,True,False,True,3170.0,Transportation,SUCCESS,False
CBK0001472,TXN00015404,USR62254,MCH1722,user says upi pin was not entered by them.,1356.41,2026-03-29 00:00:00,2026-03-30 00:00:00,2026-03-31 17:46:38,OPEN,LOW,Customer Dispute,App,1.0,True,True,True,4902.42,Book Store,SUCCESS,False
CBK0001737,TXN00035157,USR51742,MCH3992,Customer says transaction was not authorized.,4673.28,2026-01-22 00:00:00,,,CLOSED,CRITICAL,Account Takeover,App,,False,False,False,,,,False
CBK0000416,TXN00011455,USR31649,MCH3367,User claims account was compromised before transaction.,5856.29,2026-03-15 00:00:00,2026-03-17 00:00:00,2026-03-19 00:00:00,RESOLVED,MEDIUM,Suspected Fraud,Branch,2.0,True,False,False,24649.0,Restaurant,SUCCESS,False
CBK0001659,TXN00013503,USR75281,MCH8953,Customer says transaction was not authorized.,2276.34,2026-03-29 00:00:00,2026-04-01 23:21:32,,REJECTED,MEDIUM,Service Not Delivered,Call Center,3.0,True,False,True,4113.78,Department Store,SUCCESS,False
CBK0001784,TXN00013078,USR21865,MCH5686,Complaint received after multiple failed attempts.,26923.0,,2026-03-11 16:33:33,2026-03-25 00:00:00,IN_PROGRESS,HIGH,Customer Dispute,Call Center,,True,False,False,16342.48,Medical / Pharmacy,SUCCESS,False
CBK0001450,TXN00009783,USR83126,MCH9291,User says UPI PIN was not entered by them.,2123.46,2026-01-24 22:52:00,2026-01-30 00:00:00,2026-02-15 00:00:00,CLOSED,MEDIUM,Duplicate Debit,Chatbot,5.0,True,True,True,17394.06,Misc Retail,SUCCESS,False
CBK0002715,TXN00004748,USR44569,MCH3100,Payment made to unknown merchant as per cust statement.,3976.68,2026-02-09 00:00:00,2026-02-09 00:00:00,2026-02-25 00:00:00,CLOSED,LOW,Service Not Delivered,Email,0.0,True,False,False,983.56,Medical / Pharmacy,SUCCESS,False
CBK0001083,TXN00012710,USR93300,MCH8278,Customer says transaction was not authorized. NA,1691.84,2026-03-31 09:56:13,2026-04-04 00:00:00,,IN_PROGRESS,LOW,Service Not Delivered,Call Center,3.0,True,False,False,8213.52,Hotel / Lodging,SUCCESS,False
CBK0001401,TXN00005811,USR43185,MCH1236,user says upi pin was not entered by them.,636.43,2026-02-17 19:01:40,2026-02-18 20:01:40,,CLOSED,MEDIUM,Wrong Amount,Chatbot,1.0,True,False,False,4171.8,Restaurant,SUCCESS,False
CBK0002028,TXN00013363,USR79366,MCH1123,User claims account was compromised before transaction.,740.0,2026-02-15 00:00:00,,2026-02-27 00:00:00,REJECTED,LOW,Customer Dispute,Chatbot,,True,False,False,8910.61,Hotel / Lodging,SUCCESS,False
CBK0001705,TXN00019762,USR21831,MCH4473,User claims account was compromised before transaction.,978.26,2026-01-29 00:00:00,2026-02-01 11:13:12,2026-02-13 00:00:00,RESOLVED,HIGH,Suspected Fraud,Email,3.0,True,False,False,24378.11,Grocery,SUCCESS,False
CBK0002651,TXN00011973,USR27533,MCH7670,Payment made to unknown merchant as per customer statement.,50.0,2026-02-16 20:01:15,2026-02-19 15:01:15,2026-02-26 15:01:15,OPEN,HIGH,Service Not Delivered,Branch,2.0,True,True,False,9685.01,Department Store,SUCCESS,False
CBK0000233,TXN00018991,USR98336,MCH7031,Customer complaint text unclear due to poor call center notes.,5661.32,2026-02-17 00:00:00,2026-02-23 00:00:00,2026-03-23 17:03:00,OPEN,MEDIUM,Unauthorized Transaction,IVR,6.0,True,True,True,9745.99,Restaurant,SUCCESS,False
CBK0002624,TXN00001580,USR72987,MCH6380,Customer complaint text unclear due to poor call center notes.,19958.58,2026-01-18 00:00:00,2026-01-22 00:00:00,2026-01-25 01:58:32,PENDING_BANK,CRITICAL,Unauthorized Transaction,App,4.0,True,True,True,13672.0,Hotel / Lodging,SUCCESS,False
CBK0000713,TXN00015731,USR42970,MCH8779,user says upi pin was not entered by them.,18979.68,2026-02-08 00:00:00,2026-02-11 00:00:00,2026-03-03 18:11:53,OPEN,HIGH,Customer Dispute,Email,3.0,True,True,True,18979.68,Grocery,SUCCESS,True
CBK0002349,TXN00003229,USR86279,MCH1006,User reports money deducted but merchant denies receiving payment.,12194.3,2026-02-21 00:00:00,2026-02-26 12:36:19,2026-03-25 00:00:00,IN_PROGRESS,MEDIUM,Duplicate Debit,Chatbot,5.0,True,False,False,2642.58,Grocery,SUCCESS,False
CBK0001368,TXN00017555,USR49364,MCH8953,user reports money deducted but merchant denies receiving payment.,2069.43,2026-01-24 07:12:30,,2026-02-14 00:00:00,OPEN,LOW,Unauthorized Transaction,Chatbot,,True,False,True,23032.95,Misc Retail,SUCCESS,False
CBK0002527,TXN00014880,USR22078,MCH5647,Payment made to unknown merchant as per customer statement.,3936.04,2026-01-13 00:00:00,,2026-02-02 00:00:00,RESOLVED,MEDIUM,Unauthorized Transaction,Email,,True,False,False,864.54,Grocery,SUCCESS,False
CBK0000355,TXN00010372,USR64774,MCH3196,CUSTOMER SAYS TRANSACTION WAS NOT AUTHORIZED.,307.0,2026-03-08 13:27:13,2026-03-23 00:00:00,2026-04-11 00:00:00,IN_PROGRESS,CRITICAL,Unauthorized Transaction,IVR,14.0,True,False,False,22612.8,,SUCCESS,False
CBK0000500,TXN00002450,USR53546,MCH7357,User claims account was compromised before transaction.,896.7,2026-01-21 00:00:00,2026-01-23 00:00:00,,PENDING_BANK,MEDIUM,Wrong Amount,Chatbot,2.0,True,True,True,8568.0,Grocery,SUCCESS,False
CBK0000213,TXN00019537,USR55133,MCH1458,User reports money deducted but merchant denies receiving payment. NA,613.06,2026-02-15 00:00:00,2026-02-15 13:11:18,2026-02-15 00:00:00,REJECTED,MEDIUM,Customer Dispute,Call Center,0.0,True,False,True,12047.82,Book Store,SUCCESS,False
CBK0000214,TXN00000769,USR93581,MCH6844,User claims account was compromised before transaction.,509.24,2026-03-18 00:00:00,,2026-04-06 00:00:00,OPEN,MEDIUM,Wrong Amount,IVR,,True,False,True,8558.62,Grocery,SUCCESS,False
CBK0000577,,USR81643,MCH3563,Customer says transaction was not authorized.,,2026-01-11 04:14:50,2026-01-11 00:00:00,2026-01-29 00:00:00,OPEN,LOW,Service Not Delivered,Branch,,False,False,True,,,,True
CBK0001437,TXN00009735,USR48653,MCH3671,Customer complaint text unclear due to poor call center notes.,1222.97,2026-02-04 00:00:00,2026-02-07 00:00:00,2026-02-15 00:00:00,PENDING_BANK,HIGH,Service Not Delivered,Chatbot,3.0,True,False,True,18658.91,Medical / Pharmacy,SUCCESS,False
CBK0000992,TXN00000272,USR31026,MCH2646,User claims account was compromised before transaction.,9250.0,2026-01-03 12:44:24,,2026-01-25 00:00:00,PENDING_BANK,MEDIUM,Account Takeover,Branch,,True,False,True,20254.73,Grocery,SUCCESS,False
CBK0000628,TXN00004074,USR56605,MCH8953,Payment made to unknown merchant as per customer statement.,3617.74,2026-02-24 20:57:00,2026-03-02 00:00:00,2026-03-23 00:00:00,REJECTED,LOW,Service Not Delivered,Email,5.0,True,True,True,15082.72,Hotel / Lodging,SUCCESS,False
CBK0001050,TXN00010429,USR33397,MCH2522,Customer complaint text unclear due to poor call center notes.,4066.0,2026-03-18 20:21:00,2026-05-03 00:00:00,2026-05-16 04:21:08,IN_PROGRESS,LOW,Duplicate Debit,IVR,45.0,True,False,True,2598.38,Grocery,SUCCESS,False
CBK0000364,TXN00017377,USR55664,MCH9309,Customer complaint text unclear due to poor call center notes. call dropped,9493.15,2026-02-02 00:00:00,2026-02-08 04:18:41,2026-02-19 00:00:00,OPEN,MEDIUM,Duplicate Debit,Branch,6.0,True,False,False,8985.72,Grocery,SUCCESS,False
CBK0002272,TXN00008542,USR97580,MCH5904,Customer says amount was debited twice.,16858.06,2026-01-12 05:13:00,2026-01-14 00:00:00,2026-01-21 00:00:00,PENDING_BANK,MEDIUM,Service Not Delivered,Chatbot,1.0,True,True,True,16858.06,Hotel / Lodging,SUCCESS,True
CBK0000106,TXN00016875,USR34270,MCH7335,Payment made to unknown merchant as per customer statement.,570.66,,,2026-04-19 00:00:00,PENDING_BANK,LOW,Unauthorized Transaction,Chatbot,,True,True,True,13029.84,Medical / Pharmacy,SUCCESS,False
CBK0000848,TXN00000823,USR23460,MCH5954,Customer says transaction was not authorized.,1982.27,2026-03-30 00:00:00,2026-04-29 00:00:00,2026-05-06 00:00:00,RESOLVED,LOW,Suspected Fraud,IVR,30.0,True,False,True,8344.14,Grocery,FAILED,False
CBK0000506,TXN00018031,USR67892,MCH2770,User reports money deducted but merchant denies receiving payment.,700.6,2026-01-19 00:00:00,2026-01-22 05:45:24,2026-02-18 00:00:00,REJECTED,MEDIUM,Wrong Amount,Call Center,3.0,True,False,True,12699.35,Misc Retail,SUCCESS,False
CBK0000714,TXN00000238,USR50454,MCH5655,Suspicious high-value payment disputed by customer.,2745.21,2026-02-06 00:00:00,2026-02-07 00:00:00,,PENDING_BANK,MEDIUM,Unauthorized Transaction,Email,1.0,True,False,False,617.66,Apparel,FAILED,False
CBK0002318,TXN00011955,USR35555,MCH3810,Suspicious high-value payment disputed by customer. call dropped,918.61,2026-03-22 10:52:40,2026-03-26 00:00:00,,PENDING_BANK,LOW,Customer Dispute,App,3.0,True,False,True,20807.32,Restaurant,SUCCESS,False
CBK0000557,TXN00012212,USR36059,MCH7684,User reports money deducted but merchant denies receiving payment.,2586.86,2026-02-03 00:00:00,2026-02-03 19:12:00,2026-02-09 00:00:00,PENDING_BANK,LOW,Duplicate Debit,Branch,0.0,True,True,False,12729.96,Restaurant,SUCCESS,False
CBK0001877,TXN00098339,USR15575,MCH5651,User says UPI PIN was not entered by them.,194.24,2026-01-29 20:48:22,2026-01-28 00:00:00,2026-02-04 00:00:00,IN_PROGRESS,LOW,Suspected Fraud,Chatbot,,False,False,False,,,,False
CBK0000601,TXN00017368,USR21789,MCH8779,Customer complaint text unclear due to poor call center notes.,24822.0,2026-02-07 00:00:00,2026-02-12 00:00:00,2026-02-26 00:00:00,IN_PROGRESS,MEDIUM,Service Not Delivered,Branch,5.0,True,True,True,24822.0,Transportation,SUCCESS,True
CBK0001786,TXN00091289,USR77896,MCH8389,Complaint received after multiple failed attempts.,954.04,2026-03-08 00:00:00,2026-03-19 00:00:00,,RESOLVED,CRITICAL,Service Not Delivered,Branch,11.0,False,True,True,,,,False
CBK0000102,TXN00013948,USR79115,MCH3570,Payment made to unknown merchant as per customer statement.,7171.27,2026-01-22 00:00:00,2026-01-29 19:15:57,2026-02-16 19:15:57,IN_PROGRESS,LOW,Customer Dispute,App,7.0,True,False,True,10691.1,,SUCCESS,False
CBK0000745,TXN00010462,USR47272,MCH8805,User reports money deducted but merchant denies receiving payment.,4246.38,2026-01-13 00:00:00,2026-01-17 00:35:00,2026-02-03 00:35:16,CLOSED,LOW,Account Takeover,Chatbot,4.0,True,False,True,13136.01,Grocery,SUCCESS,False
CBK0000748,TXN00009850,USR16745,MCH7753,Customer complaint text unclear due to poor call center notes.,1130.39,2026-02-06 07:19:27,2026-02-04 07:19:27,2026-02-21 00:00:00,OPEN,LOW,Suspected Fraud,Email,,True,True,False,12599.3,Hotel / Lodging,SUCCESS,False
CBK0002478,TXN00016308,USR74358,MCH6401,Suspicious high-value payment disputed by customer.,3857.22,2026-01-14 00:00:00,2026-01-17 21:14:00,2026-01-23 21:14:01,OPEN,LOW,Suspected Fraud,Chatbot,3.0,True,False,True,3742.22,Transportation,SUCCESS,False
CBK0002800,TXN00003664,USR55718,MCH3777,Customer says amount was debited twice.,1000.95,2026-01-08 06:03:43,2026-01-10 21:03:00,2026-01-31 21:03:00,CLOSED,MEDIUM,Service Not Delivered,IVR,2.0,True,False,False,882.44,Telecom,PENDING,False
CBK0002115,TXN00015780,USR98420,MCH7025,User says UPI PIN was not entered by them.,1404.29,2026-01-21 00:00:00,2026-02-06 03:02:02,2026-02-27 00:00:00,OPEN,MEDIUM,Customer Dispute,IVR,16.0,True,False,True,24919.1,Restaurant,SUCCESS,False
CBK0000948,TXN00019010,USR39487,MCH7891,Payment made to unknown merchant as per customer statement.,983.91,2026-02-18 00:00:00,2026-02-13 00:00:00,2026-02-27 00:00:00,PENDING_BANK,LOW,Account Takeover,Email,,True,True,True,3580.77,Medical / Pharmacy,SUCCESS,False
CBK0002763,TXN00010243,USR96392,MCH8516,merchant service was not delivered after payment.,1043.0,2026-03-29 07:29:00,2026-03-29 22:29:48,2026-04-14 00:00:00,RESOLVED,LOW,Wrong Amount,Call Center,0.0,True,True,False,11893.41,Misc Retail,FAILED,False
CBK0001826,TXN00012615,USR61997,MCH4353,Suspicious high-value payment disputed by customer.,2049.68,2026-02-02 00:00:00,2026-02-13 14:10:00,2026-03-03 14:10:36,PENDING_BANK,MEDIUM,Unauthorized Transaction,App,11.0,True,False,True,22734.91,Grocery,SUCCESS,False
CBK0000378,TXN00018467,USR80805,MCH5264,customer says transaction was not authorized.,688.0,2026-02-14 00:00:00,,2026-03-15 00:00:00,IN_PROGRESS,MEDIUM,Duplicate Debit,Branch,,True,False,False,14213.19,Restaurant,SUCCESS,False
CBK0001134,TXN00017548,USR13243,MCH9359,User reports money deducted but merchant denies receiving payment.,6612.88,2026-03-11 00:00:00,2026-03-13 00:00:00,2026-03-29 00:00:00,RESOLVED,MEDIUM,Duplicate Debit,IVR,2.0,True,False,True,12358.0,Hotel / Lodging,SUCCESS,False
CBK0001731,TXN00004984,USR87558,MCH9299,User reports money deducted but merchant denies receiving payment.,1369.23,2026-03-31 00:00:00,2026-04-05 00:00:00,,RESOLVED,HIGH,Account Takeover,Chatbot,5.0,True,False,True,20979.1,Transportation,SUCCESS,False
CBK0002574,TXN00017235,USR62800,MCH8945,User says UPI PIN was not entered by them.,18567.74,2026-02-08 05:11:43,2026-02-12 02:11:43,2026-02-25 02:11:00,PENDING_BANK,MEDIUM,Service Not Delivered,IVR,3.0,True,False,True,19271.61,,SUCCESS,False
CBK0001494,TXN00012935,USR97835,MCH9262,User reports money deducted but merchant denies receiving payment.,7997.0,2026-01-26 00:00:00,2026-01-27 01:43:00,2026-02-13 00:00:00,OPEN,LOW,Customer Dispute,Chatbot,1.0,True,False,False,16452.19,Hotel / Lodging,SUCCESS,False
CBK0001678,TXN00013912,USR44975,MCH7114,Customer says amount was debited twice.,1478.88,2026-01-18 00:00:00,2026-01-19 00:00:00,2026-02-10 00:00:00,OPEN,HIGH,Service Not Delivered,IVR,1.0,True,False,False,3488.52,Grocery,SUCCESS,False
CBK0001643,TXN00000106,USR58071,MCH5954,Complaint received after multiple failed attempts.,7755.19,2026-02-11 00:00:00,2026-02-19 08:16:00,,PENDING_BANK,CRITICAL,Unauthorized Transaction,Chatbot,8.0,True,False,True,6239.81,Hotel / Lodging,SUCCESS,False
CBK0000190,TXN00009749,USR32223,MCH5076,Customer says transaction was not authorized.,193.15,2026-01-15 00:00:00,2026-01-23 00:00:00,2026-02-02 00:00:00,RESOLVED,LOW,Wrong Amount,IVR,8.0,True,False,False,911.0,Book Store,SUCCESS,False
CBK0000556,TXN00013406,USR49847,MCH4590,Customer complaint text unclear due to poor call center notes.,6052.19,2026-03-08 00:00:00,2026-03-24 02:07:00,2026-04-16 00:00:00,OPEN,HIGH,Suspected Fraud,IVR,16.0,True,False,False,8628.4,,SUCCESS,False
CBK0000222,TXN00003640,USR39837,MCH5980,Suspicious high-value payment disputed by customer.,2301.83,2026-01-07 11:53:00,2026-01-09 00:00:00,2026-01-24 12:53:46,PENDING_BANK,MEDIUM,Account Takeover,Call Center,1.0,True,False,True,5196.45,Department Store,SUCCESS,False
CBK0002310,TXN00008525,USR62313,MCH8146,Suspicious high-value payment disputed by customer.,1760.95,2026-03-03 00:00:00,2026-03-05 00:00:00,,CLOSED,HIGH,Wrong Amount,Branch,2.0,True,False,True,13440.05,Transportation,SUCCESS,False
CBK0001236,TXN00016325,USR50779,MCH1320,Suspicious high-value payment disputed by customer.,1085.5,2026-03-01 00:00:00,2026-03-07 00:00:00,2026-04-06 06:00:50,REJECTED,MEDIUM,Service Not Delivered,Email,6.0,True,True,True,22651.0,Hotel / Lodging,SUCCESS,False
CBK0001039,TXN00010686,USR79207,MCH7408,User says UPI PIN was not entered by them.,1379.0,2026-02-27 07:41:36,2026-03-01 20:41:36,2026-03-03 00:00:00,REJECTED,CRITICAL,Wrong Amount,App,2.0,True,False,True,7453.21,Department Store,PENDING,False
CBK0002425,TXN00014868,USR39427,MCH2383,Suspicious high-value payment disputed by customer.,367.0,2026-01-23 23:41:30,2026-01-27 13:41:00,,PENDING_BANK,MEDIUM,Service Not Delivered,IVR,3.0,True,True,True,10373.11,,SUCCESS,False
CBK0001745,TXN00007273,USR17798,MCH6810,Payment made to unknown merchant as per customer statement.,673.49,2026-03-02 00:00:00,2026-03-04 00:00:00,2026-03-25 00:00:00,OPEN,MEDIUM,Duplicate Debit,Call Center,2.0,True,False,False,16043.08,,PENDING,False
CBK0000764,TXN00017113,USR98093,MCH8779,Merchant service was not delivered after payment.,580.57,2026-03-18 14:56:31,2026-03-21 00:00:00,2026-04-09 00:00:00,PENDING_BANK,MEDIUM,Customer Dispute,Branch,2.0,True,False,True,10679.89,Telecom,SUCCESS,False
CBK0001814,TXN00002883,USR42970,MCH2296,USER SAYS UPI PIN WAS NOT ENTERED BY THEM.,19036.69,2026-03-03 18:11:00,,2026-03-26 00:00:00,OPEN,CRITICAL,Duplicate Debit,Call Center,,True,True,True,5184.82,Apparel,SUCCESS,False
CBK0002536,TXN00009622,USR33596,MCH3032,User reports money deducted but merchant denies receiving payment.,1796.86,2026-03-03 00:00:00,,2026-03-17 00:16:23,OPEN,CRITICAL,Account Takeover,App,,True,False,False,1796.86,,SUCCESS,True
CBK0000231,TXN00017060,USR94815,MCH5980,User reports money deducted but merchant denies receiving payment.,575.09,2026-03-25 11:16:26,2026-04-05 00:00:00,2026-04-09 00:00:00,CLOSED,LOW,Customer Dispute,IVR,10.0,True,True,True,1945.0,,SUCCESS,False
CBK0000462,TXN00018761,USR24660,MCH9291,Customer says amount was debited twice.,1500.59,2026-01-23 00:00:00,2026-01-24 00:00:00,2026-02-17 00:00:00,IN_PROGRESS,LOW,Unauthorized Transaction,Email,1.0,True,False,True,449.89,Hotel / Lodging,SUCCESS,False
CBK0000469,TXN00002630,USR94595,MCH7286,Complaint received after multiple failed attempts. call dropped,7890.76,2026-03-05 13:56:13,2026-03-07 00:00:00,,PENDING_BANK,LOW,Unauthorized Transaction,Chatbot,1.0,True,False,False,9697.34,Department Store,SUCCESS,False
CBK0000889,TXN00015963,USR97266,MCH6752,CUSTOMER SAYS AMOUNT WAS DEBITED TWICE.,3356.0,2026-01-12 00:00:00,2026-01-22 00:00:00,2026-01-28 00:00:00,IN_PROGRESS,MEDIUM,Suspected Fraud,IVR,10.0,True,False,False,14349.95,,SUCCESS,False
CBK0000604,TXN00008566,USR17861,MCH3597,User claims account was compromised before transaction.,2673.74,2026-03-12 00:00:00,2026-03-15 06:08:29,,PENDING_BANK,LOW,Unauthorized Transaction,Chatbot,3.0,True,False,False,13555.41,Hotel / Lodging,PENDING,False
CBK0000611,TXN00014367,USR58639,MCH4078,User says UPI PIN was not entered by them.,996.14,2026-02-17 00:00:00,2026-03-05 00:00:00,,OPEN,LOW,Service Not Delivered,Chatbot,16.0,True,False,False,24731.51,Telecom,SUCCESS,False
CBK0001017,TXN00085757,USR56228,MCH8964,Payment made to unknown merchant as per customer statement.,585.8,2026-03-29 00:00:00,2026-04-02 00:00:00,2026-04-19 00:00:00,REJECTED,CRITICAL,Duplicate Debit,Chatbot,4.0,False,False,False,,,,False
CBK0002108,TXN00013246,USR62233,MCH8714,Customer says amount was debited twice.,5800.55,2026-02-12 00:00:00,2026-02-15 00:00:00,2026-02-17 00:00:00,REJECTED,LOW,Duplicate Debit,App,3.0,True,True,True,16859.17,Department Store,SUCCESS,False
CBK0001742,TXN00000794,USR25428,MCH4105,Complaint received after multiple failed attempts.,6042.03,2026-02-19 00:00:00,2026-02-22 00:00:00,,OPEN,HIGH,Service Not Delivered,IVR,3.0,True,True,False,15290.24,Restaurant,SUCCESS,False
CBK0000082,TXN00013051,USR86387,MCH8735,Suspicious high-value payment disputed by customer.,7272.0,2026-02-26 00:00:00,2026-02-27 00:00:00,,IN_PROGRESS,LOW,Service Not Delivered,App,1.0,True,False,True,23191.68,Apparel,FAILED,False
CBK0000597,TXN00012105,USR80223,MCH3594,User reports money deducted but merchant denies receiving payment.,1866.96,2026-02-07 00:00:00,2026-03-10 00:00:00,2026-03-25 00:00:00,IN_PROGRESS,LOW,Duplicate Debit,Chatbot,31.0,True,True,True,7551.46,Department Store,SUCCESS,False
CBK0001220,TXN00001198,USR21945,MCH7467,User says UPI PIN was not entered by them.,3605.24,2026-02-05 16:07:55,2026-02-03 00:00:00,2026-02-25 00:00:00,RESOLVED,HIGH,Service Not Delivered,App,,True,False,False,24222.26,Telecom,SUCCESS,False
CBK0001207,TXN00007505,USR33427,MCH5300,Customer complaint text unclear due to poor call center notes.,13713.48,2026-01-31 06:45:27,2026-02-02 09:45:27,2026-02-21 00:00:00,IN_PROGRESS,LOW,Duplicate Debit,Chatbot,2.0,True,True,False,13924.89,Department Store,SUCCESS,False
CBK0000177,TXN00001663,USR24926,MCH7681,Complaint received after multiple failed attempts.,2379.68,2026-02-08 00:00:00,2026-02-11 00:00:00,2026-02-17 00:00:00,RESOLVED,LOW,Service Not Delivered,IVR,3.0,True,True,True,22985.61,Hotel / Lodging,SUCCESS,False
CBK0001332,TXN00009814,USR65176,MCH2398,Customer says transaction was not authorized.,1195.47,2026-01-22 00:00:00,2026-02-01 00:00:00,2026-02-26 11:15:00,IN_PROGRESS,MEDIUM,Service Not Delivered,Branch,10.0,True,False,True,19434.78,Hotel / Lodging,SUCCESS,False
CBK0000021,TXN00013452,USR44435,MCH8391,User reports money deducted but merchant denies receiving payment.,2480.91,2026-02-18 00:00:00,2026-03-06 00:25:19,,IN_PROGRESS,MEDIUM,Suspected Fraud,IVR,16.0,True,True,True,14908.0,Department Store,FAILED,False
CBK0001202,TXN00005621,USR59000,MCH3815,Customer says transaction was not authorized.,8601.0,2026-03-15 00:00:00,2026-03-19 21:25:48,,RESOLVED,LOW,Customer Dispute,Chatbot,4.0,True,True,False,2555.95,Misc Retail,SUCCESS,False
CBK0002171,TXN00015034,USR73039,MCH1572,Payment made to unknown merchant as per cust statement.,8134.61,2026-03-19 00:00:00,2026-03-22 20:42:00,,RESOLVED,HIGH,Duplicate Debit,Call Center,3.0,True,False,False,22972.13,Hotel / Lodging,SUCCESS,False
CBK0001878,TXN00014566,USR75314,MCH2363,customer says transaction was not authorized.,2311.12,2026-03-20 00:00:00,2026-03-24 07:04:16,2026-04-09 07:04:16,PENDING_BANK,HIGH,Duplicate Debit,App,4.0,True,False,False,3735.75,Transportation,SUCCESS,False
CBK0002648,TXN00015715,USR23388,MCH7559,Customer complaint text unclear due to poor call center notes.,9730.68,2026-02-10 00:00:00,2026-02-12 17:59:00,2026-02-15 17:59:00,IN_PROGRESS,LOW,Wrong Amount,Email,2.0,True,True,False,17.74,Grocery,SUCCESS,False
CBK0000078,TXN00019392,USR55898,MCH8405,User claims account was compromised before transaction.,16244.17,2026-01-21 00:00:00,2026-01-22 00:00:00,2026-01-27 00:00:00,CLOSED,HIGH,Customer Dispute,IVR,1.0,True,False,True,19705.72,Medical / Pharmacy,SUCCESS,False
CBK0001469,TXN00008274,USR45724,MCH3032,Suspicious high-value payment disputed by customer.,1114.45,2026-02-25 00:00:00,2026-02-28 00:00:00,2026-03-18 11:31:43,RESOLVED,HIGH,Service Not Delivered,Call Center,3.0,True,True,False,14727.51,Hotel / Lodging,SUCCESS,False
CBK0001428,TXN00001443,USR74417,MCH7286,User claims account was compromised before transaction.,504.11,2026-01-30 00:00:00,2026-02-02 00:00:00,2026-02-05 00:00:00,OPEN,LOW,Unauthorized Transaction,App,3.0,True,False,False,16818.33,Misc Retail,SUCCESS,False
CBK0001501,TXN00010823,USR14938,MCH1880,Complaint received after multiple failed attempts.,2588.02,2026-01-10 21:26:00,2026-01-11 07:26:55,,OPEN,MEDIUM,Duplicate Debit,App,0.0,True,False,False,23866.39,Medical / Pharmacy,SUCCESS,False
CBK0001566,TXN00004832,USR79325,MCH4041,Customer says amount was debited twice.,1582.6,2026-01-15 00:00:00,2026-01-26 00:00:00,,IN_PROGRESS,MEDIUM,Unauthorized Transaction,Email,11.0,True,False,True,18489.34,Grocery,SUCCESS,False
CBK0001806,TXN00003889,USR73653,MCH4226,User says UPI PIN was not entered by them.,2760.0,2026-01-12 01:06:58,2026-01-17 00:00:00,2026-02-07 00:00:00,REJECTED,HIGH,Suspected Fraud,IVR,4.0,True,False,False,15749.22,Department Store,SUCCESS,False
CBK0001668,TXN00013060,USR11531,MCH8697,Customer says txn was not authorized.,255.73,2026-01-04 00:00:00,2026-01-06 00:00:00,2026-02-04 07:49:01,IN_PROGRESS,MEDIUM,Wrong Amount,Email,2.0,True,False,True,6900.48,Grocery,SUCCESS,False
CBK0000755,TXN00002595,USR34052,MCH5808,Suspicious high-value payment disputed by customer.,1658.43,2026-03-28 00:00:00,2026-03-29 00:00:00,2026-04-27 22:33:32,PENDING_BANK,HIGH,Service Not Delivered,Chatbot,1.0,True,True,False,3580.47,Restaurant,SUCCESS,False
CBK0001037,TXN00098409,USR20076,MCH8779,Suspicious high-value payment disputed by customer.,645.47,,2026-01-09 22:50:47,2026-01-11 00:00:00,OPEN,HIGH,Wrong Amount,Branch,,False,False,True,,,,False
CBK0001813,TXN00002689,USR68461,MCH8451,Merchant service was not delivered after payment.,2158.72,2026-01-26 07:59:00,2026-01-29 00:00:00,2026-02-23 00:00:00,OPEN,HIGH,Service Not Delivered,Call Center,2.0,True,False,True,12326.69,Book Store,SUCCESS,False
CBK0000382,TXN00000312,USR42726,MCH6175,User claims account was compromised before transaction.,545.34,,2026-01-13 00:00:00,2026-02-09 00:00:00,PENDING_BANK,MEDIUM,Service Not Delivered,Chatbot,,True,True,False,1970.62,Medical / Pharmacy,SUCCESS,False
CBK0000706,TXN00005543,USR82059,MCH4181,complaint received after multiple failed attempts.,1362.67,2026-03-03 00:00:00,2026-03-05 15:23:41,2026-03-30 15:23:00,OPEN,MEDIUM,Wrong Amount,Call Center,2.0,True,False,False,21701.0,Department Store,SUCCESS,False
CBK0002633,TXN00018827,USR76516,MCH2530,Payment made to unknown merchant as per customer statement.,2231.59,2026-03-07 00:00:00,,2026-04-09 08:35:00,REJECTED,MEDIUM,Service Not Delivered,IVR,,True,False,True,17642.02,Transportation,SUCCESS,False
CBK0000549,TXN00011700,USR72892,MCH1046,Suspicious high-value payment disputed by customer.,14999.55,2026-03-30 11:04:32,2026-04-29 00:00:00,2026-05-05 00:00:00,OPEN,LOW,Customer Dispute,Branch,29.0,True,False,False,2256.06,Telecom,SUCCESS,False
CBK0000192,TXN00001285,USR71300,MCH9402,USER SAYS UPI PIN WAS NOT ENTERED BY THEM.,420.0,2026-01-08 00:00:00,2026-01-14 00:00:00,2026-01-15 00:00:00,OPEN,LOW,Customer Dispute,App,6.0,True,False,True,8168.0,Transportation,SUCCESS,False
CBK0001672,TXN00010193,USR30239,MCH9948,Customer complaint text unclear due to poor call center notes.,1194.2,,2026-03-16 00:00:00,2026-03-25 00:00:00,CLOSED,MEDIUM,Customer Dispute,Email,,True,False,False,474.08,Restaurant,SUCCESS,False
CBK0002502,TXN00001155,USR59679,MCH6426,Payment made to unknown merchant as per customer statement.,335.78,2026-03-09 02:37:30,2026-03-09 05:37:30,,IN_PROGRESS,MEDIUM,Wrong Amount,Branch,0.0,True,False,False,15469.1,Hotel / Lodging,SUCCESS,False
CBK0000308,TXN00017336,USR23149,MCH8953,User says UPI PIN was not entered by them.,3087.13,2026-03-23 00:00:00,2026-04-08 16:47:26,,RESOLVED,CRITICAL,Service Not Delivered,Call Center,16.0,True,False,True,24739.78,Restaurant,SUCCESS,False
CBK0001002,TXN00015644,USR20239,MCH3815,User claims account was compromised before transaction.,4307.19,2026-03-27 00:00:00,2026-03-22 07:53:46,2026-04-05 00:00:00,PENDING_BANK,MEDIUM,Suspected Fraud,Chatbot,,True,False,False,7218.57,Grocery,SUCCESS,False
CBK0001066,TXN00015023,USR41036,MCH5655,merchant service was not delivered after payment.,946.63,2026-01-31 01:40:40,2026-02-02 00:00:00,2026-02-15 01:40:00,IN_PROGRESS,HIGH,Service Not Delivered,IVR,1.0,True,True,False,2102.0,Book Store,SUCCESS,False
CBK0000617,TXN00014515,USR11419,MCH7833,USER SAYS UPI PIN WAS NOT ENTERED BY THEM.,181.44,2026-02-09 00:00:00,2026-02-16 21:12:01,2026-03-04 00:00:00,OPEN,LOW,Service Not Delivered,Chatbot,7.0,True,False,True,9860.32,Restaurant,SUCCESS,False
CBK0002721,TXN00017658,USR43499,MCH9765,Customer says transaction was not authorized.,845.38,2026-02-09 16:24:25,2026-02-10 00:00:00,2026-02-12 18:24:00,PENDING_BANK,MEDIUM,Customer Dispute,Email,0.0,True,True,False,22974.18,Misc Retail,SUCCESS,False
CBK0001758,TXN00014222,USR16922,MCH6546,Customer says amount was debited twice.,2187.0,,2026-03-16 00:00:00,2026-03-17 00:00:00,REJECTED,LOW,Wrong Amount,Chatbot,,True,False,False,24660.1,Transportation,SUCCESS,False
CBK0002630,TXN00019209,USR61436,MCH9582,COMPLAINT RECEIVED AFTER MULTIPLE FAILED ATTEMPTS.,13306.35,2026-03-12 00:00:00,2026-03-28 00:00:00,2026-04-26 00:00:00,OPEN,LOW,Account Takeover,Chatbot,16.0,True,True,True,10555.01,Department Store,SUCCESS,False
CBK0000265,TXN00016348,USR10307,MCH4590,User claims account was compromised before transaction.,2797.85,2026-02-21 13:58:00,2026-02-18 13:58:34,2026-02-18 13:58:34,REJECTED,LOW,Service Not Delivered,IVR,,True,False,False,410.75,Transportation,SUCCESS,False
CBK0000795,TXN00010007,USR13134,MCH3292,Customer says transaction was not authorized. details missing,2021.11,2026-03-14 00:00:00,2026-03-15 00:00:00,2026-04-11 00:00:00,IN_PROGRESS,LOW,Wrong Amount,IVR,1.0,True,False,True,812.42,Restaurant,SUCCESS,False
CBK0000274,TXN00005429,USR12958,MCH5946,Customer complaint text unclear due to poor call center notes.,1860.96,2026-01-15 00:00:00,2026-01-18 00:00:00,2026-02-07 14:33:08,OPEN,LOW,Service Not Delivered,IVR,3.0,True,True,False,17035.0,Hotel / Lodging,SUCCESS,False
CBK0000779,TXN00000534,USR89996,MCH4842,User reports money deducted but merchant denies receiving payment.,1352.13,2026-02-07 00:00:00,2026-02-04 00:00:00,2026-03-03 00:00:00,OPEN,LOW,Unauthorized Transaction,Call Center,,True,False,True,13890.0,Grocery,SUCCESS,False
CBK0001116,TXN00080108,USR56399,MCH3406,User claims account was compromised before transaction.,1189.65,2026-02-05 00:00:00,2026-03-22 14:28:00,2026-03-31 00:00:00,IN_PROGRESS,HIGH,Service Not Delivered,IVR,45.0,False,True,True,,,,False
CBK0000162,TXN00001838,USR56312,MCH5172,Customer says transaction was not authorized.,422.0,2026-02-16 00:00:00,2026-02-19 04:02:59,2026-03-05 00:00:00,REJECTED,LOW,Suspected Fraud,IVR,3.0,True,False,False,8463.3,Grocery,SUCCESS,False
CBK0000758,TXN00015649,USR79175,MCH9344,Complaint received after multiple failed attempts.,2175.05,2026-03-19 00:00:00,2026-03-21 00:00:00,2026-04-16 00:00:00,REJECTED,HIGH,Account Takeover,IVR,2.0,True,False,False,4887.89,Restaurant,SUCCESS,False
CBK0000235,TXN00006623,USR14727,MCH4226,USER CLAIMS ACCOUNT WAS COMPROMISED BEFORE TRANSACTION.,1154.99,2026-01-27 00:00:00,2026-02-12 09:53:35,2026-02-14 00:00:00,IN_PROGRESS,LOW,Service Not Delivered,Chatbot,16.0,True,False,False,12131.97,Hotel / Lodging,SUCCESS,False
CBK0001865,TXN00006954,USR17902,MCH6053,Customer says transaction was not authorized.,186.51,2026-03-21 00:00:00,2026-03-25 00:00:00,2026-04-20 07:07:09,CLOSED,MEDIUM,Service Not Delivered,IVR,4.0,True,False,True,187.34,Telecom,SUCCESS,False
CBK0001534,TXN00017134,USR12661,MCH2383,Customer says transaction was not authorized.,2108.75,2026-03-17 01:16:59,2026-03-18 15:16:59,2026-03-24 15:16:00,RESOLVED,LOW,Unauthorized Transaction,Branch,1.0,True,True,True,6093.97,Medical / Pharmacy,SUCCESS,False
CBK0001809,TXN00010916,USR20534,MCH8241,Customer complaint text unclear due to poor call center notes.,2538.37,2026-01-11 00:00:00,2026-01-18 00:00:00,,REJECTED,LOW,Customer Dispute,Chatbot,7.0,True,False,True,1927.42,Transportation,SUCCESS,False
CBK0001765,TXN00013993,USR29854,MCH6810,User claims account was compromised before txn.,2111.63,2026-02-06 18:41:00,2026-02-07 18:41:49,2026-02-20 00:00:00,IN_PROGRESS,LOW,Account Takeover,IVR,1.0,True,False,False,4742.0,Misc Retail,SUCCESS,False
CBK0001287,TXN00011889,USR22939,MCH9579,User reports money deducted but merchant denies receiving payment.,1592.55,2026-03-05 00:00:00,2026-03-06 00:00:00,2026-03-29 00:00:00,REJECTED,LOW,Unauthorized Transaction,IVR,1.0,True,False,False,14013.89,Transportation,SUCCESS,False
CBK0002594,TXN00005908,USR24024,MCH1329,CUSTOMER SAYS AMOUNT WAS DEBITED TWICE.,1603.01,2026-01-20 00:00:00,2026-01-21 00:00:00,2026-02-04 22:51:08,CLOSED,LOW,Duplicate Debit,IVR,1.0,True,True,False,19451.84,Grocery,SUCCESS,False
CBK0002782,TXN00004814,USR53828,MCH2822,Payment made to unknown merchant as per cust statement.,12799.39,2026-03-09 04:06:54,2026-03-19 07:06:00,,REJECTED,LOW,Suspected Fraud,Branch,10.0,True,True,False,12799.39,Restaurant,SUCCESS,True
CBK0000678,TXN00006912,USR67333,MCH9291,User reports money deducted but merchant denies receiving payment.,140.31,2026-02-08 00:00:00,,,IN_PROGRESS,MEDIUM,Account Takeover,Branch,,True,False,True,24446.56,Restaurant,FAILED,False
CBK0002017,TXN00009156,USR53547,MCH6913,Customer says transaction was not authorized.,1074.12,2026-02-18 00:00:00,2026-02-22 12:44:40,2026-03-18 12:44:00,IN_PROGRESS,LOW,Duplicate Debit,Branch,4.0,True,False,False,3162.13,Medical / Pharmacy,SUCCESS,False
CBK0001396,TXN00008851,USR34889,MCH8779,User reports money deducted but merchant denies receiving payment.,1383.51,2026-03-28 00:00:00,2026-04-27 12:50:00,2026-05-16 12:50:00,REJECTED,MEDIUM,Duplicate Debit,Branch,30.0,True,False,True,23003.64,Transportation,SUCCESS,False
CBK0000750,TXN00010355,USR45600,MCH5980,Complaint received after multiple failed attempts.,1284.43,2026-02-24 00:33:16,2026-03-03 00:00:00,,CLOSED,HIGH,Service Not Delivered,Email,6.0,True,True,True,10893.27,Transportation,SUCCESS,False
CBK0002021,TXN00012401,USR36322,MCH8425,Customer says amount was debited twice.,13235.72,2026-03-11 00:00:00,2026-03-17 00:00:00,2026-04-09 00:00:00,CLOSED,LOW,Service Not Delivered,Chatbot,6.0,True,True,True,18595.98,Transportation,SUCCESS,False
CBK0000977,TXN00003072,USR68775,MCH5569,Customer complaint text unclear due to poor call center notes.,3800.57,2026-03-26 04:29:27,2026-03-29 03:29:27,2026-04-24 00:00:00,OPEN,LOW,Service Not Delivered,Branch,2.0,True,False,True,15254.09,Hotel / Lodging,SUCCESS,False
CBK0000640,TXN00012946,USR57297,MCH2401,Suspicious high-value payment disputed by customer.,3312.0,2026-01-12 00:00:00,2026-01-18 00:00:00,2026-01-20 00:00:00,CLOSED,LOW,Service Not Delivered,Email,6.0,True,False,False,7757.45,,SUCCESS,False
CBK0001144,TXN00018387,USR76178,MCH1024,USER REPORTS MONEY DEDUCTED BUT MERCHANT DENIES RECEIVING PAYMENT.,741.15,2026-02-15 04:54:00,2026-02-20 00:00:00,,OPEN,MEDIUM,Suspected Fraud,Chatbot,4.0,True,True,False,13117.73,Grocery,SUCCESS,False
CBK0002611,TXN00001244,USR27732,MCH4473,Customer says txn was not authorized.,722.73,2026-01-24 00:00:00,2026-01-27 00:00:00,2026-02-19 00:00:00,REJECTED,MEDIUM,Suspected Fraud,IVR,3.0,True,False,False,21121.13,Grocery,SUCCESS,False
CBK0002124,TXN00002782,USR13215,MCH4702,Suspicious high-value payment disputed by cust.,832.0,2026-02-28 00:00:00,2026-03-16 00:00:00,,REJECTED,HIGH,Service Not Delivered,App,16.0,True,False,True,21093.0,Grocery,SUCCESS,False
CBK0001212,TXN00010220,USR14892,MCH2296,merchant service was not delivered after payment.,4146.24,2026-03-03 00:00:00,2026-03-04 13:37:27,2026-03-23 00:00:00,RESOLVED,LOW,Duplicate Debit,IVR,1.0,True,False,True,2290.21,Grocery,SUCCESS,False
CBK0000027,TXN00014669,USR36534,MCH6898,Customer says amount was debited twice.,1596.0,2026-02-10 00:00:00,2026-02-21 00:00:00,2026-03-10 06:38:00,RESOLVED,LOW,Suspected Fraud,Email,11.0,True,False,False,16221.56,Misc Retail,SUCCESS,False
CBK0002385,TXN00016200,USR19881,MCH2065,customer says amount was debited twice.,2148.76,2026-01-04 02:48:11,2026-02-03 00:00:00,2026-02-16 00:00:00,IN_PROGRESS,MEDIUM,Service Not Delivered,Email,29.0,True,False,False,19118.59,Apparel,SUCCESS,False
CBK0001267,TXN00003341,USR56149,MCH6968,CUSTOMER SAYS TRANSACTION WAS NOT AUTHORIZED.,635.0,2026-02-24 00:00:00,2026-03-26 17:11:59,2026-04-20 00:00:00,REJECTED,LOW,Wrong Amount,Email,30.0,True,False,False,22229.31,Hotel / Lodging,SUCCESS,False
CBK0002560,TXN00010384,USR77352,MCH2786,Merchant service was not delivered after payment.,2047.46,,2026-01-10 00:00:00,2026-01-26 00:00:00,IN_PROGRESS,MEDIUM,Customer Dispute,Branch,,True,True,True,21553.48,Telecom,PENDING,False
CBK0001386,TXN00012491,USR83236,MCH4552,User reports money deducted but merchant denies receiving payment.,3187.1,2026-01-21 00:00:00,2026-01-22 17:32:00,2026-02-06 17:32:51,CLOSED,HIGH,Service Not Delivered,Branch,1.0,True,True,True,20111.87,Transportation,SUCCESS,False
CBK0000397,TXN00011692,USR71635,MCH2757,Merchant service was not delivered after payment.,3309.0,2026-03-03 00:00:00,2026-03-04 07:26:00,2026-03-05 00:00:00,OPEN,MEDIUM,Duplicate Debit,IVR,1.0,True,False,True,14272.89,Grocery,SUCCESS,False
CBK0002613,TXN00008727,USR47519,MCH3071,Merchant service was not delivered after payment.,253.89,2026-03-14 00:00:00,2026-03-17 22:35:31,,IN_PROGRESS,LOW,Customer Dispute,IVR,3.0,True,True,True,10101.24,Grocery,SUCCESS,False
CBK0001869,TXN00000074,USR49567,MCH3266,Customer says transaction was not authorized. urgent,1503.93,2026-02-18 00:00:00,2026-02-23 23:56:04,2026-03-18 00:00:00,RESOLVED,MEDIUM,Wrong Amount,IVR,5.0,True,False,True,20388.38,Restaurant,SUCCESS,False
CBK0002654,TXN00013866,USR55262,MCH4226,Payment made to unknown merchant as per customer statement.,3952.26,2026-03-25 00:00:00,2026-04-09 21:53:19,2026-04-13 21:53:19,REJECTED,LOW,Account Takeover,Chatbot,15.0,True,True,False,16746.0,Grocery,SUCCESS,False
CBK0002714,TXN00001631,USR87649,MCH3989,Suspicious high-value payment disputed by customer.,1405.08,2026-02-26 00:00:00,,2026-03-25 19:43:59,RESOLVED,LOW,Service Not Delivered,IVR,,True,False,True,18906.52,Transportation,SUCCESS,False
CBK0001562,TXN00018017,USR24710,MCH6971,User claims account was compromised before transaction.,1017.08,2026-02-07 03:36:00,2026-02-17 08:36:00,2026-03-01 00:00:00,OPEN,MEDIUM,Customer Dispute,Chatbot,10.0,True,False,False,13149.46,Restaurant,SUCCESS,False
CBK0001934,TXN00000863,USR78884,MCH9125,User says UPI PIN was not entered by them.,2164.0,2026-03-11 16:53:00,2026-03-19 13:53:26,2026-03-26 00:00:00,OPEN,HIGH,Service Not Delivered,Chatbot,7.0,True,False,True,13114.51,Grocery,SUCCESS,False
CBK0000041,TXN00001568,USR27328,MCH3518,merchant service was not delivered after payment.,2814.0,2026-01-02 00:00:00,2026-01-06 00:00:00,2026-02-01 02:46:29,IN_PROGRESS,LOW,Duplicate Debit,App,4.0,True,True,True,2397.43,Apparel,SUCCESS,False
CBK0001885,,USR59329,MCH5331,user says upi pin was not entered by them.,1908.88,2026-01-26 00:00:00,2026-01-31 00:00:00,2026-02-02 00:00:00,REJECTED,HIGH,Suspected Fraud,IVR,5.0,False,False,False,,,,False
CBK0001719,TXN00009609,USR13864,MCH7474,Customer says amount was debited twice.,2225.74,2026-01-27 05:30:35,2026-02-01 00:00:00,,CLOSED,HIGH,Account Takeover,IVR,4.0,True,True,False,5142.15,,SUCCESS,False
CBK0000006,TXN00007711,USR96033,MCH8372,User reports money deducted but merchant denies receiving payment.,842.88,2026-02-06 00:00:00,2026-02-11 23:37:04,2026-02-17 00:00:00,IN_PROGRESS,HIGH,Wrong Amount,Call Center,5.0,True,False,True,845.33,Transportation,SUCCESS,False
CBK0001575,TXN00003257,USR24459,MCH6850,Merchant service was not delivered after payment.,198.46,2026-01-30 00:00:00,2026-02-02 00:00:00,2026-02-04 15:20:00,RESOLVED,LOW,Service Not Delivered,IVR,3.0,True,False,False,17304.92,Misc Retail,SUCCESS,False
CBK0002321,TXN00014977,USR11586,MCH2103,User claims account was compromised before transaction.,683.69,2026-01-19 10:23:00,2026-01-19 00:00:00,,REJECTED,HIGH,Suspected Fraud,App,,True,True,False,13618.86,,FAILED,False
CBK0000487,TXN00004712,USR85655,MCH1072,User says UPI PIN was not entered by them.,2950.32,2026-03-08 07:36:45,2026-03-11 00:00:00,2026-04-03 00:00:00,REJECTED,CRITICAL,Account Takeover,IVR,2.0,True,False,True,11456.14,Medical / Pharmacy,SUCCESS,False
CBK0002725,TXN00008319,USR50664,MCH9581,User reports money deducted but merchant denies receiving payment.,21445.56,2026-03-01 00:00:00,2026-03-11 00:00:00,2026-03-30 00:00:00,CLOSED,LOW,Unauthorized Transaction,Chatbot,10.0,True,True,False,21445.56,,SUCCESS,True
CBK0002628,TXN00016840,USR73920,MCH4401,customer says amount was debited twice.,276.74,2026-01-07 00:00:00,2026-01-09 14:02:55,,OPEN,HIGH,Customer Dispute,Branch,2.0,True,False,True,21385.14,Restaurant,SUCCESS,False
CBK0002130,TXN00010659,USR82224,MCH4086,payment made to unknown merchant as per customer statement.,11158.4,,2026-03-20 00:00:00,2026-04-18 00:00:00,CLOSED,LOW,Duplicate Debit,IVR,,True,False,True,11158.4,Medical / Pharmacy,SUCCESS,True
CBK0000935,TXN00017209,USR91820,MCH5221,Customer complaint text unclear due to poor call center notes.,1552.09,2026-03-12 00:00:00,2026-03-14 22:13:16,2026-03-29 00:00:00,CLOSED,MEDIUM,Duplicate Debit,Email,2.0,True,False,False,18515.55,Medical / Pharmacy,SUCCESS,False
CBK0002163,TXN00012741,USR47358,MCH2822,Customer complaint text unclear due to poor call center notes.,863.52,,2026-03-09 00:00:00,2026-03-31 00:00:00,IN_PROGRESS,MEDIUM,Unauthorized Transaction,Chatbot,,True,False,False,16664.0,Restaurant,SUCCESS,False
CBK0000210,TXN00001539,USR60489,MCH7607,customer says transaction was not authorized.,2117.07,2026-02-06 00:00:00,2026-02-08 00:00:00,2026-02-09 00:00:00,IN_PROGRESS,MEDIUM,Customer Dispute,Chatbot,2.0,True,False,True,4544.14,Grocery,SUCCESS,False
CBK0000972,TXN00017157,USR27216,MCH1366,Customer says transaction was not authorized. call dropped,738.08,2026-03-26 09:32:21,2026-03-29 00:00:00,2026-04-04 00:00:00,PENDING_BANK,MEDIUM,Wrong Amount,Branch,2.0,True,False,True,20790.32,Medical / Pharmacy,SUCCESS,False
CBK0001378,TXN00013740,USR53440,MCH5264,Suspicious high-value payment disputed by customer.,7287.56,2026-02-03 00:00:00,2026-02-06 00:00:00,2026-02-12 00:00:00,IN_PROGRESS,LOW,Wrong Amount,Email,3.0,True,False,False,21780.55,Grocery,FAILED,False
CBK0000498,TXN00013816,USR55662,MCH9760,Customer complaint text unclear due to poor call center notes.,734.96,2026-03-16 00:00:00,2026-03-20 05:14:03,2026-04-13 00:00:00,RESOLVED,LOW,Unauthorized Transaction,IVR,4.0,True,False,False,6363.77,Restaurant,SUCCESS,False
CBK0002011,TXN00005230,USR24993,MCH5993,User says UPI PIN was not entered by them.,5154.73,2026-01-15 20:42:00,2026-01-18 00:00:00,2026-02-16 00:00:00,REJECTED,MEDIUM,Service Not Delivered,App,2.0,True,False,False,14949.22,Hotel / Lodging,SUCCESS,False
CBK0002475,TXN00015216,USR46902,MCH4919,Suspicious high-value payment disputed by customer.,2997.0,2026-02-16 12:45:00,2026-02-19 00:00:00,2026-02-23 00:00:00,IN_PROGRESS,CRITICAL,Service Not Delivered,Call Center,2.0,True,True,False,13490.27,Department Store,PENDING,False
CBK0000024,TXN00007464,USR69440,MCH7458,Complaint received after multiple failed attempts.,2001.83,2026-01-18 00:00:00,2026-02-02 03:05:42,2026-02-14 00:00:00,REJECTED,MEDIUM,Wrong Amount,Chatbot,15.0,True,False,True,9213.7,Medical / Pharmacy,SUCCESS,False
CBK0002300,TXN00009857,USR61606,MCH6632,Suspicious high-value payment disputed by customer.,519.97,2026-02-28 00:00:00,2026-03-05 00:00:00,,REJECTED,MEDIUM,Service Not Delivered,Branch,5.0,True,False,True,1972.39,Transportation,SUCCESS,False
CBK0002143,TXN00078938,USR24536,MCH9291,user claims account was compromised before transaction.,2889.21,2026-01-15 09:56:06,2026-01-18 00:00:00,2026-02-01 00:00:00,CLOSED,MEDIUM,Wrong Amount,Call Center,2.0,False,False,True,,,,False
CBK0000161,TXN00017149,USR60681,MCH8391,suspicious high-value payment disputed by customer.,1317.13,2026-01-22 00:00:00,2026-01-24 00:00:00,2026-02-21 00:00:00,IN_PROGRESS,HIGH,Suspected Fraud,IVR,2.0,True,False,True,9287.96,Transportation,FAILED,False
CBK0001670,TXN00018666,USR83277,MCH7513,Suspicious high-value payment disputed by customer.,1677.0,,2026-03-06 00:00:00,2026-03-25 00:00:00,OPEN,MEDIUM,Unauthorized Transaction,Branch,,True,False,True,13507.28,Apparel,SUCCESS,False
CBK0000931,TXN00005802,USR60098,MCH6474,user claims account was compromised before transaction.,964.98,2026-01-29 19:01:00,,2026-02-04 05:01:06,OPEN,MEDIUM,Suspected Fraud,IVR,,True,True,True,2513.0,Transportation,SUCCESS,False
CBK0001176,TXN00012064,USR50427,MCH3651,Suspicious high-value payment disputed by customer.,786.31,2026-03-28 00:00:00,2026-03-29 00:00:00,2026-04-04 00:00:00,IN_PROGRESS,MEDIUM,Unauthorized Transaction,Email,1.0,True,False,False,16173.67,,SUCCESS,False
CBK0001027,TXN00002451,USR57852,MCH2510,Customer complaint text unclear due to poor call center notes.,224.97,2026-03-01 00:00:00,2026-03-07 00:00:00,,RESOLVED,MEDIUM,Service Not Delivered,Call Center,6.0,True,False,True,6763.49,Hotel / Lodging,SUCCESS,False
CBK0001490,TXN00003514,USR77962,MCH9344,USER SAYS UPI PIN WAS NOT ENTERED BY THEM.,1510.93,2026-03-15 00:00:00,2026-03-25 00:00:00,2026-04-19 00:00:00,PENDING_BANK,MEDIUM,Service Not Delivered,Chatbot,10.0,True,False,False,20426.18,Department Store,SUCCESS,False
CBK0000732,TXN00004610,USR32036,MCH3057,Suspicious high-value payment disputed by customer.,5879.13,2026-01-01 22:58:19,2026-02-16 08:58:00,2026-02-18 00:00:00,RESOLVED,MEDIUM,Suspected Fraud,Email,45.0,True,True,True,9423.14,Medical / Pharmacy,PENDING,False
CBK0000216,TXN00011136,USR94832,MCH2451,user reports money deducted but merchant denies receiving payment.,4064.12,,2026-02-10 05:09:00,,REJECTED,MEDIUM,Service Not Delivered,IVR,,True,False,True,4064.12,Medical / Pharmacy,SUCCESS,True
CBK0002070,TXN00002337,USR40538,MCH4812,Merchant service was not delivered after payment.,11411.35,2026-02-24 00:00:00,2026-03-07 00:00:00,2026-03-11 06:38:28,CLOSED,CRITICAL,Suspected Fraud,Branch,11.0,True,False,True,11411.35,Telecom,FAILED,True
CBK0001887,TXN00011174,USR84917,MCH4909,User reports money deducted but merchant denies receiving payment.,2412.7,,2026-03-01 00:00:00,,PENDING_BANK,MEDIUM,Customer Dispute,IVR,,True,True,True,17339.74,Transportation,SUCCESS,False
CBK0001789,TXN00007455,USR44134,MCH3520,merchant service was not delivered after payment.,1002.8,2026-01-02 00:00:00,2026-01-05 00:00:00,2026-01-18 00:00:00,OPEN,HIGH,Service Not Delivered,IVR,3.0,True,False,True,21784.63,Misc Retail,SUCCESS,False
CBK0000641,TXN00007177,USR11036,MCH3177,Customer says amount was debited twice.,1628.35,2026-01-17 00:00:00,2026-01-22 00:00:00,2026-01-23 23:48:00,CLOSED,MEDIUM,Unauthorized Transaction,Branch,5.0,True,False,True,24792.24,,FAILED,False
CBK0001964,TXN00002766,USR97332,MCH6356,User claims account was compromised before transaction.,216.49,2026-02-08 00:00:00,2026-02-11 20:51:02,2026-03-05 20:51:00,OPEN,MEDIUM,Customer Dispute,IVR,3.0,True,True,True,23948.77,Grocery,SUCCESS,False
CBK0001842,TXN00012727,USR63387,MCH2945,Customer says amount was debited twice.,847.6,2026-03-26 05:18:01,2026-04-05 10:18:01,2026-04-25 00:00:00,CLOSED,CRITICAL,Wrong Amount,IVR,10.0,True,False,True,20288.21,Grocery,SUCCESS,False
CBK0000974,TXN00010092,USR70647,MCH6974,Merchant service was not delivered after payment.,1533.39,2026-03-16 00:00:00,2026-03-18 00:00:00,2026-03-24 00:00:00,OPEN,LOW,Suspected Fraud,IVR,2.0,True,False,True,4043.81,Telecom,SUCCESS,False
CBK0001292,TXN00018296,USR56334,MCH1320,USER CLAIMS ACCOUNT WAS COMPROMISED BEFORE TRANSACTION.,849.13,2026-03-11 00:00:00,2026-03-11 00:00:00,2026-03-13 00:56:00,CLOSED,MEDIUM,Duplicate Debit,IVR,0.0,True,True,True,16490.4,Hotel / Lodging,SUCCESS,False
CBK0002754,TXN00014491,USR40425,MCH1768,Complaint received after multiple failed attempts.,3840.0,2026-01-10 00:00:00,2026-01-13 13:24:00,,IN_PROGRESS,LOW,Account Takeover,IVR,3.0,True,False,True,21752.5,Grocery,SUCCESS,False
CBK0002287,TXN00004573,USR40925,MCH4181,Customer says amount was debited twice.,495.68,2026-02-09 08:18:39,2026-02-04 00:00:00,2026-02-27 00:00:00,CLOSED,MEDIUM,Wrong Amount,IVR,,True,False,False,5984.27,Medical / Pharmacy,SUCCESS,False
CBK0000037,TXN00005659,USR96672,MCH9397,User reports money deducted but merchant denies receiving payment.,2505.44,2026-03-07 00:00:00,2026-03-13 00:00:00,2026-03-18 14:18:00,IN_PROGRESS,MEDIUM,Customer Dispute,IVR,6.0,True,True,True,24068.69,Apparel,SUCCESS,False
CBK0000726,TXN00016050,USR43040,MCH4578,User says UPI PIN was not entered by them.,1426.42,2026-01-18 00:00:00,2026-01-26 00:00:00,2026-01-27 00:00:00,RESOLVED,MEDIUM,Wrong Amount,IVR,8.0,True,False,True,19113.0,Misc Retail,SUCCESS,False
CBK0002577,TXN00004121,USR90720,MCH8154,Complaint received after multiple failed attempts.,7340.9,2026-01-03 20:31:00,,2026-02-01 00:00:00,IN_PROGRESS,HIGH,Duplicate Debit,Chatbot,,True,False,True,7340.9,Book Store,SUCCESS,True
CBK0001624,TXN00012795,USR83035,MCH3452,CUSTOMER SAYS AMOUNT WAS DEBITED TWICE.,4081.84,2026-01-26 00:00:00,2026-01-28 16:03:00,2026-02-10 16:03:46,CLOSED,MEDIUM,Service Not Delivered,IVR,2.0,True,True,True,10346.98,Transportation,SUCCESS,False
CBK0002259,TXN00013350,USR98061,MCH8037,Complaint received after multiple failed attempts.,1837.87,2026-02-03 00:00:00,2026-02-09 01:39:01,2026-02-19 01:39:01,PENDING_BANK,MEDIUM,Service Not Delivered,Chatbot,6.0,True,False,True,12547.56,Medical / Pharmacy,SUCCESS,False
CBK0002144,TXN00008909,USR70631,MCH6347,Customer complaint text unclear due to poor call center notes.,660.0,,2026-01-14 00:00:00,,RESOLVED,LOW,Unauthorized Transaction,Call Center,,True,True,False,13847.67,Department Store,SUCCESS,False
CBK0001300,TXN00009464,USR85148,MCH7648,Merchant service was not delivered after payment.,2154.73,2026-02-09 00:00:00,,2026-03-06 00:00:00,PENDING_BANK,HIGH,Account Takeover,IVR,,True,False,True,12180.53,Misc Retail,SUCCESS,False
CBK0002037,TXN00000736,USR80842,MCH3769,User reports money deducted but merchant denies receiving payment.,21931.0,2026-03-15 00:00:00,2026-03-11 00:00:00,2026-03-22 00:00:00,IN_PROGRESS,LOW,Account Takeover,Chatbot,,True,False,False,21931.0,Transportation,SUCCESS,True
CBK0001277,TXN00010511,USR79673,MCH3992,User says UPI PIN was not entered by them.,12071.05,2026-02-16 11:35:00,2026-02-22 10:35:24,2026-02-27 00:00:00,CLOSED,LOW,Customer Dispute,Email,5.0,True,False,False,3048.47,Transportation,SUCCESS,False
CBK0001875,TXN00017156,USR39926,MCH4882,user reports money deducted but merchant denies receiving payment.,1059.67,2026-02-11 00:00:00,2026-02-15 05:57:47,2026-03-12 05:57:00,REJECTED,MEDIUM,Account Takeover,App,4.0,True,True,False,8357.03,Medical / Pharmacy,SUCCESS,False
CBK0002724,TXN00007282,USR52296,MCH8854,Payment made to unknown merchant as per customer statement.,9729.28,2026-01-22 20:50:32,2026-01-24 00:00:00,2026-02-14 00:00:00,PENDING_BANK,MEDIUM,Wrong Amount,Branch,1.0,True,True,True,1348.88,Transportation,SUCCESS,False
CBK0002354,TXN00009248,USR72500,MCH5264,user claims account was compromised before transaction.,728.36,2026-01-14 00:00:00,2026-01-17 03:47:00,2026-02-07 00:00:00,RESOLVED,CRITICAL,Wrong Amount,Email,3.0,True,False,False,11262.13,Medical / Pharmacy,SUCCESS,False
CBK0002027,TXN00002894,USR72952,MCH7286,Customer says amount was debited twice. pls check asap,16370.0,2026-01-10 00:00:00,2026-01-10 21:26:42,2026-02-08 00:00:00,IN_PROGRESS,MEDIUM,Customer Dispute,Chatbot,0.0,True,False,False,16370.0,Grocery,SUCCESS,True
CBK0001440,TXN00009124,USR51720,MCH1539,Customer says transaction was not authorized.,253.0,2026-02-06 01:11:28,2026-03-08 00:00:00,2026-03-18 00:00:00,IN_PROGRESS,MEDIUM,Service Not Delivered,IVR,29.0,True,False,False,22377.72,Grocery,FAILED,False
CBK0001493,TXN00006595,USR31543,MCH5575,USER SAYS UPI PIN WAS NOT ENTERED BY THEM.,2625.77,2026-01-18 00:00:00,2026-01-24 00:00:00,2026-01-28 00:00:00,PENDING_BANK,LOW,Wrong Amount,Call Center,6.0,True,True,True,18727.49,Medical / Pharmacy,SUCCESS,False
CBK0002689,TXN00011270,USR88203,MCH3731,Payment made to unknown merchant as per customer statement.,662.0,2026-03-05 01:07:52,2026-03-08 08:07:00,2026-03-23 08:07:52,OPEN,LOW,Service Not Delivered,Chatbot,3.0,True,False,False,6619.68,Restaurant,SUCCESS,False
CBK0001217,TXN00010449,USR44544,MCH3100,User claims account was compromised before transaction.,1852.3,2026-01-21 23:13:16,2026-01-27 02:13:16,2026-02-22 00:00:00,RESOLVED,LOW,Service Not Delivered,Call Center,5.0,True,False,False,11904.78,Grocery,SUCCESS,False
CBK0001517,TXN00016968,USR40843,MCH2266,Merchant service was not delivered after payment.,1768.72,2026-03-06 00:00:00,2026-03-11 23:37:25,2026-04-04 00:00:00,REJECTED,MEDIUM,Account Takeover,App,5.0,True,False,True,5931.54,Transportation,SUCCESS,False
CBK0001187,TXN00012133,USR31699,MCH5290,Complaint received after multiple failed attempts.,1491.37,2026-03-08 00:00:00,2026-03-12 04:19:58,2026-03-19 00:00:00,PENDING_BANK,LOW,Account Takeover,App,4.0,True,False,False,6861.6,,SUCCESS,False
CBK0001516,TXN00013162,USR27947,MCH4181,Customer says transaction was not authorized.,221.35,2026-02-26 00:00:00,2026-03-04 00:00:00,,CLOSED,HIGH,Service Not Delivered,App,6.0,True,True,False,14831.72,,SUCCESS,False
CBK0000320,TXN00014355,USR27329,MCH4446,Merchant service was not delivered after payment.,493.43,2026-03-11 07:51:22,2026-03-07 07:51:22,2026-04-02 07:51:22,PENDING_BANK,MEDIUM,Duplicate Debit,Chatbot,,True,False,False,2366.87,Medical / Pharmacy,SUCCESS,False
CBK0001107,TXN00044609,USR77130,MCH2757,Customer complaint text unclear due to poor call center notes.,771.44,2026-03-31 00:00:00,,2026-05-16 15:06:00,RESOLVED,MEDIUM,Customer Dispute,App,,False,False,True,,,,False
CBK0002375,TXN00011957,USR43004,MCH4590,User reports money deducted but merchant denies receiving payment.,569.94,2026-02-22 00:00:00,2026-03-09 00:00:00,2026-03-10 00:00:00,IN_PROGRESS,MEDIUM,Account Takeover,Email,15.0,True,True,False,16964.8,Medical / Pharmacy,SUCCESS,False
CBK0000151,TXN00005861,USR31659,MCH5954,User reports money deducted but merchant denies receiving payment.,10091.73,2026-03-21 00:00:00,2026-03-23 00:00:00,2026-03-29 00:00:00,REJECTED,LOW,Wrong Amount,Email,2.0,True,False,True,11390.32,Hotel / Lodging,SUCCESS,False
CBK0001351,TXN00015779,USR29306,MCH1450,customer complaint text unclear due to poor call center notes.,3948.0,2026-01-06 00:00:00,2026-01-08 20:17:00,2026-01-17 00:00:00,OPEN,LOW,Account Takeover,Chatbot,2.0,True,False,True,839.58,Telecom,SUCCESS,False
CBK0001111,TXN00009206,USR23400,MCH6695,Merchant service was not delivered after payment.,1313.0,2026-01-09 00:00:00,2026-01-11 07:25:00,2026-02-04 00:00:00,OPEN,HIGH,Service Not Delivered,Call Center,2.0,True,False,False,1911.36,Grocery,SUCCESS,False
CBK0000545,TXN00011868,USR25128,MCH3714,Payment made to unknown merchant as per customer statement.,1080.46,2026-02-02 00:00:00,2026-02-04 13:11:50,,PENDING_BANK,LOW,Account Takeover,Chatbot,2.0,True,False,False,530.92,Transportation,SUCCESS,False
CBK0002717,TXN00010611,USR62341,MCH6810,User says UPI PIN was not entered by them.,1248.48,2026-01-04 00:00:00,2026-01-06 00:00:00,2026-01-21 00:19:00,REJECTED,HIGH,Customer Dispute,Chatbot,2.0,True,False,False,13418.5,Medical / Pharmacy,FAILED,False
CBK0001384,TXN00016135,USR75723,MCH7246,Merchant service was not delivered after payment.,830.69,2026-02-09 19:42:43,2026-02-11 00:00:00,2026-03-04 00:00:00,OPEN,MEDIUM,Unauthorized Transaction,Chatbot,1.0,True,False,True,5150.55,Medical / Pharmacy,SUCCESS,False
CBK0002625,TXN00004157,USR67803,MCH8154,Customer says transaction was not authorized.,269.0,2026-01-25 00:00:00,2026-02-04 00:00:00,2026-02-22 00:00:00,OPEN,LOW,Customer Dispute,Call Center,10.0,True,True,True,13512.08,Transportation,SUCCESS,False
CBK0002253,TXN00003501,USR85258,MCH4018,Payment made to unknown merchant as per customer statement.,717.53,2026-01-30 19:42:00,,2026-02-13 15:42:37,RESOLVED,MEDIUM,Customer Dispute,Call Center,,True,True,False,7170.12,Medical / Pharmacy,SUCCESS,False
CBK0002128,TXN00007497,USR22535,MCH7048,User claims account was compromised before transaction. urgent,5331.95,2026-02-09 16:05:34,2026-02-10 15:05:00,2026-02-13 00:00:00,IN_PROGRESS,HIGH,Suspected Fraud,App,0.0,True,False,True,1823.64,Department Store,SUCCESS,False
CBK0000184,TXN00001095,USR35485,MCH7351,User claims account was compromised before transaction.,1383.39,2026-03-06 00:00:00,2026-03-09 00:00:00,2026-03-25 00:00:00,REJECTED,MEDIUM,Customer Dispute,IVR,3.0,True,False,False,5774.44,,FAILED,False
CBK0001646,TXN00008404,USR50087,MCH8857,Customer complaint text unclear due to poor call center notes.,6003.55,2026-02-06 00:00:00,2026-02-06 00:00:00,2026-03-07 00:00:00,IN_PROGRESS,LOW,Unauthorized Transaction,IVR,0.0,True,False,False,13464.22,Misc Retail,SUCCESS,False
CBK0002445,TXN00087166,USR20310,MCH3100,User says UPI PIN was not entered by them.,2084.49,2026-02-12 00:00:00,2026-02-20 00:00:00,2026-03-11 01:21:40,RESOLVED,MEDIUM,Account Takeover,Call Center,8.0,False,True,False,,,,False
CBK0001479,TXN00008854,USR96222,MCH8391,Suspicious high-value payment disputed by customer.,2299.14,2026-03-12 23:27:49,2026-03-18 00:00:00,2026-04-15 13:27:49,REJECTED,MEDIUM,Wrong Amount,Chatbot,5.0,True,False,True,17248.63,Restaurant,SUCCESS,False
CBK0002009,TXN00007679,USR85277,MCH4226,USER REPORTS MONEY DEDUCTED BUT MERCHANT DENIES RECEIVING PAYMENT.,504.58,2026-02-24 19:29:47,2026-02-28 11:29:00,,OPEN,HIGH,Service Not Delivered,Branch,3.0,True,False,False,1848.35,Transportation,SUCCESS,False
CBK0002490,,USR43455,MCH9521,USER CLAIMS ACCOUNT WAS COMPROMISED BEFORE TRANSACTION.,1266.0,2026-01-09 00:00:00,2026-01-17 00:00:00,2026-01-29 00:00:00,RESOLVED,HIGH,Service Not Delivered,Chatbot,8.0,False,True,True,,,,False
CBK0001380,TXN00009008,USR35697,MCH7809,USER SAYS UPI PIN WAS NOT ENTERED BY THEM.,743.0,2026-03-23 00:00:00,2026-03-25 00:00:00,2026-04-09 12:19:42,REJECTED,LOW,Customer Dispute,IVR,2.0,True,False,False,14459.96,Medical / Pharmacy,SUCCESS,False
CBK0002216,TXN00007764,USR83977,MCH3026,User claims account was compromised before transaction.,6398.47,2026-03-19 00:00:00,2026-03-25 00:00:00,,OPEN,MEDIUM,Customer Dispute,Chatbot,6.0,True,False,False,17835.91,Grocery,SUCCESS,False
CBK0001727,TXN00016545,USR45053,MCH5655,Customer complaint text unclear due to poor call center notes.,268.66,2026-03-04 18:43:59,2026-03-07 00:00:00,2026-03-14 00:00:00,IN_PROGRESS,MEDIUM,Service Not Delivered,App,2.0,True,True,False,16290.39,Transportation,SUCCESS,False
CBK0000270,TXN00010202,USR15203,MCH5264,Payment made to unknown merchant as per customer statement.,1328.22,2026-01-23 00:00:00,2026-01-25 00:00:00,2026-02-02 00:00:00,PENDING_BANK,LOW,Suspected Fraud,Branch,2.0,True,False,False,4310.78,,SUCCESS,False
CBK0000511,TXN00018141,USR72986,MCH8779,Customer complaint text unclear due to poor call center notes.,4311.27,2026-03-16 00:00:00,2026-03-19 00:00:00,2026-03-28 00:00:00,RESOLVED,MEDIUM,Service Not Delivered,App,3.0,True,False,True,8545.37,Medical / Pharmacy,SUCCESS,False
CBK0002731,TXN00000182,USR78938,MCH8953,user claims account was compromised before transaction.,17413.88,2026-02-11 00:00:00,2026-02-17 00:00:00,2026-02-26 00:00:00,CLOSED,HIGH,Customer Dispute,App,6.0,True,False,True,2845.7,Restaurant,SUCCESS,False
CBK0001334,TXN00013020,USR94669,MCH6850,User reports money deducted but merchant denies receiving payment.,2027.64,,2026-03-11 00:00:00,2026-03-27 00:00:00,IN_PROGRESS,MEDIUM,Wrong Amount,IVR,,True,False,False,24429.8,Restaurant,SUCCESS,False
CBK0000009,TXN00007204,USR51727,MCH4175,Suspicious high-value payment disputed by customer.,4713.91,2026-03-15 00:00:00,2026-03-17 00:00:00,,REJECTED,HIGH,Account Takeover,Branch,2.0,True,False,False,2824.1,Hotel / Lodging,SUCCESS,False
CBK0000733,TXN00012362,USR55838,MCH4181,User says UPI PIN was not entered by them.,4043.04,2026-02-05 12:02:58,2026-02-06 00:00:00,2026-02-08 15:02:00,OPEN,CRITICAL,Account Takeover,Branch,0.0,True,False,False,8439.86,Grocery,SUCCESS,False
CBK0001152,TXN00008504,USR31293,MCH1317,User reports money deducted but merchant denies receiving payment.,588.2,2026-02-15 23:32:00,2026-02-16 13:32:23,2026-03-06 13:32:23,PENDING_BANK,MEDIUM,Suspected Fraud,Branch,0.0,True,False,False,24306.02,Misc Retail,FAILED,False
CBK0000886,TXN00012882,USR83501,MCH3412,Payment made to unknown merchant as per customer statement.,1791.89,2026-01-13 00:00:00,2026-01-15 10:24:32,2026-01-28 00:00:00,RESOLVED,MEDIUM,Suspected Fraud,Chatbot,2.0,True,False,True,20095.76,Transportation,SUCCESS,False
CBK0002753,TXN00006756,USR69271,MCH1635,Payment made to unknown merchant as per customer statement.,988.98,2026-03-28 00:00:00,2026-04-28 00:00:00,,PENDING_BANK,MEDIUM,Service Not Delivered,Branch,31.0,True,False,False,11245.09,Telecom,SUCCESS,False
CBK0001224,TXN00008299,USR61715,MCH1151,SUSPICIOUS HIGH-VALUE PAYMENT DISPUTED BY CUSTOMER.,1586.53,2026-01-04 00:00:00,2026-01-07 00:00:00,2026-02-03 03:47:20,OPEN,MEDIUM,Suspected Fraud,Email,3.0,True,False,False,718.15,Medical / Pharmacy,SUCCESS,False
CBK0000155,TXN00010068,USR53527,MCH9030,Merchant service was not delivered after payment.,2128.78,2026-03-12 00:00:00,2026-03-14 00:00:00,2026-03-17 00:00:00,PENDING_BANK,LOW,Unauthorized Transaction,Chatbot,2.0,True,False,False,18806.35,Grocery,SUCCESS,False
CBK0001466,TXN00015318,USR91423,MCH3984,Suspicious high-value payment disputed by customer.,3397.0,2026-02-16 14:22:00,2026-02-19 00:00:00,2026-03-21 00:00:00,CLOSED,MEDIUM,Service Not Delivered,Chatbot,2.0,True,False,True,5836.35,Medical / Pharmacy,SUCCESS,False
CBK0001664,TXN00018525,USR61151,MCH2048,User reports money deducted but merchant denies receiving payment.,263.29,2026-01-18 00:00:00,2026-01-17 00:00:00,2026-02-10 20:54:30,PENDING_BANK,LOW,Suspected Fraud,Chatbot,,True,False,False,7842.13,Restaurant,SUCCESS,False
CBK0001452,TXN00008175,USR21384,MCH2062,Customer says amount was debited twice.,7668.14,2026-02-22 00:00:00,2026-03-01 07:14:00,,OPEN,LOW,Customer Dispute,App,7.0,True,False,False,15955.94,Transportation,SUCCESS,False
CBK0002640,TXN00005546,USR34195,MCH2365,User claims account was compromised before transaction.,1518.0,2026-02-24 10:34:00,2026-02-25 16:34:00,,OPEN,LOW,Duplicate Debit,Call Center,1.0,True,True,False,1891.22,Hotel / Lodging,SUCCESS,False
CBK0000867,TXN00019528,USR25296,MCH5076,User claims account was compromised before transaction.,2653.08,2026-01-31 00:00:00,2026-01-29 00:00:00,2026-02-14 14:43:00,CLOSED,MEDIUM,Service Not Delivered,Chatbot,,True,False,False,7293.76,Apparel,SUCCESS,False
CBK0002768,TXN00068399,USR40977,MCH2404,User claims account was compromised before transaction.,562.25,,2026-01-31 00:00:00,2026-02-03 07:38:22,OPEN,HIGH,Unauthorized Transaction,Chatbot,,False,True,True,,,,False
CBK0001778,TXN00019856,USR11814,MCH9334,Complaint received after multiple failed attempts. call dropped,19902.97,2026-02-02 10:18:46,2026-02-03 21:18:46,2026-02-12 00:00:00,PENDING_BANK,HIGH,Account Takeover,Chatbot,1.0,True,False,False,19902.97,Grocery,SUCCESS,True
CBK0002238,TXN00002006,USR76792,MCH3459,Payment made to unknown merchant as per customer statement. details missing,637.05,,2026-01-29 00:00:00,2026-02-20 00:00:00,OPEN,MEDIUM,Service Not Delivered,Email,,True,False,True,18987.36,Transportation,SUCCESS,False
CBK0001923,TXN00016966,USR62899,MCH8181,customer complaint text unclear due to poor call center notes.,1081.02,2026-01-10 00:00:00,2026-01-14 00:00:00,2026-01-21 00:00:00,RESOLVED,LOW,Duplicate Debit,Email,4.0,True,False,True,17138.31,,FAILED,False
CBK0000471,TXN00007267,USR46455,MCH8953,Merchant service was not delivered after payment.,890.07,2026-01-05 18:57:21,2026-01-20 19:57:21,,REJECTED,LOW,Duplicate Debit,Chatbot,15.0,True,True,True,4795.33,Grocery,SUCCESS,False
CBK0001626,TXN00049458,USR11987,MCH8783,User claims account was compromised before transaction.,12414.63,2026-02-20 00:00:00,2026-02-22 18:45:00,2026-03-03 00:00:00,OPEN,CRITICAL,Customer Dispute,Branch,2.0,False,True,False,,,,False
CBK0002210,TXN00005430,USR83180,MCH5840,Complaint received after multiple failed attempts.,1006.88,2026-02-28 17:08:00,2026-03-31 13:08:00,2026-04-25 13:08:00,PENDING_BANK,MEDIUM,Unauthorized Transaction,IVR,30.0,True,True,False,17902.0,,SUCCESS,False
CBK0000127,TXN00007654,USR54113,MCH3992,Customer complaint text unclear due to poor call center notes.,1028.53,2026-03-06 00:00:00,2026-04-20 00:00:00,2026-05-05 21:02:00,PENDING_BANK,MEDIUM,Duplicate Debit,Chatbot,45.0,True,False,False,20309.81,Telecom,SUCCESS,False
CBK0000705,TXN00001152,USR35882,MCH9206,customer complaint text unclear due to poor call center notes.,1038.46,2026-03-27 00:00:00,2026-03-28 00:00:00,2026-04-03 06:16:00,REJECTED,MEDIUM,Duplicate Debit,Chatbot,1.0,True,False,False,20926.96,Hotel / Lodging,FAILED,False
CBK0000507,TXN00012054,USR64199,MCH5589,Complaint received after multiple failed attempts.,666.76,2026-03-02 13:39:09,,2026-03-30 13:39:09,IN_PROGRESS,HIGH,Suspected Fraud,Call Center,,True,True,False,18927.3,Transportation,SUCCESS,False
CBK0002408,TXN00013519,USR21313,MCH4396,Merchant service was not delivered after payment.,4980.8,2026-01-07 08:45:00,2026-01-10 14:45:00,2026-02-08 00:00:00,IN_PROGRESS,HIGH,Service Not Delivered,Chatbot,3.0,True,True,False,6440.98,Restaurant,SUCCESS,False
CBK0002332,TXN00002710,USR70317,MCH5459,User claims account was compromised before transaction.,2072.0,2026-02-12 00:00:00,2026-02-13 00:00:00,,RESOLVED,LOW,Service Not Delivered,Chatbot,1.0,True,False,True,7339.78,Book Store,SUCCESS,False
CBK0000698,TXN00005431,USR66398,MCH1320,customer says transaction was not authorized.,1631.64,2026-03-31 13:31:09,2026-04-02 00:00:00,2026-04-22 11:31:00,REJECTED,HIGH,Duplicate Debit,Email,1.0,True,False,True,15187.04,Apparel,SUCCESS,False
CBK0000383,TXN00013042,USR84199,MCH9709,complaint received after multiple failed attempts.,5855.28,2026-03-27 00:00:00,2026-03-28 07:14:43,2026-04-24 00:00:00,CLOSED,MEDIUM,Account Takeover,Branch,1.0,True,False,False,16031.58,,SUCCESS,False
CBK0001198,TXN00016001,USR34436,MCH2936,Payment made to unknown merchant as per customer statement.,812.93,,2026-02-05 06:11:00,2026-02-22 00:00:00,OPEN,HIGH,Suspected Fraud,Chatbot,,True,False,False,120.0,Department Store,FAILED,False
CBK0002194,,USR21052,MCH3797,User reports money deducted but merchant denies receiving payment.,,2026-03-08 00:00:00,2026-03-12 00:00:00,,OPEN,CRITICAL,Unauthorized Transaction,App,4.0,False,True,True,,,,True
CBK0001129,TXN00019231,USR32448,MCH5534,User reports money deducted but merchant denies receiving payment.,1213.34,2026-03-02 00:00:00,2026-03-07 00:00:00,2026-03-26 00:00:00,PENDING_BANK,LOW,Customer Dispute,Chatbot,5.0,True,False,False,9050.82,Hotel / Lodging,SUCCESS,False
CBK0002586,TXN00016107,USR77915,MCH8391,Payment made to unknown merchant as per customer statement.,800.72,2026-03-15 00:00:00,2026-04-14 10:20:30,2026-05-12 10:20:00,OPEN,LOW,Customer Dispute,Branch,30.0,True,False,True,11805.47,Transportation,SUCCESS,False
CBK0001794,TXN00009546,USR84804,MCH3045,Customer says transaction was not authorized.,562.28,2026-03-13 00:00:00,2026-03-14 00:00:00,2026-03-16 10:34:00,OPEN,MEDIUM,Customer Dispute,App,1.0,True,False,False,2692.95,,SUCCESS,False
CBK0000707,TXN00009174,USR25529,MCH1041,Complaint received after multiple failed attempts.,3544.0,2026-03-28 00:00:00,2026-04-28 00:00:00,2026-05-04 00:00:00,IN_PROGRESS,LOW,Service Not Delivered,App,31.0,True,False,True,1911.74,Grocery,SUCCESS,False
CBK0000675,TXN00002371,USR78353,MCH5277,customer says amount was debited twice.,7577.71,2026-02-26 00:00:00,2026-03-09 00:00:00,2026-03-10 00:00:00,REJECTED,MEDIUM,Service Not Delivered,Email,11.0,True,False,True,16310.77,Grocery,SUCCESS,False
CBK0000461,TXN00013811,USR98133,MCH3815,User says UPI PIN was not entered by them. details missing,2059.37,2026-03-18 22:28:00,2026-03-21 00:00:00,,PENDING_BANK,MEDIUM,Account Takeover,App,2.0,True,True,False,20146.04,Transportation,SUCCESS,False
CBK0000077,TXN00016365,USR65949,MCH5705,User reports money deducted but merchant denies receiving payment.,287.37,2026-01-17 10:07:00,2026-01-18 13:07:29,2026-02-05 00:00:00,RESOLVED,LOW,Duplicate Debit,App,1.0,True,False,True,430.66,Department Store,SUCCESS,False
CBK0000606,TXN00009406,USR72675,MCH2266,Merchant service was not delivered after payment.,2488.0,,2026-01-13 16:20:00,2026-01-24 16:20:00,REJECTED,MEDIUM,Service Not Delivered,IVR,,True,False,True,10185.27,Hotel / Lodging,SUCCESS,False
CBK0000880,TXN00018703,USR63444,MCH2434,suspicious high-value payment disputed by customer.,1513.0,2026-01-31 00:00:00,2026-02-07 00:00:00,2026-02-21 16:50:46,IN_PROGRESS,CRITICAL,Service Not Delivered,Branch,7.0,True,True,False,8203.94,,SUCCESS,False
CBK0001536,TXN00003677,USR67399,MCH1566,Customer says transaction was not authorized. pls check asap,1364.35,2026-02-23 02:32:00,2026-02-28 15:32:00,,RESOLVED,LOW,Service Not Delivered,Email,5.0,True,False,False,4345.67,Transportation,SUCCESS,False
CBK0002472,TXN00013665,USR72656,MCH2756,Suspicious high-value payment disputed by customer. pls check asap,616.17,2026-03-04 14:52:38,2026-03-07 00:00:00,2026-04-06 10:52:38,RESOLVED,HIGH,Wrong Amount,Chatbot,2.0,True,False,False,11786.2,Apparel,SUCCESS,False
CBK0002484,TXN00005205,USR19551,MCH5064,Complaint received after multiple failed attempts.,6694.94,2026-02-26 00:00:00,2026-03-04 00:00:00,,RESOLVED,HIGH,Customer Dispute,IVR,6.0,True,True,True,24415.67,Hotel / Lodging,SUCCESS,False
CBK0002036,TXN00014884,USR50473,MCH6069,Customer says amount was debited twice.,11671.19,2026-02-20 00:00:00,2026-02-24 00:00:00,2026-03-19 00:00:00,IN_PROGRESS,MEDIUM,Duplicate Debit,IVR,4.0,True,False,True,11671.19,Medical / Pharmacy,SUCCESS,True
CBK0000666,,USR33350,MCH6639,User says UPI PIN was not entered by them. call dropped,8521.71,,2026-01-11 03:18:30,2026-01-28 00:00:00,RESOLVED,MEDIUM,Customer Dispute,Chatbot,,False,True,True,,,,False
CBK0002496,TXN00016961,USR12384,MCH4196,CUSTOMER SAYS TRANSACTION WAS NOT AUTHORIZED.,433.87,2026-02-26 13:00:00,2026-03-14 12:00:58,2026-04-10 00:00:00,OPEN,MEDIUM,Service Not Delivered,Branch,15.0,True,False,False,15201.0,Transportation,SUCCESS,False
CBK0002579,TXN00002668,USR57244,MCH3590,User claims account was compromised before transaction.,551.59,2026-02-02 00:00:00,2026-02-05 00:00:00,2026-03-03 00:00:00,REJECTED,HIGH,Unauthorized Transaction,Chatbot,3.0,True,False,False,16294.0,Restaurant,FAILED,False
CBK0001621,TXN00006638,USR85507,MCH6644,User reports money deducted but merchant denies receiving payment.,2742.66,2026-01-03 00:00:00,2026-01-19 00:00:00,2026-02-08 00:00:00,OPEN,CRITICAL,Wrong Amount,Chatbot,16.0,True,False,False,14688.37,Misc Retail,SUCCESS,False
CBK0002033,TXN00018868,USR88284,MCH2152,Merchant service was not delivered after payment.,180.66,2026-03-09 12:13:27,2026-03-13 00:00:00,2026-04-09 00:00:00,CLOSED,HIGH,Account Takeover,Chatbot,3.0,True,False,True,19826.63,Restaurant,SUCCESS,False
CBK0000887,TXN00005845,USR53491,MCH4767,Customer says amount was debited twice.,21839.62,2026-01-18 10:49:09,2026-01-21 00:00:00,2026-01-27 00:00:00,PENDING_BANK,CRITICAL,Customer Dispute,Chatbot,2.0,True,False,True,21839.62,Restaurant,SUCCESS,True
CBK0002341,TXN00012704,USR27290,MCH3954,User reports money deducted but merchant denies receiving payment.,2025.76,2026-01-19 00:00:00,2026-01-22 23:30:00,2026-02-07 00:00:00,CLOSED,HIGH,Suspected Fraud,Branch,3.0,True,False,False,18043.52,Transportation,SUCCESS,False
CBK0002499,TXN00012098,USR40113,MCH9719,merchant service was not delivered after payment.,708.0,2026-02-09 05:17:08,,2026-02-19 08:17:00,REJECTED,LOW,Service Not Delivered,Email,,True,True,False,21827.16,,SUCCESS,False
CBK0002356,TXN00014945,USR84844,MCH5076,Suspicious high-value payment disputed by customer.,1720.02,2026-03-20 19:35:48,2026-03-21 00:00:00,2026-03-25 00:00:00,REJECTED,MEDIUM,Customer Dispute,App,0.0,True,True,False,3447.43,Book Store,SUCCESS,False
CBK0000488,TXN00008670,USR17815,MCH6810,User claims account was compromised before transaction.,992.85,2026-03-03 00:00:00,,2026-03-27 00:00:00,IN_PROGRESS,LOW,Customer Dispute,Chatbot,,True,True,False,20270.15,Hotel / Lodging,SUCCESS,False
CBK0001653,TXN00008030,USR83418,MCH6033,Customer says amount was debited twice.,1200.17,2026-02-02 00:00:00,2026-03-20 00:00:00,2026-03-28 11:43:48,RESOLVED,MEDIUM,Service Not Delivered,IVR,46.0,True,False,True,20154.0,Transportation,FAILED,False
CBK0002360,TXN00016689,USR22630,MCH6419,User claims account was compromised before transaction.,2052.97,2026-03-05 00:00:00,2026-03-11 00:00:00,,PENDING_BANK,LOW,Unauthorized Transaction,Call Center,6.0,True,False,True,13621.76,Hotel / Lodging,SUCCESS,False
CBK0002567,TXN00016286,USR90993,MCH5462,Payment made to unknown merchant as per customer statement.,1887.01,2026-03-13 02:22:00,2026-03-18 09:22:00,2026-04-16 00:00:00,CLOSED,MEDIUM,Service Not Delivered,Chatbot,5.0,True,True,False,16172.91,Department Store,SUCCESS,False
CBK0002701,TXN00015262,USR47926,MCH5959,Customer says amount was debited twice. NA,2260.38,2026-01-07 15:19:00,2026-01-08 00:00:00,2026-01-29 00:00:00,OPEN,LOW,Customer Dispute,IVR,0.0,True,False,True,20808.25,Hotel / Lodging,SUCCESS,False
CBK0001076,TXN00014751,USR40036,MCH9461,Customer says amount was debited twice.,1337.67,2026-01-15 00:00:00,2026-01-16 00:00:00,,PENDING_BANK,MEDIUM,Duplicate Debit,Chatbot,1.0,True,False,False,6110.98,Misc Retail,SUCCESS,False
CBK0001229,TXN00014638,USR33934,MCH4422,suspicious high-value payment disputed by customer.,1064.0,,2026-02-05 03:24:10,,CLOSED,LOW,Service Not Delivered,IVR,,True,True,False,10230.57,Grocery,SUCCESS,False
CBK0001253,TXN00048192,USR32413,MCH7724,User claims account was compromised before transaction.,1863.22,2026-03-07 00:00:00,2026-03-09 00:00:00,,PENDING_BANK,LOW,Customer Dispute,IVR,2.0,False,False,True,,,,False
CBK0001863,TXN00004455,USR92111,MCH2672,payment made to unknown merchant as per customer statement.,559.19,2026-01-24 00:00:00,2026-02-01 00:00:00,,RESOLVED,MEDIUM,Suspected Fraud,Email,8.0,True,True,False,21661.92,Hotel / Lodging,SUCCESS,False
CBK0000864,TXN00058515,USR41631,MCH1320,Customer complaint text unclear due to poor call center notes.,216.17,2026-01-21 00:00:00,2026-01-31 15:38:00,,PENDING_BANK,HIGH,Service Not Delivered,Chatbot,10.0,False,True,True,,,,False
CBK0001853,TXN00008375,USR11036,MCH7833,Complaint received after multiple failed attempts.,372.08,2026-01-09 13:20:42,,2026-02-10 19:20:42,RESOLVED,LOW,Duplicate Debit,Branch,,True,False,True,14522.62,Department Store,SUCCESS,False
CBK0001308,TXN00016774,USR71704,MCH4590,Customer says amount was debited twice.,9878.08,2026-03-14 00:00:00,2026-03-19 00:00:00,2026-03-19 00:00:00,PENDING_BANK,CRITICAL,Service Not Delivered,Branch,5.0,True,False,False,18137.53,Misc Retail,SUCCESS,False
CBK0001006,TXN00005755,USR95625,MCH4181,Suspicious high-value payment disputed by customer.,740.85,2026-03-29 16:15:15,2026-04-28 00:00:00,,IN_PROGRESS,MEDIUM,Suspected Fraud,App,29.0,True,False,False,22755.8,Grocery,SUCCESS,False
CBK0001269,TXN00007095,USR24536,MCH8953,User says UPI PIN was not entered by them.,1816.0,2026-02-06 04:54:54,2026-02-07 00:00:00,2026-02-17 08:54:00,IN_PROGRESS,MEDIUM,Unauthorized Transaction,IVR,0.0,True,False,True,8924.51,Grocery,SUCCESS,False
CBK0000607,TXN00007941,USR62254,MCH1419,User reports money deducted but merchant denies receiving payment.,15519.36,2026-03-01 00:00:00,2026-03-05 05:33:21,,REJECTED,LOW,Suspected Fraud,Chatbot,4.0,True,True,False,9094.23,Restaurant,SUCCESS,False
CBK0001541,TXN00011858,USR73594,MCH4651,Payment made to unknown merchant as per customer statement. call dropped,7857.66,2026-03-08 00:00:00,2026-04-07 00:00:00,,OPEN,MEDIUM,Duplicate Debit,Email,30.0,True,False,True,8926.34,Transportation,FAILED,False
CBK0000990,TXN00010883,USR94792,MCH2338,Merchant service was not delivered after payment.,2301.28,2026-03-01 00:00:00,2026-03-04 00:00:00,2026-03-07 00:00:00,CLOSED,CRITICAL,Suspected Fraud,IVR,3.0,True,False,False,9688.41,Department Store,SUCCESS,False
CBK0002713,TXN00016837,USR36321,MCH2065,Customer complaint text unclear due to poor call center notes.,14815.94,2026-03-09 00:00:00,2026-03-13 00:00:00,2026-03-25 00:00:00,REJECTED,HIGH,Customer Dispute,Chatbot,4.0,True,False,False,14815.94,Grocery,PENDING,True
CBK0001590,TXN00014261,USR66321,MCH8391,Complaint received after multiple failed attempts.,750.7,2026-01-02 02:08:36,2026-01-07 00:00:00,2026-01-15 00:00:00,PENDING_BANK,MEDIUM,Service Not Delivered,IVR,4.0,True,False,True,10796.07,Book Store,SUCCESS,False
CBK0002311,TXN00011525,USR73683,MCH3681,Customer complaint text unclear due to poor call center notes.,3875.84,2026-03-29 00:00:00,2026-04-14 00:00:00,2026-05-11 00:00:00,PENDING_BANK,MEDIUM,Customer Dispute,Chatbot,16.0,True,False,False,14263.95,Misc Retail,SUCCESS,False
CBK0001892,TXN00019135,USR46902,MCH3656,Complaint received after multiple failed attempts.,690.96,2026-02-25 00:00:00,2026-02-28 00:00:00,2026-03-03 00:00:00,OPEN,MEDIUM,Unauthorized Transaction,Chatbot,3.0,True,True,True,7631.84,Grocery,SUCCESS,False
CBK0002635,TXN00012235,USR39811,MCH4990,Customer complaint text unclear due to poor call center notes.,10021.84,2026-02-22 12:05:00,2026-02-24 16:05:00,,OPEN,MEDIUM,Duplicate Debit,Call Center,2.0,True,False,True,11832.63,Transportation,SUCCESS,False
CBK0000537,TXN00006837,USR35532,MCH7922,Suspicious high-value payment disputed by customer.,374.0,2026-01-07 00:00:00,2026-01-09 10:28:51,,RESOLVED,MEDIUM,Customer Dispute,Chatbot,2.0,True,False,True,9172.28,,SUCCESS,False
CBK0000081,TXN00016937,USR98012,MCH5770,merchant service was not delivered after payment.,6269.03,2026-01-25 00:00:00,2026-01-27 00:00:00,2026-02-05 00:00:00,RESOLVED,MEDIUM,Wrong Amount,Email,2.0,True,True,True,6186.95,Hotel / Lodging,SUCCESS,False
CBK0000117,TXN00008534,USR46501,MCH8277,Customer says amount was debited twice.,652.86,2026-02-25 00:00:00,2026-03-08 00:00:00,,PENDING_BANK,HIGH,Customer Dispute,Email,11.0,True,True,True,19685.85,Transportation,SUCCESS,False
CBK0001244,TXN00059954,USR15501,MCH3432,Customer complaint text unclear due to poor call center notes.,1289.25,2026-03-12 11:29:14,2026-03-18 00:00:00,2026-03-21 00:00:00,REJECTED,MEDIUM,Duplicate Debit,App,5.0,False,False,False,,,,False
CBK0001057,TXN00013162,USR95375,MCH1477,Customer says transaction was not authorized.,3182.0,2026-03-28 00:00:00,2026-03-30 00:00:00,2026-04-24 10:56:00,IN_PROGRESS,MEDIUM,Customer Dispute,App,2.0,True,True,True,14831.72,,SUCCESS,False
CBK0002085,TXN00099329,USR70175,MCH8953,Suspicious high-value payment disputed by customer.,2454.92,2026-03-07 00:00:00,2026-03-10 00:00:00,2026-04-07 21:00:00,IN_PROGRESS,LOW,Suspected Fraud,Chatbot,3.0,False,True,True,,,,False
CBK0000847,TXN00010448,USR75789,MCH4429,User reports money deducted but merchant denies receiving payment.,387.13,2026-03-26 00:00:00,2026-03-28 00:00:00,2026-03-28 00:00:00,REJECTED,HIGH,Service Not Delivered,Call Center,2.0,True,True,False,16930.28,Apparel,SUCCESS,False
CBK0001388,TXN00008970,USR73474,MCH8142,CUSTOMER SAYS TRANSACTION WAS NOT AUTHORIZED.,4522.0,,2026-04-01 12:45:30,,OPEN,LOW,Duplicate Debit,IVR,,True,False,True,1678.0,Hotel / Lodging,PENDING,False
CBK0002155,TXN00016461,USR71348,MCH4824,Complaint received after multiple failed attempts.,734.05,2026-02-22 18:14:02,2026-02-25 00:00:00,2026-03-05 00:00:00,PENDING_BANK,HIGH,Service Not Delivered,IVR,2.0,True,False,False,1090.07,Misc Retail,SUCCESS,False
CBK0002217,TXN00017718,USR99570,MCH5980,Customer says txn was not authorized.,1451.78,2026-01-20 00:00:00,2026-01-23 00:00:00,2026-02-04 00:00:00,REJECTED,LOW,Customer Dispute,Branch,3.0,True,False,True,8173.69,Telecom,SUCCESS,False
CBK0001218,TXN00074714,USR28268,MCH1154,Merchant service was not delivered after payment.,2166.47,,2026-03-30 00:00:00,2026-04-03 00:00:00,PENDING_BANK,HIGH,Service Not Delivered,Email,,False,False,True,,,,False
CBK0001265,TXN00004057,USR26009,MCH6381,User reports money deducted but merchant denies receiving payment.,1149.72,2026-01-29 03:59:00,2026-01-30 00:00:00,2026-02-15 15:59:11,IN_PROGRESS,MEDIUM,Duplicate Debit,App,0.0,True,False,False,20461.33,Hotel / Lodging,SUCCESS,False
CBK0000087,TXN00008323,USR70375,MCH3815,merchant service was not delivered after payment.,36675.43,2026-03-26 04:50:42,2026-03-29 08:50:42,2026-03-29 08:50:42,PENDING_BANK,MEDIUM,Account Takeover,IVR,3.0,True,True,False,5160.0,,SUCCESS,False
CBK0001572,TXN00014973,USR69706,MCH9344,User says UPI PIN was not entered by them.,737.0,2026-01-11 08:59:33,2026-01-11 10:59:00,2026-01-23 00:00:00,CLOSED,LOW,Customer Dispute,Chatbot,0.0,True,True,False,5220.28,Hotel / Lodging,SUCCESS,False
CBK0002221,TXN00016939,USR56378,MCH2383,Customer says transaction was not authorized.,27330.78,2026-02-24 00:00:00,2026-03-07 00:00:00,2026-03-12 00:00:00,REJECTED,CRITICAL,Customer Dispute,IVR,11.0,True,False,True,21891.0,Apparel,SUCCESS,False
CBK0001983,TXN00012545,USR12475,MCH1320,User says UPI PIN was not entered by them.,886.93,2026-01-05 00:00:00,2026-01-07 21:57:07,2026-01-16 00:00:00,REJECTED,HIGH,Duplicate Debit,Call Center,2.0,True,False,True,6425.97,Restaurant,SUCCESS,False
CBK0001310,TXN00006669,USR64847,MCH4786,Customer complaint text unclear due to poor call center notes.,2766.56,,2026-02-18 15:36:00,2026-03-13 00:00:00,CLOSED,LOW,Duplicate Debit,Call Center,,True,True,True,3807.98,Apparel,SUCCESS,False
CBK0002495,TXN00002679,USR24536,MCH8280,User reports money deducted but merchant denies receiving payment.,1214.71,2026-01-07 16:01:24,2026-01-15 11:01:00,2026-02-10 00:00:00,CLOSED,LOW,Account Takeover,Branch,7.0,True,False,False,2796.69,Hotel / Lodging,SUCCESS,False
CBK0002000,TXN00006334,USR56042,MCH4130,Customer says amount was debited twice. pls check asap,1206.9,2026-01-29 15:04:00,2026-02-09 00:00:00,2026-02-09 00:00:00,IN_PROGRESS,MEDIUM,Duplicate Debit,App,10.0,True,True,False,12723.0,Hotel / Lodging,SUCCESS,False
CBK0000401,TXN00001653,USR33650,MCH5294,Customer complaint text unclear due to poor call center notes.,4022.0,2026-02-04 00:00:00,2026-02-05 12:47:14,2026-02-07 12:47:14,IN_PROGRESS,MEDIUM,Unauthorized Transaction,IVR,1.0,True,False,True,6585.18,,SUCCESS,False
CBK0001880,TXN00013813,USR85610,MCH6626,Customer says transaction was not authorized.,7819.51,2026-01-21 00:00:00,2026-03-07 00:00:00,2026-03-19 00:00:00,REJECTED,MEDIUM,Suspected Fraud,Chatbot,45.0,True,False,True,7819.51,Hotel / Lodging,SUCCESS,True
CBK0000884,TXN00014060,USR97772,MCH9069,User reports money deducted but merchant denies receiving payment.,613.53,2026-02-21 10:06:00,2026-02-26 23:06:00,2026-03-07 00:00:00,REJECTED,CRITICAL,Service Not Delivered,Chatbot,5.0,True,True,False,24617.29,Transportation,SUCCESS,False
CBK0001963,TXN00002490,USR56287,MCH9228,Customer says amount was debited twice.,1170.0,2026-01-21 11:23:07,2026-01-21 12:23:07,2026-01-27 00:00:00,CLOSED,LOW,Account Takeover,Branch,0.0,True,False,True,9389.49,Transportation,FAILED,False
CBK0000203,TXN00002521,USR11015,MCH5051,User claims account was compromised before transaction.,4940.0,2026-01-04 00:00:00,2026-01-06 00:00:00,,CLOSED,HIGH,Service Not Delivered,Call Center,2.0,True,True,False,17316.39,Telecom,SUCCESS,False
CBK0002334,TXN00013909,USR61147,MCH6628,merchant service was not delivered after payment.,449.15,2026-01-10 00:00:00,2026-01-12 00:00:00,2026-01-16 14:42:00,REJECTED,HIGH,Customer Dispute,IVR,2.0,True,False,True,21404.69,Transportation,SUCCESS,False
CBK0002556,TXN00014016,USR85655,MCH2065,Customer complaint text unclear due to poor call center notes.,2538.7,2026-03-01 00:00:00,2026-03-04 00:00:00,2026-03-07 09:29:57,IN_PROGRESS,LOW,Unauthorized Transaction,Email,3.0,True,False,False,5226.48,Medical / Pharmacy,SUCCESS,False
CBK0000337,TXN00013045,USR42531,MCH1288,Customer complaint text unclear due to poor call center notes.,546.9,2026-01-19 00:00:00,2026-01-20 08:51:00,,REJECTED,LOW,Service Not Delivered,Chatbot,1.0,True,False,True,10655.76,Grocery,SUCCESS,False
CBK0002542,TXN00004045,USR54255,MCH7383,Merchant service was not delivered after payment.,14158.32,2026-03-24 03:03:18,2026-04-08 20:03:18,2026-04-13 20:03:18,PENDING_BANK,LOW,Account Takeover,Call Center,15.0,True,False,True,10285.65,Medical / Pharmacy,SUCCESS,False
CBK0002678,TXN00074852,USR64694,MCH3676,Payment made to unknown merchant as per customer statement.,1652.05,2026-02-11 00:00:00,,2026-03-11 16:25:29,IN_PROGRESS,MEDIUM,Duplicate Debit,Call Center,,False,True,False,,,,False
CBK0001617,TXN00001553,USR68522,MCH7372,Payment made to unknown merchant as per customer statement. pls check asap,5796.41,2026-01-08 00:00:00,2026-02-08 00:00:00,2026-02-21 04:46:00,PENDING_BANK,CRITICAL,Service Not Delivered,Call Center,31.0,True,True,False,20482.0,Apparel,SUCCESS,False
CBK0002109,TXN00005274,USR70317,MCH7833,Customer says amount was debited twice.,4290.41,2026-02-26 09:34:34,2026-02-27 13:34:00,2026-03-13 13:34:00,RESOLVED,HIGH,Wrong Amount,Chatbot,1.0,True,False,True,19503.4,Misc Retail,SUCCESS,False
CBK0000136,TXN00000724,USR55205,MCH4226,User says UPI PIN was not entered by them.,454.0,2026-02-20 00:00:00,2026-02-26 00:00:00,,CLOSED,HIGH,Customer Dispute,Email,6.0,True,False,False,18530.61,Medical / Pharmacy,SUCCESS,False
CBK0002243,TXN00019786,USR27947,MCH1674,Customer complaint text unclear due to poor call center notes.,1377.81,2026-03-15 00:00:00,2026-03-17 00:00:00,,PENDING_BANK,CRITICAL,Unauthorized Transaction,Email,2.0,True,True,True,14465.41,Transportation,SUCCESS,False
CBK0000579,TXN00006902,USR30658,MCH8779,Customer says amount was debited twice.,2179.89,,2026-04-09 00:00:00,2026-04-25 00:00:00,CLOSED,CRITICAL,Wrong Amount,Call Center,,True,False,True,4997.29,Restaurant,SUCCESS,False
CBK0002191,TXN00005500,USR99576,MCH4473,SUSPICIOUS HIGH-VALUE PAYMENT DISPUTED BY CUSTOMER.,1721.07,2026-01-25 00:00:00,2026-01-31 00:00:00,2026-02-09 00:00:00,CLOSED,HIGH,Account Takeover,Call Center,6.0,True,False,False,15796.74,,SUCCESS,False
CBK0002147,TXN00010700,USR22862,MCH3741,Payment made to unknown merchant as per customer statement.,393.01,2026-03-21 00:00:00,2026-03-29 00:00:00,2026-03-29 00:00:00,IN_PROGRESS,MEDIUM,Service Not Delivered,Chatbot,8.0,True,False,False,9274.06,Grocery,SUCCESS,False
CBK0002214,,USR72691,MCH3098,Payment made to unknown merchant as per customer statement.,3364.0,2026-02-03 00:00:00,2026-02-14 00:01:00,,CLOSED,MEDIUM,Service Not Delivered,IVR,11.0,False,True,False,,,,False
CBK0002699,TXN00004968,USR63160,MCH2867,Customer says transaction was not authorized.,686.93,2026-02-09 02:29:10,2026-02-19 10:29:00,2026-02-27 00:00:00,IN_PROGRESS,HIGH,Account Takeover,IVR,10.0,True,False,False,17880.97,Grocery,SUCCESS,False
CBK0000910,TXN00010888,USR26595,MCH8921,User reports money deducted but merchant denies receiving payment.,925.14,2026-01-27 00:00:00,2026-01-31 19:55:18,2026-02-08 19:55:18,CLOSED,LOW,Wrong Amount,Chatbot,4.0,True,False,True,7120.67,Grocery,FAILED,False
CBK0002050,TXN00003990,USR78005,MCH8100,Customer says amount was debited twice.,5710.85,2026-01-22 20:54:00,2026-01-27 22:54:00,,CLOSED,MEDIUM,Wrong Amount,Chatbot,5.0,True,False,False,21768.5,Medical / Pharmacy,SUCCESS,False
CBK0002501,TXN00074548,USR43280,MCH3768,MERCHANT SERVICE WAS NOT DELIVERED AFTER PAYMENT.,4626.55,2026-02-20 00:00:00,2026-02-22 23:25:00,2026-02-27 23:25:00,IN_PROGRESS,HIGH,Service Not Delivered,Call Center,2.0,False,False,False,,,,False
CBK0002442,TXN00003496,USR17908,MCH1236,Complaint received after multiple failed attempts.,1706.49,2026-01-12 17:43:35,2026-01-28 00:00:00,2026-02-24 01:43:00,REJECTED,HIGH,Service Not Delivered,IVR,15.0,True,True,False,5289.0,Hotel / Lodging,SUCCESS,False
CBK0002201,TXN00011553,USR33934,MCH1101,User says UPI PIN was not entered by them.,1996.81,2026-02-07 13:14:25,2026-02-11 00:00:00,2026-02-26 06:14:25,OPEN,LOW,Account Takeover,App,3.0,True,True,True,20307.87,Transportation,SUCCESS,False
CBK0001113,TXN00011228,USR47724,MCH3600,Customer complaint text unclear due to poor call center notes.,9827.0,2026-01-19 04:34:00,2026-01-20 00:00:00,2026-02-14 00:00:00,PENDING_BANK,LOW,Account Takeover,IVR,0.0,True,False,True,23569.87,Restaurant,SUCCESS,False
CBK0001373,TXN00007769,USR24681,MCH6081,Suspicious high-value payment disputed by customer.,813.25,,2026-02-14 19:34:08,2026-03-12 00:00:00,RESOLVED,HIGH,Service Not Delivered,Chatbot,,True,False,False,2582.62,Restaurant,SUCCESS,False
CBK0001206,TXN00014973,USR48430,MCH4479,Suspicious high-value payment disputed by customer.,746.85,2026-02-17 19:55:56,2026-02-25 15:55:56,2026-02-25 00:00:00,RESOLVED,HIGH,Service Not Delivered,Call Center,7.0,True,False,False,5220.28,Hotel / Lodging,SUCCESS,False
CBK0000759,TXN00018597,USR54822,MCH1382,Merchant service was not delivered after payment.,2898.66,,2026-02-14 10:59:54,2026-02-16 10:59:54,OPEN,MEDIUM,Account Takeover,IVR,,True,False,False,1475.15,Department Store,SUCCESS,False
CBK0002772,TXN00008116,USR80305,MCH3781,User reports money deducted but merchant denies receiving payment.,1863.17,2026-01-18 12:29:06,2026-01-20 00:00:00,2026-02-15 00:00:00,REJECTED,LOW,Duplicate Debit,IVR,1.0,True,True,False,7018.78,Misc Retail,SUCCESS,False
CBK0000517,TXN00001323,USR53151,MCH9341,suspicious high-value payment disputed by customer.,7329.0,,2026-02-19 00:00:00,2026-02-27 21:24:00,REJECTED,LOW,Service Not Delivered,Branch,,True,True,False,21795.87,Transportation,SUCCESS,False
CBK0001632,TXN00015576,USR12683,MCH9869,Payment made to unknown merchant as per customer statement.,448.44,2026-03-19 05:30:23,2026-03-30 00:00:00,,PENDING_BANK,MEDIUM,Suspected Fraud,App,10.0,True,False,False,14393.67,Hotel / Lodging,SUCCESS,False
CBK0000927,TXN00014638,USR14035,MCH9573,Customer complaint text unclear due to poor call center notes.,10765.79,2026-03-12 17:36:00,2026-03-13 17:36:25,2026-04-08 17:36:00,OPEN,HIGH,Service Not Delivered,Chatbot,1.0,True,False,False,10230.57,Grocery,SUCCESS,False
CBK0002008,TXN00014274,USR40602,MCH5954,Complaint received after multiple failed attempts.,3293.82,2026-02-14 00:00:00,2026-02-20 00:00:00,2026-03-08 10:09:37,CLOSED,MEDIUM,Service Not Delivered,IVR,6.0,True,False,True,8960.09,Grocery,SUCCESS,False
CBK0000572,,USR58062,MCH2065,Customer says amount was debited twice.,1849.53,2026-02-18 22:15:46,2026-02-24 10:15:46,2026-03-15 00:00:00,CLOSED,MEDIUM,Unauthorized Transaction,Chatbot,5.0,False,False,False,,,,False
CBK0002708,TXN00018113,USR17556,MCH8377,Complaint received after multiple failed attempts.,987.42,2026-02-09 00:00:00,2026-02-12 17:45:31,2026-03-10 17:45:31,REJECTED,LOW,Account Takeover,Chatbot,3.0,True,False,True,1172.5,Hotel / Lodging,SUCCESS,False
CBK0002534,TXN00004493,USR76170,MCH3036,merchant service was not delivered after payment.,380.69,2026-01-11 21:56:00,2026-01-27 00:00:00,,IN_PROGRESS,LOW,Service Not Delivered,Email,15.0,True,False,False,14189.1,Grocery,SUCCESS,False
CBK0001209,TXN00009348,USR59740,MCH4686,customer says transaction was not authorized.,4160.0,2026-02-24 00:00:00,2026-02-28 03:03:00,2026-03-04 03:03:36,IN_PROGRESS,HIGH,Service Not Delivered,Email,4.0,True,False,False,21598.94,Medical / Pharmacy,SUCCESS,False
CBK0000339,TXN00013884,USR60939,MCH3878,Payment made to unknown merchant as per customer statement.,3072.71,2026-03-20 00:00:00,2026-03-27 00:00:00,,IN_PROGRESS,HIGH,Account Takeover,IVR,7.0,True,False,False,2596.4,Medical / Pharmacy,SUCCESS,False
CBK0002282,TXN00008893,USR74390,MCH7259,customer says transaction was not authorized.,2546.9,2026-01-05 00:00:00,,2026-01-13 13:43:40,OPEN,LOW,Duplicate Debit,IVR,,True,False,False,24511.97,Book Store,SUCCESS,False
CBK0000767,TXN00010641,USR98061,MCH3815,Customer complaint text unclear due to poor call center notes. call dropped,9500.5,2026-03-29 20:15:00,2026-04-02 15:15:00,2026-04-08 00:00:00,IN_PROGRESS,CRITICAL,Service Not Delivered,IVR,3.0,True,False,False,14301.02,Transportation,PENDING,False
CBK0000327,TXN00011503,USR76772,MCH5900,CUSTOMER SAYS AMOUNT WAS DEBITED TWICE.,1191.08,2026-02-27 00:00:00,2026-02-28 02:10:08,2026-03-14 02:10:08,IN_PROGRESS,HIGH,Service Not Delivered,Email,1.0,True,True,True,16909.08,Transportation,SUCCESS,False
CBK0001061,TXN00007622,USR22939,MCH5921,Suspicious high-value payment disputed by customer.,494.63,2026-03-19 09:34:00,2026-03-24 00:00:00,,CLOSED,LOW,Suspected Fraud,IVR,4.0,True,False,True,14150.92,Restaurant,SUCCESS,False
CBK0002712,TXN00006919,USR19070,MCH8672,Complaint received after multiple failed attempts.,3151.9,2026-02-27 00:00:00,2026-02-28 10:57:53,2026-02-28 00:00:00,IN_PROGRESS,LOW,Unauthorized Transaction,Chatbot,1.0,True,False,True,15387.54,Transportation,SUCCESS,False
CBK0000480,TXN00086757,USR73796,MCH8391,Customer complaint text unclear due to poor call center notes.,1161.24,2026-01-27 05:48:48,2026-02-02 00:00:00,2026-02-25 00:00:00,IN_PROGRESS,CRITICAL,Service Not Delivered,App,5.0,False,True,True,,,,False
CBK0002420,TXN00008321,USR20361,MCH3420,User claims account was compromised before transaction.,535.96,2026-01-03 00:00:00,2026-01-04 00:00:00,2026-01-17 02:37:00,OPEN,LOW,Service Not Delivered,Call Center,1.0,True,True,True,3281.97,Department Store,SUCCESS,False
CBK0000958,TXN00001617,USR30500,MCH8058,suspicious high-value payment disputed by customer.,4597.83,2026-02-19 00:00:00,2026-02-20 21:55:40,2026-03-10 00:00:00,CLOSED,HIGH,Customer Dispute,App,1.0,True,False,True,24853.54,Grocery,SUCCESS,False
CBK0001047,TXN00016988,USR13912,MCH5655,User claims account was compromised before transaction.,7039.95,2026-02-25 00:00:00,2026-03-07 00:00:00,2026-03-15 14:47:00,REJECTED,MEDIUM,Wrong Amount,Call Center,10.0,True,False,False,7039.95,Apparel,SUCCESS,True
CBK0001922,TXN00008651,USR68820,MCH5076,User claims account was compromised before transaction. call dropped,4931.87,2026-01-13 17:01:00,2026-01-18 20:01:00,2026-01-22 00:00:00,IN_PROGRESS,MEDIUM,Wrong Amount,App,5.0,True,True,False,4931.87,Medical / Pharmacy,SUCCESS,True
CBK0000900,TXN00012289,USR71316,MCH8769,User reports money deducted but merchant denies receiving payment.,5071.86,2026-01-12 18:30:00,2026-01-15 03:30:00,,RESOLVED,LOW,Unauthorized Transaction,Chatbot,2.0,True,True,True,2044.0,Apparel,SUCCESS,False
CBK0000694,TXN00013258,USR41874,MCH7151,Customer says amount was debited twice.,6771.0,2026-03-28 02:05:31,2026-03-28 09:05:00,2026-03-31 00:00:00,RESOLVED,MEDIUM,Account Takeover,Call Center,0.0,True,True,False,8677.96,Hotel / Lodging,SUCCESS,False
CBK0002470,TXN00016541,USR51854,MCH2925,complaint received after multiple failed attempts.,1089.44,2026-03-05 00:00:00,2026-03-01 00:00:00,,PENDING_BANK,MEDIUM,Account Takeover,IVR,,True,False,False,666.86,,SUCCESS,False
CBK0002477,TXN00002165,USR81636,MCH5914,Customer complaint text unclear due to poor call center notes. call dropped,1048.77,2026-01-31 00:00:00,2026-02-03 00:00:00,,REJECTED,MEDIUM,Duplicate Debit,IVR,3.0,True,False,True,11787.47,Grocery,SUCCESS,False
CBK0000197,TXN00003861,USR66175,MCH7332,Customer says amount was debited twice.,792.03,2026-01-10 00:00:00,2026-01-21 00:00:00,2026-01-26 01:48:00,PENDING_BANK,CRITICAL,Service Not Delivered,IVR,11.0,True,True,True,20368.63,Restaurant,SUCCESS,False
CBK0002637,TXN00001839,USR69852,MCH4722,User reports money deducted but merchant denies receiving payment.,1071.92,2026-01-07 00:00:00,2026-01-08 00:00:00,2026-01-30 00:00:00,REJECTED,MEDIUM,Wrong Amount,IVR,1.0,True,True,False,23202.81,Grocery,SUCCESS,False
CBK0000189,TXN00016753,USR71099,MCH5189,Merchant service was not delivered after payment.,390.5,2026-03-11 00:00:00,2026-03-13 00:00:00,2026-03-31 00:00:00,IN_PROGRESS,LOW,Unauthorized Transaction,IVR,2.0,True,False,False,4838.97,Transportation,SUCCESS,False
CBK0002413,TXN00012907,USR20360,MCH3281,user claims account was compromised before transaction.,14365.1,2026-03-28 23:07:22,2026-04-08 00:00:00,,REJECTED,LOW,Suspected Fraud,IVR,10.0,True,False,True,14365.1,Department Store,SUCCESS,True
CBK0002078,TXN00013096,USR13449,MCH5614,User says UPI PIN was not entered by them. details missing,8307.14,2026-03-25 00:00:00,2026-03-26 21:45:47,2026-04-25 21:45:47,REJECTED,CRITICAL,Service Not Delivered,Chatbot,1.0,True,False,False,24941.28,Telecom,FAILED,False
CBK0001303,TXN00010018,USR33354,MCH2266,USER SAYS UPI PIN WAS NOT ENTERED BY THEM.,6010.76,2026-01-05 21:41:53,2026-01-11 00:00:00,2026-01-22 00:00:00,PENDING_BANK,LOW,Account Takeover,Email,5.0,True,True,True,6010.76,Transportation,SUCCESS,True
CBK0000502,TXN00008686,USR99756,MCH7813,Complaint received after multiple failed attempts. details missing,969.45,2026-01-31 00:00:00,2026-02-08 00:00:00,2026-02-12 11:23:00,IN_PROGRESS,LOW,Unauthorized Transaction,Chatbot,8.0,True,False,False,14641.29,Hotel / Lodging,SUCCESS,False
CBK0001312,TXN00000939,USR61151,MCH2302,User reports money deducted but merchant denies receiving payment.,3776.84,2026-03-25 00:00:00,2026-03-26 13:58:00,2026-04-03 00:00:00,PENDING_BANK,MEDIUM,Service Not Delivered,App,1.0,True,False,True,2952.6,Grocery,SUCCESS,False
CBK0002722,TXN00008498,USR48374,MCH8230,Payment made to unknown merchant as per customer statement.,2342.66,2026-02-01 00:00:00,2026-02-16 00:00:00,,PENDING_BANK,LOW,Unauthorized Transaction,IVR,15.0,True,True,False,13894.87,,SUCCESS,False
CBK0002180,TXN00006743,USR42798,MCH5884,Customer complaint text unclear due to poor call center notes.,14258.98,2026-01-19 09:16:00,2026-01-21 00:00:00,2026-02-12 00:00:00,OPEN,MEDIUM,Service Not Delivered,Chatbot,1.0,True,False,True,14258.98,Hotel / Lodging,SUCCESS,True
CBK0001816,TXN00015001,USR18056,MCH5439,USER REPORTS MONEY DEDUCTED BUT MERCHANT DENIES RECEIVING PAYMENT.,12496.76,2026-01-28 22:09:00,2026-01-31 00:00:00,2026-02-24 00:00:00,IN_PROGRESS,CRITICAL,Service Not Delivered,Branch,2.0,True,True,False,12496.76,Hotel / Lodging,SUCCESS,True
CBK0002481,TXN00007235,USR46308,MCH7175,Customer complaint text unclear due to poor call center notes. details missing,1820.07,2026-02-05 00:00:00,2026-02-05 22:26:56,2026-02-27 00:00:00,CLOSED,LOW,Account Takeover,Branch,0.0,True,False,False,8470.47,Hotel / Lodging,SUCCESS,False
CBK0002505,TXN00001789,USR80522,MCH9097,User reports money deducted but merchant denies receiving payment.,3163.91,2026-01-29 00:00:00,2026-02-01 00:00:00,2026-02-14 07:52:00,CLOSED,LOW,Unauthorized Transaction,IVR,3.0,True,False,False,1675.63,Transportation,SUCCESS,False
CBK0002053,TXN00001807,USR20076,MCH6717,Complaint received after multiple failed attempts.,16537.65,2026-03-03 11:20:09,,2026-04-04 22:20:00,IN_PROGRESS,LOW,Service Not Delivered,Chatbot,,True,False,False,16537.65,Restaurant,SUCCESS,True
CBK0001042,TXN00008638,USR63231,MCH1737,Payment made to unknown merchant as per customer statement.,1056.33,2026-03-30 07:31:00,2026-04-06 00:00:00,2026-05-01 00:00:00,OPEN,LOW,Service Not Delivered,Branch,6.0,True,True,False,11431.03,Transportation,SUCCESS,False
CBK0002382,TXN00016574,USR34643,MCH1066,Customer says amount was debited twice.,2828.9,2026-01-25 00:00:00,2026-02-01 00:00:00,2026-02-07 11:12:20,RESOLVED,MEDIUM,Customer Dispute,Email,7.0,True,False,False,18614.76,Book Store,FAILED,False
CBK0001733,TXN00011566,USR90212,MCH4811,Merchant service was not delivered after payment.,248.1,2026-02-22 00:00:00,2026-02-25 00:00:00,2026-03-01 00:00:00,PENDING_BANK,CRITICAL,Suspected Fraud,Chatbot,3.0,True,True,True,6592.46,Medical / Pharmacy,SUCCESS,False
CBK0000660,TXN00008654,USR14580,MCH7394,user claims account was compromised before transaction.,3655.6,2026-01-20 00:00:00,2026-01-23 00:00:00,2026-01-25 03:57:35,OPEN,HIGH,Unauthorized Transaction,Branch,3.0,True,False,True,14601.0,Hotel / Lodging,SUCCESS,False
CBK0000218,TXN00002930,USR27533,MCH9381,SUSPICIOUS HIGH-VALUE PAYMENT DISPUTED BY CUSTOMER.,1968.12,2026-03-28 16:07:00,2026-03-30 00:00:00,2026-04-13 00:00:00,PENDING_BANK,LOW,Customer Dispute,IVR,1.0,True,True,False,9836.0,Grocery,SUCCESS,False
CBK0002688,TXN00016086,USR48363,MCH5076,Merchant service was not delivered after payment.,756.07,2026-03-27 10:48:00,2026-04-06 00:00:00,2026-04-10 00:00:00,OPEN,HIGH,Service Not Delivered,Chatbot,9.0,True,False,False,20925.11,Transportation,SUCCESS,False
CBK0000079,TXN00000789,USR54133,MCH8683,Payment made to unknown merchant as per customer statement.,7945.0,2026-02-23 18:15:33,2026-02-26 00:00:00,2026-03-08 11:15:00,OPEN,HIGH,Account Takeover,IVR,2.0,True,False,False,11555.53,Restaurant,SUCCESS,False
CBK0001734,TXN00004267,USR92771,MCH5698,Customer says amount was debited twice.,3750.2,2026-02-01 00:00:00,2026-02-04 00:00:00,2026-02-22 00:00:00,PENDING_BANK,LOW,Service Not Delivered,IVR,3.0,True,True,True,16209.0,Medical / Pharmacy,PENDING,False
CBK0000420,TXN00012872,USR39569,MCH7219,merchant service was not delivered after payment.,4857.19,2026-01-18 15:00:47,2026-01-19 00:00:00,2026-01-20 11:00:00,IN_PROGRESS,HIGH,Account Takeover,App,0.0,True,True,True,22050.87,Hotel / Lodging,FAILED,False
CBK0001750,TXN00009063,USR58335,MCH4473,USER CLAIMS ACCOUNT WAS COMPROMISED BEFORE TRANSACTION.,91.6,2026-01-14 00:00:00,2026-01-15 00:00:00,2026-01-23 00:00:00,IN_PROGRESS,LOW,Suspected Fraud,Chatbot,1.0,True,False,False,19374.0,Grocery,SUCCESS,False
CBK0001185,TXN00000818,USR41564,MCH5530,complaint received after multiple failed attempts.,1592.73,2026-03-30 00:00:00,,2026-04-12 00:00:00,RESOLVED,LOW,Service Not Delivered,Branch,,True,False,False,9981.0,Hotel / Lodging,SUCCESS,False
CBK0002457,TXN00014853,USR16306,MCH6850,user reports money deducted but merchant denies receiving payment.,415.04,2026-02-02 00:00:00,2026-02-10 00:00:00,2026-02-22 00:00:00,IN_PROGRESS,MEDIUM,Suspected Fraud,Chatbot,8.0,True,True,False,18734.39,Hotel / Lodging,SUCCESS,False
CBK0001775,TXN00001597,USR33934,MCH8773,Complaint received after multiple failed attempts.,13348.89,2026-03-15 10:02:06,2026-03-21 05:02:00,2026-04-17 00:00:00,PENDING_BANK,CRITICAL,Service Not Delivered,Chatbot,5.0,True,True,False,6861.28,Hotel / Lodging,FAILED,False
CBK0001338,TXN00008410,USR54797,MCH3300,Customer says amount was debited twice. NA,896.23,2026-01-20 08:42:27,2026-01-30 00:00:00,2026-02-14 10:42:27,CLOSED,MEDIUM,Customer Dispute,Branch,9.0,True,True,False,9505.2,Grocery,SUCCESS,False
CBK0000599,TXN00007573,USR52697,MCH5655,User says UPI PIN was not entered by them. details missing,10313.56,2026-02-24 14:14:20,2026-03-01 16:14:00,,RESOLVED,LOW,Wrong Amount,Chatbot,5.0,True,False,False,3711.04,Restaurant,SUCCESS,False
CBK0000865,TXN00005760,USR36182,MCH2554,merchant service was not delivered after payment.,7766.17,2026-03-28 00:00:00,2026-03-29 00:00:00,,REJECTED,MEDIUM,Wrong Amount,Email,1.0,True,False,False,7766.17,Restaurant,SUCCESS,True
CBK0000914,TXN00001042,USR12183,MCH7351,Payment made to unknown merchant as per customer statement. call dropped,1526.17,2026-03-02 00:00:00,2026-03-05 00:00:00,2026-03-31 00:00:00,PENDING_BANK,HIGH,Suspected Fraud,Branch,3.0,True,False,False,19770.17,,SUCCESS,False
CBK0001726,TXN00001821,USR85403,MCH4473,Suspicious high-value payment disputed by customer.,12679.09,2026-03-10 00:00:00,2026-03-15 00:00:00,2026-04-07 15:22:15,RESOLVED,MEDIUM,Customer Dispute,Chatbot,5.0,True,False,False,5150.12,Grocery,SUCCESS,False
CBK0001477,TXN00009790,USR72887,MCH3200,User says UPI PIN was not entered by them. details missing,996.46,2026-03-16 00:00:00,2026-04-01 00:00:00,,OPEN,CRITICAL,Service Not Delivered,IVR,16.0,True,False,False,510.09,Misc Retail,SUCCESS,False
CBK0001295,TXN00016726,USR89004,MCH8117,Customer says amount was debited twice.,2235.82,2026-02-21 00:00:00,2026-02-22 00:00:00,,RESOLVED,HIGH,Duplicate Debit,Email,1.0,True,True,False,20362.44,Hotel / Lodging,SUCCESS,False
CBK0002703,TXN00019588,USR14075,MCH4041,PAYMENT MADE TO UNKNOWN MERCHANT AS PER CUSTOMER STATEMENT.,22589.25,2026-01-14 23:39:02,2026-01-25 00:00:00,2026-02-10 14:39:02,CLOSED,MEDIUM,Customer Dispute,Chatbot,10.0,True,False,True,22589.25,Grocery,SUCCESS,True
CBK0002473,TXN00000154,USR28902,MCH1260,User says UPI PIN was not entered by them.,2025.66,2026-02-05 15:50:37,2026-02-06 00:00:00,,CLOSED,LOW,Suspected Fraud,IVR,0.0,True,False,True,12241.42,Grocery,SUCCESS,False
CBK0001392,,USR33175,MCH7321,Customer says transaction was not authorized.,5482.08,,2026-03-26 00:00:00,,REJECTED,LOW,Customer Dispute,Chatbot,,False,False,True,,,,False
CBK0002117,TXN00006808,USR74813,MCH2757,Complaint received after multiple failed attempts.,8430.86,2026-02-25 00:00:00,2026-02-26 00:00:00,,IN_PROGRESS,HIGH,Service Not Delivered,Call Center,1.0,True,False,True,10663.69,,SUCCESS,False
CBK0001739,TXN00013116,USR38088,MCH8068,Customer complaint text unclear due to poor call center notes.,1464.53,,2026-02-22 00:00:00,2026-02-22 20:32:19,CLOSED,MEDIUM,Service Not Delivered,App,,True,False,True,13056.62,Medical / Pharmacy,SUCCESS,False
CBK0002665,TXN00001173,USR21421,MCH3004,Customer says amount was debited twice.,1898.31,2026-02-24 16:17:15,2026-03-04 00:00:00,2026-03-08 00:00:00,CLOSED,MEDIUM,Unauthorized Transaction,App,7.0,True,False,False,15799.02,Medical / Pharmacy,SUCCESS,False
CBK0002276,TXN00012334,USR12381,MCH9291,Suspicious high-value payment disputed by customer.,1521.74,2026-03-16 09:05:00,2026-03-19 18:05:30,2026-03-25 18:05:30,PENDING_BANK,HIGH,Service Not Delivered,Call Center,3.0,True,False,True,23914.53,,FAILED,False
CBK0002063,,USR49752,MCH9689,User says UPI PIN was not entered by them.,2009.64,,2026-02-08 08:29:00,2026-02-18 08:29:00,IN_PROGRESS,MEDIUM,Wrong Amount,Chatbot,,False,True,False,,,,False
CBK0002620,TXN00011524,USR26051,MCH4344,Payment made to unknown merchant as per customer statement.,3021.0,2026-02-11 00:00:00,2026-02-14 00:00:00,2026-02-14 00:00:00,RESOLVED,LOW,Wrong Amount,App,3.0,True,False,False,1746.3,Transportation,SUCCESS,False
CBK0001539,TXN00060420,USR95104,MCH5264,PAYMENT MADE TO UNKNOWN MERCHANT AS PER CUSTOMER STATEMENT.,1505.75,2026-03-17 00:00:00,2026-03-19 00:00:00,2026-03-29 02:14:00,IN_PROGRESS,MEDIUM,Duplicate Debit,IVR,2.0,False,False,False,,,,False
CBK0001846,TXN00008496,USR13261,MCH8062,Customer says amount was debited twice.,2662.81,2026-03-13 23:44:00,2026-03-14 00:00:00,2026-03-24 00:00:00,CLOSED,LOW,Service Not Delivered,Chatbot,0.0,True,False,True,24450.06,Restaurant,SUCCESS,False
CBK0000072,TXN00004747,USR48250,MCH3100,SUSPICIOUS HIGH-VALUE PAYMENT DISPUTED BY CUSTOMER.,11808.21,2026-01-28 00:00:00,2026-01-30 00:00:00,2026-02-17 00:00:00,PENDING_BANK,MEDIUM,Wrong Amount,Call Center,2.0,True,False,False,4754.98,Transportation,SUCCESS,False
CBK0001511,TXN00013557,USR53356,MCH4473,Customer says transaction was not authorized.,5693.78,2026-02-19 00:00:00,2026-02-19 00:00:00,2026-03-03 00:00:00,OPEN,LOW,Service Not Delivered,IVR,0.0,True,True,False,4730.96,,SUCCESS,False
CBK0001413,TXN00017513,USR39726,MCH5273,Customer complaint text unclear due to poor call center notes.,24586.31,2026-01-22 00:00:00,2026-01-28 00:00:00,2026-02-25 00:00:00,CLOSED,LOW,Unauthorized Transaction,App,6.0,True,False,False,1890.69,Grocery,PENDING,False
CBK0000508,TXN00001829,USR40362,MCH3161,User claims account was compromised before txn.,3042.0,2026-01-09 04:04:00,2026-01-11 00:00:00,2026-01-21 00:00:00,PENDING_BANK,HIGH,Account Takeover,Call Center,1.0,True,False,True,19969.87,Restaurant,SUCCESS,False
CBK0001328,TXN00010089,USR22644,MCH2208,Customer says amount was debited twice.,18935.0,2026-03-10 00:00:00,2026-03-13 10:52:00,,IN_PROGRESS,LOW,Wrong Amount,Chatbot,3.0,True,True,False,18935.0,Transportation,FAILED,True
CBK0001995,TXN00000490,USR75856,MCH9865,Customer complaint text unclear due to poor call center notes.,3134.07,2026-01-11 00:00:00,2026-01-16 17:52:00,,RESOLVED,LOW,Wrong Amount,Call Center,5.0,True,True,True,22257.69,Grocery,SUCCESS,False
CBK0001170,TXN00012807,USR97772,MCH1838,Customer says amount was debited twice.,122.0,2026-03-26 00:00:00,2026-03-27 18:57:00,2026-04-02 00:00:00,OPEN,LOW,Service Not Delivered,IVR,1.0,True,True,True,5934.56,Transportation,SUCCESS,False
CBK0002275,TXN00002106,USR75120,MCH3728,Complaint received after multiple failed attempts.,3875.59,2026-01-24 13:15:51,2026-01-24 00:00:00,2026-02-20 00:00:00,PENDING_BANK,MEDIUM,Unauthorized Transaction,App,,True,False,False,7925.87,Hotel / Lodging,SUCCESS,False
CBK0002706,TXN00012918,USR27107,MCH6044,merchant service was not delivered after payment.,2316.9,,,2026-02-04 00:00:00,CLOSED,MEDIUM,Unauthorized Transaction,Chatbot,,True,True,True,15330.68,Book Store,SUCCESS,False
CBK0001935,TXN00012027,USR97416,MCH5463,Payment made to unknown merchant as per customer statement.,1274.02,2026-01-13 00:00:00,2026-01-15 00:00:00,2026-02-13 00:00:00,RESOLVED,LOW,Unauthorized Transaction,Branch,2.0,True,False,False,18730.4,Telecom,SUCCESS,False
CBK0001749,TXN00000318,USR51808,MCH7982,Payment made to unknown merchant as per customer statement.,4340.63,2026-01-29 15:34:00,2026-03-16 00:00:00,2026-03-25 00:00:00,OPEN,LOW,Customer Dispute,App,45.0,True,True,True,4340.63,Grocery,SUCCESS,True
CBK0001333,TXN00003302,USR97772,MCH2026,Payment made to unknown merchant as per cust statement.,1169.68,2026-03-23 00:00:00,2026-04-02 16:40:00,,CLOSED,MEDIUM,Duplicate Debit,IVR,10.0,True,True,False,24929.59,Transportation,SUCCESS,False
CBK0002118,TXN00008403,USR17197,MCH4473,MERCHANT SERVICE WAS NOT DELIVERED AFTER PAYMENT.,1117.0,2026-01-06 00:00:00,2026-01-17 11:54:07,2026-01-29 11:54:07,PENDING_BANK,MEDIUM,Unauthorized Transaction,Email,11.0,True,True,False,14587.49,Grocery,SUCCESS,False
CBK0002353,TXN00017005,USR93920,MCH5156,Customer says amount was debited twice.,10880.54,2026-03-01 06:38:00,2026-03-31 21:38:30,2026-04-03 00:00:00,OPEN,MEDIUM,Service Not Delivered,Chatbot,30.0,True,False,True,22348.0,,SUCCESS,False
CBK0001855,TXN00003379,USR73010,MCH6457,Customer says transaction was not authorized.,5587.77,2026-03-26 11:09:24,2026-03-28 11:09:00,2026-04-20 11:09:24,PENDING_BANK,CRITICAL,Duplicate Debit,App,1.0,True,False,False,2218.74,Misc Retail,SUCCESS,False
CBK0001165,TXN00010766,USR24002,MCH2065,suspicious high-value payment disputed by customer.,2510.0,2026-01-01 23:56:29,,2026-01-20 00:00:00,IN_PROGRESS,LOW,Duplicate Debit,Branch,,True,True,False,15773.19,,FAILED,False
CBK0001055,TXN00016717,USR80656,MCH8828,suspicious high-value payment disputed by customer.,3272.08,2026-01-27 00:00:00,,2026-02-16 15:46:43,OPEN,MEDIUM,Service Not Delivered,Call Center,,True,True,True,6568.58,Restaurant,FAILED,False
CBK0001352,TXN00010946,USR94542,MCH6061,user claims account was compromised before transaction.,562.29,2026-03-25 00:00:00,2026-03-29 02:21:00,,CLOSED,HIGH,Duplicate Debit,IVR,4.0,True,True,True,17007.16,Hotel / Lodging,SUCCESS,False
CBK0002596,TXN00013632,USR34733,MCH8154,Payment made to unknown merchant as per customer statement.,1178.89,2026-01-08 00:00:00,,2026-01-18 15:45:36,PENDING_BANK,MEDIUM,Suspected Fraud,Chatbot,,True,False,True,3018.37,Transportation,SUCCESS,False
CBK0000781,TXN00004717,USR34703,MCH2065,Complaint received after multiple failed attempts.,22390.0,2026-01-11 05:47:02,2026-01-21 15:47:02,2026-01-25 00:00:00,PENDING_BANK,HIGH,Service Not Delivered,Email,10.0,True,False,False,14905.0,Book Store,SUCCESS,False
CBK0000961,TXN00012729,USR13686,MCH2588,Complaint received after multiple failed attempts.,1232.87,2026-02-20 00:00:00,2026-02-23 04:28:02,2026-03-19 00:00:00,PENDING_BANK,LOW,Service Not Delivered,Call Center,3.0,True,True,True,14247.0,Medical / Pharmacy,SUCCESS,False
CBK0002281,TXN00016639,USR51332,MCH6850,User says UPI PIN was not entered by them.,2539.68,2026-03-04 00:00:00,2026-03-04 00:00:00,2026-03-25 21:38:11,PENDING_BANK,HIGH,Service Not Delivered,App,0.0,True,False,False,8718.9,Transportation,FAILED,False
CBK0002131,TXN00005025,USR12936,MCH9937,User claims account was compromised before transaction. NA,1283.51,2026-02-28 00:00:00,2026-03-05 18:25:00,2026-03-25 00:00:00,RESOLVED,LOW,Wrong Amount,IVR,5.0,True,False,True,23254.83,Transportation,SUCCESS,False
CBK0001802,TXN00015492,USR31275,MCH4473,Customer says transaction was not authorized.,2618.19,2026-01-22 00:00:00,2026-01-25 02:09:52,2026-02-04 02:09:52,IN_PROGRESS,HIGH,Wrong Amount,Chatbot,3.0,True,True,False,4775.0,Restaurant,SUCCESS,False
CBK0002066,TXN00014413,USR86472,MCH3992,User reports money deducted but merchant denies receiving payment.,15266.55,2026-03-29 00:00:00,2026-04-01 21:21:33,,IN_PROGRESS,LOW,Wrong Amount,IVR,3.0,True,True,False,15266.55,Misc Retail,SUCCESS,True
CBK0002774,TXN00007924,USR36664,MCH6959,User reports money deducted but merchant denies receiving payment.,2197.57,2026-01-01 00:00:00,2026-01-02 00:00:00,2026-01-15 00:00:00,RESOLVED,MEDIUM,Account Takeover,App,1.0,True,True,True,1998.91,Medical / Pharmacy,SUCCESS,False
CBK0000916,TXN00017437,USR25761,MCH9926,CUSTOMER SAYS TRANSACTION WAS NOT AUTHORIZED.,10160.24,2026-01-11 00:00:00,,2026-02-03 20:32:00,IN_PROGRESS,MEDIUM,Account Takeover,App,,True,False,False,10160.24,,SUCCESS,True
CBK0001366,TXN00005968,USR64733,MCH3045,customer says transaction was not authorized.,2917.69,2026-03-19 00:00:00,2026-03-21 00:00:00,2026-04-04 04:31:22,PENDING_BANK,CRITICAL,Customer Dispute,Call Center,2.0,True,False,False,2195.0,Grocery,SUCCESS,False
CBK0001872,TXN00008853,USR43455,MCH8391,COMPLAINT RECEIVED AFTER MULTIPLE FAILED ATTEMPTS.,6353.75,2026-02-15 00:00:00,2026-02-17 13:35:00,,RESOLVED,MEDIUM,Service Not Delivered,Call Center,2.0,True,True,True,734.63,Hotel / Lodging,SUCCESS,False
CBK0001716,TXN00008167,USR60833,MCH6947,Merchant service was not delivered after payment.,2598.82,2026-03-17 00:00:00,2026-03-21 11:09:56,2026-03-26 00:00:00,PENDING_BANK,MEDIUM,Duplicate Debit,Branch,4.0,True,False,True,1316.19,Grocery,SUCCESS,False
CBK0002223,TXN00017647,USR58113,MCH3117,customer complaint text unclear due to poor call center notes.,3677.06,2026-01-21 00:00:00,2026-01-22 00:00:00,2026-02-05 00:00:00,IN_PROGRESS,MEDIUM,Service Not Delivered,Chatbot,1.0,True,False,False,1971.53,Misc Retail,SUCCESS,False
CBK0001478,TXN00017175,USR46590,MCH7833,Customer says amount was debited twice. pls check asap,2616.12,,2026-01-31 03:03:07,2026-02-17 03:03:00,OPEN,HIGH,Service Not Delivered,App,,True,True,True,111.47,Transportation,FAILED,False
CBK0002587,TXN00001705,USR32842,MCH3100,Customer complaint text unclear due to poor call center notes.,2583.16,2026-03-22 23:32:00,2026-03-26 00:00:00,2026-04-13 15:32:45,PENDING_BANK,LOW,Duplicate Debit,IVR,3.0,True,False,False,10993.4,Misc Retail,SUCCESS,False
CBK0002581,TXN00015481,USR62660,MCH4181,MERCHANT SERVICE WAS NOT DELIVERED AFTER PAYMENT.,2917.55,2026-01-15 00:00:00,2026-01-17 09:49:00,2026-02-01 09:49:51,RESOLVED,LOW,Service Not Delivered,IVR,2.0,True,False,False,15154.78,,SUCCESS,False
CBK0000937,TXN00009444,USR22327,MCH5615,Merchant service was not delivered after payment.,855.85,2026-02-07 00:00:00,,,OPEN,MEDIUM,Customer Dispute,App,,True,False,False,9503.71,Grocery,SUCCESS,False
CBK0000679,TXN00019297,USR35700,MCH4758,Customer complaint text unclear due to poor call center notes.,1314.28,2026-02-24 08:24:53,2026-02-24 12:24:00,,PENDING_BANK,LOW,Account Takeover,IVR,0.0,True,True,False,12448.21,Transportation,SUCCESS,False
CBK0000493,TXN00001975,USR66286,MCH7546,Merchant service was not delivered after payment. details missing,943.72,2026-01-21 09:21:00,2026-02-05 00:00:00,2026-02-17 00:00:00,OPEN,HIGH,Wrong Amount,IVR,14.0,True,False,True,7475.15,Medical / Pharmacy,SUCCESS,False
CBK0000647,TXN00019004,USR46725,MCH2065,Suspicious high-value payment disputed by customer.,3381.39,2026-02-07 00:00:00,2026-02-13 17:00:51,2026-02-26 17:00:51,IN_PROGRESS,MEDIUM,Suspected Fraud,Chatbot,6.0,True,False,False,1996.5,Hotel / Lodging,SUCCESS,False
CBK0000855,TXN00013194,USR66001,MCH2030,User says UPI PIN was not entered by them.,14224.78,2026-01-06 00:00:00,2026-02-21 00:00:00,,PENDING_BANK,MEDIUM,Account Takeover,Branch,46.0,True,False,True,14224.78,Transportation,SUCCESS,True
CBK0001233,TXN00034198,USR98515,MCH3927,Customer complaint text unclear due to poor call center notes.,2387.46,2026-03-21 00:00:00,2026-03-23 00:00:00,2026-03-23 00:00:00,PENDING_BANK,HIGH,Account Takeover,Chatbot,2.0,False,False,True,,,,False
CBK0000542,TXN00003675,USR92063,MCH3454,Customer complaint text unclear due to poor call center notes.,1047.52,2026-01-15 12:53:18,2026-01-18 23:53:18,2026-02-04 00:00:00,PENDING_BANK,MEDIUM,Duplicate Debit,IVR,3.0,True,False,True,15211.9,Apparel,SUCCESS,False
CBK0000623,TXN00012588,USR78593,MCH9191,merchant service was not delivered after payment.,1181.22,2026-03-24 00:00:00,2026-03-27 02:42:00,2026-04-07 00:00:00,PENDING_BANK,CRITICAL,Customer Dispute,Call Center,3.0,True,False,False,19128.94,Hotel / Lodging,FAILED,False
CBK0001033,TXN00004562,USR35882,MCH9511,Merchant service was not delivered after payment.,2226.56,2026-02-03 00:00:00,2026-02-10 00:00:00,2026-03-07 00:00:00,PENDING_BANK,HIGH,Wrong Amount,Chatbot,7.0,True,False,False,7188.0,Medical / Pharmacy,FAILED,False
CBK0000731,TXN00009087,USR31359,MCH1258,Complaint received after multiple failed attempts.,7838.0,2026-02-02 11:18:00,2026-02-18 00:18:00,2026-03-14 00:00:00,PENDING_BANK,MEDIUM,Suspected Fraud,App,15.0,True,False,False,9982.02,Restaurant,FAILED,False
CBK0001331,,USR92614,MCH9178,Payment made to unknown merchant as per cust statement.,4117.99,,2026-03-16 00:00:00,2026-04-08 00:00:00,RESOLVED,CRITICAL,Duplicate Debit,Call Center,,False,False,False,,,,False
CBK0002755,TXN00002471,USR90893,MCH8779,User says UPI PIN was not entered by them.,2207.71,2026-01-24 22:24:58,2026-01-25 17:24:58,2026-02-24 00:00:00,CLOSED,HIGH,Suspected Fraud,IVR,0.0,True,False,True,5701.47,Medical / Pharmacy,SUCCESS,False
CBK0000770,TXN00051555,USR56287,MCH8779,User reports money deducted but merchant denies receiving payment.,2417.43,2026-03-08 00:00:00,2026-03-11 00:00:00,,CLOSED,HIGH,Service Not Delivered,Chatbot,3.0,False,False,True,,,,False
CBK0001857,TXN00008788,USR99849,MCH3643,Customer complaint text unclear due to poor call center notes.,8276.16,2026-03-13 05:35:47,2026-03-15 00:00:00,2026-04-02 15:35:47,IN_PROGRESS,MEDIUM,Suspected Fraud,Chatbot,1.0,True,True,False,18308.63,Restaurant,FAILED,False
CBK0000335,TXN00001134,USR18760,MCH9451,User reports money deducted but merchant denies receiving payment.,1881.35,2026-03-06 21:05:23,2026-03-17 05:05:00,2026-04-09 00:00:00,PENDING_BANK,HIGH,Customer Dispute,IVR,10.0,True,True,False,5512.38,Grocery,SUCCESS,False
CBK0000791,TXN00007791,USR24536,MCH6890,Suspicious high-value payment disputed by customer.,1735.16,,2026-03-10 00:00:00,2026-04-01 00:00:00,IN_PROGRESS,LOW,Suspected Fraud,IVR,,True,False,True,13727.82,Transportation,SUCCESS,False
CBK0000047,TXN00074133,USR46927,MCH2711,User reports money deducted but merchant denies receiving payment.,546.0,2026-03-27 00:00:00,2026-04-26 00:00:00,,OPEN,MEDIUM,Wrong Amount,Branch,30.0,False,False,False,,,,False
CBK0000311,TXN00003364,USR18722,MCH6415,Customer complaint text unclear due to poor call center notes.,2940.2,2026-03-29 00:00:00,2026-03-30 00:00:00,2026-04-26 00:00:00,CLOSED,LOW,Service Not Delivered,Chatbot,1.0,True,True,False,6608.91,Restaurant,PENDING,False
CBK0001689,TXN00012952,USR63160,MCH8078,user says upi pin was not entered by them.,277.65,2026-01-09 00:00:00,2026-01-11 09:46:20,2026-01-19 09:46:00,PENDING_BANK,LOW,Duplicate Debit,Chatbot,2.0,True,False,True,21237.06,Misc Retail,SUCCESS,False
CBK0000132,TXN00016038,USR11624,MCH5300,Complaint received after multiple failed attempts.,447.63,2026-03-23 08:28:00,2026-03-23 00:00:00,,CLOSED,HIGH,Service Not Delivered,App,,True,False,False,20248.81,Transportation,SUCCESS,False
CBK0002525,TXN00009115,USR60789,MCH3104,customer says amount was debited twice.,1575.8,2026-02-03 23:08:00,2026-02-14 00:08:00,,OPEN,LOW,Suspected Fraud,Chatbot,10.0,True,True,False,8153.99,Misc Retail,SUCCESS,False
CBK0001640,TXN00009672,USR72121,MCH4035,Complaint received after multiple failed attempts.,478.93,2026-01-31 00:00:00,,,CLOSED,LOW,Service Not Delivered,Branch,,True,True,False,17454.88,Restaurant,FAILED,False
CBK0000083,TXN00019136,USR46902,MCH4705,Suspicious high-value payment disputed by customer.,264.95,2026-02-10 00:00:00,,2026-02-28 00:00:00,OPEN,HIGH,Suspected Fraud,Email,,True,True,False,15451.78,,SUCCESS,False
CBK0001329,TXN00009229,USR61206,MCH8097,User says UPI PIN was not entered by them.,1300.37,2026-03-06 00:00:00,2026-03-14 00:00:00,,CLOSED,HIGH,Customer Dispute,IVR,8.0,True,False,False,9604.88,Transportation,SUCCESS,False
CBK0001763,TXN00006338,USR58810,MCH7667,User reports money deducted but merchant denies receiving payment.,1656.18,2026-02-14 00:00:00,2026-02-24 19:50:25,2026-02-24 00:00:00,OPEN,LOW,Service Not Delivered,Chatbot,10.0,True,False,True,4756.47,,SUCCESS,False
CBK0000167,TXN00012360,USR86156,MCH2438,User reports money deducted but merchant denies receiving payment.,5341.0,2026-02-01 00:00:00,2026-02-05 00:00:00,2026-02-14 00:00:00,CLOSED,LOW,Customer Dispute,Branch,4.0,True,True,True,11601.0,Telecom,FAILED,False
CBK0000505,TXN00000437,USR87914,MCH3324,User reports money deducted but merchant denies receiving payment.,3962.0,2026-03-06 00:00:00,2026-03-09 05:21:00,2026-03-30 00:00:00,IN_PROGRESS,LOW,Duplicate Debit,IVR,3.0,True,False,True,1828.35,Medical / Pharmacy,SUCCESS,False
CBK0001168,TXN00005941,USR56021,MCH1185,Suspicious high-value payment disputed by customer.,8630.24,2026-03-06 00:00:00,2026-03-22 14:23:38,2026-03-29 00:00:00,IN_PROGRESS,HIGH,Wrong Amount,Email,16.0,True,False,True,10284.07,Book Store,SUCCESS,False
CBK0000796,TXN00007069,USR87558,MCH3466,MERCHANT SERVICE WAS NOT DELIVERED AFTER PAYMENT.,5834.0,2026-02-19 07:25:50,2026-02-14 07:25:50,2026-02-22 00:00:00,RESOLVED,MEDIUM,Suspected Fraud,Chatbot,,True,False,False,3879.52,Hotel / Lodging,SUCCESS,False
CBK0001930,TXN00000462,USR44849,MCH6811,SUSPICIOUS HIGH-VALUE PAYMENT DISPUTED BY CUSTOMER.,9759.54,2026-01-07 17:21:00,2026-01-10 00:21:21,2026-01-17 00:00:00,IN_PROGRESS,LOW,Customer Dispute,IVR,2.0,True,True,False,16233.77,Medical / Pharmacy,SUCCESS,False
CBK0001622,TXN00003616,USR88037,MCH2915,Customer says amount was debited twice.,5374.95,2026-01-09 00:00:00,2026-01-09 00:00:00,,RESOLVED,LOW,Account Takeover,Call Center,0.0,True,True,True,2184.56,Medical / Pharmacy,FAILED,False
CBK0000943,TXN00005379,USR79175,MCH8672,Customer says amount was debited twice. NA,318.82,2026-03-13 00:00:00,2026-03-20 00:00:00,2026-04-18 00:00:00,RESOLVED,HIGH,Unauthorized Transaction,Branch,7.0,True,False,True,20251.37,Misc Retail,SUCCESS,False
CBK0000107,TXN00017349,USR51854,MCH2065,CUSTOMER COMPLAINT TEXT UNCLEAR DUE TO POOR CALL CENTER NOTES.,1441.68,2026-03-14 00:00:00,2026-03-15 15:43:00,2026-03-25 00:00:00,CLOSED,MEDIUM,Service Not Delivered,App,1.0,True,False,False,15853.0,Hotel / Lodging,FAILED,False
CBK0001418,TXN00017042,USR71503,MCH7873,User claims account was compromised before transaction.,1707.0,2026-01-14 00:00:00,2026-01-22 12:51:19,,RESOLVED,LOW,Service Not Delivered,Chatbot,8.0,True,True,False,13083.67,Telecom,FAILED,False
CBK0002054,TXN00014488,USR98293,MCH4980,Complaint received after multiple failed attempts.,7101.31,2026-01-29 03:41:00,2026-02-01 02:41:16,2026-02-03 02:41:00,CLOSED,MEDIUM,Service Not Delivered,Email,2.0,True,False,True,20882.08,,SUCCESS,False
CBK0000827,TXN00014268,USR35403,MCH2320,User says UPI PIN was not entered by them. pls check asap,1797.0,2026-03-26 19:49:23,2026-03-29 00:00:00,,OPEN,MEDIUM,Service Not Delivered,Chatbot,2.0,True,False,False,1528.92,Apparel,SUCCESS,False
CBK0000915,TXN00012512,USR69408,MCH6683,Merchant service was not delivered after payment.,3164.0,2026-03-16 00:00:00,2026-03-18 00:00:00,,REJECTED,MEDIUM,Duplicate Debit,Email,2.0,True,True,True,24739.22,Restaurant,SUCCESS,False
CBK0000780,TXN00003784,USR91599,MCH2065,Customer says transaction was not authorized.,3118.57,2026-03-28 17:20:00,,2026-04-12 23:20:37,IN_PROGRESS,HIGH,Suspected Fraud,Chatbot,,True,True,False,20665.51,Apparel,SUCCESS,False
CBK0000261,TXN00003908,USR92765,MCH6368,Customer says amount was debited twice.,6597.26,2026-02-20 00:00:00,2026-02-26 00:00:00,2026-03-06 00:00:00,IN_PROGRESS,CRITICAL,Service Not Delivered,IVR,6.0,True,True,False,7718.62,Medical / Pharmacy,SUCCESS,False
CBK0000831,TXN00013412,USR57382,MCH1320,User says UPI PIN was not entered by them.,90.88,,2026-01-21 00:00:00,2026-02-08 00:00:00,REJECTED,LOW,Service Not Delivered,Chatbot,,True,True,True,5382.66,Transportation,SUCCESS,False
CBK0001025,TXN00015661,USR47242,MCH1664,user reports money deducted but merchant denies receiving payment.,1840.53,2026-01-20 00:00:00,2026-01-23 11:54:20,2026-02-06 00:00:00,OPEN,HIGH,Duplicate Debit,Chatbot,3.0,True,False,True,7534.0,Transportation,FAILED,False
CBK0002512,,USR17699,MCH1556,Payment made to unknown merchant as per cust statement.,,2026-03-17 01:32:53,2026-03-17 00:00:00,2026-04-14 06:32:00,RESOLVED,HIGH,Service Not Delivered,Branch,,False,False,False,,,,True
CBK0000112,TXN00002800,USR33650,MCH4226,User claims account was compromised before transaction. urgent,9291.46,2026-01-02 00:00:00,2026-01-05 00:00:00,2026-01-15 09:02:47,REJECTED,LOW,Service Not Delivered,Email,3.0,True,False,False,4760.79,Grocery,SUCCESS,False
CBK0002603,TXN00009920,USR72778,MCH3738,Customer complaint text unclear due to poor call center notes.,1507.51,2026-02-25 00:00:00,2026-03-07 00:00:00,2026-03-09 18:15:06,PENDING_BANK,LOW,Suspected Fraud,IVR,10.0,True,False,False,10854.04,Misc Retail,SUCCESS,False
CBK0000516,TXN00018193,USR63557,MCH3988,customer says transaction was not authorized.,1923.55,2026-01-24 00:00:00,2026-01-27 00:00:00,2026-02-25 00:00:00,REJECTED,LOW,Service Not Delivered,App,3.0,True,False,True,5642.8,Hotel / Lodging,SUCCESS,False
CBK0000005,TXN00018300,USR55340,MCH6657,Customer complaint text unclear due to poor call center notes.,3125.63,2026-03-23 18:36:28,2026-05-07 00:00:00,2026-05-18 00:00:00,IN_PROGRESS,LOW,Suspected Fraud,Branch,44.0,True,False,True,18641.74,Grocery,SUCCESS,False
CBK0001054,TXN00003450,USR95613,MCH4039,Payment made to unknown merchant as per customer statement. details missing,4925.7,2026-03-17 00:00:00,2026-03-19 19:19:00,,PENDING_BANK,HIGH,Service Not Delivered,IVR,2.0,True,False,False,1343.17,Apparel,SUCCESS,False
CBK0001344,TXN00018359,USR13263,MCH6933,Customer says transaction was not authorized.,333.0,2026-03-20 00:00:00,,2026-04-14 15:20:52,IN_PROGRESS,LOW,Duplicate Debit,Chatbot,,True,True,False,3902.12,Book Store,SUCCESS,False
CBK0002380,TXN00007622,USR55947,MCH7385,Payment made to unknown merchant as per customer statement.,475.05,2026-03-30 00:00:00,2026-04-02 00:00:00,,OPEN,MEDIUM,Suspected Fraud,App,3.0,True,False,False,14150.92,Restaurant,SUCCESS,False
CBK0000608,,USR89430,MCH6891,Customer complaint text unclear due to poor call center notes.,947.39,2026-03-03 00:00:00,2026-03-05 00:00:00,,REJECTED,LOW,Service Not Delivered,App,2.0,False,False,False,,,,False
CBK0001080,TXN00014582,USR75735,MCH7856,User claims account was compromised before transaction.,1071.35,2026-03-29 00:00:00,2026-04-02 00:00:00,2026-04-11 00:00:00,IN_PROGRESS,HIGH,Unauthorized Transaction,App,4.0,True,False,True,1071.35,Restaurant,SUCCESS,True
CBK0000624,TXN00000969,USR81017,MCH1148,Customer says amount was debited twice.,6622.0,2026-03-19 07:40:40,2026-04-19 00:00:00,2026-05-07 00:00:00,IN_PROGRESS,MEDIUM,Customer Dispute,Chatbot,30.0,True,False,True,14164.45,Grocery,SUCCESS,False
CBK0002760,TXN00016683,USR85320,MCH2780,User claims account was compromised before transaction.,8248.74,2026-03-29 01:37:33,2026-03-31 00:00:00,,CLOSED,MEDIUM,Customer Dispute,Chatbot,1.0,True,False,False,2108.05,Medical / Pharmacy,SUCCESS,False
CBK0002387,TXN00004951,USR76131,MCH1332,Customer says amount was debited twice.,2386.57,2026-03-08 07:51:04,2026-03-09 21:51:00,2026-03-11 00:00:00,IN_PROGRESS,HIGH,Service Not Delivered,Call Center,1.0,True,True,False,9882.0,Restaurant,SUCCESS,False
CBK0000964,TXN00002933,USR15536,MCH3177,User says UPI PIN was not entered by them.,1870.77,,2026-01-27 00:00:00,2026-02-15 00:00:00,RESOLVED,MEDIUM,Account Takeover,Branch,,True,True,True,1970.61,Grocery,FAILED,False
CBK0000137,TXN00005904,USR86701,MCH6915,User claims account was compromised before txn.,953.16,2026-03-31 22:33:00,2026-03-31 00:00:00,,OPEN,HIGH,Wrong Amount,Chatbot,,True,False,False,9401.77,Hotel / Lodging,SUCCESS,False
CBK0000230,TXN00008604,USR33056,MCH2822,customer complaint text unclear due to poor call center notes.,1527.8,2026-02-21 03:47:49,2026-02-24 00:00:00,2026-03-16 00:00:00,PENDING_BANK,HIGH,Account Takeover,Chatbot,2.0,True,False,False,3875.57,Transportation,SUCCESS,False
CBK0000451,TXN00007457,USR71070,MCH9291,Customer says transaction was not authorized.,838.9,2026-01-10 08:18:00,2026-02-09 13:18:00,2026-03-11 00:00:00,IN_PROGRESS,MEDIUM,Customer Dispute,Chatbot,30.0,True,True,True,15197.99,Misc Retail,SUCCESS,False
CBK0002674,TXN00007519,USR53527,MCH8779,User claims account was compromised before transaction.,2490.54,2026-03-03 00:00:00,2026-03-06 00:00:00,2026-03-06 00:00:00,REJECTED,LOW,Service Not Delivered,IVR,3.0,True,False,True,19676.53,Transportation,SUCCESS,False
CBK0002748,TXN00006778,USR65191,MCH1320,Complaint received after multiple failed attempts.,1282.1,2026-03-22 00:00:00,2026-04-02 00:00:00,2026-04-05 00:00:00,RESOLVED,MEDIUM,Service Not Delivered,Chatbot,11.0,True,False,True,11340.87,Transportation,FAILED,False
CBK0002175,TXN00003542,USR95702,MCH6520,Customer says transaction was not authorized.,1085.0,2026-03-18 00:00:00,2026-03-20 20:30:00,2026-03-22 20:30:52,CLOSED,LOW,Suspected Fraud,Chatbot,2.0,True,False,True,20227.5,Apparel,SUCCESS,False
CBK0001676,TXN00013539,USR90288,MCH8203,Complaint received after multiple failed attempts.,1619.34,2026-02-09 10:20:56,2026-02-24 00:00:00,,REJECTED,MEDIUM,Service Not Delivered,App,14.0,True,True,True,20858.05,Hotel / Lodging,SUCCESS,False
CBK0000753,TXN00011998,USR26558,MCH3100,Merchant service was not delivered after payment.,1184.71,2026-01-24 05:54:36,2026-02-09 00:00:00,2026-02-17 03:54:36,REJECTED,LOW,Customer Dispute,IVR,15.0,True,False,False,7690.0,Department Store,SUCCESS,False
CBK0000690,TXN00016173,USR76780,MCH1506,User claims account was compromised before transaction.,8263.92,2026-03-20 00:00:00,,,REJECTED,LOW,Customer Dispute,Chatbot,,True,False,True,21287.15,Restaurant,PENDING,False
CBK0001492,TXN00008497,USR96797,MCH9634,Merchant service was not delivered after payment.,316.81,2026-02-18 00:00:00,2026-02-20 00:00:00,,CLOSED,LOW,Duplicate Debit,App,2.0,True,False,False,24857.26,,SUCCESS,False
CBK0001022,TXN00016644,USR60881,MCH7777,Customer says amount was debited twice.,898.0,2026-01-21 00:00:00,2026-01-26 00:00:00,2026-01-27 00:00:00,RESOLVED,HIGH,Suspected Fraud,Chatbot,5.0,True,False,False,12337.41,Restaurant,SUCCESS,False
CBK0000930,TXN00014399,USR39029,MCH4790,Customer says transaction was not authorized.,388.39,2026-03-04 14:44:00,2026-03-06 00:00:00,2026-03-27 15:44:00,IN_PROGRESS,MEDIUM,Service Not Delivered,App,1.0,True,True,True,19337.07,Book Store,SUCCESS,False
CBK0002331,TXN00009831,USR80038,MCH3995,Merchant service was not delivered after payment.,2727.04,2026-01-08 00:00:00,2026-01-09 00:00:00,2026-02-03 00:00:00,IN_PROGRESS,MEDIUM,Account Takeover,App,1.0,True,False,False,10239.53,Hotel / Lodging,SUCCESS,False
CBK0002057,TXN00004888,USR31743,MCH9344,Merchant service was not delivered after payment.,1625.15,2026-03-31 00:00:00,2026-04-01 00:00:00,2026-04-28 00:00:00,PENDING_BANK,CRITICAL,Service Not Delivered,Call Center,1.0,True,False,False,17099.91,Grocery,SUCCESS,False
CBK0001465,TXN00004507,USR77990,MCH9291,Merchant service was not delivered after payment.,2320.0,2026-01-21 00:00:00,2026-01-21 00:00:00,,OPEN,MEDIUM,Service Not Delivered,Branch,0.0,True,True,True,18367.86,Grocery,SUCCESS,False
CBK0000658,TXN00005761,USR70617,MCH5954,User claims account was compromised before transaction.,3582.63,2026-03-10 21:34:00,2026-03-18 06:34:15,2026-03-18 06:34:15,OPEN,LOW,Service Not Delivered,IVR,7.0,True,True,True,19055.62,Book Store,SUCCESS,False
CBK0000712,TXN00007650,USR28000,MCH5690,user reports money deducted but merchant denies receiving payment.,316.55,2026-03-23 00:00:00,2026-03-25 00:00:00,2026-04-06 00:03:10,REJECTED,HIGH,Service Not Delivered,Chatbot,2.0,True,False,False,14799.28,,SUCCESS,False
CBK0001067,TXN00000175,USR32382,MCH4962,Merchant service was not delivered after payment.,1092.58,2026-02-23 00:00:00,2026-03-10 00:00:00,2026-04-07 00:00:00,RESOLVED,HIGH,Wrong Amount,IVR,15.0,True,False,True,16132.87,Apparel,SUCCESS,False
CBK0001242,TXN00014086,USR37902,MCH3159,Complaint received after multiple failed attempts.,3184.9,2026-03-29 00:00:00,2026-04-01 00:00:00,2026-04-25 00:00:00,REJECTED,MEDIUM,Duplicate Debit,Email,3.0,True,False,False,11378.83,Medical / Pharmacy,SUCCESS,False
CBK0000156,TXN00018659,USR96218,MCH5609,Payment made to unknown merchant as per customer statement. details missing,4959.68,2026-02-15 00:00:00,2026-02-21 00:00:00,2026-03-05 09:55:18,RESOLVED,CRITICAL,Duplicate Debit,Branch,6.0,True,True,False,14973.35,Medical / Pharmacy,SUCCESS,False
CBK0002682,TXN00000762,USR34180,MCH9565,payment made to unknown merchant as per customer statement.,1083.4,,2026-02-21 00:00:00,,RESOLVED,HIGH,Duplicate Debit,IVR,,True,False,True,7799.93,Restaurant,SUCCESS,False
CBK0001336,TXN00004804,USR40908,MCH2509,Merchant service was not delivered after payment.,12097.84,2026-01-06 06:55:18,2026-01-08 00:00:00,2026-01-14 01:55:18,CLOSED,HIGH,Unauthorized Transaction,Chatbot,1.0,True,False,False,4761.32,Hotel / Lodging,PENDING,False
CBK0002092,TXN00011140,USR70317,MCH3807,User claims account was compromised before transaction.,1790.94,2026-01-19 00:00:00,2026-01-19 00:00:00,,PENDING_BANK,MEDIUM,Service Not Delivered,App,0.0,True,False,False,24649.5,Transportation,SUCCESS,False
CBK0001282,TXN00032415,USR99611,MCH2266,User says UPI PIN was not entered by them.,23005.71,2026-02-23 00:00:00,2026-02-24 00:00:00,2026-03-07 00:00:00,REJECTED,MEDIUM,Service Not Delivered,Chatbot,1.0,False,False,True,,,,False
CBK0000168,TXN00010651,USR97772,MCH4642,Suspicious high-value payment disputed by customer.,23417.83,2026-01-19 00:00:00,2026-02-03 00:00:00,2026-03-03 13:11:35,PENDING_BANK,HIGH,Service Not Delivered,Chatbot,15.0,True,True,True,23417.83,Medical / Pharmacy,SUCCESS,True
CBK0001926,TXN00019983,USR24168,MCH3909,User says UPI PIN was not entered by them.,8084.93,2026-03-16 23:25:39,2026-04-01 00:00:00,2026-05-01 00:00:00,REJECTED,HIGH,Duplicate Debit,Branch,15.0,True,False,False,21244.33,Grocery,SUCCESS,False
CBK0002727,TXN00004731,USR24341,MCH1965,Customer says amount was debited twice.,1385.0,2026-03-20 00:00:00,2026-03-21 00:00:00,2026-03-25 00:00:00,REJECTED,HIGH,Account Takeover,Email,1.0,True,False,True,3017.89,,SUCCESS,False
CBK0000532,TXN00006252,USR15564,MCH6116,merchant service was not delivered after payment.,408.0,2026-01-21 15:31:58,2026-01-22 00:00:00,,IN_PROGRESS,HIGH,Wrong Amount,Branch,0.0,True,True,True,4357.7,Book Store,SUCCESS,False
CBK0001089,TXN00006872,USR78604,MCH7810,Payment made to unknown merchant as per customer statement.,2082.0,2026-01-05 00:00:00,2026-01-21 00:00:00,2026-01-21 00:00:00,IN_PROGRESS,LOW,Service Not Delivered,IVR,16.0,True,False,True,2082.0,Misc Retail,SUCCESS,True
CBK0000635,TXN00003242,USR34180,MCH2159,suspicious high-value payment disputed by customer.,1561.56,2026-03-22 00:00:00,,,CLOSED,LOW,Wrong Amount,Branch,,True,False,True,10729.32,Medical / Pharmacy,SUCCESS,False
CBK0000650,TXN00004880,USR34311,MCH2209,Customer complaint text unclear due to poor call center notes.,512.66,2026-02-21 00:00:00,2026-02-23 00:00:00,,REJECTED,CRITICAL,Unauthorized Transaction,Branch,2.0,True,False,False,20602.0,Telecom,SUCCESS,False
CBK0001889,TXN00013593,USR10480,MCH7251,User reports money deducted but merchant denies receiving payment. pls check asap,792.99,2026-01-29 11:28:25,2026-02-01 00:00:00,2026-02-01 00:28:00,OPEN,MEDIUM,Account Takeover,IVR,2.0,True,False,False,23010.54,Apparel,SUCCESS,False
CBK0002662,TXN00001805,USR29306,MCH5624,Suspicious high-value payment disputed by customer.,692.55,2026-01-20 00:00:00,2026-01-21 00:00:00,2026-02-18 00:00:00,REJECTED,MEDIUM,Customer Dispute,Chatbot,1.0,True,False,False,8749.08,Restaurant,SUCCESS,False
CBK0000123,TXN00016267,USR85507,MCH6810,User claims account was compromised before transaction.,1756.0,2026-02-05 00:00:00,2026-03-07 00:00:00,,RESOLVED,HIGH,Service Not Delivered,Branch,30.0,True,False,False,23895.74,Restaurant,SUCCESS,False
CBK0000629,TXN00003543,USR61351,MCH4181,User claims account was compromised before transaction.,15742.98,2026-01-15 11:05:00,2026-01-19 08:05:34,2026-02-09 08:05:00,RESOLVED,LOW,Duplicate Debit,Chatbot,3.0,True,True,False,3681.58,Medical / Pharmacy,SUCCESS,False
CBK0001701,TXN00006191,USR79175,MCH8752,Customer says amount was debited twice. pls check asap,426.17,2026-02-25 00:00:00,2026-02-26 19:14:05,2026-03-01 00:00:00,PENDING_BANK,LOW,Customer Dispute,Call Center,1.0,True,False,False,17438.82,Telecom,SUCCESS,False
CBK0001491,TXN00017193,USR16478,MCH4709,payment made to unknown merchant as per customer statement.,2406.17,2026-03-31 00:00:00,2026-04-03 00:00:00,2026-04-27 00:00:00,IN_PROGRESS,MEDIUM,Service Not Delivered,IVR,3.0,True,False,True,8818.59,Hotel / Lodging,SUCCESS,False
CBK0002256,TXN00009782,USR19885,MCH8154,Merchant service was not delivered after payment. NA,6347.69,2026-03-17 00:00:00,2026-03-22 00:00:00,2026-04-21 00:00:00,IN_PROGRESS,HIGH,Service Not Delivered,IVR,5.0,True,False,True,9825.71,Grocery,PENDING,False
CBK0000187,TXN00008581,USR85112,MCH9415,Payment made to unknown merchant as per customer statement.,562.07,2026-02-25 00:00:00,2026-02-28 07:16:11,,IN_PROGRESS,MEDIUM,Customer Dispute,IVR,3.0,True,False,True,6756.64,Apparel,SUCCESS,False
CBK0001359,TXN00003338,USR91595,MCH3957,Payment made to unknown merchant as per customer statement.,8032.32,2026-02-16 15:19:43,2026-02-18 08:19:43,,IN_PROGRESS,MEDIUM,Account Takeover,IVR,1.0,True,False,False,18970.3,Book Store,SUCCESS,False
CBK0002132,TXN00011912,USR73010,MCH4590,USER CLAIMS ACCOUNT WAS COMPROMISED BEFORE TRANSACTION.,2559.27,,2026-03-29 00:00:00,2026-04-28 00:00:00,CLOSED,LOW,Unauthorized Transaction,Call Center,,True,False,False,15086.66,Restaurant,SUCCESS,False
CBK0001583,TXN00015176,USR41858,MCH3750,Customer says amount was debited twice.,519.74,2026-03-19 00:00:00,,2026-04-03 11:07:00,IN_PROGRESS,CRITICAL,Suspected Fraud,Email,,True,True,False,17860.81,Transportation,SUCCESS,False
CBK0001503,TXN00007523,USR30103,MCH7139,MERCHANT SERVICE WAS NOT DELIVERED AFTER PAYMENT.,2702.06,2026-02-14 10:06:00,2026-02-20 00:00:00,2026-03-12 09:06:00,RESOLVED,MEDIUM,Service Not Delivered,App,5.0,True,False,False,14013.11,Department Store,SUCCESS,False
CBK0000859,TXN00018489,USR33856,MCH5110,User claims account was compromised before transaction. NA,267.92,2026-02-10 23:21:44,2026-02-14 19:21:00,,RESOLVED,HIGH,Suspected Fraud,Email,3.0,True,False,True,19351.28,Restaurant,SUCCESS,False
CBK0002080,TXN00006502,USR17290,MCH6230,Suspicious high-value payment disputed by cust.,1120.78,2026-01-13 00:00:00,2026-01-16 00:00:00,,OPEN,CRITICAL,Wrong Amount,Chatbot,3.0,True,False,False,2010.78,Transportation,SUCCESS,False
CBK0002570,TXN00001810,USR35882,MCH8953,Suspicious high-value payment disputed by cust.,6930.0,2026-02-04 00:00:00,2026-02-06 00:00:00,2026-03-04 00:00:00,REJECTED,LOW,Account Takeover,Call Center,2.0,True,False,True,2468.91,Grocery,SUCCESS,False
CBK0001989,TXN00003059,USR39665,MCH4473,Customer says amount was debited twice.,3807.73,2026-02-06 23:35:35,2026-02-08 00:00:00,2026-02-15 00:00:00,RESOLVED,HIGH,Service Not Delivered,IVR,1.0,True,True,False,1898.83,Medical / Pharmacy,SUCCESS,False
CBK0000603,TXN00004425,USR95812,MCH6075,Payment made to unknown merchant as per customer statement.,1305.0,2026-02-27 02:24:00,2026-03-01 00:00:00,2026-03-12 00:00:00,RESOLVED,HIGH,Service Not Delivered,Chatbot,1.0,True,False,True,7890.94,Book Store,SUCCESS,False
CBK0000334,TXN00015310,USR19151,MCH8434,Suspicious high-value payment disputed by customer.,3904.6,2026-03-07 11:51:47,2026-03-17 20:51:47,,IN_PROGRESS,LOW,Service Not Delivered,Chatbot,10.0,True,False,False,1701.16,Medical / Pharmacy,SUCCESS,False
CBK0001136,TXN00008134,USR44953,MCH2383,USER REPORTS MONEY DEDUCTED BUT MERCHANT DENIES RECEIVING PAYMENT.,388.91,2026-02-05 00:00:00,2026-02-07 13:04:31,2026-02-13 00:00:00,RESOLVED,MEDIUM,Suspected Fraud,Chatbot,2.0,True,False,True,9346.41,,PENDING,False
CBK0000404,TXN00007870,USR76645,MCH7161,User reports money deducted but merchant denies receiving payment.,1860.61,2026-01-28 00:00:00,2026-02-05 18:07:51,2026-02-17 18:07:00,IN_PROGRESS,HIGH,Duplicate Debit,Email,8.0,True,True,False,221.2,Grocery,FAILED,False
CBK0002404,TXN00001110,USR78155,MCH9798,Suspicious high-value payment disputed by customer.,1498.49,2026-03-12 00:00:00,2026-03-14 07:44:57,,OPEN,HIGH,Service Not Delivered,App,2.0,True,False,True,3855.86,Transportation,SUCCESS,False
CBK0001323,TXN00006391,USR57255,MCH5076,user says upi pin was not entered by them.,9215.86,2026-01-11 00:00:00,2026-01-12 00:11:00,2026-01-15 00:00:00,RESOLVED,MEDIUM,Suspected Fraud,IVR,1.0,True,False,False,2212.67,Hotel / Lodging,PENDING,False
CBK0002176,,USR69196,MCH8627,Suspicious high-value payment disputed by cust.,1168.54,,2026-01-14 00:00:00,2026-01-14 12:57:00,CLOSED,HIGH,Service Not Delivered,Email,,False,False,False,,,,False
CBK0001840,TXN00009647,USR97772,MCH5655,Customer says amount was debited twice.,878.05,2026-02-07 00:00:00,2026-02-22 00:00:00,2026-02-26 00:00:00,REJECTED,HIGH,Duplicate Debit,Branch,15.0,True,True,False,19562.07,Grocery,SUCCESS,False
CBK0001888,TXN00004061,USR77659,MCH4909,Customer says transaction was not authorized.,2090.0,2026-02-10 00:00:00,2026-03-12 18:31:00,2026-04-09 00:00:00,CLOSED,LOW,Customer Dispute,IVR,30.0,True,False,True,7358.75,Restaurant,SUCCESS,False
CBK0001647,TXN00094322,USR55487,MCH7879,Customer says transaction was not authorized.,2530.5,2026-03-26 07:27:17,2026-03-29 00:00:00,2026-03-31 00:00:00,REJECTED,MEDIUM,Service Not Delivered,Email,2.0,False,False,True,,,,False
CBK0002578,TXN00001675,USR84061,MCH6798,user reports money deducted but merchant denies receiving payment.,994.02,2026-03-31 00:00:00,2026-04-03 11:48:00,,IN_PROGRESS,MEDIUM,Service Not Delivered,IVR,3.0,True,False,False,19753.0,Transportation,SUCCESS,False
CBK0001203,TXN00014456,USR61761,MCH8619,Complaint received after multiple failed attempts.,14382.17,2026-02-20 00:00:00,2026-02-28 02:46:45,2026-03-05 00:00:00,IN_PROGRESS,LOW,Service Not Delivered,IVR,8.0,True,True,True,9295.61,Grocery,SUCCESS,False
CBK0000749,TXN00006304,USR30630,MCH3257,suspicious high-value payment disputed by customer.,4194.32,2026-01-09 00:00:00,2026-02-23 00:00:00,,IN_PROGRESS,CRITICAL,Customer Dispute,Chatbot,45.0,True,False,False,19449.96,Restaurant,SUCCESS,False
CBK0001592,TXN00015183,USR24536,MCH2785,Suspicious high-value payment disputed by customer.,4195.81,2026-02-07 00:00:00,2026-02-09 14:27:41,2026-02-27 00:00:00,RESOLVED,MEDIUM,Service Not Delivered,Email,2.0,True,False,False,19370.34,Transportation,SUCCESS,False
CBK0002001,TXN00008475,USR51720,MCH2020,User says UPI PIN was not entered by them.,877.69,2026-03-03 13:24:10,2026-04-17 00:00:00,,CLOSED,MEDIUM,Customer Dispute,Call Center,44.0,True,False,True,21833.0,Grocery,SUCCESS,False
CBK0002459,TXN00000155,USR35867,MCH6729,Merchant service was not delivered after payment.,1535.06,2026-03-08 00:00:00,2026-03-11 02:18:17,2026-03-12 02:18:00,PENDING_BANK,MEDIUM,Unauthorized Transaction,Chatbot,3.0,True,False,True,24641.4,Misc Retail,SUCCESS,False
CBK0000417,TXN00009167,USR29544,MCH8956,customer complaint text unclear due to poor call center notes.,239.91,2026-01-08 00:00:00,2026-01-12 00:00:00,,OPEN,LOW,Duplicate Debit,Chatbot,4.0,True,False,False,21350.17,Transportation,SUCCESS,False
CBK0002102,TXN00013496,USR24429,MCH1159,customer says amount was debited twice.,3536.59,2026-02-21 00:00:00,2026-02-23 03:39:00,2026-03-18 00:00:00,CLOSED,LOW,Service Not Delivered,IVR,2.0,True,False,True,9403.34,Transportation,SUCCESS,False
CBK0000348,TXN00003338,USR78803,MCH4683,Customer complaint text unclear due to poor call center notes. urgent,18970.3,2026-01-26 00:00:00,2026-01-29 01:18:00,2026-02-22 01:18:55,CLOSED,MEDIUM,Service Not Delivered,Chatbot,3.0,True,False,False,18970.3,Book Store,SUCCESS,True
CBK0002729,TXN00000967,USR30147,MCH6792,Suspicious high-value payment disputed by customer.,1780.33,2026-01-22 00:00:00,2026-01-24 00:00:00,2026-02-15 00:00:00,OPEN,CRITICAL,Account Takeover,Chatbot,2.0,True,False,False,17978.96,Restaurant,SUCCESS,False
CBK0000196,TXN00005107,USR33769,MCH4914,User claims account was compromised before transaction.,1023.0,2026-01-04 00:00:00,2026-01-12 05:57:59,2026-01-23 00:00:00,PENDING_BANK,MEDIUM,Service Not Delivered,Branch,8.0,True,False,True,9176.29,Grocery,SUCCESS,False
CBK0000173,TXN00013826,USR31453,MCH4581,User says UPI PIN was not entered by them.,1245.39,2026-01-24 14:20:26,2026-01-28 04:20:00,,CLOSED,LOW,Customer Dispute,Branch,3.0,True,False,True,6046.15,Grocery,SUCCESS,False
CBK0000457,TXN00009823,USR84334,MCH7202,Merchant service was not delivered after payment.,17825.75,2026-01-27 16:44:22,2026-01-31 00:00:00,2026-02-22 03:44:22,CLOSED,LOW,Suspected Fraud,Call Center,3.0,True,False,True,16966.14,Medical / Pharmacy,SUCCESS,False
CBK0000398,TXN00005767,USR26707,MCH3494,Merchant service was not delivered after payment.,3275.35,2026-02-22 10:29:35,2026-02-24 00:00:00,,CLOSED,LOW,Suspected Fraud,Chatbot,1.0,True,False,False,6328.41,Restaurant,SUCCESS,False
CBK0001164,TXN00001699,USR11287,MCH1963,User claims account was compromised before transaction.,1995.0,2026-02-28 00:00:00,,,CLOSED,LOW,Service Not Delivered,IVR,,True,True,False,24078.25,Transportation,SUCCESS,False
CBK0000207,TXN00007495,USR47962,MCH4241,Complaint received after multiple failed attempts.,1520.0,2026-02-12 16:45:00,2026-02-13 00:00:00,,OPEN,LOW,Suspected Fraud,Chatbot,0.0,True,False,False,21529.23,Department Store,SUCCESS,False
CBK0002710,TXN00004746,USR68670,MCH1335,Customer says transaction was not authorized.,579.06,2026-03-19 00:00:00,2026-03-22 00:00:00,2026-03-26 00:00:00,PENDING_BANK,HIGH,Unauthorized Transaction,Branch,3.0,True,False,True,1355.22,Grocery,SUCCESS,False
CBK0001751,TXN00008083,USR63649,MCH3815,User says UPI PIN was not entered by them. pls check asap,2354.56,2026-01-05 00:00:00,2026-01-11 00:00:00,,OPEN,HIGH,Customer Dispute,App,6.0,True,False,False,5352.89,Transportation,SUCCESS,False
CBK0001150,TXN00007644,USR73279,MCH8154,Suspicious high-value payment disputed by customer.,1173.01,2026-02-01 00:00:00,2026-02-04 00:00:00,2026-02-19 16:53:00,PENDING_BANK,MEDIUM,Wrong Amount,Call Center,3.0,True,False,True,6575.0,Transportation,SUCCESS,False
CBK0001021,TXN00019145,USR95181,MCH9291,User says UPI PIN was not entered by them. call dropped,10111.0,2026-03-01 00:00:00,2026-04-16 00:00:00,2026-05-10 00:00:00,OPEN,MEDIUM,Duplicate Debit,Branch,46.0,True,False,True,3157.3,Grocery,SUCCESS,False
CBK0000932,TXN00003371,USR26201,MCH2614,Complaint received after multiple failed attempts.,737.83,,2026-03-26 00:00:00,,PENDING_BANK,LOW,Suspected Fraud,Call Center,,True,False,False,5475.7,Grocery,SUCCESS,False
CBK0001699,TXN00018943,USR65069,MCH1007,Payment made to unknown merchant as per customer statement.,2326.89,2026-01-27 11:40:00,2026-01-24 11:40:43,,CLOSED,LOW,Service Not Delivered,App,,True,False,True,10271.0,Grocery,SUCCESS,False
CBK0002373,TXN00018837,USR94106,MCH4774,User says UPI PIN was not entered by them.,1260.53,2026-01-19 04:13:46,2026-01-18 04:13:00,2026-01-23 00:00:00,CLOSED,HIGH,Wrong Amount,Chatbot,,True,True,True,1013.79,Medical / Pharmacy,SUCCESS,False
CBK0001046,TXN00007145,USR24536,MCH5712,user says upi pin was not entered by them.,5884.78,2026-02-02 00:00:00,2026-02-10 00:00:00,2026-02-13 00:00:00,OPEN,LOW,Account Takeover,Chatbot,8.0,True,False,True,23340.49,Hotel / Lodging,SUCCESS,False
CBK0002267,TXN00006416,USR70102,MCH2266,User says UPI PIN was not entered by them.,4872.0,2026-02-25 00:00:00,2026-03-01 00:00:00,2026-03-13 05:44:47,REJECTED,MEDIUM,Service Not Delivered,Chatbot,4.0,True,True,True,10625.61,Hotel / Lodging,SUCCESS,False
CBK0001191,TXN00010675,USR42733,MCH1665,Payment made to unknown merchant as per customer statement.,268.44,2026-01-23 19:46:20,2026-01-27 10:46:20,2026-02-07 00:00:00,PENDING_BANK,MEDIUM,Service Not Delivered,Email,3.0,True,False,True,359.4,Medical / Pharmacy,SUCCESS,False
CBK0001431,TXN00007758,USR37892,MCH3288,Customer complaint text unclear due to poor call center notes.,1550.0,2026-03-31 05:38:00,2026-04-03 00:00:00,,REJECTED,LOW,Unauthorized Transaction,Chatbot,2.0,True,True,True,22044.12,Hotel / Lodging,SUCCESS,False
CBK0000890,TXN00081593,USR53996,MCH6810,CUSTOMER COMPLAINT TEXT UNCLEAR DUE TO POOR CALL CENTER NOTES.,5676.76,2026-01-30 00:00:00,2026-02-01 01:35:11,2026-02-16 00:00:00,REJECTED,MEDIUM,Service Not Delivered,Chatbot,2.0,False,False,False,,,,False
CBK0000670,TXN00016465,USR33934,MCH8836,Merchant service was not delivered after payment.,1819.68,2026-01-08 00:00:00,2026-01-11 14:41:00,2026-02-08 00:00:00,CLOSED,HIGH,Customer Dispute,IVR,3.0,True,True,False,5619.77,Hotel / Lodging,SUCCESS,False
CBK0001602,TXN00000594,USR37916,MCH4233,Customer complaint text unclear due to poor call center notes.,2315.48,2026-03-26 00:00:00,2026-03-31 16:51:28,2026-04-22 00:00:00,PENDING_BANK,MEDIUM,Service Not Delivered,App,5.0,True,False,True,8648.23,Restaurant,SUCCESS,False
CBK0000279,TXN00010238,USR46321,MCH7943,Complaint received after multiple failed attempts.,581.0,2026-02-23 00:00:00,2026-02-28 00:00:00,2026-03-19 13:37:00,PENDING_BANK,MEDIUM,Customer Dispute,Email,5.0,True,True,True,8323.5,Grocery,SUCCESS,False
CBK0001915,TXN00018105,USR32861,MCH3151,Merchant service was not delivered after payment.,2703.6,2026-03-24 21:23:09,2026-03-25 03:23:09,2026-04-15 00:00:00,RESOLVED,LOW,Service Not Delivered,IVR,0.0,True,False,False,9496.87,Medical / Pharmacy,SUCCESS,False
CBK0002444,TXN00009188,USR76636,MCH1089,Suspicious high-value payment disputed by customer.,542.9,2026-03-18 00:00:00,2026-03-21 00:00:00,,RESOLVED,MEDIUM,Wrong Amount,Chatbot,3.0,True,False,True,11.32,Transportation,SUCCESS,False
CBK0001274,TXN00004896,USR36343,MCH7286,Complaint received after multiple failed attempts. NA,1770.17,2026-01-03 00:00:00,2026-01-04 15:56:05,2026-02-01 15:56:05,IN_PROGRESS,LOW,Customer Dispute,Chatbot,1.0,True,True,False,2023.71,Medical / Pharmacy,SUCCESS,False
CBK0002397,TXN00012053,USR24199,MCH9610,Complaint received after multiple failed attempts.,1200.13,2026-01-05 00:00:00,2026-01-13 16:15:15,2026-01-19 16:15:15,RESOLVED,CRITICAL,Unauthorized Transaction,App,8.0,True,True,False,16262.64,Restaurant,SUCCESS,False
CBK0000086,TXN00005603,USR63109,MCH4810,Customer complaint text unclear due to poor call center notes.,2652.0,2026-02-22 19:09:31,,2026-03-22 11:09:31,IN_PROGRESS,MEDIUM,Suspected Fraud,App,,True,False,False,3140.03,Medical / Pharmacy,SUCCESS,False
CBK0002277,TXN00018308,USR67602,MCH2667,user reports money deducted but merchant denies receiving payment.,5058.0,2026-03-08 00:00:00,2026-03-11 15:45:04,2026-03-17 15:45:04,IN_PROGRESS,HIGH,Service Not Delivered,Branch,3.0,True,False,False,18186.56,Department Store,SUCCESS,False
CBK0000252,TXN00019048,USR59747,MCH4772,User says UPI PIN was not entered by them.,1913.71,2026-01-08 00:00:00,2026-01-14 00:00:00,,CLOSED,HIGH,Duplicate Debit,App,6.0,True,False,False,10210.03,Transportation,SUCCESS,False
CBK0001549,TXN00005488,USR93167,MCH5584,User says UPI PIN was not entered by them.,8967.32,2026-01-30 17:57:10,2026-02-01 00:00:00,2026-02-15 00:00:00,RESOLVED,MEDIUM,Service Not Delivered,Branch,1.0,True,True,False,16561.32,Hotel / Lodging,SUCCESS,False
CBK0001577,TXN00017992,USR54208,MCH5397,Customer says transaction was not authorized.,1697.0,2026-03-11 11:07:00,2026-03-22 01:07:00,2026-03-26 01:07:00,REJECTED,LOW,Service Not Delivered,App,10.0,True,False,False,21774.31,Telecom,SUCCESS,False
CBK0000373,TXN00004759,USR20337,MCH7924,MERCHANT SERVICE WAS NOT DELIVERED AFTER PAYMENT.,1027.78,2026-03-15 00:00:00,2026-03-17 00:00:00,2026-04-06 00:00:00,RESOLVED,LOW,Service Not Delivered,Call Center,2.0,True,False,False,11523.73,Medical / Pharmacy,SUCCESS,False
CBK0002679,,USR57460,MCH6850,user says upi pin was not entered by them.,1271.0,2026-02-27 00:00:00,2026-03-05 00:00:00,,REJECTED,HIGH,Wrong Amount,Chatbot,6.0,False,True,False,,,,False
CBK0001318,TXN00018753,USR85507,MCH8154,Customer says amount was debited twice.,12010.0,2026-03-24 02:53:33,2026-03-27 11:53:00,2026-04-17 00:00:00,IN_PROGRESS,LOW,Duplicate Debit,IVR,3.0,True,False,True,7380.2,Hotel / Lodging,SUCCESS,False
CBK0001208,TXN00012998,USR22898,MCH2079,Customer says amount was debited twice.,1570.15,2026-01-11 00:00:00,2026-01-13 00:00:00,2026-02-08 00:00:00,REJECTED,HIGH,Account Takeover,Branch,2.0,True,False,False,21691.8,Medical / Pharmacy,SUCCESS,False
CBK0001350,TXN00011858,USR37820,MCH2269,USER SAYS UPI PIN WAS NOT ENTERED BY THEM.,2135.97,2026-02-09 00:00:00,2026-02-11 00:00:00,2026-02-25 21:28:08,REJECTED,LOW,Unauthorized Transaction,Branch,2.0,True,False,True,8926.34,Transportation,FAILED,False
CBK0001845,TXN00012951,USR39002,MCH4473,User reports money deducted but merchant denies receiving payment.,2826.0,2026-03-04 14:44:00,2026-03-12 00:00:00,2026-04-05 00:00:00,RESOLVED,LOW,Customer Dispute,Email,7.0,True,True,False,11115.12,Misc Retail,SUCCESS,False
CBK0002193,TXN00017969,USR83235,MCH2137,suspicious high-value payment disputed by customer.,2501.0,2026-03-29 15:46:42,2026-04-09 00:00:00,,OPEN,MEDIUM,Suspected Fraud,App,10.0,True,False,True,10751.85,Medical / Pharmacy,SUCCESS,False
CBK0000773,TXN00045816,USR87981,MCH5252,Complaint received after multiple failed attempts.,2928.28,2026-01-05 00:00:00,2026-01-09 00:00:00,2026-01-16 00:00:00,CLOSED,HIGH,Account Takeover,App,4.0,False,False,False,,,,False
CBK0002632,TXN00019581,USR34162,MCH8433,Payment made to unknown merchant as per customer statement.,1017.95,2026-03-25 10:24:30,2026-03-30 00:00:00,,RESOLVED,LOW,Service Not Delivered,Call Center,4.0,True,False,True,17975.56,Grocery,SUCCESS,False
CBK0000242,,USR53192,MCH9729,Merchant service was not delivered after payment.,1995.28,2026-02-13 09:46:00,2026-02-16 08:46:14,2026-03-04 00:00:00,RESOLVED,MEDIUM,Duplicate Debit,App,2.0,False,False,True,,,,False
CBK0001747,TXN00019644,USR88037,MCH1186,Complaint received after multiple failed attempts.,1335.62,2026-02-04 00:00:00,2026-02-03 00:00:00,2026-02-26 00:00:00,OPEN,LOW,Service Not Delivered,Call Center,,True,True,False,12091.89,Transportation,SUCCESS,False
CBK0001423,TXN00013720,USR97580,MCH8999,Complaint received after multiple failed attempts.,4933.23,2026-01-15 00:00:00,,2026-02-02 00:00:00,PENDING_BANK,LOW,Suspected Fraud,Branch,,True,True,True,2125.9,Telecom,SUCCESS,False
CBK0000968,TXN00014316,USR84719,MCH9295,suspicious high-value payment disputed by customer.,1017.0,2026-03-12 14:49:08,2026-03-16 06:49:08,2026-03-17 00:00:00,OPEN,LOW,Service Not Delivered,Email,3.0,True,True,False,17984.52,,SUCCESS,False
CBK0001372,TXN00001655,USR64263,MCH2054,customer complaint text unclear due to poor call center notes.,2589.0,2026-03-28 13:08:53,2026-04-07 00:00:00,2026-04-16 00:00:00,CLOSED,CRITICAL,Unauthorized Transaction,Email,9.0,True,False,False,2200.19,Medical / Pharmacy,SUCCESS,False
CBK0000157,TXN00016322,USR89473,MCH2014,USER REPORTS MONEY DEDUCTED BUT MERCHANT DENIES RECEIVING PAYMENT.,1512.0,2026-02-26 00:00:00,2026-02-28 00:37:00,2026-03-04 00:00:00,RESOLVED,LOW,Service Not Delivered,Branch,2.0,True,False,True,22767.84,Medical / Pharmacy,PENDING,False
CBK0000605,TXN00000166,USR94647,MCH7247,User claims account was compromised before transaction.,913.38,2026-03-17 13:12:37,2026-03-22 00:00:00,2026-03-28 00:00:00,RESOLVED,HIGH,Account Takeover,App,4.0,True,False,False,20884.21,Grocery,SUCCESS,False
CBK0001856,TXN00050572,USR56512,MCH3100,Complaint received after multiple failed attempts.,,2026-01-23 00:00:00,2026-02-03 00:00:00,2026-03-02 12:12:00,IN_PROGRESS,CRITICAL,Duplicate Debit,App,11.0,False,False,False,,,,True
CBK0002401,TXN00013900,USR24536,MCH1762,Merchant service was not delivered after payment.,1310.19,2026-01-23 04:34:00,2026-01-25 00:00:00,,IN_PROGRESS,MEDIUM,Duplicate Debit,Chatbot,1.0,True,False,False,3080.66,Transportation,SUCCESS,False
CBK0002446,TXN00018937,USR49318,MCH5980,user says upi pin was not entered by them.,1097.4,2026-01-03 00:00:00,2026-01-14 00:00:00,2026-01-23 06:00:00,CLOSED,CRITICAL,Service Not Delivered,Email,11.0,True,True,True,18026.67,Medical / Pharmacy,SUCCESS,False
CBK0002667,TXN00016456,USR42556,MCH5029,Suspicious high-value payment disputed by customer.,3977.66,2026-03-24 06:26:03,2026-03-26 00:00:00,2026-04-09 00:00:00,PENDING_BANK,LOW,Wrong Amount,Chatbot,1.0,True,True,False,24713.23,Transportation,SUCCESS,False
CBK0002260,TXN00019490,USR34757,MCH1806,Complaint received after multiple failed attempts.,1314.21,2026-01-04 16:21:04,2026-01-20 00:00:00,2026-01-28 00:00:00,REJECTED,CRITICAL,Suspected Fraud,IVR,15.0,True,False,True,5998.91,Transportation,SUCCESS,False
CBK0000002,TXN00016351,USR35605,MCH8953,Complaint received after multiple failed attempts.,2366.0,2026-03-24 13:14:10,2026-03-31 15:14:10,2026-04-09 15:14:00,CLOSED,HIGH,Unauthorized Transaction,IVR,7.0,True,False,True,2010.23,Hotel / Lodging,SUCCESS,False
CBK0001497,TXN00005059,USR56554,MCH6349,Customer says amount was debited twice.,1316.81,2026-02-06 00:00:00,2026-02-08 20:39:40,2026-03-09 20:39:00,RESOLVED,HIGH,Service Not Delivered,App,2.0,True,True,False,13958.7,Medical / Pharmacy,SUCCESS,False
CBK0000017,TXN00006427,USR30994,MCH6488,customer says transaction was not authorized.,3608.0,2026-01-30 00:00:00,,2026-02-20 00:00:00,PENDING_BANK,MEDIUM,Account Takeover,Chatbot,,True,False,True,23689.65,Transportation,SUCCESS,False
CBK0001986,TXN00005203,USR88037,MCH4181,Merchant service was not delivered after payment.,2184.85,2026-02-27 00:00:00,2026-02-28 00:00:00,2026-03-18 00:00:00,IN_PROGRESS,LOW,Service Not Delivered,Chatbot,1.0,True,True,False,16073.01,Medical / Pharmacy,SUCCESS,False
CBK0000926,TXN00019409,USR27947,MCH3416,Customer says transaction was not authorized.,756.59,2026-02-18 00:00:00,2026-02-19 00:00:00,,IN_PROGRESS,MEDIUM,Duplicate Debit,Branch,1.0,True,True,True,12693.38,Hotel / Lodging,SUCCESS,False
CBK0001679,TXN00007437,USR11987,MCH2576,Customer says transaction was not authorized.,1171.85,2026-03-25 00:00:00,2026-03-27 17:04:00,2026-04-21 00:00:00,REJECTED,MEDIUM,Account Takeover,IVR,2.0,True,True,True,5275.56,Medical / Pharmacy,SUCCESS,False
CBK0002765,TXN00004590,USR58546,MCH8779,Suspicious high-value payment disputed by customer.,799.39,2026-01-28 23:01:00,2026-02-05 00:00:00,,PENDING_BANK,HIGH,Account Takeover,Email,7.0,True,False,True,18235.45,Grocery,SUCCESS,False
CBK0001436,TXN00011255,USR91425,MCH9243,Suspicious high-value payment disputed by customer.,3679.43,2026-03-05 00:00:00,2026-03-07 09:19:03,2026-03-30 09:19:03,IN_PROGRESS,MEDIUM,Wrong Amount,Chatbot,2.0,True,True,False,8219.44,Transportation,SUCCESS,False
CBK0000994,TXN00004395,USR71348,MCH2469,Customer complaint text unclear due to poor call center notes.,9572.0,2026-03-30 00:00:00,2026-04-01 00:00:00,,IN_PROGRESS,MEDIUM,Customer Dispute,Call Center,2.0,True,False,False,23649.81,Transportation,SUCCESS,False
CBK0000734,TXN00006117,USR95049,MCH5383,Customer complaint text unclear due to poor call center notes.,3964.0,2026-03-27 00:00:00,2026-03-28 00:00:00,2026-04-14 03:25:05,RESOLVED,HIGH,Service Not Delivered,IVR,1.0,True,False,True,16475.96,Book Store,SUCCESS,False
CBK0001683,TXN00009432,USR85334,MCH3739,customer says transaction was not authorized.,5973.59,2026-02-19 00:00:00,2026-03-07 12:06:00,2026-04-05 12:06:35,IN_PROGRESS,HIGH,Customer Dispute,Email,16.0,True,False,True,4730.0,Transportation,PENDING,False
CBK0001407,TXN00033964,USR59562,MCH1241,User claims account was compromised before transaction.,4254.9,2026-03-24 00:00:00,2026-03-25 00:00:00,2026-04-21 23:40:30,REJECTED,HIGH,Account Takeover,Chatbot,1.0,False,True,False,,,,False
CBK0002320,TXN00000822,USR51203,MCH5846,User says UPI PIN was not entered by them.,966.31,2026-02-07 21:10:00,2026-02-10 00:00:00,2026-02-12 20:10:00,PENDING_BANK,LOW,Customer Dispute,Chatbot,2.0,True,False,False,125.75,Grocery,SUCCESS,False
CBK0000360,TXN00017688,USR19141,MCH3815,Customer complaint text unclear due to poor call center notes. details missing,433.23,2026-02-08 00:00:00,2026-02-11 00:00:00,2026-03-03 12:52:41,RESOLVED,MEDIUM,Account Takeover,App,3.0,True,False,False,21324.15,,SUCCESS,False
CBK0000559,TXN00010792,USR19290,MCH4895,User says UPI PIN was not entered by them.,923.46,2026-02-09 03:28:00,2026-02-17 00:00:00,2026-03-12 00:00:00,IN_PROGRESS,LOW,Suspected Fraud,Chatbot,7.0,True,False,False,8480.02,Apparel,SUCCESS,False
CBK0001627,TXN00003467,USR98075,MCH7306,Payment made to unknown merchant as per customer statement.,1472.83,2026-02-26 00:00:00,2026-02-28 03:10:00,2026-03-27 03:10:55,REJECTED,MEDIUM,Duplicate Debit,Email,2.0,True,True,True,11385.0,Department Store,SUCCESS,False
CBK0000602,TXN00015729,USR61700,MCH5980,Complaint received after multiple failed attempts.,5873.9,2026-01-23 05:08:36,2026-02-02 00:00:00,,REJECTED,HIGH,Duplicate Debit,Chatbot,9.0,True,True,True,9837.23,Medical / Pharmacy,SUCCESS,False
CBK0002325,TXN00013806,USR41923,MCH2214,MERCHANT SERVICE WAS NOT DELIVERED AFTER PAYMENT.,6623.0,2026-02-16 05:48:00,2026-02-14 00:00:00,2026-03-04 00:00:00,IN_PROGRESS,LOW,Customer Dispute,IVR,,True,True,True,3188.83,Grocery,SUCCESS,False
CBK0001967,TXN00004164,USR14349,MCH4226,merchant service was not delivered after payment.,3142.0,2026-01-22 12:01:00,2026-02-22 00:00:00,2026-02-26 00:00:00,OPEN,MEDIUM,Unauthorized Transaction,Call Center,30.0,True,True,False,9506.0,Hotel / Lodging,SUCCESS,False
CBK0001837,TXN00011621,USR98433,MCH5655,User claims account was compromised before txn.,13798.96,2026-02-22 00:00:00,2026-02-24 20:31:03,2026-03-04 00:00:00,REJECTED,MEDIUM,Service Not Delivered,Branch,2.0,True,False,False,13798.96,,SUCCESS,True
CBK0001082,TXN00019971,USR97244,MCH7766,Customer complaint text unclear due to poor call center notes.,8720.88,2026-03-04 09:53:00,2026-03-07 03:53:00,2026-04-01 03:53:01,CLOSED,LOW,Unauthorized Transaction,Branch,2.0,True,False,False,8054.55,Medical / Pharmacy,FAILED,False
CBK0000798,TXN00031469,USR47192,MCH2266,Merchant service was not delivered after payment.,2300.99,2026-01-01 00:00:00,2026-01-03 00:40:11,2026-02-02 00:00:00,OPEN,CRITICAL,Suspected Fraud,Call Center,2.0,False,False,True,,,,False
CBK0000986,TXN00011647,USR82322,MCH8172,MERCHANT SERVICE WAS NOT DELIVERED AFTER PAYMENT.,8725.14,2026-01-03 08:39:07,2026-01-05 00:39:07,2026-01-22 00:00:00,PENDING_BANK,HIGH,Customer Dispute,IVR,1.0,True,False,False,8817.25,Grocery,SUCCESS,False
CBK0000966,TXN00008529,USR53527,MCH6984,User claims account was compromised before transaction.,3107.14,2026-01-22 01:41:00,2026-01-23 15:41:54,,IN_PROGRESS,HIGH,Duplicate Debit,Chatbot,1.0,True,False,True,17004.35,Misc Retail,SUCCESS,False
CBK0000058,TXN00007401,USR21162,MCH8369,Suspicious high-value payment disputed by customer.,2284.5,2026-02-03 00:00:00,,,RESOLVED,HIGH,Service Not Delivered,App,,True,False,True,1649.36,Medical / Pharmacy,FAILED,False
CBK0000849,TXN00010509,USR32787,MCH1253,User claims account was compromised before transaction.,1585.54,,2026-02-18 00:00:00,2026-03-13 09:31:00,IN_PROGRESS,HIGH,Service Not Delivered,IVR,,True,True,False,17828.66,Apparel,SUCCESS,False
CBK0000979,TXN00015234,USR81644,MCH9875,Customer complaint text unclear due to poor call center notes.,10354.45,2026-02-07 00:00:00,2026-02-10 00:00:00,2026-02-21 01:07:52,PENDING_BANK,HIGH,Service Not Delivered,Chatbot,3.0,True,False,False,11599.0,Hotel / Lodging,SUCCESS,False
CBK0001801,TXN00010702,USR66200,MCH2822,Customer says amount was debited twice.,3717.71,2026-03-11 00:00:00,2026-03-15 00:00:00,2026-03-27 08:07:00,CLOSED,LOW,Service Not Delivered,Email,4.0,True,False,False,11082.47,Transportation,PENDING,False
CBK0002075,TXN00015779,USR39080,MCH3355,user claims account was compromised before transaction.,1866.0,2026-02-16 00:00:00,2026-02-23 00:00:00,,IN_PROGRESS,HIGH,Customer Dispute,IVR,7.0,True,False,False,839.58,Telecom,SUCCESS,False
CBK0001774,TXN00001371,USR61715,MCH1759,Customer says transaction was not authorized.,1844.6,2026-01-23 19:30:54,2026-01-24 00:00:00,2026-02-08 00:00:00,REJECTED,LOW,Unauthorized Transaction,App,0.0,True,False,False,24285.16,Book Store,SUCCESS,False
CBK0001800,,USR60863,MCH2534,Complaint received after multiple failed attempts.,3882.6,2026-02-26 00:00:00,2026-02-28 00:00:00,,OPEN,MEDIUM,Account Takeover,IVR,2.0,False,False,True,,,,False
CBK0001759,TXN00006922,USR60939,MCH1721,Payment made to unknown merchant as per customer statement.,1390.01,2026-02-07 00:00:00,2026-02-13 00:00:00,2026-02-14 00:00:00,IN_PROGRESS,MEDIUM,Account Takeover,IVR,6.0,True,False,True,1221.12,Hotel / Lodging,SUCCESS,False
CBK0000898,TXN00012927,USR52234,MCH5076,Payment made to unknown merchant as per customer statement. call dropped,10469.4,2026-03-11 00:00:00,2026-03-22 00:00:00,2026-04-10 06:37:00,REJECTED,MEDIUM,Service Not Delivered,Chatbot,11.0,True,False,False,11019.01,Medical / Pharmacy,FAILED,False
CBK0001925,TXN00006637,USR74775,MCH7644,CUSTOMER COMPLAINT TEXT UNCLEAR DUE TO POOR CALL CENTER NOTES.,4001.0,2026-03-16 00:00:00,2026-03-27 00:00:00,2026-04-03 10:29:43,IN_PROGRESS,LOW,Service Not Delivered,Call Center,11.0,True,False,True,22672.6,,SUCCESS,False
CBK0000829,TXN00017462,USR94805,MCH5980,Merchant service was not delivered after payment.,5757.44,2026-03-18 00:00:00,2026-05-03 00:00:00,2026-05-29 09:24:00,RESOLVED,LOW,Service Not Delivered,Chatbot,46.0,True,True,True,5757.44,Department Store,SUCCESS,True
CBK0001166,TXN00043861,USR73010,MCH8793,Payment made to unknown merchant as per cust statement.,422.31,2026-01-27 00:00:00,2026-02-03 21:00:29,2026-02-20 00:00:00,OPEN,HIGH,Wrong Amount,IVR,7.0,False,False,False,,,,False
CBK0000716,TXN00013326,USR62901,MCH1320,Suspicious high-value payment disputed by customer. NA,2161.57,2026-01-04 00:00:00,,,IN_PROGRESS,MEDIUM,Duplicate Debit,Call Center,,True,False,True,1273.88,Grocery,PENDING,False
CBK0000541,TXN00009994,USR78285,MCH7286,User claims account was compromised before transaction.,477.68,,2026-01-22 00:00:00,2026-01-31 21:57:00,OPEN,MEDIUM,Wrong Amount,App,,True,False,False,20470.26,Apparel,SUCCESS,False
CBK0001138,TXN00003160,USR93126,MCH7265,Customer complaint text unclear due to poor call center notes.,1452.71,2026-02-24 06:39:10,2026-02-26 13:39:10,2026-03-28 13:39:00,IN_PROGRESS,CRITICAL,Service Not Delivered,Branch,2.0,True,False,False,7316.65,Grocery,SUCCESS,False
CBK0001040,TXN00011260,USR65545,MCH7882,User claims account was compromised before transaction.,292.66,2026-01-21 00:00:00,,,REJECTED,MEDIUM,Unauthorized Transaction,Branch,,True,True,False,6873.18,Transportation,SUCCESS,False
CBK0002668,,USR19568,MCH9291,Customer says amount was debited twice.,4776.3,2026-01-25 05:32:00,,2026-02-16 06:32:00,REJECTED,LOW,Account Takeover,Chatbot,,False,True,True,,,,False
CBK0001991,TXN00002169,USR33650,MCH7326,Complaint received after multiple failed attempts.,16907.68,2026-01-21 18:37:36,2026-01-25 00:00:00,2026-02-07 17:37:00,IN_PROGRESS,LOW,Service Not Delivered,Email,3.0,True,False,True,16907.68,Department Store,SUCCESS,True
CBK0000163,TXN00000976,USR35447,MCH1441,Suspicious high-value payment disputed by customer.,1181.91,2026-02-17 00:00:00,2026-02-19 10:18:00,2026-02-23 00:00:00,REJECTED,MEDIUM,Customer Dispute,IVR,2.0,True,True,True,6563.98,Grocery,SUCCESS,False
CBK0002278,TXN00014410,USR51041,MCH5836,Customer says amount was debited twice.,2302.66,2026-03-14 00:00:00,2026-03-16 13:41:38,2026-04-13 13:41:38,PENDING_BANK,MEDIUM,Service Not Delivered,Branch,2.0,True,True,False,10950.61,Restaurant,SUCCESS,False
CBK0002205,TXN00013472,USR21566,MCH5972,Customer says transaction was not authorized.,4341.0,2026-03-19 00:00:00,2026-03-21 20:47:00,2026-04-09 20:47:43,OPEN,LOW,Duplicate Debit,IVR,2.0,True,False,True,14902.58,Medical / Pharmacy,SUCCESS,False
CBK0001275,TXN00014522,USR11090,MCH8336,User reports money deducted but merchant denies receiving payment.,1098.78,,,,OPEN,LOW,Suspected Fraud,IVR,,True,False,False,23548.34,Department Store,SUCCESS,False
CBK0002407,TXN00017251,USR56287,MCH8300,Payment made to unknown merchant as per customer statement.,6191.71,2026-02-03 00:00:00,2026-02-06 17:58:56,2026-02-10 00:00:00,CLOSED,MEDIUM,Customer Dispute,App,3.0,True,False,False,4524.0,,SUCCESS,False
CBK0000124,TXN00006207,USR61576,MCH7286,Payment made to unknown merchant as per customer statement.,5731.89,2026-02-12 00:00:00,2026-02-28 00:00:00,2026-03-15 00:00:00,PENDING_BANK,LOW,Service Not Delivered,Branch,16.0,True,False,False,6471.35,Hotel / Lodging,SUCCESS,False
CBK0000391,TXN00017871,USR51854,MCH2822,user claims account was compromised before transaction.,5375.87,2026-02-28 00:00:00,2026-03-01 00:00:00,2026-03-15 00:00:00,IN_PROGRESS,HIGH,Account Takeover,Chatbot,1.0,True,False,False,1129.96,Telecom,FAILED,False
CBK0000856,TXN00000917,USR40538,MCH8624,User says UPI PIN was not entered by them.,2601.86,2026-03-16 00:00:00,2026-04-16 00:00:00,,PENDING_BANK,LOW,Wrong Amount,App,31.0,True,False,True,7368.7,,SUCCESS,False
CBK0002377,TXN00019402,USR94040,MCH1653,Payment made to unknown merchant as per customer statement. pls check asap,12504.59,2026-01-11 00:00:00,2026-01-19 13:52:07,2026-01-23 00:00:00,PENDING_BANK,MEDIUM,Customer Dispute,Branch,8.0,True,True,True,12504.59,Grocery,SUCCESS,True
CBK0000410,TXN00007326,USR30157,MCH1136,User claims account was compromised before txn.,185.0,,,2026-03-17 15:14:18,OPEN,MEDIUM,Customer Dispute,Chatbot,,True,False,True,4852.79,Transportation,SUCCESS,False
CBK0001988,TXN00011416,USR93299,MCH5968,User reports money deducted but merchant denies receiving payment.,648.02,2026-02-02 00:00:00,2026-03-05 00:00:00,2026-03-20 02:07:56,REJECTED,HIGH,Service Not Delivered,App,31.0,True,False,True,7641.48,Restaurant,SUCCESS,False
CBK0001939,TXN00006912,USR22979,MCH8217,Payment made to unknown merchant as per customer statement.,1089.06,,,2026-03-05 00:00:00,RESOLVED,LOW,Service Not Delivered,Chatbot,,True,False,False,24446.56,Restaurant,FAILED,False
CBK0002735,TXN00012810,USR90720,MCH4590,Customer says transaction was not authorized.,14920.61,2026-02-22 05:46:00,2026-02-24 00:00:00,2026-03-17 00:00:00,CLOSED,MEDIUM,Account Takeover,Chatbot,1.0,True,False,False,14920.61,Medical / Pharmacy,SUCCESS,True
CBK0000084,TXN00012123,USR60939,MCH1438,Complaint received after multiple failed attempts.,4232.74,2026-02-06 00:00:00,2026-02-08 00:00:00,2026-02-14 02:34:26,CLOSED,MEDIUM,Unauthorized Transaction,Branch,2.0,True,False,True,14878.26,Hotel / Lodging,SUCCESS,False
CBK0001830,TXN00015594,USR19921,MCH6395,Customer says amount was debited twice.,4964.2,2026-03-12 00:00:00,2026-03-16 00:00:00,2026-04-02 00:00:00,CLOSED,CRITICAL,Duplicate Debit,Chatbot,4.0,True,True,False,16513.06,Grocery,SUCCESS,False
CBK0001367,TXN00014165,USR19110,MCH1811,User claims account was compromised before transaction.,12414.15,2026-03-06 00:00:00,2026-03-08 00:00:00,2026-03-28 00:00:00,OPEN,MEDIUM,Suspected Fraud,Chatbot,2.0,True,False,True,12414.15,,SUCCESS,True
CBK0001999,TXN00013752,USR25196,MCH3129,Customer says amount was debited twice.,1283.33,2026-03-02 00:00:00,2026-03-12 00:00:00,2026-04-03 00:00:00,PENDING_BANK,HIGH,Service Not Delivered,IVR,10.0,True,True,True,6929.77,Grocery,SUCCESS,False
CBK0000656,TXN00015006,USR77915,MCH7174,User claims account was compromised before transaction.,3732.8,2026-02-16 00:00:00,2026-02-23 00:00:00,,OPEN,MEDIUM,Service Not Delivered,IVR,7.0,True,False,False,5491.01,Hotel / Lodging,SUCCESS,False
CBK0000525,TXN00013646,USR86166,MCH9676,User says UPI PIN was not entered by them.,5986.31,2026-03-17 01:18:47,2026-03-16 00:00:00,2026-03-17 00:00:00,IN_PROGRESS,LOW,Service Not Delivered,Chatbot,,True,False,False,15325.24,Department Store,SUCCESS,False
CBK0001024,TXN00012992,USR34053,MCH5076,USER REPORTS MONEY DEDUCTED BUT MERCHANT DENIES RECEIVING PAYMENT.,1617.78,2026-02-16 00:00:00,2026-04-02 00:00:00,2026-04-07 15:17:00,IN_PROGRESS,LOW,Unauthorized Transaction,Branch,45.0,True,False,False,12965.0,Medical / Pharmacy,SUCCESS,False
CBK0002067,TXN00011970,USR59147,MCH5954,Customer says amount was debited twice.,164.3,2026-02-17 00:00:00,2026-02-19 00:00:00,,RESOLVED,MEDIUM,Service Not Delivered,Email,2.0,True,True,True,18797.0,Grocery,SUCCESS,False
CBK0001634,TXN00016754,USR77208,MCH6810,CUSTOMER SAYS TRANSACTION WAS NOT AUTHORIZED.,2563.38,,2026-02-19 12:19:39,2026-03-17 00:00:00,CLOSED,LOW,Unauthorized Transaction,Chatbot,,True,False,False,11839.12,Telecom,FAILED,False
CBK0001993,TXN00017510,USR45520,MCH5954,Customer says transaction was not authorized.,788.58,2026-03-24 16:04:37,2026-04-04 08:04:37,2026-04-16 08:04:37,CLOSED,HIGH,Suspected Fraud,IVR,10.0,True,False,True,21317.28,Restaurant,SUCCESS,False
CBK0001032,TXN00015474,USR75327,MCH6425,CUSTOMER COMPLAINT TEXT UNCLEAR DUE TO POOR CALL CENTER NOTES.,879.08,2026-01-02 00:00:00,2026-01-05 00:00:00,,RESOLVED,MEDIUM,Service Not Delivered,Chatbot,3.0,True,False,True,1747.0,Hotel / Lodging,SUCCESS,False
CBK0001551,TXN00014584,USR72106,MCH5954,User reports money deducted but merchant denies receiving payment.,25463.16,2026-01-17 00:00:00,,,RESOLVED,MEDIUM,Service Not Delivered,Branch,,True,True,True,10479.33,Book Store,SUCCESS,False
CBK0002236,TXN00017102,USR93581,MCH7162,Customer says amount was debited twice.,193.64,2026-03-12 00:00:00,2026-03-17 12:49:37,2026-03-27 00:00:00,RESOLVED,MEDIUM,Suspected Fraud,IVR,5.0,True,False,True,21241.78,,SUCCESS,False
CBK0000509,TXN00004836,USR34955,MCH5954,customer says transaction was not authorized.,3723.0,2026-01-09 09:38:00,,2026-01-30 03:38:00,IN_PROGRESS,LOW,Wrong Amount,IVR,,True,False,True,2195.29,,SUCCESS,False
CBK0002785,TXN00013530,USR57016,MCH8577,Merchant service was not delivered after payment.,1866.63,2026-02-21 09:05:58,2026-02-26 00:00:00,2026-03-04 19:05:58,OPEN,CRITICAL,Wrong Amount,Call Center,4.0,True,False,False,2089.61,Restaurant,SUCCESS,False
CBK0000823,TXN00002624,USR25108,MCH8679,User reports money deducted but merchant denies receiving payment.,1274.21,2026-03-12 00:00:00,2026-03-15 00:00:00,2026-03-30 00:00:00,CLOSED,MEDIUM,Suspected Fraud,Email,3.0,True,False,True,22749.48,Grocery,SUCCESS,False
CBK0001010,TXN00006755,USR73752,MCH7461,User claims account was compromised before transaction. call dropped,627.47,2026-03-14 00:00:00,2026-03-17 00:00:00,2026-04-14 00:00:00,PENDING_BANK,LOW,Account Takeover,Chatbot,3.0,True,True,False,45.69,Misc Retail,SUCCESS,False
CBK0000185,TXN00007154,USR85483,MCH4852,Customer says amount was debited twice.,2770.88,2026-01-29 00:00:00,2026-02-05 00:00:00,2026-02-10 15:57:00,OPEN,LOW,Service Not Delivered,Chatbot,7.0,True,False,False,22256.61,Grocery,SUCCESS,False
CBK0000715,TXN00007023,USR33914,MCH5238,Merchant service was not delivered after payment.,463.5,2026-03-15 01:54:25,2026-03-16 00:00:00,2026-04-11 14:54:25,CLOSED,MEDIUM,Customer Dispute,Email,0.0,True,True,False,23990.21,,SUCCESS,False
CBK0002196,TXN00010149,USR88130,MCH8556,customer says amount was debited twice.,21450.22,2026-02-28 00:00:00,2026-03-30 00:00:00,,IN_PROGRESS,CRITICAL,Unauthorized Transaction,Email,30.0,True,True,True,21450.22,Book Store,SUCCESS,True
CBK0000820,TXN00054263,USR12102,MCH5265,User claims account was compromised before transaction.,824.86,2026-03-19 09:33:48,2026-03-21 11:33:48,2026-04-02 00:00:00,REJECTED,HIGH,Wrong Amount,IVR,2.0,False,True,True,,,,False
CBK0000765,TXN00007330,USR99392,MCH8540,Customer complaint text unclear due to poor call center notes.,2018.57,2026-02-12 00:00:00,2026-02-14 00:00:00,2026-03-13 00:00:00,REJECTED,MEDIUM,Customer Dispute,Chatbot,2.0,True,True,True,14341.56,,PENDING,False
CBK0000540,TXN00007501,USR29824,MCH9199,Suspicious high-value payment disputed by customer. details missing,13576.52,,,2026-03-06 01:07:00,OPEN,LOW,Service Not Delivered,Call Center,,True,False,True,13576.52,Grocery,PENDING,True
CBK0000618,TXN00013129,USR59658,MCH8812,customer says transaction was not authorized.,1549.0,2026-01-14 00:00:00,,,RESOLVED,LOW,Wrong Amount,Chatbot,,True,False,False,17586.49,Transportation,FAILED,False
CBK0001607,TXN00015175,USR13767,MCH2284,Customer says transaction was not authorized.,381.32,2026-01-10 00:00:00,2026-01-12 05:37:00,,PENDING_BANK,CRITICAL,Duplicate Debit,Email,2.0,True,False,True,23787.97,Medical / Pharmacy,SUCCESS,False
CBK0001123,TXN00003494,USR31366,MCH5980,USER REPORTS MONEY DEDUCTED BUT MERCHANT DENIES RECEIVING PAYMENT.,342.28,2026-02-05 00:00:00,2026-02-07 20:30:24,,RESOLVED,LOW,Customer Dispute,IVR,2.0,True,True,True,22074.04,Medical / Pharmacy,SUCCESS,False
CBK0000004,TXN00008092,USR65030,MCH5264,Complaint received after multiple failed attempts.,2596.26,2026-02-26 16:21:11,2026-02-25 16:21:00,,RESOLVED,MEDIUM,Suspected Fraud,Call Center,,True,False,False,11088.57,Restaurant,SUCCESS,False
CBK0000585,TXN00010811,USR26991,MCH4181,User reports money deducted but merchant denies receiving payment.,1744.0,2026-03-31 00:00:00,2026-04-02 18:35:45,2026-04-11 00:00:00,RESOLVED,HIGH,Unauthorized Transaction,Call Center,2.0,True,True,False,16112.7,Telecom,SUCCESS,False
CBK0002198,TXN00018071,USR65483,MCH6689,customer says transaction was not authorized.,3289.2,2026-03-03 00:00:00,2026-03-06 00:00:00,2026-03-08 00:00:00,REJECTED,MEDIUM,Service Not Delivered,IVR,3.0,True,False,False,20771.51,Transportation,SUCCESS,False
CBK0001079,TXN00012253,USR87914,MCH5542,Suspicious high-value payment disputed by customer.,1245.84,2026-03-07 04:37:00,2026-03-07 00:00:00,2026-03-16 16:37:00,IN_PROGRESS,CRITICAL,Service Not Delivered,Call Center,,True,False,False,19405.72,Transportation,SUCCESS,False
CBK0000034,TXN00018948,USR39094,MCH1418,User says UPI PIN was not entered by them.,959.89,2026-01-27 00:00:00,2026-02-02 06:52:00,2026-02-10 06:52:00,OPEN,MEDIUM,Customer Dispute,Chatbot,6.0,True,False,False,17949.0,Transportation,SUCCESS,False
CBK0000343,TXN00016878,USR66196,MCH2822,Customer complaint text unclear due to poor call center notes.,2996.76,2026-02-10 12:11:00,2026-02-16 00:00:00,2026-02-20 06:11:14,CLOSED,LOW,Customer Dispute,IVR,5.0,True,False,False,10821.05,Transportation,SUCCESS,False
CBK0000481,TXN00015109,USR46576,MCH2266,User claims account was compromised before transaction.,287.95,2026-03-27 00:00:00,2026-03-29 15:43:00,2026-04-16 00:00:00,CLOSED,MEDIUM,Wrong Amount,Branch,2.0,True,False,True,14579.33,Grocery,FAILED,False
CBK0001728,TXN00005001,USR63634,MCH6359,Customer says transaction was not authorized.,4713.3,2026-03-05 00:00:00,2026-03-08 16:09:12,,RESOLVED,MEDIUM,Customer Dispute,IVR,3.0,True,False,True,9846.95,Book Store,SUCCESS,False
CBK0002237,TXN00001882,USR15350,MCH7351,USER SAYS UPI PIN WAS NOT ENTERED BY THEM.,2264.22,2026-03-28 00:00:00,2026-04-27 00:00:00,2026-05-01 20:04:39,CLOSED,MEDIUM,Duplicate Debit,IVR,30.0,True,True,False,21834.34,Telecom,SUCCESS,False
CBK0001058,TXN00008405,USR25902,MCH8556,User says UPI PIN was not entered by them.,1446.29,2026-02-10 00:00:00,2026-02-17 00:00:00,,REJECTED,HIGH,Unauthorized Transaction,Chatbot,7.0,True,False,True,11367.52,Misc Retail,SUCCESS,False
CBK0001933,TXN00005666,USR33656,MCH5076,SUSPICIOUS HIGH-VALUE PAYMENT DISPUTED BY CUSTOMER.,1764.4,2026-02-14 07:15:35,2026-02-19 07:15:00,2026-03-10 00:00:00,PENDING_BANK,LOW,Duplicate Debit,Branch,4.0,True,True,False,19538.74,Hotel / Lodging,SUCCESS,False
CBK0000466,TXN00008559,USR20115,MCH2757,Customer says amount was debited twice.,876.37,2026-03-21 08:09:20,2026-03-22 00:00:00,2026-04-18 00:00:00,OPEN,MEDIUM,Service Not Delivered,IVR,0.0,True,False,True,19303.07,Telecom,SUCCESS,False
CBK0001130,TXN00013293,USR64755,MCH3055,customer says transaction was not authorized.,648.89,2026-02-07 00:00:00,2026-02-13 04:28:39,2026-02-21 00:00:00,OPEN,MEDIUM,Account Takeover,App,6.0,True,False,True,13736.38,Transportation,FAILED,False
CBK0000736,TXN00001334,USR31979,MCH2101,Customer says amount was debited twice.,6666.14,2026-03-23 11:54:27,2026-03-25 07:54:27,,IN_PROGRESS,MEDIUM,Account Takeover,Chatbot,1.0,True,False,False,24908.38,Restaurant,SUCCESS,False
CBK0000181,TXN00016182,USR66758,MCH1612,Customer says amount was debited twice.,237.88,2026-01-28 10:33:01,2026-01-30 00:00:00,2026-02-08 00:00:00,REJECTED,LOW,Suspected Fraud,App,1.0,True,True,True,22740.13,,SUCCESS,False
CBK0000697,TXN00007023,USR88430,MCH4181,Customer says transaction was not authorized.,10555.32,2026-03-25 19:00:00,2026-03-31 14:00:23,2026-04-27 00:00:00,REJECTED,MEDIUM,Wrong Amount,IVR,5.0,True,False,False,23990.21,,SUCCESS,False
CBK0001752,TXN00006114,USR22925,MCH5954,Customer says transaction was not authorized.,4938.0,2026-01-11 14:56:22,2026-01-27 00:00:00,2026-02-17 00:00:00,REJECTED,HIGH,Account Takeover,Call Center,15.0,True,False,True,13625.17,Medical / Pharmacy,SUCCESS,False
CBK0002549,TXN00014870,USR48114,MCH3983,USER SAYS UPI PIN WAS NOT ENTERED BY THEM.,10657.19,2026-01-17 00:00:00,2026-01-18 00:00:00,2026-02-16 00:00:00,OPEN,LOW,Service Not Delivered,Chatbot,1.0,True,False,True,10503.49,Book Store,SUCCESS,False
CBK0001488,TXN00015761,USR47459,MCH8883,User claims account was compromised before transaction.,6388.0,,2026-02-08 18:43:00,2026-03-06 00:00:00,OPEN,LOW,Service Not Delivered,IVR,,True,False,False,2684.0,Hotel / Lodging,SUCCESS,False
CBK0001651,TXN00010749,USR62848,MCH3729,Customer says amount was debited twice. call dropped,11282.39,2026-02-15 00:00:00,2026-02-22 23:37:50,2026-02-26 00:00:00,IN_PROGRESS,LOW,Suspected Fraud,Branch,7.0,True,False,False,11282.39,Medical / Pharmacy,SUCCESS,True
CBK0002711,TXN00042233,USR31712,MCH3819,complaint received after multiple failed attempts.,,2026-03-10 00:00:00,2026-04-24 16:53:03,2026-05-09 16:53:03,CLOSED,HIGH,Duplicate Debit,IVR,45.0,False,False,True,,,,True
CBK0001543,TXN00009804,USR90720,MCH4495,Customer complaint text unclear due to poor call center notes.,767.56,,2026-01-24 00:00:00,2026-01-27 03:54:00,REJECTED,MEDIUM,Service Not Delivered,IVR,,True,False,True,16898.53,Transportation,SUCCESS,False
CBK0000310,TXN00019838,USR34180,MCH6810,User reports money deducted but merchant denies receiving payment.,2926.76,2026-02-04 00:00:00,2026-02-19 00:00:00,2026-02-25 00:00:00,IN_PROGRESS,CRITICAL,Unauthorized Transaction,Branch,15.0,True,False,False,9701.65,Transportation,SUCCESS,False
CBK0001605,TXN00013039,USR38436,MCH5655,Suspicious high-value payment disputed by cust.,7884.27,,2026-01-09 00:00:00,2026-01-13 00:00:00,REJECTED,MEDIUM,Account Takeover,Call Center,,True,True,False,15864.65,Restaurant,SUCCESS,False
CBK0002159,TXN00008446,USR75943,MCH5482,CUSTOMER SAYS TRANSACTION WAS NOT AUTHORIZED.,2807.75,2026-03-08 00:00:00,2026-03-08 12:51:00,2026-03-27 00:00:00,REJECTED,CRITICAL,Suspected Fraud,Email,0.0,True,False,True,17231.0,Hotel / Lodging,SUCCESS,False
CBK0000883,TXN00009806,USR94655,MCH5279,suspicious high-value payment disputed by customer.,3825.17,2026-01-19 18:04:00,2026-01-23 00:00:00,,OPEN,LOW,Suspected Fraud,IVR,3.0,True,False,False,19743.94,,FAILED,False
CBK0000273,TXN00002139,USR80361,MCH6712,customer complaint text unclear due to poor call center notes.,1116.32,2026-03-05 11:26:00,2026-03-16 04:26:00,,OPEN,LOW,Customer Dispute,Branch,10.0,True,True,False,4693.42,Medical / Pharmacy,SUCCESS,False
CBK0002172,TXN00011390,USR27533,MCH3479,Merchant service was not delivered after payment.,681.66,2026-01-20 00:00:00,2026-01-23 00:41:15,,RESOLVED,HIGH,Unauthorized Transaction,App,3.0,True,True,False,10177.91,Grocery,PENDING,False
CBK0000046,TXN00007253,USR97477,MCH1590,User reports money deducted but merchant denies receiving payment.,8599.51,2026-02-15 00:00:00,2026-03-03 00:00:00,2026-03-09 00:00:00,OPEN,HIGH,Account Takeover,App,16.0,True,False,False,6639.47,Restaurant,SUCCESS,False
CBK0001291,TXN00018053,USR56751,MCH8322,customer complaint text unclear due to poor call center notes.,1619.1,2026-01-26 05:12:55,2026-01-28 00:00:00,,CLOSED,LOW,Service Not Delivered,IVR,1.0,True,False,False,20582.02,Transportation,SUCCESS,False
CBK0000362,TXN00002263,USR61333,MCH7286,User reports money deducted but merchant denies receiving payment.,9476.14,2026-01-20 00:00:00,2026-01-21 00:00:00,2026-01-30 00:00:00,IN_PROGRESS,MEDIUM,Wrong Amount,Branch,1.0,True,False,False,22314.16,Grocery,SUCCESS,False
CBK0000583,TXN00013098,USR11077,MCH5456,SUSPICIOUS HIGH-VALUE PAYMENT DISPUTED BY CUSTOMER.,1372.52,2026-02-01 00:00:00,2026-02-03 00:32:11,2026-02-03 00:32:11,PENDING_BANK,MEDIUM,Wrong Amount,Branch,2.0,True,True,False,1372.52,Grocery,SUCCESS,True
CBK0001258,TXN00017225,USR40420,MCH1168,User says UPI PIN was not entered by them.,4972.38,2026-02-28 00:00:00,2026-03-11 00:00:00,,IN_PROGRESS,LOW,Suspected Fraud,Chatbot,11.0,True,True,True,24292.0,Restaurant,SUCCESS,False
CBK0001309,TXN00001777,USR97380,MCH3684,Customer says transaction was not authorized.,6040.0,2026-03-13 00:00:00,2026-04-27 18:23:00,2026-04-29 00:00:00,CLOSED,MEDIUM,Unauthorized Transaction,IVR,45.0,True,False,True,17206.49,Grocery,PENDING,False
CBK0000479,TXN00016497,USR12417,MCH8154,Payment made to unknown merchant as per customer statement.,3794.91,2026-03-14 00:00:00,2026-03-12 04:20:00,2026-03-29 00:00:00,IN_PROGRESS,MEDIUM,Suspected Fraud,App,,True,False,True,8459.51,Department Store,SUCCESS,False
CBK0000022,TXN00012475,USR21946,MCH4181,Customer complaint text unclear due to poor call center notes.,11540.0,2026-03-05 23:30:49,2026-03-06 00:00:00,2026-03-19 00:00:00,IN_PROGRESS,LOW,Unauthorized Transaction,Chatbot,0.0,True,False,False,17041.05,Medical / Pharmacy,SUCCESS,False
CBK0001439,TXN00018123,USR83744,MCH5378,Customer says transaction was not authorized.,3146.39,2026-03-13 22:46:01,2026-03-19 00:00:00,2026-04-02 06:46:00,CLOSED,LOW,Customer Dispute,IVR,5.0,True,True,True,19083.53,Medical / Pharmacy,SUCCESS,False
CBK0000976,TXN00002141,USR96958,MCH6498,Complaint received after multiple failed attempts.,7027.39,2026-01-23 00:00:00,2026-01-30 22:01:24,2026-02-09 00:00:00,REJECTED,MEDIUM,Service Not Delivered,Email,7.0,True,False,True,20478.0,Grocery,SUCCESS,False
CBK0000639,TXN00017298,USR56287,MCH7134,User reports money deducted but merchant denies receiving payment.,3871.95,2026-03-22 00:00:00,2026-03-23 00:00:00,,REJECTED,MEDIUM,Suspected Fraud,Chatbot,1.0,True,False,False,20441.0,Restaurant,SUCCESS,False
CBK0000853,TXN00019212,USR43229,MCH3902,Customer says txn was not authorized.,1395.11,2026-03-21 00:27:23,2026-03-26 00:00:00,2026-04-23 00:00:00,REJECTED,MEDIUM,Suspected Fraud,Chatbot,4.0,True,False,False,18650.46,Transportation,SUCCESS,False
CBK0001985,TXN00005222,USR98253,MCH3611,USER CLAIMS ACCOUNT WAS COMPROMISED BEFORE TRANSACTION.,526.0,,2026-02-21 00:00:00,2026-03-02 00:00:00,RESOLVED,MEDIUM,Suspected Fraud,Email,,True,False,True,11863.0,Apparel,FAILED,False
CBK0000300,TXN00002857,USR92485,MCH7388,User reports money deducted but merchant denies receiving payment.,920.19,,2026-03-21 00:00:00,2026-04-20 00:00:00,IN_PROGRESS,HIGH,Service Not Delivered,Chatbot,,True,True,False,5529.11,Book Store,SUCCESS,False
CBK0001326,TXN00017532,USR63876,MCH4629,Suspicious high-value payment disputed by customer.,2971.18,2026-01-22 00:00:00,2026-01-30 00:00:00,,REJECTED,LOW,Wrong Amount,IVR,8.0,True,False,False,9862.0,,SUCCESS,False
CBK0002099,TXN00016911,USR94430,MCH5701,Customer complaint text unclear due to poor call center notes.,1895.66,2026-01-10 00:00:00,2026-01-12 00:00:00,,REJECTED,MEDIUM,Account Takeover,Email,2.0,True,False,True,23819.62,Hotel / Lodging,SUCCESS,False
CBK0001474,TXN00008578,USR71704,MCH7047,Customer complaint text unclear due to poor call center notes.,3771.28,2026-02-05 00:00:00,2026-02-13 00:00:00,2026-03-04 00:00:00,OPEN,MEDIUM,Unauthorized Transaction,Email,8.0,True,False,True,4328.77,Hotel / Lodging,SUCCESS,False
CBK0001508,TXN00006688,USR56287,MCH2552,Complaint received after multiple failed attempts.,592.68,2026-02-21 21:29:00,2026-02-25 00:00:00,2026-03-02 04:29:00,PENDING_BANK,HIGH,Account Takeover,Email,3.0,True,False,True,8799.23,Hotel / Lodging,SUCCESS,False
CBK0000985,TXN00016633,USR50898,MCH3836,COMPLAINT RECEIVED AFTER MULTIPLE FAILED ATTEMPTS.,3329.74,,2026-03-07 00:00:00,,IN_PROGRESS,HIGH,Unauthorized Transaction,Chatbot,,True,True,False,12234.61,Medical / Pharmacy,FAILED,False
CBK0002762,TXN00012709,USR87422,MCH2383,COMPLAINT RECEIVED AFTER MULTIPLE FAILED ATTEMPTS.,1866.43,,2026-01-25 00:00:00,2026-02-01 00:00:00,OPEN,MEDIUM,Duplicate Debit,Branch,,True,False,True,11429.94,Medical / Pharmacy,SUCCESS,False
CBK0002695,TXN00009985,USR69511,MCH3100,Customer says txn was not authorized.,4262.78,2026-03-04 00:00:00,2026-03-19 00:00:00,2026-03-19 00:00:00,OPEN,LOW,Unauthorized Transaction,App,15.0,True,False,False,21761.31,Restaurant,SUCCESS,False
CBK0002523,TXN00016424,USR39280,MCH4590,Merchant service was not delivered after payment.,1444.48,2026-02-09 00:00:00,,2026-03-06 00:00:00,RESOLVED,HIGH,Wrong Amount,Call Center,,True,False,False,17870.91,Hotel / Lodging,SUCCESS,False
CBK0001776,TXN00003915,USR57281,MCH6934,Payment made to unknown merchant as per customer statement.,264.64,2026-02-25 00:00:00,2026-02-25 00:00:00,2026-03-24 00:00:00,REJECTED,MEDIUM,Duplicate Debit,App,0.0,True,True,False,24144.02,Restaurant,SUCCESS,False
CBK0000251,TXN00012937,USR77066,MCH5347,User says UPI PIN was not entered by them.,2574.17,2026-03-17 00:00:00,2026-03-22 00:00:00,2026-04-10 02:26:00,CLOSED,MEDIUM,Service Not Delivered,Call Center,5.0,True,False,False,13955.64,Transportation,SUCCESS,False
CBK0000729,TXN00009979,USR43978,MCH6850,USER SAYS UPI PIN WAS NOT ENTERED BY THEM.,1801.1,2026-02-01 00:00:00,2026-02-17 00:00:00,,IN_PROGRESS,MEDIUM,Suspected Fraud,Branch,16.0,True,False,False,23765.79,Restaurant,SUCCESS,False
CBK0001430,TXN00003193,USR30157,MCH5404,Payment made to unknown merchant as per customer statement. urgent,2273.34,2026-02-21 00:00:00,2026-02-27 00:00:00,2026-03-09 00:00:00,CLOSED,CRITICAL,Duplicate Debit,Branch,6.0,True,False,True,23820.85,Hotel / Lodging,SUCCESS,False
CBK0001056,TXN00017995,USR83697,MCH7555,User reports money deducted but merchant denies receiving payment.,1918.51,2026-03-26 00:00:00,2026-03-27 02:11:24,2026-04-17 00:00:00,RESOLVED,MEDIUM,Unauthorized Transaction,IVR,1.0,True,False,False,18198.36,Grocery,SUCCESS,False
CBK0002533,TXN00002429,USR82871,MCH8050,Merchant service was not delivered after payment.,389.54,2026-01-27 20:26:00,2026-02-12 00:00:00,2026-02-21 00:00:00,IN_PROGRESS,MEDIUM,Service Not Delivered,IVR,15.0,True,False,True,7856.03,Grocery,SUCCESS,False
CBK0001748,TXN00036584,USR93861,MCH2037,User says UPI PIN was not entered by them.,3309.31,2026-01-01 00:00:00,2026-01-04 00:00:00,2026-01-28 00:00:00,PENDING_BANK,HIGH,Account Takeover,IVR,3.0,False,True,True,,,,False
CBK0002154,TXN00019558,USR60770,MCH4307,Customer says transaction was not authorized.,1769.97,2026-03-31 00:00:00,2026-04-05 00:00:00,2026-04-17 00:00:00,RESOLVED,LOW,Duplicate Debit,Branch,5.0,True,False,False,1741.62,Grocery,SUCCESS,False
CBK0001530,TXN00000959,USR38580,MCH7286,Customer says amount was debited twice.,982.69,2026-03-08 00:00:00,2026-03-11 15:32:00,2026-04-04 00:00:00,OPEN,LOW,Customer Dispute,Email,3.0,True,False,False,4165.0,Restaurant,SUCCESS,False
CBK0001561,TXN00012655,USR49452,MCH7833,payment made to unknown merchant as per customer statement.,5677.69,2026-02-02 00:00:00,2026-02-04 00:00:00,2026-02-14 10:24:28,OPEN,MEDIUM,Service Not Delivered,Branch,2.0,True,False,True,7273.35,Book Store,SUCCESS,False
CBK0002302,TXN00004618,USR69543,MCH8140,User claims account was compromised before transaction.,1142.86,,2026-01-23 00:00:00,,REJECTED,LOW,Duplicate Debit,IVR,,True,True,True,21888.46,Restaurant,SUCCESS,False
CBK0000447,TXN00012764,USR26323,MCH5927,User reports money deducted but merchant denies receiving payment.,1222.0,2026-03-15 00:00:00,2026-03-18 00:00:00,2026-04-10 00:00:00,IN_PROGRESS,MEDIUM,Suspected Fraud,IVR,3.0,True,True,True,15335.95,Grocery,SUCCESS,False
CBK0002090,TXN00008261,USR15888,MCH7075,Suspicious high-value payment disputed by cust.,4227.03,2026-02-26 07:25:00,2026-03-03 15:25:42,,RESOLVED,HIGH,Service Not Delivered,Branch,5.0,True,False,True,2149.13,Apparel,SUCCESS,False
CBK0001157,TXN00018783,USR89151,MCH3001,USER SAYS UPI PIN WAS NOT ENTERED BY THEM.,11640.86,2026-01-24 00:00:00,2026-01-29 03:28:31,,PENDING_BANK,LOW,Customer Dispute,App,5.0,True,False,False,2502.09,Grocery,SUCCESS,False
CBK0002684,TXN00018518,USR58335,MCH2058,user says upi pin was not entered by them.,2159.7,2026-01-02 00:00:00,2026-01-04 00:00:00,2026-01-06 00:00:00,CLOSED,LOW,Unauthorized Transaction,Call Center,2.0,True,False,False,9888.26,Grocery,SUCCESS,False
CBK0001929,TXN00003276,USR83918,MCH9291,Complaint received after multiple failed attempts.,5720.73,,2026-03-22 00:00:00,2026-04-09 00:00:00,RESOLVED,LOW,Wrong Amount,IVR,,True,False,True,20536.5,Medical / Pharmacy,SUCCESS,False
CBK0001320,TXN00014032,USR46308,MCH5900,Complaint received after multiple failed attempts. urgent,358.19,2026-02-01 00:00:00,2026-02-06 00:00:00,2026-02-13 00:00:00,PENDING_BANK,LOW,Account Takeover,IVR,5.0,True,False,True,20371.76,Telecom,SUCCESS,False
CBK0001600,TXN00014926,USR22359,MCH4542,Suspicious high-value payment disputed by customer.,2332.94,,2026-01-22 15:21:40,2026-02-09 00:00:00,CLOSED,LOW,Suspected Fraud,Chatbot,,True,False,False,6649.3,Book Store,SUCCESS,False
CBK0002391,TXN00013005,USR27779,MCH6850,Merchant service was not delivered after payment.,3734.7,,2026-04-01 00:00:00,2026-04-15 18:10:52,PENDING_BANK,LOW,Service Not Delivered,App,,True,False,False,262.16,Medical / Pharmacy,SUCCESS,False
CBK0001069,TXN00072059,USR75081,MCH7509,Complaint received after multiple failed attempts.,1209.0,2026-02-10 17:04:00,2026-02-14 04:04:39,2026-03-16 04:04:00,IN_PROGRESS,MEDIUM,Account Takeover,Chatbot,3.0,False,False,True,,,,False
CBK0000691,TXN00006342,USR46662,MCH8426,merchant service was not delivered after payment.,1546.48,2026-03-13 10:45:48,2026-03-19 00:00:00,2026-03-20 02:45:00,IN_PROGRESS,MEDIUM,Service Not Delivered,IVR,5.0,True,False,False,16134.0,Grocery,FAILED,False
CBK0002454,TXN00012462,USR25682,MCH5954,Customer complaint text unclear due to poor call center notes.,7714.0,2026-03-23 00:00:00,2026-03-26 00:00:00,2026-04-10 17:09:36,CLOSED,LOW,Customer Dispute,Call Center,3.0,True,False,True,19058.15,Book Store,SUCCESS,False
CBK0002777,TXN00041176,USR83934,MCH9022,User reports money deducted but merchant denies receiving payment. urgent,8162.73,2026-02-01 00:00:00,2026-02-06 17:22:00,2026-02-21 00:00:00,IN_PROGRESS,HIGH,Unauthorized Transaction,IVR,5.0,False,False,True,,,,False
CBK0000263,TXN00006449,USR71316,MCH6236,User says UPI PIN was not entered by them.,250.0,2026-01-10 00:00:00,2026-01-26 01:59:16,2026-02-15 00:00:00,IN_PROGRESS,HIGH,Account Takeover,Chatbot,16.0,True,True,False,1599.4,Grocery,SUCCESS,False
CBK0000590,TXN00018358,USR73010,MCH2722,Complaint received after multiple failed attempts.,1889.21,2026-03-12 00:00:00,2026-03-20 03:25:00,2026-04-16 00:00:00,RESOLVED,HIGH,Wrong Amount,Chatbot,8.0,True,False,False,12602.39,Misc Retail,SUCCESS,False
CBK0001133,TXN00004481,USR68023,MCH1494,User claims account was compromised before transaction.,1101.44,2026-01-06 00:00:00,2026-01-05 00:00:00,2026-01-05 00:00:00,REJECTED,CRITICAL,Wrong Amount,Branch,,True,False,True,4044.83,Restaurant,FAILED,False
CBK0002414,TXN00000503,USR85650,MCH1590,complaint received after multiple failed attempts.,325.93,2026-03-04 16:57:39,2026-04-18 00:00:00,2026-05-09 18:57:00,OPEN,HIGH,Duplicate Debit,Call Center,44.0,True,False,False,7745.0,,SUCCESS,False
CBK0002627,TXN00001026,USR26564,MCH5899,Suspicious high-value payment disputed by customer.,2910.7,2026-01-17 09:59:06,2026-01-25 07:59:00,2026-02-20 00:00:00,IN_PROGRESS,MEDIUM,Service Not Delivered,IVR,7.0,True,False,False,11861.0,,SUCCESS,False
CBK0001008,,USR97772,MCH1074,Customer says amount was debited twice.,1143.88,,2026-01-13 00:00:00,2026-01-23 02:52:41,RESOLVED,MEDIUM,Duplicate Debit,IVR,,False,True,False,,,,False
CBK0000285,TXN00009133,USR99694,MCH2606,Customer says amount was debited twice.,1528.27,2026-03-19 03:32:00,2026-03-22 00:00:00,,OPEN,MEDIUM,Service Not Delivered,IVR,2.0,True,False,False,13025.18,Restaurant,PENDING,False
CBK0001311,TXN00018498,USR40538,MCH7255,Payment made to unknown merchant as per customer statement.,1779.0,2026-03-19 00:00:00,2026-03-23 00:00:00,2026-04-06 00:00:00,RESOLVED,LOW,Account Takeover,Call Center,4.0,True,False,False,2904.71,,SUCCESS,False
CBK0000220,TXN00009971,USR81170,MCH6607,Customer says amount was debited twice. urgent,4849.0,,2026-03-03 00:00:00,,IN_PROGRESS,LOW,Suspected Fraud,Email,,True,False,True,1675.03,Grocery,SUCCESS,False
CBK0002615,TXN00018536,USR57158,MCH5099,Suspicious high-value payment disputed by cust.,1257.97,2026-02-22 13:48:57,2026-02-24 00:00:00,2026-03-02 00:00:00,OPEN,HIGH,Suspected Fraud,App,1.0,True,False,False,12783.9,Apparel,FAILED,False
CBK0001460,TXN00014496,USR33249,MCH4270,customer says amount was debited twice.,554.76,2026-03-29 00:00:00,2026-04-02 00:00:00,2026-04-04 02:17:31,IN_PROGRESS,LOW,Unauthorized Transaction,App,4.0,True,False,False,9773.66,Apparel,PENDING,False
CBK0000068,TXN00019414,USR96148,MCH3815,Suspicious high-value payment disputed by customer.,996.0,2026-01-01 03:55:28,2026-01-01 00:00:00,2026-01-18 06:55:00,PENDING_BANK,CRITICAL,Account Takeover,IVR,,True,False,False,9205.94,,SUCCESS,False
CBK0001363,TXN00015121,USR62483,MCH1141,USER SAYS UPI PIN WAS NOT ENTERED BY THEM.,1504.76,2026-02-15 00:00:00,2026-02-18 00:00:00,2026-03-05 00:00:00,CLOSED,MEDIUM,Customer Dispute,Chatbot,3.0,True,False,False,14230.47,Medical / Pharmacy,SUCCESS,False
CBK0001071,TXN00005413,USR85761,MCH3171,Suspicious high-value payment disputed by customer. details missing,18414.46,2026-01-29 00:00:00,2026-02-01 00:00:00,2026-02-14 00:00:00,PENDING_BANK,MEDIUM,Wrong Amount,Chatbot,3.0,True,False,False,18414.46,Restaurant,SUCCESS,True
CBK0000562,TXN00003828,USR39793,MCH3203,User reports money deducted but merchant denies receiving payment.,1594.84,,2026-03-31 19:03:00,,PENDING_BANK,LOW,Unauthorized Transaction,Chatbot,,True,False,True,12058.0,Grocery,SUCCESS,False
CBK0001140,TXN00004922,USR79175,MCH6652,user reports money deducted but merchant denies receiving payment.,18450.81,2026-03-28 00:00:00,2026-03-30 00:00:00,2026-04-10 04:32:07,CLOSED,MEDIUM,Service Not Delivered,IVR,2.0,True,False,False,18450.81,Department Store,SUCCESS,True
CBK0000657,TXN00006919,USR29306,MCH5269,complaint received after multiple failed attempts.,2207.79,2026-01-14 00:00:00,2026-01-19 00:00:00,2026-02-13 16:01:00,CLOSED,MEDIUM,Wrong Amount,Chatbot,5.0,True,False,True,15387.54,Transportation,SUCCESS,False
CBK0001831,TXN00010938,USR88037,MCH5655,Merchant service was not delivered after payment. details missing,4425.22,2026-03-15 18:39:00,2026-03-18 00:00:00,2026-04-15 00:00:00,OPEN,LOW,Wrong Amount,App,2.0,True,True,False,4960.62,,FAILED,False
CBK0001818,TXN00005674,USR54580,MCH5397,CUSTOMER COMPLAINT TEXT UNCLEAR DUE TO POOR CALL CENTER NOTES.,560.0,2026-03-08 00:00:00,2026-03-15 15:17:35,2026-04-02 00:00:00,IN_PROGRESS,HIGH,Service Not Delivered,Chatbot,7.0,True,True,False,7860.91,Grocery,SUCCESS,False
CBK0000721,TXN00009064,USR29458,MCH4113,Customer says amount was debited twice.,1568.17,2026-02-10 00:00:00,2026-02-12 00:00:00,2026-03-03 00:00:00,RESOLVED,CRITICAL,Duplicate Debit,Branch,2.0,True,False,True,9824.45,Grocery,SUCCESS,False
CBK0000837,TXN00014492,USR59264,MCH1548,SUSPICIOUS HIGH-VALUE PAYMENT DISPUTED BY CUSTOMER.,18659.19,2026-01-04 03:46:36,2026-02-03 00:00:00,2026-02-11 00:00:00,IN_PROGRESS,HIGH,Suspected Fraud,Chatbot,29.0,True,True,False,18659.19,Apparel,SUCCESS,True
CBK0002597,TXN00008925,USR93425,MCH3339,User reports money deducted but merchant denies receiving payment. pls check asap,3175.71,2026-01-02 07:36:00,2026-01-03 04:36:00,,REJECTED,LOW,Service Not Delivered,IVR,0.0,True,False,False,3945.94,Grocery,SUCCESS,False
CBK0000876,TXN00010046,USR91274,MCH8960,User says UPI PIN was not entered by them.,6572.39,2026-01-17 07:29:00,2026-01-22 00:00:00,2026-02-09 16:29:48,REJECTED,MEDIUM,Duplicate Debit,Chatbot,4.0,True,False,False,15487.59,Hotel / Lodging,SUCCESS,False
CBK0002537,TXN00066991,USR17742,MCH4337,User reports money deducted but merchant denies receiving payment.,1890.93,2026-01-07 09:36:06,2026-01-09 00:00:00,2026-01-22 00:00:00,CLOSED,LOW,Customer Dispute,IVR,1.0,False,False,True,,,,False
CBK0002507,TXN00016749,USR55737,MCH5655,User claims account was compromised before txn.,19869.0,2026-03-31 00:00:00,2026-04-03 00:00:00,2026-04-14 00:00:00,CLOSED,MEDIUM,Unauthorized Transaction,Call Center,3.0,True,False,False,19869.0,Telecom,SUCCESS,True
CBK0002350,TXN00064529,USR90246,MCH9480,User says UPI PIN was not entered by them.,472.0,2026-02-27 02:51:00,2026-03-09 00:00:00,,REJECTED,MEDIUM,Unauthorized Transaction,Email,9.0,False,True,False,,,,False
CBK0001416,TXN00018367,USR98309,MCH7233,Suspicious high-value payment disputed by customer.,1495.59,,2026-01-03 05:05:00,2026-01-29 05:05:00,REJECTED,MEDIUM,Customer Dispute,Chatbot,,True,True,True,23542.95,Department Store,FAILED,False
CBK0002483,TXN00019669,USR65795,MCH4328,User reports money deducted but merchant denies receiving payment.,1522.61,2026-01-12 00:00:00,2026-01-13 18:43:01,2026-01-16 00:00:00,CLOSED,LOW,Service Not Delivered,Branch,1.0,True,False,False,4271.0,Grocery,PENDING,False
CBK0001553,TXN00004048,USR26051,MCH3235,Customer says amount was debited twice.,815.95,2026-03-14 00:00:00,,2026-03-29 00:00:00,IN_PROGRESS,LOW,Service Not Delivered,App,,True,False,False,14110.0,Apparel,SUCCESS,False
CBK0000651,TXN00011527,USR57088,MCH1779,User claims account was compromised before transaction.,1443.54,2026-01-25 00:00:00,2026-01-27 00:00:00,2026-01-28 00:00:00,OPEN,MEDIUM,Unauthorized Transaction,Chatbot,2.0,True,False,True,2773.37,Restaurant,FAILED,False
CBK0000866,TXN00002719,USR11592,MCH1717,user claims account was compromised before transaction.,2881.81,2026-03-05 00:00:00,2026-03-12 23:06:00,,CLOSED,LOW,Unauthorized Transaction,IVR,7.0,True,True,False,21178.05,Transportation,SUCCESS,False
CBK0000260,TXN00006995,USR27185,MCH1715,User claims account was compromised before transaction.,793.0,2026-03-09 00:00:00,2026-03-12 13:45:23,2026-04-09 00:00:00,RESOLVED,LOW,Account Takeover,Chatbot,3.0,True,False,False,23213.41,Medical / Pharmacy,SUCCESS,False
CBK0001397,TXN00001903,USR40286,MCH8305,User says UPI PIN was not entered by them.,2512.35,2026-03-25 01:49:45,2026-04-01 06:49:00,2026-04-01 06:49:45,REJECTED,CRITICAL,Suspected Fraud,IVR,7.0,True,True,False,19027.16,Restaurant,FAILED,False
CBK0000374,TXN00005682,USR46350,MCH7622,User says UPI PIN was not entered by them.,2014.01,2026-02-22 07:20:00,2026-03-10 06:20:48,2026-03-24 00:00:00,RESOLVED,HIGH,Wrong Amount,App,15.0,True,False,True,12364.33,Grocery,SUCCESS,False
CBK0001557,TXN00010126,USR26970,MCH8953,Customer says amount was debited twice.,1107.77,2026-01-31 00:00:00,2026-02-11 02:05:00,,IN_PROGRESS,LOW,Customer Dispute,Email,11.0,True,True,True,20529.94,Transportation,SUCCESS,False
CBK0001987,TXN00003622,USR56397,MCH9762,Merchant service was not delivered after payment.,409.07,2026-03-21 22:28:29,2026-03-23 00:00:00,,OPEN,MEDIUM,Wrong Amount,Chatbot,1.0,True,True,True,5520.4,Grocery,SUCCESS,False
CBK0002351,TXN00008276,USR78874,MCH4259,Customer says txn was not authorized.,3331.49,2026-03-08 00:00:00,2026-03-23 00:00:00,2026-04-15 11:14:00,RESOLVED,CRITICAL,Account Takeover,Email,15.0,True,False,False,18557.6,Transportation,SUCCESS,False
CBK0000980,TXN00014697,USR44745,MCH3674,USER CLAIMS ACCOUNT WAS COMPROMISED BEFORE TRANSACTION.,4816.24,2026-03-27 00:00:00,2026-03-30 00:00:00,2026-04-02 00:00:00,RESOLVED,MEDIUM,Service Not Delivered,Chatbot,3.0,True,False,True,3302.95,Medical / Pharmacy,SUCCESS,False
CBK0002576,TXN00016892,USR92904,MCH3100,Payment made to unknown merchant as per customer statement. urgent,1942.12,2026-01-23 00:00:00,2026-01-29 01:18:00,2026-01-30 00:00:00,IN_PROGRESS,HIGH,Customer Dispute,App,6.0,True,True,False,13075.46,Restaurant,SUCCESS,False
CBK0002312,TXN00010316,USR71728,MCH5783,Suspicious high-value payment disputed by customer.,1419.0,2026-03-12 00:00:00,2026-03-18 00:00:00,,PENDING_BANK,HIGH,Service Not Delivered,Email,6.0,True,False,False,13307.46,,SUCCESS,False
CBK0000422,TXN00008098,USR71316,MCH9344,User reports money deducted but merchant denies receiving payment.,488.38,2026-01-29 00:00:00,2026-01-26 00:00:00,2026-02-16 10:30:02,RESOLVED,LOW,Wrong Amount,Call Center,,True,True,False,4784.39,Transportation,SUCCESS,False
CBK0000600,TXN00012715,USR19311,MCH3325,Merchant service was not delivered after payment.,339.58,2026-03-28 00:00:00,2026-05-13 00:00:00,,PENDING_BANK,HIGH,Service Not Delivered,IVR,46.0,True,False,True,3060.91,Hotel / Lodging,SUCCESS,False
CBK0000248,TXN00002141,USR12530,MCH6850,Merchant service was not delivered after payment.,816.65,2026-03-18 17:03:00,2026-03-19 23:03:08,2026-04-08 00:00:00,PENDING_BANK,HIGH,Suspected Fraud,App,1.0,True,True,False,20478.0,Grocery,SUCCESS,False
CBK0002317,TXN00003637,USR76315,MCH8796,Merchant service was not delivered after payment.,4219.82,2026-02-18 00:00:00,2026-02-22 00:00:00,2026-02-28 00:00:00,PENDING_BANK,HIGH,Customer Dispute,IVR,4.0,True,False,False,23019.28,Medical / Pharmacy,PENDING,False
CBK0001219,TXN00002058,USR11226,MCH3986,Customer says amount was debited twice.,10300.02,2026-01-24 00:00:00,2026-01-27 00:00:00,2026-02-13 00:00:00,REJECTED,LOW,Customer Dispute,Branch,3.0,True,True,False,10300.02,,FAILED,True
CBK0001145,TXN00081933,USR63160,MCH9899,Customer says amount was debited twice. urgent,5283.13,,2026-02-22 19:21:00,,CLOSED,HIGH,Service Not Delivered,IVR,,False,False,False,,,,False
CBK0000619,TXN00014324,USR68349,MCH5721,User says UPI PIN was not entered by them.,1724.56,2026-03-04 11:05:40,2026-03-05 00:00:00,2026-03-25 00:00:00,REJECTED,MEDIUM,Service Not Delivered,Chatbot,0.0,True,False,False,14563.44,Grocery,SUCCESS,False
CBK0001424,TXN00014077,USR35882,MCH7435,Payment made to unknown merchant as per cust statement.,411.2,2026-03-16 19:03:13,2026-03-27 00:00:00,,IN_PROGRESS,HIGH,Service Not Delivered,Branch,10.0,True,False,True,14827.93,Transportation,SUCCESS,False
CBK0001980,TXN00000841,USR85655,MCH5128,Customer says transaction was not authorized.,2083.96,2026-01-31 00:00:00,2026-02-11 01:12:41,2026-02-15 00:00:00,CLOSED,LOW,Service Not Delivered,App,11.0,True,False,False,337.23,Restaurant,SUCCESS,False
CBK0000643,,USR85352,MCH4035,User reports money deducted but merchant denies receiving payment.,1167.69,2026-03-21 00:00:00,2026-03-20 14:03:45,2026-04-15 00:00:00,REJECTED,MEDIUM,Customer Dispute,IVR,,False,False,False,,,,False
CBK0000172,TXN00016070,USR32730,MCH2746,User says UPI PIN was not entered by them.,2123.39,2026-02-27 00:00:00,2026-03-03 00:00:00,2026-03-19 00:00:00,REJECTED,MEDIUM,Duplicate Debit,Email,4.0,True,False,True,1588.56,,SUCCESS,False
CBK0002184,TXN00015679,USR87165,MCH1864,User reports money deducted but merchant denies receiving payment.,221.0,2026-01-10 22:44:00,2026-02-25 00:00:00,2026-03-13 00:00:00,REJECTED,LOW,Wrong Amount,IVR,45.0,True,False,False,22871.23,Grocery,SUCCESS,False
CBK0002023,TXN00016636,USR62254,MCH2450,User says UPI PIN was not entered by them. call dropped,6720.23,,,2026-02-19 00:00:00,REJECTED,MEDIUM,Service Not Delivered,Email,,True,True,True,12874.26,Apparel,SUCCESS,False
CBK0000825,TXN00017847,USR71122,MCH1632,Customer says transaction was not authorized.,714.0,2026-02-05 04:48:20,2026-02-07 00:00:00,,CLOSED,HIGH,Service Not Delivered,IVR,1.0,True,False,False,11794.0,Grocery,SUCCESS,False
CBK0001339,TXN00012423,USR81981,MCH3013,Customer says transaction was not authorized.,591.32,2026-01-29 00:00:00,2026-01-30 00:00:00,2026-02-06 00:00:00,REJECTED,HIGH,Wrong Amount,App,1.0,True,False,False,3769.71,Grocery,SUCCESS,False
CBK0001160,TXN00003861,USR23561,MCH9505,User claims account was compromised before transaction.,2199.33,2026-02-23 00:00:00,2026-03-01 14:14:20,2026-03-16 14:14:20,CLOSED,HIGH,Suspected Fraud,App,6.0,True,False,False,20368.63,Restaurant,SUCCESS,False
CBK0001665,TXN00007306,USR21049,MCH7578,Customer says amount was debited twice.,1333.0,2026-01-13 20:22:00,2026-01-16 00:00:00,,PENDING_BANK,LOW,Service Not Delivered,Chatbot,2.0,True,True,False,22844.05,Restaurant,FAILED,False
CBK0001711,TXN00011255,USR65114,MCH6292,Customer complaint text unclear due to poor call center notes.,8219.44,2026-01-03 00:00:00,2026-01-04 00:00:00,2026-01-07 01:32:03,RESOLVED,HIGH,Account Takeover,Branch,1.0,True,False,False,8219.44,Transportation,SUCCESS,True
CBK0000408,TXN00002581,USR97892,MCH9291,Customer says amount was debited twice.,2926.63,,2026-03-31 00:46:50,2026-04-11 00:00:00,IN_PROGRESS,HIGH,Duplicate Debit,Branch,,True,False,True,3081.79,Misc Retail,SUCCESS,False
CBK0002575,TXN00009510,USR82410,MCH1905,Payment made to unknown merchant as per customer statement. call dropped,4843.85,2026-02-09 00:00:00,2026-02-10 02:13:08,2026-02-10 02:13:00,OPEN,LOW,Account Takeover,Email,1.0,True,False,False,4016.12,Telecom,SUCCESS,False
CBK0001908,TXN00018114,USR46902,MCH6850,User claims account was compromised before transaction.,2570.74,2026-01-15 00:00:00,2026-01-17 00:00:00,2026-02-09 19:51:00,PENDING_BANK,MEDIUM,Service Not Delivered,App,2.0,True,True,False,13000.69,Telecom,SUCCESS,False
CBK0001346,TXN00008727,USR34157,MCH2836,User says UPI PIN was not entered by them.,3225.2,2026-03-23 22:20:50,2026-03-23 23:20:50,2026-04-14 23:20:00,CLOSED,LOW,Duplicate Debit,Email,0.0,True,False,True,10101.24,Grocery,SUCCESS,False
CBK0001611,TXN00009947,USR19432,MCH1827,Customer says amount was debited twice.,917.78,2026-03-29 00:00:00,2026-04-01 00:00:00,2026-04-05 00:00:00,IN_PROGRESS,CRITICAL,Wrong Amount,IVR,3.0,True,True,True,8278.87,Department Store,SUCCESS,False
CBK0001426,TXN00002655,USR69481,MCH1140,Complaint received after multiple failed attempts.,338.23,2026-01-14 00:00:00,2026-02-14 13:03:15,2026-03-10 13:03:15,IN_PROGRESS,MEDIUM,Duplicate Debit,Chatbot,31.0,True,True,False,19191.52,Grocery,SUCCESS,False
CBK0000121,TXN00006459,USR17577,MCH2566,Merchant service was not delivered after payment.,2479.76,2026-01-01 00:00:00,2026-01-02 00:00:00,2026-01-14 00:00:00,CLOSED,HIGH,Duplicate Debit,Email,1.0,True,True,True,1036.65,Grocery,SUCCESS,False
CBK0000957,TXN00010512,USR11315,MCH7352,Suspicious high-value payment disputed by customer.,2568.37,2026-01-23 00:00:00,2026-01-24 00:00:00,2026-02-17 08:19:00,IN_PROGRESS,MEDIUM,Customer Dispute,App,1.0,True,False,False,13905.87,Restaurant,SUCCESS,False
CBK0002076,TXN00006073,USR96064,MCH3450,Suspicious high-value payment disputed by customer.,7404.88,2026-02-18 00:00:00,2026-02-22 00:00:00,2026-02-26 00:00:00,IN_PROGRESS,LOW,Duplicate Debit,Branch,4.0,True,False,False,4229.79,Transportation,SUCCESS,False
CBK0000428,TXN00008599,USR96496,MCH2065,Merchant service was not delivered after payment.,1339.16,2026-01-05 00:00:00,2026-01-07 00:00:00,2026-02-03 00:00:00,CLOSED,LOW,Unauthorized Transaction,Call Center,2.0,True,True,False,13017.81,Grocery,FAILED,False
CBK0001937,TXN00010035,USR47034,MCH8281,Payment made to unknown merchant as per customer statement. pls check asap,7882.54,2026-03-13 00:00:00,2026-03-16 00:00:00,,IN_PROGRESS,MEDIUM,Duplicate Debit,Call Center,3.0,True,True,True,16484.52,Grocery,PENDING,False
CBK0001141,TXN00005079,USR69201,MCH1384,User reports money deducted but merchant denies receiving payment.,1368.67,,2026-02-24 11:45:21,2026-03-26 00:00:00,PENDING_BANK,HIGH,Duplicate Debit,IVR,,True,False,True,12092.62,Grocery,SUCCESS,False
CBK0000393,TXN00010745,USR77915,MCH3095,User claims account was compromised before transaction.,2212.96,2026-01-14 19:00:00,2026-02-13 00:00:00,2026-02-16 23:00:00,REJECTED,CRITICAL,Account Takeover,Branch,29.0,True,False,True,11294.14,Apparel,SUCCESS,False
CBK0001932,TXN00012671,USR93969,MCH5980,Customer says amount was debited twice.,739.17,2026-01-10 00:00:00,2026-01-13 00:00:00,2026-01-19 06:39:33,CLOSED,MEDIUM,Account Takeover,Branch,3.0,True,False,True,1804.47,Misc Retail,SUCCESS,False
CBK0002696,TXN00011475,USR20908,MCH7180,User reports money deducted but merchant denies receiving payment.,2769.32,2026-02-20 13:52:14,2026-03-02 19:52:14,,OPEN,MEDIUM,Customer Dispute,IVR,10.0,True,False,False,17577.11,Transportation,SUCCESS,False
CBK0001946,TXN00002545,USR63194,MCH8735,User claims account was compromised before transaction.,230.58,2026-02-04 00:00:00,2026-02-07 00:00:00,2026-03-06 16:09:00,OPEN,MEDIUM,Duplicate Debit,App,3.0,True,False,True,2224.23,Grocery,SUCCESS,False
CBK0001741,TXN00003351,USR12829,MCH8665,Complaint received after multiple failed attempts.,1160.82,2026-02-16 00:00:00,2026-02-16 00:00:00,,PENDING_BANK,HIGH,Duplicate Debit,Branch,0.0,True,True,False,5380.67,Hotel / Lodging,SUCCESS,False
CBK0000589,TXN00017838,USR43980,MCH2575,Customer complaint text unclear due to poor call center notes.,1201.31,2026-03-25 06:56:00,2026-03-26 21:56:00,2026-04-12 00:00:00,RESOLVED,HIGH,Duplicate Debit,Branch,1.0,True,True,True,10737.1,Transportation,FAILED,False
CBK0002494,TXN00001169,USR83883,MCH9848,User reports money deducted but merchant denies receiving payment.,6071.0,2026-01-23 11:36:50,2026-02-03 08:36:50,2026-03-05 08:36:50,REJECTED,MEDIUM,Customer Dispute,Chatbot,10.0,True,True,True,169.58,Transportation,FAILED,False
CBK0000539,TXN00006526,USR71316,MCH7840,payment made to unknown merchant as per customer statement.,767.36,,2026-01-14 18:16:32,2026-02-01 00:00:00,RESOLVED,MEDIUM,Service Not Delivered,App,,True,True,True,24964.03,Department Store,SUCCESS,False
CBK0001273,TXN00013925,USR73010,MCH2489,User reports money deducted but merchant denies receiving payment.,3151.89,,2026-04-01 00:00:00,,RESOLVED,MEDIUM,Duplicate Debit,Chatbot,,True,False,False,13953.14,Restaurant,SUCCESS,False
CBK0002029,TXN00005443,USR24926,MCH5528,User claims account was compromised before transaction.,3291.51,2026-01-06 02:23:00,2026-01-08 00:00:00,2026-01-08 00:00:00,PENDING_BANK,MEDIUM,Service Not Delivered,Email,1.0,True,True,True,3353.12,Grocery,SUCCESS,False
CBK0001361,,USR87714,MCH7560,Complaint received after multiple failed attempts.,3014.44,2026-02-08 00:00:00,2026-02-19 15:31:00,2026-02-19 00:00:00,IN_PROGRESS,MEDIUM,Wrong Amount,IVR,11.0,False,False,True,,,,False
CBK0001341,TXN00001434,USR33704,MCH5584,Customer says transaction was not authorized. call dropped,3251.08,2026-02-10 00:00:00,2026-02-26 00:00:00,2026-03-15 02:39:50,CLOSED,HIGH,Wrong Amount,IVR,16.0,True,False,False,16675.0,Transportation,SUCCESS,False
CBK0001854,TXN00017037,USR75046,MCH2266,customer says transaction was not authorized.,1937.0,2026-02-15 20:40:31,2026-02-23 01:40:31,2026-03-01 00:00:00,RESOLVED,HIGH,Unauthorized Transaction,Chatbot,7.0,True,False,True,2639.41,Misc Retail,SUCCESS,False
CBK0002783,TXN00003505,USR92295,MCH3100,Customer complaint text unclear due to poor call center notes.,1516.67,2026-01-31 00:00:00,2026-02-01 00:00:00,2026-02-13 00:00:00,IN_PROGRESS,LOW,Wrong Amount,IVR,1.0,True,False,False,22435.17,Grocery,SUCCESS,False
CBK0000158,TXN00015663,USR86472,MCH4826,user reports money deducted but merchant denies receiving payment.,5021.55,2026-03-10 00:00:00,2026-03-13 00:00:00,2026-04-07 14:02:00,IN_PROGRESS,MEDIUM,Wrong Amount,Branch,3.0,True,True,False,12252.45,Misc Retail,SUCCESS,False
CBK0000760,TXN00007966,USR83977,MCH8953,Suspicious high-value payment disputed by customer.,529.0,2026-03-11 00:00:00,2026-03-13 00:00:00,2026-03-20 00:00:00,IN_PROGRESS,LOW,Service Not Delivered,Call Center,2.0,True,False,True,784.0,,SUCCESS,False
CBK0001448,TXN00006897,USR81435,MCH9291,Customer complaint text unclear due to poor call center notes.,3386.1,2026-01-01 14:21:00,2026-01-03 00:00:00,2026-01-31 00:00:00,PENDING_BANK,LOW,Duplicate Debit,Call Center,1.0,True,False,True,20169.63,Grocery,SUCCESS,False
CBK0000094,TXN00011368,USR24563,MCH8712,CUSTOMER SAYS AMOUNT WAS DEBITED TWICE.,3661.74,2026-03-04 00:00:00,2026-03-14 22:30:00,2026-03-20 22:30:57,OPEN,MEDIUM,Account Takeover,Call Center,10.0,True,False,False,24534.61,Medical / Pharmacy,SUCCESS,False
CBK0002690,TXN00005810,USR29306,MCH4473,Customer says transaction was not authorized.,2850.55,2026-03-08 00:35:54,2026-03-15 00:00:00,2026-04-05 00:00:00,CLOSED,MEDIUM,Service Not Delivered,IVR,6.0,True,False,False,10409.86,Grocery,FAILED,False
CBK0001173,TXN00009905,USR98061,MCH4181,Customer says amount was debited twice.,2251.54,2026-02-08 01:36:40,2026-02-13 16:36:40,2026-03-05 16:36:40,RESOLVED,MEDIUM,Suspected Fraud,App,5.0,True,False,False,22934.55,Hotel / Lodging,SUCCESS,False
CBK0000262,TXN00000442,USR95504,MCH6810,Suspicious high-value payment disputed by cust.,3270.0,2026-03-29 00:00:00,2026-04-08 00:00:00,2026-04-20 00:00:00,RESOLVED,LOW,Duplicate Debit,Email,10.0,True,True,False,24666.12,Book Store,SUCCESS,False
CBK0000065,TXN00007639,USR34880,MCH1812,User reports money deducted but merchant denies receiving payment.,544.0,2026-03-25 00:00:00,2026-03-26 08:18:55,,CLOSED,LOW,Wrong Amount,IVR,1.0,True,False,True,1417.77,Restaurant,SUCCESS,False
CBK0000330,TXN00002603,USR33908,MCH3923,Suspicious high-value payment disputed by customer.,2150.04,2026-02-19 00:11:00,2026-02-20 00:00:00,2026-03-21 16:11:00,OPEN,MEDIUM,Suspected Fraud,Chatbot,0.0,True,False,False,18718.64,Transportation,SUCCESS,False
CBK0001903,TXN00010389,USR31084,MCH8801,Merchant service was not delivered after payment.,6649.93,2026-01-29 00:00:00,2026-01-31 00:00:00,2026-02-06 20:36:40,REJECTED,LOW,Wrong Amount,Branch,2.0,True,True,True,21709.42,Grocery,SUCCESS,False
CBK0002313,TXN00009432,USR22939,MCH5264,USER SAYS UPI PIN WAS NOT ENTERED BY THEM.,1466.07,2026-03-30 00:00:00,,2026-04-21 06:14:00,OPEN,MEDIUM,Customer Dispute,Call Center,,True,False,False,4730.0,Transportation,PENDING,False
CBK0001773,TXN00016920,USR32081,MCH6850,User says UPI PIN was not entered by them. NA,2798.0,2026-01-20 00:00:00,2026-01-20 00:00:00,,CLOSED,MEDIUM,Service Not Delivered,Chatbot,0.0,True,False,False,20566.37,Department Store,PENDING,False
CBK0000808,TXN00006505,USR69795,MCH2065,User claims account was compromised before transaction.,2740.0,2026-01-22 00:00:00,2026-01-25 00:00:00,2026-02-10 01:06:27,RESOLVED,MEDIUM,Customer Dispute,Chatbot,3.0,True,False,False,2128.31,Grocery,SUCCESS,False
CBK0002383,TXN00000491,USR82159,MCH4802,Customer says amount was debited twice.,929.69,2026-02-01 05:37:43,2026-02-01 00:00:00,2026-02-13 00:00:00,IN_PROGRESS,MEDIUM,Service Not Delivered,Branch,,True,False,True,11396.86,Restaurant,PENDING,False
CBK0001970,TXN00018732,USR27533,MCH1428,user says upi pin was not entered by them.,2042.84,2026-02-07 00:00:00,2026-02-11 00:00:00,2026-02-23 04:55:14,OPEN,HIGH,Service Not Delivered,Branch,4.0,True,True,True,21550.55,Telecom,SUCCESS,False
CBK0001582,TXN00016057,USR78482,MCH9821,Customer says amount was debited twice.,3429.16,2026-01-18 01:06:00,2026-01-19 00:00:00,,CLOSED,HIGH,Customer Dispute,Chatbot,0.0,True,True,True,8856.58,Apparel,SUCCESS,False
CBK0000241,TXN00009866,USR33877,MCH1509,Payment made to unknown merchant as per customer statement.,6769.33,2026-02-21 16:02:00,2026-02-23 00:00:00,2026-03-11 23:02:56,RESOLVED,MEDIUM,Wrong Amount,IVR,1.0,True,False,True,135.59,Medical / Pharmacy,SUCCESS,False
CBK0001895,TXN00015855,USR98971,MCH6850,User claims account was compromised before transaction.,3458.58,2026-01-20 00:00:00,2026-02-19 00:00:00,2026-03-15 22:42:00,RESOLVED,MEDIUM,Customer Dispute,Branch,30.0,True,True,False,5773.56,Hotel / Lodging,FAILED,False
CBK0000771,TXN00009466,USR62254,MCH5885,Payment made to unknown merchant as per customer statement.,11523.08,2026-03-29 00:00:00,2026-04-01 00:20:18,2026-04-18 00:00:00,PENDING_BANK,CRITICAL,Service Not Delivered,Chatbot,3.0,True,True,False,23866.39,Telecom,SUCCESS,False
CBK0002340,TXN00012698,USR17047,MCH3815,user reports money deducted but merchant denies receiving payment.,2283.53,2026-03-12 00:00:00,2026-03-14 00:00:00,2026-03-25 05:16:35,PENDING_BANK,HIGH,Account Takeover,Email,2.0,True,False,False,20900.37,,SUCCESS,False
CBK0001252,TXN00004709,USR59225,MCH8154,user claims account was compromised before transaction.,741.74,2026-01-21 02:55:00,2026-01-22 20:55:00,2026-01-30 00:00:00,PENDING_BANK,LOW,Wrong Amount,App,1.0,True,True,True,20508.13,Transportation,SUCCESS,False
CBK0001041,TXN00010337,USR26761,MCH7733,Merchant service was not delivered after payment.,2203.0,2026-01-05 00:00:00,2026-01-13 08:17:17,2026-02-05 00:00:00,PENDING_BANK,LOW,Suspected Fraud,Chatbot,8.0,True,True,True,6258.92,Grocery,SUCCESS,False
CBK0000450,TXN00001983,USR22405,MCH9291,User claims account was compromised before transaction.,1315.22,2026-03-01 22:52:22,2026-03-12 00:00:00,2026-03-23 00:00:00,CLOSED,HIGH,Unauthorized Transaction,Branch,10.0,True,False,True,11460.09,Grocery,SUCCESS,False
CBK0000944,TXN00005837,USR50434,MCH6459,Complaint received after multiple failed attempts.,438.11,,2026-02-24 00:00:00,,REJECTED,LOW,Duplicate Debit,Call Center,,True,True,False,22166.02,Telecom,SUCCESS,False
CBK0000402,TXN00002200,USR69672,MCH6960,payment made to unknown merchant as per customer statement.,3741.98,2026-02-09 08:40:20,2026-02-12 00:00:00,,IN_PROGRESS,LOW,Customer Dispute,Call Center,2.0,True,False,True,9516.21,Transportation,SUCCESS,False
CBK0001528,TXN00007889,USR97360,MCH4970,Customer says transaction was not authorized.,3625.88,2026-03-20 00:00:00,,2026-04-05 00:00:00,PENDING_BANK,MEDIUM,Suspected Fraud,IVR,,True,False,False,7921.89,Restaurant,SUCCESS,False
CBK0001228,TXN00005490,USR81497,MCH2383,Customer says amount was debited twice.,22878.31,2026-03-22 00:00:00,2026-03-25 00:00:00,2026-04-13 00:00:00,OPEN,MEDIUM,Suspected Fraud,Branch,3.0,True,True,True,22878.31,,SUCCESS,True
CBK0001342,TXN00000213,USR40195,MCH3586,payment made to unknown merchant as per customer statement.,658.27,2026-02-17 07:41:15,2026-02-24 23:41:15,2026-03-09 00:00:00,CLOSED,MEDIUM,Customer Dispute,Branch,7.0,True,False,True,16302.51,Grocery,SUCCESS,False
CBK0002105,TXN00012640,USR96038,MCH7326,user reports money deducted but merchant denies receiving payment.,3800.84,2026-02-19 00:00:00,2026-03-07 00:00:00,2026-03-17 04:15:00,IN_PROGRESS,HIGH,Duplicate Debit,Chatbot,16.0,True,True,True,18663.0,Grocery,FAILED,False
CBK0002339,TXN00002981,USR58082,MCH2266,Suspicious high-value payment disputed by cust.,7275.81,2026-02-11 21:42:41,2026-02-13 19:42:41,,REJECTED,HIGH,Customer Dispute,Call Center,1.0,True,False,True,10947.0,Department Store,SUCCESS,False
CBK0002209,TXN00007219,USR48423,MCH2383,User reports money deducted but merchant denies receiving payment. call dropped,5143.78,2026-02-21 00:00:00,2026-02-24 01:52:32,2026-03-01 00:00:00,RESOLVED,LOW,Service Not Delivered,Chatbot,3.0,True,False,True,23443.24,Department Store,SUCCESS,False
CBK0002399,TXN00015080,USR43847,MCH7901,Customer says transaction was not authorized.,17242.91,2026-02-15 00:00:00,2026-02-16 00:00:00,2026-03-17 00:00:00,CLOSED,MEDIUM,Duplicate Debit,Branch,1.0,True,False,True,9830.0,Restaurant,SUCCESS,False
CBK0000113,TXN00008131,USR37470,MCH4899,Suspicious high-value payment disputed by customer.,2367.83,2026-03-27 23:37:00,2026-03-31 00:00:00,,RESOLVED,LOW,Service Not Delivered,App,3.0,True,True,False,19461.51,Apparel,SUCCESS,False
CBK0001248,TXN00012952,USR21667,MCH2739,Customer says transaction was not authorized.,596.6,2026-02-02 08:39:00,2026-02-18 02:39:13,,PENDING_BANK,LOW,Service Not Delivered,Chatbot,15.0,True,True,False,21237.06,Misc Retail,SUCCESS,False
CBK0002189,TXN00001962,USR79577,MCH4590,User reports money deducted but merchant denies receiving payment.,10253.52,2026-03-19 00:00:00,2026-03-24 13:53:58,2026-03-26 00:00:00,RESOLVED,MEDIUM,Service Not Delivered,Call Center,5.0,True,False,False,10253.52,Medical / Pharmacy,SUCCESS,True
CBK0002042,TXN00004367,USR27533,MCH4473,User claims account was compromised before transaction.,2126.85,2026-03-09 00:00:00,2026-04-24 16:40:44,2026-05-23 16:40:00,RESOLVED,HIGH,Service Not Delivered,App,46.0,True,True,False,2011.84,Hotel / Lodging,SUCCESS,False
CBK0001782,TXN00014790,USR75856,MCH6661,MERCHANT SERVICE WAS NOT DELIVERED AFTER PAYMENT.,350.19,2026-01-26 00:00:00,2026-01-27 06:56:34,,REJECTED,MEDIUM,Account Takeover,Call Center,1.0,True,True,False,23152.77,Misc Retail,SUCCESS,False
CBK0002374,TXN00005973,USR96482,MCH8041,User claims account was compromised before transaction.,10229.48,,2026-02-07 00:00:00,2026-02-22 00:00:00,PENDING_BANK,MEDIUM,Unauthorized Transaction,App,,True,False,False,20129.93,Grocery,SUCCESS,False
CBK0000175,TXN00009098,USR33215,MCH3992,Payment made to unknown merchant as per customer statement.,4947.89,2026-01-04 00:23:38,2026-01-01 00:23:00,2026-01-28 00:00:00,CLOSED,LOW,Service Not Delivered,IVR,,True,False,False,2165.37,Hotel / Lodging,SUCCESS,False
CBK0002088,TXN00008054,USR62622,MCH9449,Complaint received after multiple failed attempts.,1065.28,2026-02-18 13:04:00,2026-02-24 00:00:00,2026-03-22 07:04:00,OPEN,HIGH,Account Takeover,Chatbot,5.0,True,False,False,17332.3,Transportation,SUCCESS,False
CBK0000524,TXN00015049,USR87914,MCH2893,merchant service was not delivered after payment.,1148.57,2026-01-19 00:00:00,2026-01-15 00:00:00,2026-02-01 00:00:00,IN_PROGRESS,MEDIUM,Suspected Fraud,Email,,True,False,False,8883.82,Restaurant,SUCCESS,False
CBK0000998,TXN00003928,USR14815,MCH1685,Suspicious high-value payment disputed by customer.,3481.55,2026-01-15 00:00:00,2026-01-17 15:37:13,2026-01-24 00:00:00,IN_PROGRESS,CRITICAL,Duplicate Debit,Email,2.0,True,False,False,16491.05,Grocery,SUCCESS,False
CBK0001030,TXN00015761,USR84665,MCH9176,Customer complaint text unclear due to poor call center notes.,1091.95,,2026-02-09 00:00:00,2026-02-15 00:00:00,IN_PROGRESS,LOW,Wrong Amount,Branch,,True,False,True,2684.0,Hotel / Lodging,SUCCESS,False
CBK0001296,TXN00000132,USR44587,MCH4473,Payment made to unknown merchant as per customer statement.,548.59,2026-02-05 00:00:00,2026-02-08 02:36:00,2026-02-14 02:36:00,IN_PROGRESS,MEDIUM,Unauthorized Transaction,App,3.0,True,True,False,5560.47,Restaurant,SUCCESS,False
CBK0000703,TXN00008400,USR58377,MCH6418,USER REPORTS MONEY DEDUCTED BUT MERCHANT DENIES RECEIVING PAYMENT.,1939.11,2026-02-08 00:00:00,2026-02-11 00:00:00,,OPEN,LOW,Account Takeover,App,3.0,True,False,True,23921.32,Transportation,SUCCESS,False
CBK0002094,TXN00005575,USR62840,MCH8723,User reports money deducted but merchant denies receiving payment.,1946.37,2026-01-03 14:47:00,2026-01-05 00:00:00,2026-02-04 00:00:00,PENDING_BANK,MEDIUM,Service Not Delivered,IVR,1.0,True,False,False,16187.08,Book Store,SUCCESS,False
CBK0002219,TXN00005580,USR84190,MCH8763,SUSPICIOUS HIGH-VALUE PAYMENT DISPUTED BY CUSTOMER.,3654.65,2026-01-14 11:35:35,2026-01-25 00:00:00,2026-02-21 00:00:00,RESOLVED,HIGH,Duplicate Debit,Branch,10.0,True,False,False,10983.88,Misc Retail,PENDING,False
CBK0000636,TXN00018402,USR46308,MCH2781,User claims account was compromised before transaction. details missing,1848.85,,2026-02-27 00:00:00,2026-03-07 15:34:55,CLOSED,LOW,Account Takeover,IVR,,True,False,False,14290.5,Restaurant,SUCCESS,False
CBK0000682,TXN00002422,USR74392,MCH7833,Customer complaint text unclear due to poor call center notes.,412.17,2026-03-25 00:00:00,2026-03-29 02:21:00,2026-04-07 00:00:00,REJECTED,MEDIUM,Duplicate Debit,Branch,4.0,True,True,True,593.57,Grocery,FAILED,False
CBK0002335,TXN00000843,USR66411,MCH2439,User says UPI PIN was not entered by them.,1440.33,2026-03-30 00:00:00,2026-04-05 00:00:00,2026-04-29 00:00:00,OPEN,LOW,Customer Dispute,Email,6.0,True,False,False,4459.12,Transportation,SUCCESS,False
CBK0000482,TXN00014460,USR25683,MCH5655,Payment made to unknown merchant as per customer statement. details missing,651.01,2026-02-07 00:00:00,2026-02-07 21:08:40,2026-02-14 21:08:00,RESOLVED,HIGH,Service Not Delivered,IVR,0.0,True,False,False,19253.06,Book Store,SUCCESS,False
CBK0002658,TXN00001412,USR91038,MCH9217,SUSPICIOUS HIGH-VALUE PAYMENT DISPUTED BY CUSTOMER.,2142.0,,2026-02-27 07:04:24,2026-03-15 07:04:00,IN_PROGRESS,HIGH,Wrong Amount,Branch,,True,False,False,2806.87,Medical / Pharmacy,SUCCESS,False
CBK0002744,TXN00012832,USR47729,MCH4521,Customer says transaction was not authorized.,4346.69,2026-03-05 03:30:57,2026-04-04 00:00:00,2026-04-29 22:30:57,IN_PROGRESS,LOW,Unauthorized Transaction,IVR,29.0,True,False,True,4346.69,Apparel,SUCCESS,True
CBK0002582,TXN00016961,USR66391,MCH2476,MERCHANT SERVICE WAS NOT DELIVERED AFTER PAYMENT.,508.34,2026-03-15 00:00:00,2026-03-16 00:00:00,2026-03-30 16:16:00,PENDING_BANK,CRITICAL,Suspected Fraud,App,1.0,True,False,True,15201.0,Transportation,SUCCESS,False
CBK0002422,TXN00019169,USR46308,MCH9028,user claims account was compromised before transaction.,8504.48,2026-03-26 00:00:00,2026-03-29 00:00:00,,IN_PROGRESS,HIGH,Unauthorized Transaction,Call Center,3.0,True,False,False,1729.0,Restaurant,SUCCESS,False
CBK0002389,TXN00013105,USR51442,MCH8389,Complaint received after multiple failed attempts.,17817.32,2026-01-15 00:00:00,,2026-01-27 14:40:00,REJECTED,LOW,Account Takeover,Email,,True,True,True,17817.32,Grocery,SUCCESS,True
CBK0002504,TXN00010218,USR72223,MCH9305,Customer says transaction was not authorized.,1320.18,2026-02-12 00:00:00,2026-02-14 00:00:00,2026-02-25 20:16:09,REJECTED,MEDIUM,Account Takeover,Call Center,2.0,True,True,False,7883.26,Transportation,SUCCESS,False
CBK0000413,TXN00014824,USR46130,MCH3100,User claims account was compromised before transaction.,898.64,,2026-01-28 16:44:01,,IN_PROGRESS,LOW,Customer Dispute,IVR,,True,False,False,6972.92,Telecom,SUCCESS,False
CBK0000735,TXN00011503,USR69437,MCH4181,user claims account was compromised before transaction.,2059.59,2026-03-09 00:00:00,2026-03-12 00:00:00,2026-03-20 00:00:00,RESOLVED,LOW,Service Not Delivered,Call Center,3.0,True,True,False,16909.08,Transportation,SUCCESS,False
CBK0001131,,USR67135,MCH5078,Payment made to unknown merchant as per customer statement.,2342.67,2026-02-27 00:00:00,2026-03-01 00:00:00,2026-03-03 12:32:06,RESOLVED,MEDIUM,Account Takeover,IVR,2.0,False,False,False,,,,False
CBK0001289,TXN00014346,USR42041,MCH2938,User claims account was compromised before transaction.,1908.15,2026-01-31 00:00:00,2026-02-16 00:00:00,2026-03-04 06:21:47,PENDING_BANK,LOW,Service Not Delivered,IVR,16.0,True,False,True,1132.0,Grocery,SUCCESS,False
CBK0002650,TXN00017156,USR66478,MCH1329,User claims account was compromised before transaction. urgent,2089.48,2026-02-17 00:00:00,2026-02-21 00:00:00,2026-03-22 06:13:00,OPEN,MEDIUM,Customer Dispute,Branch,4.0,True,False,False,8357.03,Medical / Pharmacy,SUCCESS,False
CBK0001859,TXN00011491,USR73845,MCH2215,Customer complaint text unclear due to poor call center notes.,1506.11,2026-01-14 00:00:00,2026-01-18 00:00:00,2026-02-16 05:51:47,IN_PROGRESS,LOW,Account Takeover,Branch,4.0,True,True,True,23508.5,Grocery,SUCCESS,False
CBK0000993,TXN00007102,USR24926,MCH7286,customer says amount was debited twice.,11415.12,2026-03-23 00:26:00,2026-03-28 00:00:00,2026-04-06 00:00:00,IN_PROGRESS,MEDIUM,Service Not Delivered,App,4.0,True,True,False,5042.96,Hotel / Lodging,SUCCESS,False
CBK0000018,TXN00013395,USR33081,MCH5650,MERCHANT SERVICE WAS NOT DELIVERED AFTER PAYMENT.,6485.64,2026-01-08 00:00:00,2026-01-10 00:00:00,,CLOSED,MEDIUM,Account Takeover,Chatbot,2.0,True,False,False,1383.29,Restaurant,SUCCESS,False
CBK0001108,TXN00002909,USR19725,MCH3152,Customer says amount was debited twice.,450.33,2026-03-10 00:00:00,2026-03-11 00:00:00,2026-04-05 09:32:45,CLOSED,LOW,Unauthorized Transaction,Email,1.0,True,False,False,7611.93,Transportation,SUCCESS,False
CBK0001698,TXN00015223,USR23621,MCH7119,Merchant service was not delivered after payment.,1336.12,2026-02-08 05:56:19,2026-02-09 00:00:00,,RESOLVED,MEDIUM,Service Not Delivered,Email,0.0,True,False,False,24818.19,Misc Retail,PENDING,False
CBK0001803,TXN00007718,USR33934,MCH1524,User reports money deducted but merchant denies receiving payment.,1496.09,2026-03-26 00:00:00,2026-03-28 00:00:00,2026-04-18 00:00:00,IN_PROGRESS,HIGH,Unauthorized Transaction,Email,2.0,True,True,False,23058.0,Grocery,SUCCESS,False
CBK0002290,TXN00008903,USR27947,MCH7284,suspicious high-value payment disputed by customer.,601.89,2026-02-17 16:33:46,2026-02-24 00:00:00,2026-03-01 00:00:00,IN_PROGRESS,CRITICAL,Suspected Fraud,App,6.0,True,True,False,19515.24,Medical / Pharmacy,SUCCESS,False
CBK0001371,TXN00005048,USR43424,MCH1320,User says UPI PIN was not entered by them.,2992.52,2026-02-09 00:00:00,2026-02-10 00:00:00,2026-03-12 00:00:00,RESOLVED,HIGH,Duplicate Debit,IVR,1.0,True,False,True,13221.13,Book Store,SUCCESS,False
CBK0001482,TXN00002314,USR23329,MCH8420,User reports money deducted but merchant denies receiving payment.,505.0,2026-03-05 14:48:39,2026-03-08 00:00:00,2026-03-27 00:00:00,CLOSED,HIGH,Service Not Delivered,Branch,2.0,True,True,False,17559.45,Transportation,SUCCESS,False
CBK0001684,TXN00010572,USR52501,MCH5980,Customer complaint text unclear due to poor call center notes.,1964.0,2026-01-05 00:00:00,2026-01-07 00:00:00,2026-01-22 00:00:00,REJECTED,HIGH,Account Takeover,Chatbot,2.0,True,False,True,21137.03,Hotel / Lodging,SUCCESS,False
CBK0000960,TXN00012384,USR41135,MCH6810,suspicious high-value payment disputed by customer.,461.01,2026-03-21 00:00:00,,2026-05-06 07:01:38,PENDING_BANK,MEDIUM,Unauthorized Transaction,IVR,,True,True,False,12244.13,Hotel / Lodging,SUCCESS,False
CBK0001812,TXN00006460,USR29769,MCH9537,suspicious high-value payment disputed by customer.,3745.94,,2026-02-09 00:00:00,2026-03-01 15:46:53,PENDING_BANK,MEDIUM,Duplicate Debit,IVR,,True,True,True,8689.0,Telecom,SUCCESS,False
CBK0001272,TXN00018901,USR79175,MCH4473,Customer says txn was not authorized.,2585.0,2026-01-12 00:00:00,2026-01-15 00:00:00,2026-02-12 19:51:00,IN_PROGRESS,LOW,Wrong Amount,Chatbot,3.0,True,False,False,8912.11,Apparel,SUCCESS,False
CBK0000367,TXN00017265,USR30537,MCH6902,user says upi pin was not entered by them.,2120.67,2026-01-10 00:00:00,2026-01-25 16:37:52,2026-02-18 00:00:00,RESOLVED,LOW,Service Not Delivered,Chatbot,15.0,True,False,False,22469.0,Transportation,SUCCESS,False
CBK0001546,TXN00006374,USR50077,MCH5655,Customer says amount was debited twice.,328.81,2026-01-26 00:00:00,2026-01-29 00:00:00,2026-02-15 05:29:55,OPEN,MEDIUM,Suspected Fraud,App,3.0,True,True,False,22806.07,Hotel / Lodging,SUCCESS,False
CBK0000287,TXN00015777,USR40538,MCH2822,payment made to unknown merchant as per customer statement.,4982.63,2026-03-27 00:00:00,2026-04-11 18:19:42,2026-05-11 18:19:42,IN_PROGRESS,LOW,Suspected Fraud,App,15.0,True,False,False,22921.41,,SUCCESS,False
CBK0001822,TXN00010858,USR89549,MCH5264,Payment made to unknown merchant as per customer statement.,624.0,2026-01-16 00:00:00,2026-01-21 00:00:00,2026-02-04 07:12:00,IN_PROGRESS,MEDIUM,Account Takeover,Call Center,5.0,True,True,False,3369.0,Grocery,SUCCESS,False
CBK0000728,TXN00018012,USR11036,MCH8256,Payment made to unknown merchant as per customer statement.,722.5,2026-03-26 00:00:00,2026-03-28 00:00:00,,CLOSED,LOW,Wrong Amount,Chatbot,2.0,True,False,False,24769.15,Grocery,SUCCESS,False
CBK0000662,TXN00001154,USR55160,MCH3733,complaint received after multiple failed attempts.,336.21,2026-01-09 00:00:00,2026-01-15 13:39:00,2026-01-22 13:39:35,IN_PROGRESS,MEDIUM,Service Not Delivered,App,6.0,True,True,True,17006.72,Apparel,SUCCESS,False
CBK0002338,TXN00001443,USR39700,MCH7714,User reports money deducted but merchant denies receiving payment.,1732.28,2026-02-24 00:00:00,2026-02-27 22:03:00,2026-03-20 00:00:00,IN_PROGRESS,MEDIUM,Duplicate Debit,Chatbot,3.0,True,True,True,16818.33,Misc Retail,SUCCESS,False
CBK0001467,TXN00008130,USR27544,MCH4226,MERCHANT SERVICE WAS NOT DELIVERED AFTER PAYMENT.,482.6,,2026-01-07 00:00:00,2026-01-13 00:00:00,REJECTED,MEDIUM,Service Not Delivered,Email,,True,False,False,5847.89,Transportation,SUCCESS,False
CBK0001290,TXN00009715,USR21449,MCH9881,Payment made to unknown merchant as per customer statement.,1200.75,2026-01-07 22:39:00,2026-01-23 00:00:00,2026-02-04 00:00:00,CLOSED,LOW,Wrong Amount,App,15.0,True,False,True,12023.04,Hotel / Lodging,FAILED,False
CBK0002411,TXN00013763,USR34955,MCH8491,User claims account was compromised before transaction. details missing,306.11,2026-03-20 00:00:00,2026-03-23 00:00:00,2026-04-16 00:00:00,PENDING_BANK,MEDIUM,Service Not Delivered,IVR,3.0,True,False,False,1405.4,Medical / Pharmacy,SUCCESS,False
CBK0001598,TXN00005489,USR33874,MCH6555,User says UPI PIN was not entered by them.,3170.75,2026-03-16 00:00:00,2026-03-17 11:42:00,2026-03-23 11:42:34,CLOSED,MEDIUM,Suspected Fraud,Call Center,1.0,True,True,True,15245.95,Book Store,SUCCESS,False
CBK0001414,TXN00000954,USR60939,MCH6568,User says UPI PIN was not entered by them.,12462.99,2026-02-01 00:00:00,2026-02-02 00:00:00,2026-02-18 00:00:00,RESOLVED,MEDIUM,Account Takeover,Chatbot,1.0,True,False,True,22861.15,Apparel,SUCCESS,False
CBK0001223,,USR85507,MCH1883,merchant service was not delivered after payment.,1472.04,2026-03-04 00:00:00,2026-04-03 00:00:00,2026-04-22 00:00:00,PENDING_BANK,LOW,Service Not Delivered,Call Center,30.0,False,False,True,,,,False
CBK0002142,TXN00001780,USR87262,MCH1774,Customer says amount was debited twice.,2351.6,2026-01-31 00:00:00,2026-02-05 22:35:00,2026-03-07 00:00:00,OPEN,HIGH,Unauthorized Transaction,Chatbot,5.0,True,False,True,21023.38,Book Store,SUCCESS,False
CBK0001623,TXN00004018,USR77422,MCH8838,Payment made to unknown merchant as per customer statement.,11729.72,2026-02-13 00:00:00,,2026-03-01 01:02:03,IN_PROGRESS,MEDIUM,Service Not Delivered,Chatbot,,True,False,True,22393.29,Grocery,SUCCESS,False
CBK0002342,TXN00018954,USR46617,MCH4286,User reports money deducted but merchant denies receiving payment. NA,3630.2,2026-01-21 00:00:00,2026-03-07 18:04:46,2026-03-20 00:00:00,REJECTED,HIGH,Service Not Delivered,App,45.0,True,False,False,17284.1,Restaurant,SUCCESS,False
CBK0001569,TXN00014298,USR48625,MCH4181,Customer says transaction was not authorized.,665.91,2026-01-23 00:00:00,2026-03-10 00:00:00,,IN_PROGRESS,MEDIUM,Suspected Fraud,Chatbot,46.0,True,True,False,122.0,Misc Retail,SUCCESS,False
CBK0001353,TXN00019934,USR64893,MCH1320,complaint received after multiple failed attempts.,2640.42,,2026-02-21 00:00:00,,PENDING_BANK,LOW,Unauthorized Transaction,IVR,,True,False,True,18442.9,Restaurant,SUCCESS,False
CBK0001894,TXN00013090,USR24730,MCH4226,Customer complaint text unclear due to poor call center notes.,1588.36,2026-02-02 17:30:06,2026-02-05 00:00:00,,IN_PROGRESS,MEDIUM,Account Takeover,App,2.0,True,False,False,10039.12,Grocery,SUCCESS,False
CBK0001522,TXN00013545,USR75846,MCH9344,PAYMENT MADE TO UNKNOWN MERCHANT AS PER CUSTOMER STATEMENT.,2483.0,2026-02-07 00:00:00,2026-02-12 00:00:00,2026-02-18 00:00:00,RESOLVED,LOW,Wrong Amount,Chatbot,5.0,True,False,False,5487.42,Grocery,SUCCESS,False
CBK0001502,TXN00006961,USR72785,MCH4196,Suspicious high-value payment disputed by customer. urgent,2280.65,2026-01-31 00:00:00,2026-02-03 00:00:00,2026-02-07 00:00:00,OPEN,MEDIUM,Wrong Amount,IVR,3.0,True,False,False,13288.19,Transportation,PENDING,False
CBK0000709,TXN00011910,USR78593,MCH3912,suspicious high-value payment disputed by customer.,3498.93,2026-03-08 00:00:00,2026-03-15 00:00:00,2026-04-11 00:00:00,REJECTED,LOW,Account Takeover,Chatbot,7.0,True,False,False,285.59,Transportation,SUCCESS,False
CBK0000010,TXN00006640,USR52772,MCH3725,USER CLAIMS ACCOUNT WAS COMPROMISED BEFORE TRANSACTION.,11250.6,2026-02-25 23:06:00,2026-02-27 03:06:00,,CLOSED,LOW,Account Takeover,App,1.0,True,False,True,11250.6,Grocery,SUCCESS,True
CBK0000091,TXN00014621,USR78310,MCH9002,Complaint received after multiple failed attempts.,264.51,2026-03-09 00:00:00,2026-03-16 00:00:00,,OPEN,MEDIUM,Service Not Delivered,IVR,7.0,True,False,True,22231.46,Book Store,SUCCESS,False
CBK0002557,TXN00039623,USR35327,MCH3415,Customer says amount was debited twice.,935.0,2026-02-14 02:29:00,2026-02-21 00:00:00,2026-03-14 00:00:00,RESOLVED,CRITICAL,Customer Dispute,Chatbot,6.0,False,False,True,,,,False
CBK0000909,TXN00006059,USR60322,MCH5605,Customer complaint text unclear due to poor call center notes.,11598.12,2026-02-22 00:00:00,2026-02-23 00:00:00,2026-03-08 00:00:00,IN_PROGRESS,MEDIUM,Duplicate Debit,Call Center,1.0,True,True,False,21171.16,Hotel / Lodging,PENDING,False
CBK0000677,TXN00003443,USR88570,MCH2055,Suspicious high-value payment disputed by customer.,7308.16,2026-02-05 00:00:00,2026-02-12 00:00:00,2026-02-21 00:00:00,OPEN,LOW,Suspected Fraud,Email,7.0,True,False,False,5298.78,Grocery,PENDING,False
CBK0000435,TXN00009091,USR82248,MCH5691,User reports money deducted but merchant denies receiving payment.,358.42,2026-02-28 11:29:00,2026-03-02 00:00:00,2026-03-21 00:00:00,OPEN,MEDIUM,Wrong Amount,App,1.0,True,False,False,10830.0,Medical / Pharmacy,SUCCESS,False
CBK0001325,TXN00012946,USR82083,MCH7565,Customer says transaction was not authorized.,315.95,2026-03-15 00:00:00,2026-03-22 00:00:00,2026-04-09 00:00:00,REJECTED,HIGH,Suspected Fraud,Branch,7.0,True,True,False,7757.45,,SUCCESS,False
CBK0001746,TXN00015688,USR40061,MCH5969,Payment made to unknown merchant as per customer statement.,3314.0,2026-01-13 00:00:00,2026-01-19 10:27:00,2026-02-13 00:00:00,PENDING_BANK,MEDIUM,Account Takeover,Chatbot,6.0,True,True,False,2956.48,Medical / Pharmacy,SUCCESS,False
CBK0000895,TXN00007313,USR93581,MCH5980,CUSTOMER COMPLAINT TEXT UNCLEAR DUE TO POOR CALL CENTER NOTES.,802.19,2026-01-10 00:00:00,2026-01-12 10:24:00,2026-01-27 00:00:00,IN_PROGRESS,HIGH,Service Not Delivered,App,2.0,True,False,True,7588.99,Restaurant,SUCCESS,False
CBK0000249,TXN00011669,USR26768,MCH8390,User claims account was compromised before transaction.,19475.24,2026-03-30 00:00:00,2026-04-03 16:51:59,,IN_PROGRESS,MEDIUM,Unauthorized Transaction,Chatbot,4.0,True,False,True,17205.97,Grocery,SUCCESS,False
CBK0002573,TXN00007177,USR70317,MCH8645,Merchant service was not delivered after payment.,2183.89,2026-02-05 17:12:29,2026-02-06 00:00:00,2026-02-18 00:00:00,RESOLVED,LOW,Suspected Fraud,Call Center,0.0,True,False,True,24792.24,,FAILED,False
CBK0001564,TXN00001739,USR36402,MCH6953,Customer complaint text unclear due to poor call center notes.,482.37,2026-02-04 00:00:00,2026-03-06 14:33:00,2026-03-16 00:00:00,IN_PROGRESS,LOW,Duplicate Debit,Email,30.0,True,True,True,9200.31,Hotel / Lodging,SUCCESS,False
CBK0001059,TXN00009260,USR29465,MCH3341,customer says transaction was not authorized.,5136.75,2026-01-14 00:00:00,2026-01-21 00:00:00,2026-02-06 23:34:05,OPEN,LOW,Wrong Amount,Branch,7.0,True,False,True,3251.36,Telecom,SUCCESS,False
CBK0001785,TXN00018150,USR30819,MCH3100,User claims account was compromised before txn.,1285.26,2026-01-12 00:00:00,2026-01-09 00:00:00,2026-01-09 00:00:00,IN_PROGRESS,MEDIUM,Account Takeover,Branch,,True,False,False,16506.38,Medical / Pharmacy,SUCCESS,False
CBK0000387,TXN00001261,USR11270,MCH4799,Payment made to unknown merchant as per customer statement.,1010.81,2026-03-22 00:00:00,2026-03-23 00:00:00,,RESOLVED,LOW,Wrong Amount,App,1.0,True,False,False,6732.15,Telecom,SUCCESS,False
CBK0000166,TXN00011027,USR82338,MCH2856,Customer complaint text unclear due to poor call center notes.,1781.0,2026-02-06 00:48:39,,2026-02-09 00:00:00,PENDING_BANK,MEDIUM,Duplicate Debit,Call Center,,True,True,False,3743.12,Restaurant,SUCCESS,False
CBK0000288,TXN00055417,USR41398,MCH1803,payment made to unknown merchant as per customer statement.,9306.13,2026-03-23 00:00:00,2026-03-25 07:56:30,,IN_PROGRESS,LOW,Unauthorized Transaction,Chatbot,2.0,False,True,False,,,,False
CBK0000195,TXN00014413,USR30474,MCH8961,Customer says transaction was not authorized.,2399.47,2026-01-02 11:42:38,2026-01-06 09:42:00,2026-01-11 00:00:00,IN_PROGRESS,MEDIUM,Service Not Delivered,IVR,3.0,True,True,False,15266.55,Misc Retail,SUCCESS,False
CBK0001761,TXN00014440,USR24857,MCH1433,Customer complaint text unclear due to poor call center notes. call dropped,12244.08,2026-01-14 00:00:00,2026-01-16 18:29:00,,OPEN,HIGH,Account Takeover,Branch,2.0,True,False,False,8514.53,Hotel / Lodging,SUCCESS,False
CBK0001753,TXN00002207,USR56780,MCH9581,Payment made to unknown merchant as per customer statement.,326.69,,2026-03-28 00:00:00,2026-04-18 00:00:00,PENDING_BANK,HIGH,Account Takeover,Chatbot,,True,False,False,7008.13,Restaurant,SUCCESS,False
CBK0000020,TXN00010227,USR97817,MCH7570,Merchant service was not delivered after payment.,258.0,2026-02-20 00:00:00,2026-02-24 00:00:00,2026-03-21 00:00:00,RESOLVED,HIGH,Service Not Delivered,Branch,4.0,True,True,False,17672.69,Transportation,SUCCESS,False
CBK0000942,TXN00000964,USR78941,MCH3992,Suspicious high-value payment disputed by customer.,2761.55,2026-03-29 15:18:17,2026-04-06 00:00:00,2026-04-06 02:18:00,RESOLVED,LOW,Duplicate Debit,IVR,7.0,True,False,False,9738.5,Transportation,SUCCESS,False
CBK0002736,TXN00017399,USR27913,MCH5980,CUSTOMER COMPLAINT TEXT UNCLEAR DUE TO POOR CALL CENTER NOTES.,685.65,2026-01-26 19:18:00,2026-01-27 00:00:00,,REJECTED,CRITICAL,Service Not Delivered,Chatbot,0.0,True,False,True,4035.24,Apparel,SUCCESS,False
CBK0000940,TXN00012142,USR51720,MCH2099,Customer says transaction was not authorized.,355.28,2026-03-17 12:23:25,2026-03-20 00:00:00,2026-03-20 00:00:00,RESOLVED,HIGH,Duplicate Debit,Email,2.0,True,False,True,24021.78,Grocery,SUCCESS,False
CBK0000031,TXN00005788,USR80678,MCH4473,User claims account was compromised before transaction.,372.51,,2026-03-29 00:09:09,2026-03-29 00:09:09,RESOLVED,LOW,Duplicate Debit,IVR,,True,True,False,20493.73,Book Store,SUCCESS,False
CBK0001210,TXN00014187,USR80504,MCH2456,Complaint received after multiple failed attempts.,972.0,2026-03-18 00:00:00,2026-03-20 00:00:00,2026-03-25 08:55:00,RESOLVED,LOW,Suspected Fraud,Chatbot,2.0,True,False,False,11478.32,Apparel,SUCCESS,False
CBK0002670,TXN00018420,USR34122,MCH3807,Payment made to unknown merchant as per customer statement.,2274.67,,2026-03-12 19:55:00,2026-03-28 00:00:00,PENDING_BANK,HIGH,Service Not Delivered,Branch,,True,False,False,24070.03,,PENDING,False
CBK0001707,TXN00006976,USR91675,MCH3676,customer says amount was debited twice.,1752.57,2026-01-15 00:00:00,2026-01-16 02:55:00,2026-02-13 02:55:52,PENDING_BANK,LOW,Account Takeover,Email,1.0,True,False,False,10906.81,Restaurant,SUCCESS,False
CBK0002073,TXN00007227,USR23350,MCH8136,Customer complaint text unclear due to poor call center notes.,1894.93,,2026-03-02 00:00:00,,OPEN,MEDIUM,Wrong Amount,Branch,,True,False,True,21484.53,Transportation,SUCCESS,False
CBK0001648,TXN00003335,USR96396,MCH5954,customer says transaction was not authorized.,1426.02,2026-03-28 00:00:00,2026-04-07 00:00:00,2026-05-05 00:00:00,PENDING_BANK,HIGH,Unauthorized Transaction,IVR,10.0,True,False,True,22261.33,Grocery,PENDING,False
CBK0001755,TXN00008682,USR56480,MCH7833,Suspicious high-value payment disputed by customer.,5944.75,2026-01-19 03:35:28,2026-01-20 22:35:28,2026-01-21 00:00:00,CLOSED,LOW,Unauthorized Transaction,Chatbot,1.0,True,False,True,20205.84,Restaurant,SUCCESS,False
CBK0000952,TXN00013323,USR46902,MCH2064,Complaint received after multiple failed attempts.,1986.27,,2026-04-24 00:00:00,2026-05-19 00:00:00,OPEN,MEDIUM,Service Not Delivered,Call Center,,True,True,True,14289.57,Apparel,SUCCESS,False
CBK0002378,TXN00014450,USR74567,MCH5798,Complaint received after multiple failed attempts.,2438.0,2026-03-10 00:00:00,2026-03-13 00:00:00,2026-03-13 23:03:21,IN_PROGRESS,LOW,Service Not Delivered,Chatbot,3.0,True,True,True,23912.89,Medical / Pharmacy,SUCCESS,False
CBK0001662,TXN00008240,USR43842,MCH7885,Merchant service was not delivered after payment.,962.34,2026-01-06 00:00:00,2026-01-08 00:00:00,2026-01-18 19:29:00,RESOLVED,HIGH,Service Not Delivered,Branch,2.0,True,False,True,3824.93,,SUCCESS,False
CBK0000275,TXN00037497,USR31937,MCH9768,Complaint received after multiple failed attempts.,419.0,2026-02-20 00:00:00,2026-02-23 00:00:00,2026-03-08 00:00:00,RESOLVED,CRITICAL,Service Not Delivered,Chatbot,3.0,False,False,False,,,,False
CBK0002206,TXN00009768,USR52915,MCH7051,Payment made to unknown merchant as per customer statement.,5082.98,,2026-03-16 00:00:00,2026-03-17 00:10:00,CLOSED,CRITICAL,Unauthorized Transaction,Email,,True,False,True,19024.68,Telecom,SUCCESS,False
CBK0002687,TXN00017004,USR22471,MCH2822,User says UPI PIN was not entered by them.,645.98,2026-01-27 00:00:00,2026-01-29 03:06:00,2026-02-11 00:00:00,IN_PROGRESS,CRITICAL,Customer Dispute,Call Center,2.0,True,True,False,11238.91,,SUCCESS,False
CBK0000843,TXN00014470,USR23820,MCH3842,Complaint received after multiple failed attempts.,5379.63,2026-03-14 00:00:00,2026-03-25 00:04:00,,REJECTED,LOW,Service Not Delivered,Call Center,11.0,True,False,True,5379.63,Medical / Pharmacy,SUCCESS,True
CBK0002212,TXN00010395,USR73737,MCH1395,Customer says amount was debited twice. NA,4273.42,2026-03-24 02:55:35,2026-03-31 00:00:00,2026-04-13 06:55:35,IN_PROGRESS,HIGH,Service Not Delivered,Chatbot,6.0,True,False,True,1290.0,Restaurant,SUCCESS,False
CBK0002231,TXN00010167,USR37981,MCH7715,Customer says amount was debited twice.,3121.8,2026-03-08 00:00:00,2026-03-10 09:30:28,2026-04-08 00:00:00,IN_PROGRESS,MEDIUM,Customer Dispute,Chatbot,2.0,True,False,True,10467.0,Medical / Pharmacy,FAILED,False
CBK0000475,TXN00015106,USR66875,MCH7661,Suspicious high-value payment disputed by customer.,4581.94,2026-02-11 00:00:00,2026-02-18 00:00:00,,OPEN,MEDIUM,Duplicate Debit,Email,7.0,True,False,True,22071.31,Grocery,SUCCESS,False
CBK0002741,TXN00016493,USR97428,MCH9290,Complaint received after multiple failed attempts.,1664.55,,,2026-03-21 00:00:00,CLOSED,LOW,Account Takeover,IVR,,True,False,True,9884.17,Grocery,FAILED,False
CBK0001221,TXN00002325,USR19262,MCH7654,Payment made to unknown merchant as per customer statement.,800.32,2026-03-28 01:43:00,,2026-04-26 00:00:00,IN_PROGRESS,HIGH,Service Not Delivered,Email,,True,False,True,20596.52,Restaurant,SUCCESS,False
CBK0000584,TXN00018381,USR66286,MCH3433,Suspicious high-value payment disputed by customer.,528.22,2026-01-24 00:00:00,2026-01-26 00:09:00,2026-02-17 00:09:38,OPEN,LOW,Account Takeover,IVR,2.0,True,False,True,1469.32,Grocery,SUCCESS,False
CBK0001297,TXN00002610,USR99997,MCH5710,suspicious high-value payment disputed by customer.,784.51,2026-01-04 00:00:00,2026-01-10 07:41:28,2026-02-09 07:41:28,REJECTED,MEDIUM,Wrong Amount,App,6.0,True,True,True,1576.61,Restaurant,SUCCESS,False
CBK0001860,TXN00000877,USR24833,MCH8648,Suspicious high-value payment disputed by customer.,1251.7,2026-03-10 00:00:00,2026-03-11 00:00:00,2026-04-06 00:00:00,RESOLVED,LOW,Wrong Amount,IVR,1.0,True,False,True,17902.0,Grocery,FAILED,False
CBK0001456,TXN00003248,USR30500,MCH2822,Suspicious high-value payment disputed by customer.,10277.41,2026-02-08 02:56:43,2026-02-09 00:00:00,2026-02-16 00:00:00,PENDING_BANK,CRITICAL,Unauthorized Transaction,Call Center,0.0,True,False,False,10305.0,Grocery,SUCCESS,False
CBK0001261,TXN00001742,USR56247,MCH1220,Customer complaint text unclear due to poor call center notes.,1286.87,2026-01-24 00:00:00,2026-02-03 00:00:00,2026-02-15 00:00:00,IN_PROGRESS,LOW,Suspected Fraud,IVR,10.0,True,False,False,18343.02,Grocery,SUCCESS,False
CBK0000638,TXN00006348,USR97580,MCH6624,user says upi pin was not entered by them.,506.14,2026-01-17 00:00:00,2026-01-21 00:00:00,2026-01-27 00:24:00,IN_PROGRESS,MEDIUM,Customer Dispute,Chatbot,4.0,True,True,False,24500.34,Restaurant,FAILED,False
CBK0000029,TXN00006499,USR14810,MCH1545,User says UPI PIN was not entered by them.,640.77,2026-02-27 09:13:41,2026-03-01 20:13:00,,CLOSED,MEDIUM,Wrong Amount,Chatbot,2.0,True,True,False,5552.27,,SUCCESS,False
CBK0001349,TXN00011307,USR27947,MCH5452,User says UPI PIN was not entered by them.,4006.77,2026-03-31 02:55:00,2026-03-31 19:55:24,2026-04-06 00:00:00,PENDING_BANK,LOW,Account Takeover,Call Center,0.0,True,True,False,23856.92,Hotel / Lodging,SUCCESS,False
CBK0000751,TXN00008166,USR71704,MCH6694,USER CLAIMS ACCOUNT WAS COMPROMISED BEFORE TRANSACTION.,813.72,,,2026-02-22 08:23:27,REJECTED,MEDIUM,Unauthorized Transaction,IVR,,True,False,False,9086.1,Restaurant,SUCCESS,False
CBK0001656,TXN00014355,USR49179,MCH9241,Customer says transaction was not authorized.,842.31,2026-03-31 00:00:00,2026-05-15 19:24:00,2026-06-09 00:00:00,OPEN,LOW,Duplicate Debit,Branch,45.0,True,False,False,2366.87,Medical / Pharmacy,SUCCESS,False
CBK0001674,TXN00013171,USR44076,MCH8679,Customer complaint text unclear due to poor call center notes.,1091.17,2026-02-27 00:19:00,2026-04-13 00:00:00,2026-04-18 00:00:00,IN_PROGRESS,HIGH,Account Takeover,Branch,44.0,True,False,True,13307.68,,SUCCESS,False
CBK0000295,TXN00010097,USR30500,MCH3244,Complaint received after multiple failed attempts.,12885.17,2026-02-20 01:27:00,2026-02-22 00:00:00,2026-03-19 00:00:00,PENDING_BANK,LOW,Unauthorized Transaction,IVR,1.0,True,False,True,14732.08,Restaurant,SUCCESS,False
CBK0000054,TXN00015105,USR35239,MCH9077,User claims account was compromised before transaction.,608.31,2026-03-26 00:00:00,2026-03-29 00:00:00,2026-03-30 00:00:00,REJECTED,LOW,Customer Dispute,IVR,3.0,True,True,False,21656.06,Department Store,FAILED,False
CBK0001078,TXN00001209,USR19922,MCH6850,User claims account was compromised before transaction.,2704.46,2026-02-07 00:00:00,2026-02-13 00:00:00,,IN_PROGRESS,MEDIUM,Service Not Delivered,Chatbot,6.0,True,True,False,6847.93,Misc Retail,SUCCESS,False
CBK0000768,TXN00002926,USR29277,MCH7998,Customer complaint text unclear due to poor call center notes.,1432.79,2026-01-03 00:00:00,2026-02-18 00:00:00,2026-02-19 00:00:00,OPEN,LOW,Customer Dispute,Chatbot,46.0,True,False,False,22549.49,Transportation,SUCCESS,False
CBK0002700,TXN00018891,USR69797,MCH5713,Customer complaint text unclear due to poor call center notes.,2154.46,,2026-01-06 00:00:00,2026-02-04 20:17:00,RESOLVED,HIGH,Unauthorized Transaction,Email,,True,False,False,7659.54,Grocery,SUCCESS,False
CBK0002167,TXN00008964,USR58972,MCH9155,Customer says amount was debited twice.,1646.02,2026-01-20 00:00:00,2026-01-22 00:00:00,,PENDING_BANK,HIGH,Account Takeover,Email,2.0,True,False,False,301.01,Transportation,FAILED,False
CBK0002787,TXN00005483,USR89278,MCH4006,User reports money deducted but merchant denies receiving payment.,2130.14,2026-01-12 00:44:38,2026-01-15 00:00:00,,IN_PROGRESS,MEDIUM,Service Not Delivered,Call Center,2.0,True,False,True,11163.7,Grocery,SUCCESS,False
CBK0002552,TXN00011308,USR27300,MCH9291,Complaint received after multiple failed attempts.,16936.0,2026-03-30 00:00:00,2026-04-02 19:18:00,2026-04-26 00:00:00,OPEN,LOW,Suspected Fraud,Call Center,3.0,True,False,True,3565.73,Hotel / Lodging,SUCCESS,False
CBK0002279,TXN00018603,USR39503,MCH1658,Suspicious high-value payment disputed by customer.,3615.07,2026-03-23 12:48:07,2026-03-26 00:00:00,2026-03-26 04:48:00,REJECTED,CRITICAL,Duplicate Debit,Call Center,2.0,True,True,True,2569.3,Hotel / Lodging,SUCCESS,False
CBK0000950,TXN00016469,USR13599,MCH6400,Complaint received after multiple failed attempts.,1313.4,2026-01-29 06:43:12,2026-02-06 00:00:00,2026-02-14 00:00:00,IN_PROGRESS,HIGH,Account Takeover,Chatbot,7.0,True,False,True,18238.81,Transportation,SUCCESS,False
CBK0002046,TXN00013381,USR72135,MCH5076,User says UPI PIN was not entered by them.,1684.52,2026-01-08 16:33:00,2026-01-18 21:33:00,2026-02-17 21:33:18,REJECTED,LOW,Service Not Delivered,Branch,10.0,True,False,False,2104.37,Medical / Pharmacy,SUCCESS,False
CBK0002547,TXN00009614,USR83314,MCH4007,Customer complaint text unclear due to poor call center notes.,927.07,,2026-02-12 00:00:00,2026-03-01 00:00:00,PENDING_BANK,HIGH,Suspected Fraud,IVR,,True,False,False,2618.0,Transportation,SUCCESS,False
CBK0000941,TXN00016470,USR14844,MCH2266,Customer says amount was debited twice.,1994.56,2026-01-04 00:00:00,2026-01-10 09:49:36,2026-01-10 00:00:00,OPEN,HIGH,Service Not Delivered,Email,6.0,True,True,True,5946.77,Grocery,SUCCESS,False
CBK0001286,TXN00004472,USR83523,MCH5954,Customer says transaction was not authorized. NA,24788.4,2026-03-10 08:35:18,2026-03-07 08:35:18,2026-04-05 08:35:00,PENDING_BANK,MEDIUM,Service Not Delivered,Branch,,True,True,True,24788.4,Apparel,FAILED,True
CBK0002170,TXN00017055,USR56789,MCH5954,Customer complaint text unclear due to poor call center notes.,226.51,2026-03-02 00:00:00,2026-03-03 00:00:00,2026-03-16 00:00:00,REJECTED,HIGH,Duplicate Debit,Chatbot,1.0,True,False,True,12837.21,Book Store,SUCCESS,False
CBK0001905,TXN00011981,USR80617,MCH7286,suspicious high-value payment disputed by customer.,17594.04,2026-01-08 00:00:00,2026-01-11 00:00:00,2026-01-23 03:28:28,PENDING_BANK,LOW,Service Not Delivered,Email,3.0,True,False,False,3554.3,Grocery,SUCCESS,False
CBK0000179,TXN00017876,USR49537,MCH5956,Customer says transaction was not authorized.,638.04,2026-03-06 00:00:00,2026-03-10 14:02:56,2026-03-28 00:00:00,IN_PROGRESS,HIGH,Suspected Fraud,IVR,4.0,True,False,False,14468.6,Transportation,SUCCESS,False
CBK0002676,TXN00004927,USR19351,MCH3684,Merchant service was not delivered after payment.,1530.6,2026-03-05 00:00:00,,,RESOLVED,LOW,Service Not Delivered,App,,True,True,True,11631.26,Transportation,SUCCESS,False
CBK0001302,TXN00007192,USR80872,MCH2757,Suspicious high-value payment disputed by customer.,1195.71,2026-01-08 00:00:00,2026-01-16 00:00:00,2026-02-08 00:00:00,PENDING_BANK,MEDIUM,Service Not Delivered,IVR,8.0,True,False,True,12165.26,Transportation,SUCCESS,False
CBK0000591,TXN00011869,USR62847,MCH3840,User claims account was compromised before transaction.,8004.21,2026-01-16 05:31:00,2026-03-02 00:00:00,2026-03-24 00:00:00,CLOSED,CRITICAL,Wrong Amount,Call Center,44.0,True,False,False,15722.34,Grocery,SUCCESS,False
CBK0000460,TXN00001710,USR13062,MCH2803,customer complaint text unclear due to poor call center notes.,5894.84,2026-03-22 00:00:00,2026-04-21 00:00:00,,RESOLVED,MEDIUM,Account Takeover,IVR,30.0,True,False,False,16258.53,Book Store,FAILED,False
CBK0000570,TXN00006817,USR13134,MCH3815,Customer says transaction was not authorized.,774.67,2026-03-24 00:00:00,2026-03-25 00:00:00,2026-04-10 00:00:00,PENDING_BANK,MEDIUM,Account Takeover,Chatbot,1.0,True,False,False,5896.79,Grocery,SUCCESS,False
CBK0001161,TXN00004594,USR71825,MCH8679,Customer complaint text unclear due to poor call center notes.,315.15,2026-02-23 00:00:00,2026-02-24 00:00:00,2026-03-24 00:00:00,IN_PROGRESS,MEDIUM,Suspected Fraud,App,1.0,True,False,True,7811.62,Telecom,SUCCESS,False
CBK0002019,TXN00005409,USR58335,MCH1825,Customer says transaction was not authorized.,504.51,2026-03-27 23:06:21,2026-03-29 14:06:21,,RESOLVED,CRITICAL,Duplicate Debit,App,1.0,True,False,False,8031.72,Restaurant,SUCCESS,False
CBK0002751,TXN00015657,USR59679,MCH3440,User says UPI PIN was not entered by them.,1966.13,2026-02-08 00:00:00,2026-02-10 00:00:00,2026-02-25 00:00:00,REJECTED,LOW,Service Not Delivered,IVR,2.0,True,False,True,9888.36,Hotel / Lodging,SUCCESS,False
CBK0001766,,USR12686,MCH7267,User claims account was compromised before transaction.,1546.27,2026-02-18 00:00:00,2026-02-18 00:00:00,2026-03-20 10:31:04,RESOLVED,HIGH,Account Takeover,Chatbot,0.0,False,False,False,,,,False
CBK0002685,TXN00018738,USR32577,MCH5980,Customer complaint text unclear due to poor call center notes.,1179.22,2026-02-10 00:00:00,2026-03-13 00:00:00,2026-03-29 00:00:00,PENDING_BANK,LOW,Duplicate Debit,Chatbot,31.0,True,False,True,6937.85,,SUCCESS,False
CBK0001179,TXN00016521,USR36519,MCH9839,Customer says amount was debited twice.,2697.0,2026-02-25 00:00:00,2026-03-13 00:00:00,2026-04-07 00:00:00,PENDING_BANK,LOW,Suspected Fraud,Email,16.0,True,True,True,4450.83,Restaurant,FAILED,False
CBK0002516,TXN00073646,USR57758,MCH1812,Payment made to unknown merchant as per customer statement.,7863.78,2026-01-24 00:00:00,2026-01-31 00:00:00,,RESOLVED,HIGH,Customer Dispute,Email,7.0,False,True,True,,,,False
CBK0002047,TXN00007439,USR65461,MCH3896,User claims account was compromised before transaction.,3333.48,2026-03-09 12:57:00,2026-03-12 00:00:00,,REJECTED,LOW,Suspected Fraud,Chatbot,2.0,True,False,True,6997.24,Grocery,SUCCESS,False
CBK0000352,TXN00014436,USR20197,MCH8920,Suspicious high-value payment disputed by customer.,5439.35,2026-02-02 00:00:00,2026-02-05 18:21:54,2026-02-23 18:21:54,PENDING_BANK,HIGH,Account Takeover,Branch,3.0,True,False,True,8845.17,Restaurant,SUCCESS,False
CBK0001568,TXN00010744,USR28325,MCH2822,User claims account was compromised before transaction.,748.64,2026-02-03 04:06:53,2026-02-04 12:06:53,2026-02-07 12:06:00,RESOLVED,MEDIUM,Account Takeover,Branch,1.0,True,False,False,13170.79,Transportation,SUCCESS,False
CBK0001997,TXN00019193,USR39555,MCH8953,Complaint received after multiple failed attempts.,1004.32,2026-01-10 00:00:00,2026-01-13 00:00:00,2026-02-09 00:00:00,CLOSED,HIGH,Duplicate Debit,Chatbot,3.0,True,False,True,13537.12,Grocery,SUCCESS,False
CBK0000400,TXN00009596,USR71348,MCH7207,user claims account was compromised before transaction.,5224.53,2026-01-21 00:00:00,2026-01-24 00:00:00,,IN_PROGRESS,MEDIUM,Duplicate Debit,App,3.0,True,False,False,9393.71,,SUCCESS,False
CBK0000982,TXN00011350,USR93171,MCH5785,User reports money deducted but merchant denies receiving payment.,188.6,2026-01-06 00:00:00,2026-01-14 00:00:00,,CLOSED,MEDIUM,Service Not Delivered,IVR,8.0,True,False,True,21568.23,Hotel / Lodging,SUCCESS,False
CBK0001618,TXN00015125,USR77086,MCH1644,customer says transaction was not authorized.,967.0,2026-03-28 00:00:00,2026-04-28 00:00:00,2026-05-22 00:00:00,IN_PROGRESS,MEDIUM,Account Takeover,Branch,31.0,True,False,False,4790.42,Medical / Pharmacy,SUCCESS,False
CBK0001730,TXN00006467,USR66854,MCH4352,CUSTOMER COMPLAINT TEXT UNCLEAR DUE TO POOR CALL CENTER NOTES.,7505.86,2026-02-19 12:08:55,2026-02-20 10:08:55,2026-03-17 00:00:00,REJECTED,HIGH,Wrong Amount,Chatbot,0.0,True,False,True,13457.64,Department Store,SUCCESS,False
CBK0002249,TXN00005146,USR93984,MCH8154,CUSTOMER SAYS TRANSACTION WAS NOT AUTHORIZED.,725.45,2026-03-26 00:00:00,2026-03-29 08:57:00,2026-04-24 00:00:00,PENDING_BANK,MEDIUM,Unauthorized Transaction,IVR,3.0,True,True,True,21997.15,,SUCCESS,False
CBK0001787,TXN00013934,USR50975,MCH4366,Suspicious high-value payment disputed by customer.,487.43,2026-03-12 13:58:26,2026-04-11 00:00:00,2026-04-26 00:00:00,IN_PROGRESS,HIGH,Account Takeover,Email,29.0,True,False,False,24508.25,Hotel / Lodging,SUCCESS,False
CBK0000936,TXN00008546,USR92782,MCH9921,User says UPI PIN was not entered by them.,936.49,2026-02-07 19:28:54,2026-02-08 00:00:00,2026-02-17 00:00:00,RESOLVED,LOW,Customer Dispute,Chatbot,0.0,True,False,True,12845.7,Restaurant,SUCCESS,False
CBK0001535,TXN00015786,USR49801,MCH2148,User reports money deducted but merchant denies receiving payment.,14485.22,2026-03-17 00:00:00,2026-03-20 15:18:00,,PENDING_BANK,MEDIUM,Customer Dispute,Call Center,3.0,True,True,True,10917.82,Grocery,SUCCESS,False
CBK0001064,TXN00016822,USR40162,MCH1101,Customer says amount was debited twice.,3058.22,2026-01-19 01:40:00,2026-02-19 00:00:00,2026-03-02 00:00:00,IN_PROGRESS,LOW,Unauthorized Transaction,Chatbot,30.0,True,False,True,13190.75,Telecom,SUCCESS,False
CBK0002089,TXN00010784,USR61539,MCH5778,Customer says amount was debited twice.,782.96,2026-01-16 03:49:43,2026-01-16 12:49:43,2026-02-04 00:00:00,OPEN,HIGH,Customer Dispute,Branch,0.0,True,False,False,17672.06,,SUCCESS,False
CBK0001897,TXN00008189,USR22202,MCH4473,User claims account was compromised before transaction.,577.55,2026-01-10 00:00:00,2026-02-09 09:59:00,2026-02-13 00:00:00,IN_PROGRESS,MEDIUM,Duplicate Debit,App,30.0,True,False,False,13008.8,Restaurant,SUCCESS,False
CBK0001591,TXN00001778,USR22644,MCH3896,Customer complaint text unclear due to poor call center notes.,2008.0,2026-02-20 00:00:00,2026-02-21 20:57:45,2026-03-23 00:00:00,REJECTED,LOW,Unauthorized Transaction,IVR,1.0,True,True,True,10946.0,Grocery,SUCCESS,False
CBK0001510,TXN00009054,USR40521,MCH8665,customer says transaction was not authorized.,14177.27,2026-01-16 19:29:00,2026-01-18 00:00:00,2026-02-08 00:00:00,IN_PROGRESS,MEDIUM,Unauthorized Transaction,IVR,1.0,True,False,False,7882.06,,FAILED,False
CBK0000351,TXN00049383,USR83155,MCH5768,Suspicious high-value payment disputed by cust.,614.57,2026-01-30 00:00:00,2026-01-31 19:44:25,2026-02-23 19:44:00,OPEN,LOW,Service Not Delivered,Chatbot,1.0,False,True,True,,,,False
CBK0001213,TXN00017444,USR29137,MCH6278,User claims account was compromised before txn.,252.18,2026-03-24 23:19:43,2026-03-25 00:00:00,2026-03-30 00:00:00,PENDING_BANK,MEDIUM,Unauthorized Transaction,Chatbot,0.0,True,False,True,3680.33,Hotel / Lodging,SUCCESS,False
CBK0001031,TXN00018504,USR95238,MCH8391,Merchant service was not delivered after payment. details missing,2887.1,2026-02-19 00:00:00,2026-02-23 00:00:00,2026-02-23 00:00:00,RESOLVED,LOW,Service Not Delivered,Call Center,4.0,True,True,True,10142.73,Transportation,SUCCESS,False
CBK0001148,TXN00009676,USR60032,MCH8953,User reports money deducted but merchant denies receiving payment.,14503.4,2026-01-18 00:00:00,2026-02-03 00:00:00,2026-03-02 08:39:23,RESOLVED,LOW,Unauthorized Transaction,Chatbot,16.0,True,False,True,14503.4,Grocery,SUCCESS,True
CBK0002528,TXN00019669,USR43455,MCH2895,Customer says transaction was not authorized. call dropped,2022.82,2026-03-10 12:00:49,2026-03-11 00:00:00,,IN_PROGRESS,MEDIUM,Suspected Fraud,Email,0.0,True,True,False,4271.0,Grocery,PENDING,False
CBK0002233,TXN00010897,USR48881,MCH3815,USER REPORTS MONEY DEDUCTED BUT MERCHANT DENIES RECEIVING PAYMENT.,5022.43,2026-01-29 21:07:26,2026-02-14 17:07:26,2026-03-03 17:07:26,IN_PROGRESS,HIGH,Service Not Delivered,Branch,15.0,True,False,False,1663.56,Book Store,SUCCESS,False
CBK0000147,TXN00003927,USR94184,MCH2234,Customer says transaction was not authorized.,875.3,2026-02-09 00:00:00,2026-02-17 03:26:55,2026-02-18 00:00:00,CLOSED,LOW,Wrong Amount,IVR,8.0,True,False,False,15092.18,Grocery,SUCCESS,False
CBK0000527,,USR45627,MCH3427,User reports money deducted but merchant denies receiving payment.,171.98,2026-03-26 11:37:00,2026-03-28 00:00:00,,IN_PROGRESS,LOW,Suspected Fraud,IVR,1.0,False,True,False,,,,False
CBK0000140,TXN00001801,USR46902,MCH2378,User says UPI PIN was not entered by them.,2789.99,2026-02-26 07:20:00,2026-03-08 07:20:00,2026-03-10 07:20:55,IN_PROGRESS,LOW,Customer Dispute,Email,10.0,True,True,True,23912.97,Medical / Pharmacy,SUCCESS,False
CBK0000613,TXN00002808,USR82191,MCH9948,Customer says transaction was not authorized.,604.93,2026-02-13 00:00:00,2026-02-20 00:00:00,2026-03-02 02:21:00,PENDING_BANK,MEDIUM,Customer Dispute,Email,7.0,True,True,False,4050.17,Telecom,SUCCESS,False
CBK0001796,TXN00014147,USR19352,MCH5990,payment made to unknown merchant as per customer statement.,2551.0,2026-02-12 00:00:00,2026-02-22 00:00:00,2026-03-04 00:00:00,IN_PROGRESS,LOW,Account Takeover,Branch,10.0,True,False,False,16503.47,,FAILED,False
CBK0000336,TXN00004644,USR14768,MCH8391,User claims account was compromised before transaction.,3662.83,2026-03-05 00:00:00,2026-03-08 00:00:00,,RESOLVED,LOW,Service Not Delivered,IVR,3.0,True,False,True,3300.86,Grocery,SUCCESS,False
CBK0002179,TXN00002142,USR44124,MCH9291,Customer says amount was debited twice.,13132.36,2026-01-14 00:00:00,2026-01-18 00:00:00,2026-01-25 00:00:00,CLOSED,HIGH,Service Not Delivered,Chatbot,4.0,True,True,True,13524.44,Restaurant,SUCCESS,False
CBK0002623,,USR80824,MCH3492,Suspicious high-value payment disputed by customer.,1057.6,2026-01-18 14:41:00,2026-02-03 00:00:00,2026-02-21 00:00:00,REJECTED,HIGH,Suspected Fraud,App,15.0,False,False,False,,,,False
CBK0001375,TXN00001251,USR45344,MCH4473,Merchant service was not delivered after payment.,802.62,2026-01-29 00:00:00,2026-02-01 00:00:00,,RESOLVED,HIGH,Customer Dispute,Chatbot,3.0,True,True,False,19915.47,Hotel / Lodging,SUCCESS,False
CBK0001280,TXN00012568,USR61715,MCH6850,Customer says transaction was not authorized.,15086.0,2026-01-16 00:00:00,2026-03-02 14:03:49,2026-03-11 00:00:00,OPEN,LOW,Customer Dispute,Call Center,45.0,True,False,False,1497.56,Grocery,SUCCESS,False
CBK0002202,TXN00001215,USR26403,MCH5655,Merchant service was not delivered after payment.,5146.97,2026-01-01 00:00:00,2026-01-07 00:00:00,,CLOSED,MEDIUM,Service Not Delivered,Chatbot,6.0,True,False,False,17345.12,Transportation,SUCCESS,False
CBK0002178,TXN00010512,USR39098,MCH1080,Customer says amount was debited twice.,752.1,2026-01-19 00:00:00,2026-01-22 04:57:56,,OPEN,LOW,Wrong Amount,IVR,3.0,True,False,False,13905.87,Restaurant,SUCCESS,False
CBK0002515,TXN00019171,USR95538,MCH5931,Customer says transaction was not authorized.,3429.44,2026-03-30 00:00:00,2026-04-09 00:00:00,,RESOLVED,LOW,Wrong Amount,Call Center,10.0,True,False,False,18434.37,,SUCCESS,False
CBK0000099,,USR93290,MCH3558,User claims account was compromised before transaction.,1317.94,2026-01-11 00:00:00,2026-01-17 00:00:00,,RESOLVED,MEDIUM,Suspected Fraud,Email,6.0,False,True,True,,,,False
CBK0002071,TXN00006958,USR61891,MCH7286,Payment made to unknown merchant as per customer statement.,1162.72,2026-02-13 00:00:00,2026-02-13 00:00:00,,OPEN,HIGH,Service Not Delivered,IVR,0.0,True,False,False,16935.74,Hotel / Lodging,SUCCESS,False
CBK0000066,TXN00017748,USR86707,MCH8350,Customer complaint text unclear due to poor call center notes. call dropped,1855.0,,2026-02-12 00:00:00,2026-03-06 00:00:00,REJECTED,LOW,Service Not Delivered,App,,True,True,False,6599.82,Medical / Pharmacy,SUCCESS,False
CBK0002204,TXN00009040,USR97137,MCH3202,Customer says transaction was not authorized.,1600.6,2026-01-05 13:37:21,2026-01-16 00:00:00,2026-02-15 00:00:00,IN_PROGRESS,HIGH,Service Not Delivered,Call Center,10.0,True,False,False,5300.8,Medical / Pharmacy,SUCCESS,False
CBK0001942,TXN00017185,USR88284,MCH9344,Payment made to unknown merchant as per customer statement.,384.18,2026-03-08 00:00:00,2026-03-16 00:00:00,2026-04-04 00:00:00,OPEN,MEDIUM,Wrong Amount,Branch,8.0,True,False,False,5565.73,Grocery,SUCCESS,False
CBK0000955,,USR66359,MCH2992,Payment made to unknown merchant as per customer statement.,1214.33,2026-03-04 00:00:00,2026-04-18 12:26:19,,OPEN,LOW,Service Not Delivered,IVR,45.0,False,False,False,,,,False
CBK0001156,TXN00010478,USR27893,MCH7475,Merchant service was not delivered after payment.,634.0,2026-01-28 07:58:01,2026-01-29 00:00:00,,IN_PROGRESS,LOW,Account Takeover,Chatbot,0.0,True,False,False,1259.97,Restaurant,SUCCESS,False
CBK0001940,TXN00006894,USR19400,MCH3815,Customer complaint text unclear due to poor call center notes.,2016.51,,2026-02-26 00:00:00,2026-03-04 00:00:00,REJECTED,HIGH,Service Not Delivered,IVR,,True,False,False,9595.35,Book Store,SUCCESS,False
CBK0000135,TXN00013531,USR33763,MCH2483,User reports money deducted but merchant denies receiving payment.,2390.0,,2026-01-22 00:00:00,2026-02-06 00:00:00,IN_PROGRESS,LOW,Service Not Delivered,App,,True,False,False,22882.14,Grocery,PENDING,False
CBK0002522,,USR72963,MCH4406,User claims account was compromised before transaction.,584.72,,2026-03-02 00:00:00,2026-03-23 00:00:00,REJECTED,LOW,Service Not Delivered,App,,False,False,True,,,,False
CBK0002568,TXN00012990,USR24437,MCH1818,Customer says amount was debited twice.,3464.25,2026-03-01 15:45:08,,,CLOSED,HIGH,Unauthorized Transaction,Chatbot,,True,False,True,626.15,Hotel / Lodging,SUCCESS,False
CBK0001092,TXN00015253,USR50458,MCH4725,CUSTOMER COMPLAINT TEXT UNCLEAR DUE TO POOR CALL CENTER NOTES.,1700.27,,2026-03-17 00:00:00,,PENDING_BANK,LOW,Service Not Delivered,Chatbot,,True,False,True,4925.19,Restaurant,SUCCESS,False
CBK0001495,TXN00014774,USR47392,MCH8779,Payment made to unknown merchant as per customer statement.,2478.18,2026-03-23 00:00:00,2026-04-03 00:00:00,2026-04-20 00:00:00,REJECTED,LOW,Unauthorized Transaction,Branch,11.0,True,True,True,12860.04,Telecom,SUCCESS,False
CBK0000296,TXN00003112,USR49629,MCH1546,User says UPI PIN was not entered by them.,4974.0,2026-03-27 12:17:00,2026-04-03 00:00:00,2026-04-09 00:00:00,CLOSED,MEDIUM,Service Not Delivered,Chatbot,6.0,True,False,False,6058.13,Department Store,SUCCESS,False
CBK0002750,TXN00013670,USR26461,MCH9342,User says UPI PIN was not entered by them.,4375.63,2026-02-11 00:00:00,2026-03-13 00:00:00,2026-03-18 18:50:28,REJECTED,MEDIUM,Duplicate Debit,Branch,30.0,True,False,True,21540.49,,FAILED,False
CBK0002535,TXN00009226,USR99720,MCH1211,User reports money deducted but merchant denies receiving payment.,4466.49,2026-01-15 00:00:00,2026-01-22 15:05:21,2026-01-24 00:00:00,RESOLVED,MEDIUM,Account Takeover,Branch,7.0,True,True,True,23184.89,Transportation,SUCCESS,False
CBK0002545,TXN00010063,USR85767,MCH8999,User says UPI PIN was not entered by them.,219.86,2026-02-12 07:23:39,2026-02-19 00:00:00,2026-03-09 00:00:00,OPEN,MEDIUM,Account Takeover,Chatbot,6.0,True,False,True,14584.0,Transportation,SUCCESS,False
CBK0002186,TXN00003156,USR24528,MCH4024,Customer complaint text unclear due to poor call center notes.,1072.99,2026-02-25 00:00:00,2026-02-26 00:00:00,2026-03-19 00:00:00,RESOLVED,MEDIUM,Unauthorized Transaction,Email,1.0,True,False,True,16236.56,Restaurant,FAILED,False
CBK0000978,TXN00006792,USR48647,MCH5655,Customer complaint text unclear due to poor call center notes.,1704.54,,2026-02-27 00:00:00,2026-03-02 00:00:00,REJECTED,LOW,Wrong Amount,Call Center,,True,False,False,7594.56,Hotel / Lodging,SUCCESS,False
CBK0001661,TXN00009867,USR15733,MCH8681,User reports money deducted but merchant denies receiving payment.,9736.35,2026-03-25 04:28:00,2026-04-09 00:00:00,2026-04-16 19:28:49,REJECTED,HIGH,Service Not Delivered,Branch,14.0,True,False,True,10701.31,Transportation,SUCCESS,False
CBK0000354,TXN00013742,USR63462,MCH1320,USER REPORTS MONEY DEDUCTED BUT MERCHANT DENIES RECEIVING PAYMENT.,3062.43,2026-01-16 00:00:00,2026-01-16 00:00:00,2026-01-30 00:00:00,IN_PROGRESS,HIGH,Service Not Delivered,Chatbot,0.0,True,False,True,2030.93,Book Store,PENDING,False
CBK0002642,TXN00007026,USR88352,MCH8311,Suspicious high-value payment disputed by customer.,12338.61,2026-02-13 00:00:00,2026-02-24 05:34:00,,CLOSED,MEDIUM,Unauthorized Transaction,Chatbot,11.0,True,True,False,12338.61,Transportation,PENDING,True
CBK0002479,TXN00007945,USR12314,MCH9784,User says UPI PIN was not entered by them. call dropped,2209.68,2026-02-24 00:00:00,2026-03-01 09:39:03,2026-03-05 00:00:00,RESOLVED,MEDIUM,Duplicate Debit,Branch,5.0,True,True,True,9541.41,Department Store,SUCCESS,False
CBK0000934,TXN00014323,USR66946,MCH6810,Suspicious high-value payment disputed by customer.,8749.79,2026-01-22 00:00:00,2026-01-23 00:00:00,2026-01-23 08:09:17,REJECTED,LOW,Service Not Delivered,IVR,1.0,True,False,False,15712.13,Restaurant,SUCCESS,False
CBK0000499,TXN00011216,USR26571,MCH5954,User reports money deducted but merchant denies receiving payment.,857.98,2026-01-25 00:00:00,2026-01-25 00:00:00,2026-02-13 00:00:00,REJECTED,CRITICAL,Suspected Fraud,Email,0.0,True,False,True,6226.0,Department Store,SUCCESS,False
CBK0000312,TXN00013916,USR29758,MCH5655,Complaint received after multiple failed attempts.,804.06,2026-01-31 15:10:08,2026-02-10 22:10:08,2026-03-03 00:00:00,CLOSED,MEDIUM,Customer Dispute,Chatbot,10.0,True,False,False,18666.7,Hotel / Lodging,SUCCESS,False
CBK0000667,TXN00006052,USR54126,MCH2266,Complaint received after multiple failed attempts.,1664.31,2026-01-13 00:00:00,2026-01-15 00:00:00,,PENDING_BANK,CRITICAL,Customer Dispute,Email,2.0,True,True,True,23757.48,Grocery,SUCCESS,False
CBK0001500,TXN00004113,USR65211,MCH5770,USER SAYS UPI PIN WAS NOT ENTERED BY THEM.,1173.86,2026-03-14 11:50:00,2026-04-14 00:00:00,2026-04-26 00:00:00,CLOSED,HIGH,Service Not Delivered,Branch,30.0,True,False,True,1744.16,Restaurant,SUCCESS,False
CBK0001524,TXN00010627,USR65183,MCH5171,Customer says transaction was not authorized.,20956.0,2026-02-17 00:00:00,2026-02-18 00:00:00,2026-03-09 00:00:00,RESOLVED,LOW,Unauthorized Transaction,Branch,1.0,True,False,True,20956.0,Misc Retail,SUCCESS,True
CBK0000438,TXN00011978,USR99732,MCH7833,Customer says transaction was not authorized. urgent,466.0,2026-02-03 10:00:52,2026-02-04 00:00:00,,PENDING_BANK,LOW,Service Not Delivered,Email,0.0,True,False,True,22926.37,Medical / Pharmacy,SUCCESS,False
CBK0000012,TXN00013740,USR35501,MCH8913,Suspicious high-value payment disputed by customer.,650.92,2026-01-25 00:00:00,2026-01-28 19:43:23,,PENDING_BANK,MEDIUM,Customer Dispute,Chatbot,3.0,True,False,False,21780.55,Grocery,FAILED,False
CBK0001710,TXN00002546,USR96958,MCH4226,USER REPORTS MONEY DEDUCTED BUT MERCHANT DENIES RECEIVING PAYMENT.,6642.41,2026-01-06 03:50:09,2026-01-13 00:00:00,,REJECTED,LOW,Account Takeover,Call Center,6.0,True,False,False,12195.82,Grocery,FAILED,False
CBK0001322,TXN00018670,USR33934,MCH9699,MERCHANT SERVICE WAS NOT DELIVERED AFTER PAYMENT.,3883.93,2026-03-09 00:00:00,2026-03-13 00:00:00,2026-03-19 00:00:00,RESOLVED,MEDIUM,Wrong Amount,IVR,4.0,True,True,False,24160.27,Grocery,SUCCESS,False
CBK0000894,TXN00015855,USR95334,MCH6372,User says UPI PIN was not entered by them.,6458.0,2026-03-16 00:00:00,2026-03-19 00:00:00,2026-03-21 00:00:00,IN_PROGRESS,LOW,Wrong Amount,App,3.0,True,False,True,5773.56,Hotel / Lodging,FAILED,False
CBK0000784,TXN00014785,USR41135,MCH7286,suspicious high-value payment disputed by customer.,1176.91,2026-01-31 00:00:00,2026-01-31 00:00:00,2026-02-16 09:56:17,IN_PROGRESS,LOW,Service Not Delivered,Branch,0.0,True,True,False,11120.69,Restaurant,SUCCESS,False
CBK0001573,TXN00015673,USR29406,MCH4270,User says UPI PIN was not entered by them.,4952.21,2026-02-21 00:00:00,2026-03-01 04:47:00,,CLOSED,MEDIUM,Suspected Fraud,IVR,8.0,True,True,False,4952.21,Grocery,SUCCESS,True
CBK0002149,TXN00011510,USR30541,MCH6295,Merchant service was not delivered after payment.,7271.24,2026-01-13 00:00:00,2026-01-21 11:12:17,2026-01-30 00:00:00,OPEN,LOW,Suspected Fraud,IVR,8.0,True,False,False,8387.23,Medical / Pharmacy,SUCCESS,False
CBK0001257,,USR74209,MCH6057,Complaint received after multiple failed attempts.,2346.56,2026-03-19 00:00:00,2026-03-25 01:08:00,2026-04-14 00:00:00,OPEN,LOW,Customer Dispute,Chatbot,6.0,False,False,False,,,,False
CBK0000370,,USR68023,MCH2511,User says UPI PIN was not entered by them.,3719.71,2026-02-18 00:00:00,2026-02-26 09:56:26,2026-03-08 00:00:00,CLOSED,MEDIUM,Duplicate Debit,App,8.0,False,False,False,,,,False
CBK0001398,TXN00015787,USR61935,MCH8643,payment made to unknown merchant as per customer statement.,8787.96,2026-02-06 16:53:00,2026-02-09 16:53:32,2026-02-16 00:00:00,REJECTED,HIGH,Unauthorized Transaction,IVR,3.0,True,True,True,6271.15,Transportation,FAILED,False
CBK0001343,TXN00017045,USR87914,MCH2822,Suspicious high-value payment disputed by customer. urgent,1409.0,2026-01-20 00:00:00,2026-03-07 00:00:00,2026-03-20 00:00:00,IN_PROGRESS,MEDIUM,Service Not Delivered,Chatbot,46.0,True,False,False,2128.67,Restaurant,SUCCESS,False
CBK0000769,TXN00010549,USR88037,MCH4590,Complaint received after multiple failed attempts.,6630.73,2026-01-16 00:00:00,2026-01-31 00:00:00,2026-03-02 14:45:00,IN_PROGRESS,HIGH,Customer Dispute,App,15.0,True,True,False,7419.57,Hotel / Lodging,SUCCESS,False
CBK0002111,TXN00019791,USR48202,MCH2383,Customer complaint text unclear due to poor call center notes.,376.0,2026-02-06 06:10:00,2026-02-08 00:00:00,2026-02-17 18:10:00,CLOSED,LOW,Wrong Amount,Chatbot,1.0,True,True,True,2901.68,Grocery,SUCCESS,False
CBK0002589,TXN00001501,USR49236,MCH4590,Payment made to unknown merchant as per customer statement.,1157.85,2026-03-22 00:00:00,,2026-04-12 00:00:00,OPEN,HIGH,Duplicate Debit,IVR,,True,False,False,12981.85,,SUCCESS,False
CBK0001391,TXN00008679,USR46067,MCH1887,Complaint received after multiple failed attempts.,1294.7,2026-03-22 00:00:00,2026-03-23 21:04:05,2026-03-29 21:04:00,RESOLVED,MEDIUM,Wrong Amount,Chatbot,1.0,True,False,True,13347.8,Restaurant,PENDING,False
CBK0000496,TXN00005986,USR21449,MCH1486,User claims account was compromised before transaction. call dropped,6879.04,,2026-01-23 00:00:00,2026-02-13 00:00:00,OPEN,HIGH,Customer Dispute,Call Center,,True,False,False,360.22,Transportation,SUCCESS,False
CBK0000928,TXN00008356,USR74115,MCH9582,User claims account was compromised before transaction. NA,7938.21,2026-02-16 00:00:00,2026-02-21 00:00:00,2026-03-17 17:43:22,CLOSED,MEDIUM,Service Not Delivered,Chatbot,5.0,True,False,True,7938.21,,SUCCESS,True
CBK0000648,TXN00005486,USR11810,MCH1581,user says upi pin was not entered by them.,1288.0,2026-02-02 00:00:00,2026-02-04 00:00:00,,CLOSED,LOW,Suspected Fraud,Branch,2.0,True,False,True,24684.34,Restaurant,FAILED,False
CBK0002136,TXN00005344,USR86525,MCH5753,Customer complaint text unclear due to poor call center notes.,1422.0,2026-03-24 00:00:00,2026-04-03 00:00:00,2026-04-04 09:48:11,CLOSED,HIGH,Account Takeover,Chatbot,10.0,True,False,True,4044.58,Department Store,SUCCESS,False
CBK0001658,TXN00004488,USR55710,MCH6850,Complaint received after multiple failed attempts.,2468.0,2026-01-05 13:51:43,2026-01-09 00:00:00,,REJECTED,CRITICAL,Wrong Amount,App,3.0,True,False,False,8877.25,Apparel,FAILED,False
CBK0002436,TXN00008330,USR64405,MCH9291,Customer complaint text unclear due to poor call center notes.,1847.49,2026-03-03 00:00:00,2026-03-10 00:00:00,2026-04-01 00:00:00,IN_PROGRESS,MEDIUM,Unauthorized Transaction,Branch,7.0,True,False,True,11619.92,Medical / Pharmacy,SUCCESS,False
CBK0002460,TXN00018148,USR68295,MCH2914,Payment made to unknown merchant as per customer statement.,2197.15,2026-01-05 15:46:00,2026-01-07 00:00:00,2026-01-14 05:46:54,OPEN,LOW,Duplicate Debit,Branch,1.0,True,True,True,8180.69,Apparel,SUCCESS,False
CBK0001162,TXN00012239,USR22644,MCH5296,Customer complaint text unclear due to poor call center notes.,6796.0,2026-01-27 15:49:00,2026-01-29 00:00:00,,CLOSED,MEDIUM,Duplicate Debit,Chatbot,1.0,True,True,False,8349.53,Grocery,SUCCESS,False
CBK0002084,TXN00083297,USR66974,MCH7833,Payment made to unknown merchant as per cust statement.,,2026-03-30 13:13:00,2026-04-05 00:00:00,,IN_PROGRESS,CRITICAL,Service Not Delivered,IVR,5.0,False,True,True,,,,True
CBK0000003,TXN00013293,USR91078,MCH6993,user says upi pin was not entered by them.,1290.78,2026-01-07 23:12:32,2026-01-09 14:12:00,2026-02-04 00:00:00,REJECTED,HIGH,Wrong Amount,IVR,1.0,True,True,False,13736.38,Transportation,FAILED,False
CBK0000669,TXN00018414,USR22639,MCH8836,user claims account was compromised before transaction.,3972.17,2026-03-28 14:45:10,2026-03-30 11:45:10,,IN_PROGRESS,HIGH,Account Takeover,IVR,1.0,True,True,False,24596.14,Medical / Pharmacy,SUCCESS,False
CBK0000439,TXN00016295,USR83930,MCH9092,suspicious high-value payment disputed by customer.,10226.59,2026-03-18 00:00:00,2026-03-21 00:00:00,2026-03-23 00:00:00,OPEN,MEDIUM,Wrong Amount,IVR,3.0,True,False,True,6472.88,Transportation,SUCCESS,False
CBK0002423,TXN00014966,USR26696,MCH9223,Payment made to unknown merchant as per cust statement.,10848.72,2026-02-13 20:33:40,2026-02-17 00:00:00,2026-03-03 00:00:00,REJECTED,HIGH,Service Not Delivered,IVR,3.0,True,False,True,19405.15,Grocery,PENDING,False
CBK0000282,TXN00016877,USR87914,MCH5070,Customer says transaction was not authorized.,3046.01,2026-03-10 18:14:00,2026-04-10 05:14:49,,RESOLVED,MEDIUM,Service Not Delivered,IVR,30.0,True,False,True,2293.0,,SUCCESS,False
CBK0002195,TXN00004411,USR48054,MCH9844,User reports money deducted but merchant denies receiving payment.,3905.0,2026-02-05 23:26:12,2026-02-09 00:00:00,,OPEN,LOW,Wrong Amount,Chatbot,3.0,True,False,True,1928.18,Grocery,SUCCESS,False
CBK0002767,TXN00014701,USR79411,MCH8154,Customer complaint text unclear due to poor call center notes.,4452.29,2026-02-15 00:00:00,2026-02-19 02:41:00,,OPEN,HIGH,Service Not Delivered,Chatbot,4.0,True,True,True,24862.68,Grocery,SUCCESS,False
CBK0000538,TXN00005988,USR84311,MCH2752,merchant service was not delivered after payment.,1345.11,2026-01-10 00:00:00,2026-01-26 15:58:00,,OPEN,HIGH,Account Takeover,Chatbot,16.0,True,False,True,23307.35,Book Store,SUCCESS,False
CBK0001829,TXN00005136,USR58407,MCH5584,User reports money deducted but merchant denies receiving payment.,1719.63,2026-03-19 00:00:00,2026-03-22 00:00:00,2026-03-24 00:00:00,REJECTED,MEDIUM,Wrong Amount,Branch,3.0,True,False,False,9430.88,Hotel / Lodging,SUCCESS,False
CBK0000807,TXN00017317,USR77247,MCH5805,User claims account was compromised before transaction. pls check asap,8056.19,,2026-01-13 05:52:57,,IN_PROGRESS,MEDIUM,Wrong Amount,Chatbot,,True,False,True,12470.63,Restaurant,SUCCESS,False
CBK0001204,,USR37435,MCH7058,Merchant service was not delivered after payment.,16163.8,,,2026-01-22 00:00:00,REJECTED,MEDIUM,Wrong Amount,IVR,,False,False,True,,,,False
CBK0002299,TXN00012406,USR13926,MCH9166,Customer says transaction was not authorized. urgent,2900.07,2026-01-11 00:00:00,2026-01-12 05:57:06,,IN_PROGRESS,LOW,Service Not Delivered,IVR,1.0,True,False,False,1802.05,Grocery,PENDING,False
CBK0002286,TXN00007923,USR98994,MCH2676,Payment made to unknown merchant as per customer statement.,2225.43,2026-01-30 00:00:00,2026-02-07 13:24:35,2026-02-16 00:00:00,PENDING_BANK,MEDIUM,Service Not Delivered,IVR,8.0,True,False,True,4469.48,,FAILED,False
CBK0000567,TXN00016408,USR33228,MCH8298,Customer says amount was debited twice.,5179.58,2026-02-16 00:00:00,2026-02-19 00:00:00,2026-02-23 00:13:00,CLOSED,LOW,Wrong Amount,Email,3.0,True,True,False,4989.0,Apparel,SUCCESS,False
CBK0001201,TXN00014054,USR85014,MCH7286,Complaint received after multiple failed attempts.,14721.41,2026-03-15 00:00:00,2026-03-15 00:00:00,2026-03-27 08:14:00,CLOSED,LOW,Service Not Delivered,Chatbot,0.0,True,False,False,14721.41,Restaurant,PENDING,True
CBK0001779,TXN00006263,USR61731,MCH3837,Merchant service was not delivered after payment.,843.91,2026-02-22 00:00:00,2026-04-08 00:00:00,2026-04-20 19:46:00,CLOSED,LOW,Customer Dispute,App,45.0,True,False,True,3923.75,Medical / Pharmacy,SUCCESS,False
CBK0000315,TXN00011615,USR67684,MCH9052,merchant service was not delivered after payment.,634.85,2026-01-30 19:19:00,2026-01-31 14:19:59,,RESOLVED,MEDIUM,Suspected Fraud,Chatbot,0.0,True,True,True,634.85,Apparel,SUCCESS,True
CBK0000683,TXN00017581,USR54113,MCH6129,User says UPI PIN was not entered by them.,12534.15,,2026-02-19 12:11:31,2026-03-21 00:00:00,REJECTED,LOW,Service Not Delivered,Chatbot,,True,False,False,12534.15,Transportation,SUCCESS,True
CBK0001014,TXN00005083,USR78215,MCH9892,Payment made to unknown merchant as per customer statement.,448.0,2026-01-29 08:31:00,2026-01-31 14:31:24,,REJECTED,MEDIUM,Service Not Delivered,Email,2.0,True,False,False,20938.44,Hotel / Lodging,SUCCESS,False
CBK0002450,TXN00005485,USR94055,MCH5437,Merchant service was not delivered after payment.,4839.05,2026-01-06 19:11:31,2026-01-07 00:00:00,2026-01-09 00:00:00,IN_PROGRESS,CRITICAL,Suspected Fraud,Branch,0.0,True,False,False,17326.08,Telecom,SUCCESS,False
CBK0001114,TXN00004265,USR40538,MCH7833,Payment made to unknown merchant as per cust statement.,330.36,2026-03-06 00:00:00,2026-03-07 00:42:00,2026-03-18 00:00:00,IN_PROGRESS,LOW,Service Not Delivered,Chatbot,1.0,True,False,True,16495.66,Medical / Pharmacy,FAILED,False
CBK0001947,TXN00018820,USR36913,MCH9291,User claims account was compromised before transaction.,7255.27,2026-02-20 00:00:00,2026-03-02 00:00:00,2026-03-27 00:00:00,RESOLVED,LOW,Wrong Amount,IVR,10.0,True,False,True,2662.55,Transportation,SUCCESS,False
CBK0002503,TXN00013623,USR34012,MCH2141,User says UPI PIN was not entered by them.,3159.54,2026-03-05 13:39:14,,2026-04-02 00:00:00,OPEN,LOW,Unauthorized Transaction,Email,,True,False,False,21129.23,Hotel / Lodging,SUCCESS,False
CBK0002362,TXN00007811,USR20310,MCH8076,Payment made to unknown merchant as per customer statement.,1224.0,2026-02-15 08:01:23,2026-02-18 00:00:00,2026-03-05 13:01:23,IN_PROGRESS,HIGH,Service Not Delivered,IVR,2.0,True,True,True,5585.02,Grocery,SUCCESS,False
CBK0002060,TXN00010691,USR71335,MCH8391,User reports money deducted but merchant denies receiving payment.,518.38,2026-01-09 00:00:00,2026-01-13 00:00:00,2026-01-20 00:00:00,REJECTED,MEDIUM,Wrong Amount,App,4.0,True,True,True,18138.05,Transportation,SUCCESS,False
CBK0001135,TXN00011148,USR73600,MCH2913,User says UPI PIN was not entered by them.,745.95,2026-02-07 00:00:00,2026-02-14 13:33:58,2026-03-16 13:33:00,OPEN,LOW,Customer Dispute,IVR,7.0,True,False,False,8675.53,Misc Retail,PENDING,False
CBK0001631,TXN00014809,USR76917,MCH2822,customer says amount was debited twice.,1458.95,2026-02-24 07:09:00,2026-02-25 00:00:00,2026-03-22 00:00:00,RESOLVED,HIGH,Service Not Delivered,App,0.0,True,False,False,16802.98,Misc Retail,FAILED,False
CBK0000363,TXN00014836,USR62092,MCH3992,user reports money deducted but merchant denies receiving payment.,10870.71,2026-03-22 00:00:00,2026-04-06 00:00:00,2026-04-28 12:09:00,RESOLVED,LOW,Customer Dispute,Chatbot,15.0,True,True,False,10870.71,Hotel / Lodging,SUCCESS,True
CBK0002324,TXN00016940,USR80407,MCH7916,Customer complaint text unclear due to poor call center notes.,60.71,2026-02-12 00:00:00,2026-02-14 00:00:00,2026-03-13 13:19:00,CLOSED,LOW,Service Not Delivered,App,2.0,True,False,False,12883.29,Hotel / Lodging,SUCCESS,False
CBK0000375,TXN00015798,USR47647,MCH8330,suspicious high-value payment disputed by customer.,5976.69,2026-01-10 00:00:00,2026-01-12 00:00:00,2026-01-26 03:31:00,IN_PROGRESS,LOW,Wrong Amount,Chatbot,2.0,True,False,True,22009.9,Apparel,FAILED,False
CBK0002593,TXN00017923,USR87216,MCH8000,Suspicious high-value payment disputed by customer.,1055.53,2026-02-22 07:31:00,2026-02-24 00:00:00,2026-03-03 10:31:06,CLOSED,MEDIUM,Duplicate Debit,Chatbot,1.0,True,True,False,14023.07,Grocery,SUCCESS,False
CBK0001120,TXN00004989,USR96958,MCH5208,customer says amount was debited twice.,5305.63,2026-01-23 00:00:00,2026-01-24 15:03:00,2026-02-06 00:00:00,PENDING_BANK,MEDIUM,Customer Dispute,Chatbot,1.0,True,False,True,18283.95,Grocery,SUCCESS,False
CBK0002032,TXN00017675,USR27832,MCH2457,User says UPI PIN was not entered by them.,14260.28,,2026-03-17 08:41:11,2026-03-23 00:00:00,IN_PROGRESS,MEDIUM,Account Takeover,Chatbot,,True,True,False,14260.28,Book Store,SUCCESS,True
CBK0001442,TXN00004821,USR82070,MCH9291,Merchant service was not delivered after payment.,165.89,2026-03-08 00:00:00,2026-03-18 00:00:00,,CLOSED,LOW,Duplicate Debit,Chatbot,10.0,True,False,True,7111.77,Grocery,SUCCESS,False
CBK0001529,TXN00008099,USR86223,MCH1511,Customer says amount was debited twice.,4576.69,2026-02-22 00:00:00,2026-02-24 00:00:00,2026-03-20 00:00:00,CLOSED,CRITICAL,Service Not Delivered,IVR,2.0,True,True,False,11024.47,Apparel,SUCCESS,False
CBK0002605,TXN00007342,USR51261,MCH9573,USER REPORTS MONEY DEDUCTED BUT MERCHANT DENIES RECEIVING PAYMENT.,9521.14,2026-01-06 00:00:00,2026-01-02 14:08:00,2026-01-29 00:00:00,IN_PROGRESS,MEDIUM,Service Not Delivered,Branch,,True,False,False,9912.97,Hotel / Lodging,SUCCESS,False
CBK0000877,TXN00009172,USR96970,MCH9291,Merchant service was not delivered after payment.,880.82,2026-02-13 08:27:00,2026-02-15 00:00:00,2026-02-18 00:00:00,IN_PROGRESS,MEDIUM,Wrong Amount,IVR,1.0,True,False,True,21386.65,Medical / Pharmacy,SUCCESS,False
CBK0001007,TXN00014381,USR51742,MCH7833,User reports money deducted but merchant denies receiving payment.,1523.0,2026-01-11 00:00:00,2026-02-10 00:00:00,,RESOLVED,HIGH,Suspected Fraud,Call Center,30.0,True,False,True,23392.0,Apparel,SUCCESS,False
CBK0001118,TXN00063034,USR93926,MCH9036,USER CLAIMS ACCOUNT WAS COMPROMISED BEFORE TRANSACTION.,3681.27,2026-01-24 09:06:58,2026-01-26 00:00:00,,PENDING_BANK,HIGH,Unauthorized Transaction,Chatbot,1.0,False,True,True,,,,False
CBK0002323,,USR71935,MCH3538,Suspicious high-value payment disputed by customer. call dropped,2538.09,2026-02-07 00:00:00,2026-03-09 06:02:09,2026-03-16 00:00:00,IN_PROGRESS,LOW,Unauthorized Transaction,Email,30.0,False,True,False,,,,False
CBK0001691,TXN00010383,USR15365,MCH4695,Customer says amount was debited twice.,4163.19,2026-02-12 00:00:00,2026-02-22 12:37:00,2026-02-28 00:00:00,REJECTED,LOW,Service Not Delivered,IVR,10.0,True,True,True,6362.9,Transportation,FAILED,False
CBK0002723,TXN00017184,USR90661,MCH2507,Customer says transaction was not authorized.,3231.22,2026-03-11 00:00:00,2026-03-13 12:43:00,2026-04-02 12:43:00,REJECTED,MEDIUM,Duplicate Debit,IVR,2.0,True,False,False,7638.55,Restaurant,SUCCESS,False
CBK0000587,TXN00007285,USR87500,MCH1569,User says UPI PIN was not entered by them.,4196.87,,2026-02-01 08:40:00,2026-02-21 00:00:00,RESOLVED,HIGH,Duplicate Debit,Chatbot,,True,False,True,5203.52,Grocery,SUCCESS,False
CBK0001026,TXN00009371,USR52820,MCH8391,Suspicious high-value payment disputed by customer.,19521.83,2026-01-02 00:00:00,2026-01-03 00:00:00,2026-01-25 00:00:00,IN_PROGRESS,CRITICAL,Suspected Fraud,IVR,1.0,True,True,True,19521.83,Medical / Pharmacy,FAILED,True
CBK0000797,TXN00010208,USR84323,MCH2140,User says UPI PIN was not entered by them.,687.82,2026-02-23 00:00:00,2026-02-25 00:00:00,2026-03-12 00:00:00,IN_PROGRESS,LOW,Service Not Delivered,IVR,2.0,True,False,False,4188.22,Misc Retail,SUCCESS,False
CBK0002035,,USR74657,MCH1497,CUSTOMER COMPLAINT TEXT UNCLEAR DUE TO POOR CALL CENTER NOTES.,,2026-01-25 00:00:00,2026-01-27 00:00:00,,IN_PROGRESS,LOW,Customer Dispute,Chatbot,2.0,False,True,True,,,,True
CBK0000676,TXN00010013,USR25470,MCH9984,Customer says transaction was not authorized.,314.65,2026-03-24 17:08:02,2026-03-24 00:00:00,2026-04-15 00:00:00,IN_PROGRESS,HIGH,Service Not Delivered,IVR,,True,True,True,23195.97,Hotel / Lodging,FAILED,False
CBK0001459,TXN00007662,USR87831,MCH6142,Merchant service was not delivered after payment.,4479.85,2026-02-17 00:00:00,2026-02-18 00:00:00,2026-03-01 00:00:00,OPEN,MEDIUM,Suspected Fraud,IVR,1.0,True,True,False,15540.4,Medical / Pharmacy,SUCCESS,False
CBK0000237,TXN00009246,USR24926,MCH2943,Suspicious high-value payment disputed by customer.,1644.04,,2026-04-12 00:00:00,2026-05-02 00:00:00,PENDING_BANK,LOW,Service Not Delivered,Chatbot,,True,True,True,22873.0,Book Store,FAILED,False
CBK0000595,TXN00004517,USR57955,MCH8710,Suspicious high-value payment disputed by customer.,676.55,2026-02-22 00:00:00,2026-02-23 00:00:00,2026-02-24 00:00:00,PENDING_BANK,LOW,Service Not Delivered,IVR,1.0,True,False,False,13039.21,Telecom,SUCCESS,False
CBK0002344,TXN00018840,USR45486,MCH8357,complaint received after multiple failed attempts.,1901.24,2026-02-20 00:00:00,2026-02-26 00:00:00,2026-03-04 00:00:00,CLOSED,HIGH,Duplicate Debit,Branch,6.0,True,False,False,6249.0,Hotel / Lodging,SUCCESS,False
CBK0001299,TXN00006246,USR98736,MCH5076,Complaint received after multiple failed attempts.,1584.81,,2026-02-09 00:00:00,,IN_PROGRESS,MEDIUM,Duplicate Debit,Branch,,True,False,False,15171.84,Department Store,SUCCESS,False
CBK0000774,TXN00000794,USR78569,MCH4590,Suspicious high-value payment disputed by customer.,124.85,2026-03-03 00:00:00,2026-03-05 00:00:00,2026-04-04 10:25:44,OPEN,MEDIUM,Service Not Delivered,IVR,2.0,True,False,False,15290.24,Restaurant,SUCCESS,False
CBK0002779,TXN00001284,USR62254,MCH5430,User claims account was compromised before transaction.,141.27,2026-01-04 00:00:00,2026-01-06 22:17:15,,CLOSED,MEDIUM,Account Takeover,App,2.0,True,True,True,254.17,Grocery,SUCCESS,False
CBK0001954,TXN00012046,USR82369,MCH6344,Customer complaint text unclear due to poor call center notes.,2431.27,2026-03-03 16:22:00,2026-03-06 06:22:00,2026-03-12 06:22:00,IN_PROGRESS,MEDIUM,Wrong Amount,IVR,2.0,True,False,False,2397.0,Grocery,SUCCESS,False
CBK0001697,TXN00015694,USR50776,MCH2822,merchant service was not delivered after payment.,2581.01,2026-02-07 23:39:00,2026-02-09 21:39:04,2026-02-14 00:00:00,OPEN,LOW,Service Not Delivered,IVR,1.0,True,False,False,2089.01,Hotel / Lodging,SUCCESS,False
CBK0002305,TXN00008366,USR55382,MCH4721,Suspicious high-value payment disputed by customer.,1671.34,,2026-03-04 00:00:00,,CLOSED,HIGH,Suspected Fraud,App,,True,False,False,19092.63,Restaurant,SUCCESS,False
CBK0000206,TXN00019710,USR39190,MCH6651,Payment made to unknown merchant as per customer statement.,739.61,,2026-01-25 16:01:33,2026-02-01 16:01:33,CLOSED,HIGH,Service Not Delivered,App,,True,False,True,13833.55,Misc Retail,SUCCESS,False
CBK0001744,TXN00009167,USR70912,MCH1602,Complaint received after multiple failed attempts. pls check asap,286.26,2026-02-23 00:00:00,2026-02-24 14:21:00,,CLOSED,MEDIUM,Service Not Delivered,Chatbot,1.0,True,True,False,21350.17,Transportation,SUCCESS,False
CBK0000128,TXN00012176,USR84571,MCH5742,user says upi pin was not entered by them.,4272.46,2026-03-26 00:00:00,2026-04-05 23:32:00,,RESOLVED,LOW,Service Not Delivered,Call Center,10.0,True,False,False,17031.63,Hotel / Lodging,SUCCESS,False
CBK0001316,TXN00007966,USR52956,MCH2383,customer says transaction was not authorized.,4920.19,2026-03-29 21:07:00,2026-03-30 00:00:00,,REJECTED,CRITICAL,Unauthorized Transaction,IVR,0.0,True,False,True,784.0,,SUCCESS,False
CBK0002296,TXN00004293,USR72591,MCH3992,Complaint received after multiple failed attempts.,830.77,2026-01-05 00:00:00,2026-01-08 00:00:00,2026-01-14 00:00:00,CLOSED,MEDIUM,Service Not Delivered,Branch,3.0,True,False,False,14150.61,Apparel,SUCCESS,False
CBK0002062,TXN00005459,USR97255,MCH5730,Complaint received after multiple failed attempts.,10125.57,2026-02-01 00:00:00,,,IN_PROGRESS,MEDIUM,Customer Dispute,IVR,,True,True,False,24411.65,,SUCCESS,False
CBK0001537,TXN00001929,USR74377,MCH4082,Merchant service was not delivered after payment.,1412.21,,2026-01-26 14:10:44,2026-02-19 00:00:00,IN_PROGRESS,LOW,Customer Dispute,App,,True,False,True,16061.71,Grocery,SUCCESS,False
CBK0000983,TXN00059214,USR51720,MCH6740,complaint received after multiple failed attempts.,2012.0,2026-03-02 00:00:00,2026-03-03 21:54:00,,PENDING_BANK,MEDIUM,Customer Dispute,App,1.0,False,False,False,,,,False
CBK0002273,TXN00013117,USR27533,MCH4185,User reports money deducted but merchant denies receiving payment.,355.32,2026-02-28 00:00:00,2026-03-06 00:00:00,2026-03-06 00:00:00,OPEN,CRITICAL,Unauthorized Transaction,App,6.0,True,True,True,8279.41,Hotel / Lodging,SUCCESS,False
CBK0000522,TXN00009019,USR81185,MCH2065,Suspicious high-value payment disputed by customer. call dropped,2738.39,2026-01-07 00:00:00,2026-01-11 02:56:13,2026-02-08 02:56:13,CLOSED,MEDIUM,Service Not Delivered,App,4.0,True,False,False,981.45,Restaurant,SUCCESS,False
CBK0002162,TXN00001120,USR94046,MCH9160,Merchant service was not delivered after payment.,8008.29,2026-01-27 00:00:00,2026-01-28 00:00:00,,REJECTED,LOW,Unauthorized Transaction,Call Center,1.0,True,True,True,3246.58,Hotel / Lodging,SUCCESS,False
CBK0002626,TXN00013045,USR87914,MCH6675,Merchant service was not delivered after payment.,1342.39,2026-01-24 23:00:10,,2026-02-21 00:00:00,REJECTED,LOW,Service Not Delivered,IVR,,True,False,True,10655.76,Grocery,SUCCESS,False
CBK0000257,TXN00015440,USR53356,MCH6943,Merchant service was not delivered after payment. pls check asap,582.81,2026-01-11 00:00:00,2026-01-13 00:00:00,2026-01-29 00:00:00,OPEN,MEDIUM,Wrong Amount,IVR,2.0,True,True,True,582.81,Apparel,FAILED,True
CBK0000598,TXN00012035,USR93286,MCH1314,User claims account was compromised before transaction.,1897.14,2026-02-13 00:00:00,2026-02-14 09:58:00,2026-03-15 09:58:00,OPEN,MEDIUM,Suspected Fraud,IVR,1.0,True,False,True,21922.43,Apparel,SUCCESS,False
CBK0002739,TXN00017191,USR70236,MCH4655,customer says amount was debited twice.,2345.0,,,,IN_PROGRESS,LOW,Account Takeover,Chatbot,,True,False,False,4717.94,Apparel,SUCCESS,False
CBK0002426,,USR83808,MCH8011,Customer says transaction was not authorized.,540.94,2026-03-30 00:00:00,2026-03-31 00:00:00,,PENDING_BANK,MEDIUM,Service Not Delivered,IVR,1.0,False,False,False,,,,False
CBK0001182,TXN00014058,USR96058,MCH5980,User reports money deducted but merchant denies receiving payment.,581.96,2026-01-09 00:00:00,2026-01-19 00:00:00,,OPEN,CRITICAL,Duplicate Debit,IVR,10.0,True,True,True,20565.18,Medical / Pharmacy,SUCCESS,False
CBK0002183,TXN00014087,USR46806,MCH4485,customer complaint text unclear due to poor call center notes.,4901.36,2026-03-04 13:46:36,2026-03-19 00:00:00,,REJECTED,LOW,Duplicate Debit,Call Center,14.0,True,False,True,18696.65,Restaurant,SUCCESS,False
CBK0000396,TXN00016780,USR34997,MCH1351,User claims account was compromised before transaction. details missing,1017.31,,2026-01-14 00:00:00,2026-02-12 12:04:00,OPEN,LOW,Account Takeover,Call Center,,True,False,False,7867.11,Hotel / Lodging,SUCCESS,False
CBK0002371,TXN00007628,USR28839,MCH5264,Customer complaint text unclear due to poor call center notes.,3211.77,2026-02-03 00:00:00,2026-02-09 00:00:00,2026-02-10 00:00:00,RESOLVED,LOW,Account Takeover,Chatbot,6.0,True,False,False,11016.46,Department Store,SUCCESS,False
CBK0000804,TXN00000677,USR35395,MCH8348,User claims account was compromised before transaction.,2773.41,2026-01-22 00:00:00,2026-01-22 00:00:00,2026-02-17 10:58:31,REJECTED,LOW,Suspected Fraud,App,0.0,True,True,False,2810.0,Hotel / Lodging,SUCCESS,False
CBK0001112,TXN00013744,USR34212,MCH5076,Customer says transaction was not authorized.,1223.91,,2026-04-02 00:00:00,,CLOSED,HIGH,Unauthorized Transaction,Call Center,,True,False,False,16348.58,Restaurant,SUCCESS,False
CBK0000053,TXN00017140,USR93610,MCH8296,User claims account was compromised before transaction.,589.03,2026-01-12 00:00:00,2026-01-12 11:37:03,,CLOSED,MEDIUM,Account Takeover,App,0.0,True,False,True,18027.75,Grocery,SUCCESS,False
CBK0002604,TXN00015102,USR10831,MCH8980,User says UPI PIN was not entered by them.,1038.0,2026-03-22 00:00:00,2026-03-23 20:33:00,,OPEN,MEDIUM,Suspected Fraud,IVR,1.0,True,False,True,1451.51,Transportation,SUCCESS,False
CBK0001984,TXN00006529,USR67661,MCH7003,customer says transaction was not authorized.,5747.29,2026-01-26 00:00:00,2026-02-01 00:00:00,2026-02-18 03:01:00,PENDING_BANK,LOW,Unauthorized Transaction,Chatbot,6.0,True,False,True,9140.52,Grocery,SUCCESS,False
CBK0001246,TXN00007847,USR79175,MCH4181,customer says amount was debited twice.,20805.74,2026-03-29 17:35:00,2026-04-14 00:00:00,2026-05-14 11:35:52,OPEN,HIGH,Wrong Amount,Chatbot,15.0,True,False,False,20805.74,Transportation,SUCCESS,True
CBK0001124,TXN00018122,USR11419,MCH9594,Complaint received after multiple failed attempts.,5694.69,,2026-05-03 00:00:00,2026-05-27 02:01:00,PENDING_BANK,MEDIUM,Duplicate Debit,App,,True,False,True,24316.0,,SUCCESS,False
CBK0001317,TXN00016188,USR28015,MCH2822,user claims account was compromised before transaction.,1305.41,2026-01-23 00:00:00,2026-01-30 11:51:00,2026-02-02 00:00:00,PENDING_BANK,HIGH,Service Not Delivered,Call Center,7.0,True,False,False,22739.37,Transportation,SUCCESS,False
CBK0002614,TXN00006336,USR70866,MCH8906,user reports money deducted but merchant denies receiving payment.,846.13,2026-02-14 00:00:00,2026-02-18 05:26:57,2026-02-22 00:00:00,OPEN,MEDIUM,Wrong Amount,Chatbot,4.0,True,True,False,18621.32,Restaurant,SUCCESS,False
CBK0002164,TXN00001135,USR53527,MCH5076,Payment made to unknown merchant as per customer statement.,2731.02,2026-02-07 00:00:00,2026-02-22 00:00:00,,CLOSED,HIGH,Account Takeover,Chatbot,15.0,True,False,False,17084.64,Apparel,SUCCESS,False
CBK0001777,TXN00006951,USR81327,MCH9661,Customer says transaction was not authorized.,3359.61,2026-02-02 07:12:00,2026-02-05 07:12:00,2026-03-06 07:12:00,REJECTED,MEDIUM,Account Takeover,IVR,3.0,True,True,True,18820.65,Grocery,SUCCESS,False
CBK0000616,TXN00006990,USR38951,MCH8779,User says UPI PIN was not entered by them.,1208.16,2026-03-10 00:00:00,2026-03-09 11:42:44,2026-03-28 11:42:00,REJECTED,MEDIUM,Wrong Amount,App,,True,False,True,786.39,Transportation,FAILED,False
CBK0000385,TXN00014076,USR11828,MCH8154,Complaint received after multiple failed attempts.,1915.56,2026-01-23 13:23:28,2026-01-26 22:23:00,2026-02-08 00:00:00,OPEN,LOW,Wrong Amount,IVR,3.0,True,True,True,15813.7,Grocery,SUCCESS,False
CBK0002097,TXN00065627,USR14083,MCH5177,Complaint received after multiple failed attempts.,3428.7,,2026-02-13 00:00:00,2026-03-14 08:43:00,REJECTED,HIGH,Customer Dispute,Chatbot,,False,False,False,,,,False
CBK0001900,TXN00012829,USR86138,MCH3815,User reports money deducted but merchant denies receiving payment.,4506.23,2026-03-20 18:15:11,2026-04-05 07:15:11,2026-05-05 07:15:11,RESOLVED,HIGH,Duplicate Debit,Chatbot,15.0,True,False,False,9393.68,Telecom,SUCCESS,False
CBK0001029,TXN00007595,USR85146,MCH5954,User claims account was compromised before txn.,1638.0,,2026-04-03 06:18:10,,OPEN,MEDIUM,Duplicate Debit,Chatbot,,True,False,True,2947.76,Medical / Pharmacy,SUCCESS,False
CBK0001052,TXN00015908,USR77900,MCH5264,Customer says amount was debited twice.,540.0,2026-01-21 00:00:00,2026-01-31 09:49:28,,PENDING_BANK,MEDIUM,Customer Dispute,Branch,10.0,True,True,False,3613.29,Medical / Pharmacy,SUCCESS,False
CBK0000908,TXN00002368,USR71714,MCH9717,Customer complaint text unclear due to poor call center notes.,4581.54,2026-02-22 00:00:00,2026-02-23 00:00:00,2026-03-07 19:24:52,IN_PROGRESS,LOW,Service Not Delivered,Chatbot,1.0,True,False,False,13970.47,Department Store,SUCCESS,False
CBK0000272,TXN00011208,USR31719,MCH5754,User claims account was compromised before transaction.,729.47,2026-01-28 00:00:00,,2026-02-07 00:00:00,RESOLVED,HIGH,Account Takeover,IVR,,True,False,False,5715.99,Restaurant,SUCCESS,False
CBK0001049,TXN00019810,USR21832,MCH3020,Payment made to unknown merchant as per customer statement.,2801.1,,,2026-04-17 00:00:00,RESOLVED,HIGH,Service Not Delivered,Email,,True,False,False,12292.04,Grocery,SUCCESS,False
CBK0000221,TXN00004354,USR82244,MCH2757,COMPLAINT RECEIVED AFTER MULTIPLE FAILED ATTEMPTS.,1370.0,2026-03-03 18:42:43,2026-03-06 00:00:00,2026-03-22 00:00:00,IN_PROGRESS,MEDIUM,Duplicate Debit,IVR,2.0,True,False,True,23949.07,Medical / Pharmacy,SUCCESS,False
CBK0001615,TXN00001397,USR23350,MCH9727,User claims account was compromised before transaction.,2972.0,2026-02-06 00:00:00,2026-02-09 00:00:00,2026-02-20 00:00:00,IN_PROGRESS,HIGH,Customer Dispute,Email,3.0,True,False,False,10777.88,Misc Retail,SUCCESS,False
CBK0002732,TXN00007712,USR86991,MCH7765,Customer says transaction was not authorized.,1151.15,2026-02-01 00:00:00,2026-02-04 17:09:00,2026-02-12 17:09:22,IN_PROGRESS,MEDIUM,Service Not Delivered,App,3.0,True,False,True,9175.13,Hotel / Lodging,SUCCESS,False
CBK0000571,TXN00018357,USR74628,MCH4473,Payment made to unknown merchant as per customer statement.,13142.13,2026-02-08 02:15:15,2026-02-10 05:15:00,2026-03-04 00:00:00,IN_PROGRESS,MEDIUM,Service Not Delivered,IVR,2.0,True,False,False,3624.26,,FAILED,False
CBK0001992,TXN00012094,USR97149,MCH2503,User reports money deducted but merchant denies receiving payment.,878.0,2026-02-11 20:34:00,2026-02-12 00:00:00,,REJECTED,LOW,Account Takeover,IVR,0.0,True,False,True,21228.28,Transportation,SUCCESS,False
CBK0002152,TXN00005346,USR43944,MCH6429,User reports money deducted but merchant denies receiving payment.,3376.98,2026-03-05 00:00:00,2026-03-07 00:00:00,2026-03-28 00:00:00,OPEN,LOW,Service Not Delivered,Email,2.0,True,False,True,13443.13,Grocery,SUCCESS,False
CBK0002386,TXN00014331,USR72448,MCH7602,Suspicious high-value payment disputed by customer.,678.63,2026-01-20 00:00:00,2026-02-04 00:00:00,2026-02-06 00:00:00,OPEN,HIGH,Account Takeover,Call Center,15.0,True,True,False,3460.71,Hotel / Lodging,FAILED,False
CBK0000126,TXN00009782,USR75241,MCH8503,Customer says transaction was not authorized.,718.61,2026-03-22 00:00:00,2026-04-06 19:49:00,2026-04-20 00:00:00,RESOLVED,MEDIUM,Wrong Amount,IVR,15.0,True,False,False,9825.71,Grocery,PENDING,False
CBK0000552,TXN00001358,USR59496,MCH5588,Suspicious high-value payment disputed by customer.,6742.91,2026-01-21 00:00:00,2026-01-23 00:00:00,2026-02-02 00:00:00,IN_PROGRESS,CRITICAL,Service Not Delivered,Branch,2.0,True,False,True,10548.81,Hotel / Lodging,SUCCESS,False
CBK0002681,TXN00008227,USR87558,MCH3815,Complaint received after multiple failed attempts.,2758.76,2026-01-07 00:00:00,2026-01-10 12:14:00,2026-01-10 00:00:00,REJECTED,HIGH,Customer Dispute,Email,3.0,True,False,False,8994.98,Transportation,SUCCESS,False
CBK0001091,TXN00003670,USR12026,MCH4593,Customer says transaction was not authorized.,2583.29,2026-01-07 00:00:00,2026-02-06 00:00:00,2026-03-02 00:00:00,REJECTED,LOW,Duplicate Debit,Email,30.0,True,True,True,11231.48,Restaurant,SUCCESS,False
CBK0000174,TXN00013432,USR44848,MCH4003,User says UPI PIN was not entered by them.,616.19,2026-01-28 00:00:00,2026-01-28 00:00:00,,REJECTED,LOW,Customer Dispute,Branch,0.0,True,False,False,23377.56,Grocery,FAILED,False
CBK0000949,,USR50783,MCH9233,Suspicious high-value payment disputed by customer.,7400.39,2026-01-14 00:00:00,2026-01-25 01:55:00,,IN_PROGRESS,MEDIUM,Service Not Delivered,IVR,11.0,False,False,False,,,,False
CBK0000519,TXN00010998,USR69938,MCH7992,Merchant service was not delivered after payment.,1567.73,2026-01-29 23:14:08,,2026-02-04 00:00:00,IN_PROGRESS,LOW,Unauthorized Transaction,Chatbot,,True,False,True,17469.44,Transportation,SUCCESS,False
CBK0000645,TXN00016469,USR59482,MCH1792,Customer says transaction was not authorized.,12115.08,2026-03-13 13:03:25,,,PENDING_BANK,CRITICAL,Wrong Amount,Chatbot,,True,True,True,18238.81,Transportation,SUCCESS,False
CBK0000063,TXN00017905,USR73461,MCH3216,Customer says transaction was not authorized.,2185.09,2026-01-30 00:00:00,2026-01-30 00:00:00,2026-02-02 00:00:00,RESOLVED,LOW,Customer Dispute,Chatbot,0.0,True,False,True,11871.46,Grocery,SUCCESS,False
CBK0001394,TXN00009340,USR39542,MCH1320,User reports money deducted but merchant denies receiving payment.,1180.9,2026-02-18 13:01:11,2026-02-23 00:00:00,,OPEN,CRITICAL,Duplicate Debit,Chatbot,4.0,True,False,True,11529.63,Medical / Pharmacy,SUCCESS,False
CBK0001496,TXN00012480,USR39700,MCH9284,Payment made to unknown merchant as per customer statement.,2178.0,2026-02-09 02:52:00,2026-02-19 00:00:00,2026-02-20 00:00:00,CLOSED,HIGH,Suspected Fraud,Call Center,9.0,True,True,False,2216.93,Book Store,SUCCESS,False
CBK0002246,TXN00009997,USR96095,MCH6849,Merchant service was not delivered after payment.,22438.75,2026-03-28 00:00:00,2026-04-03 00:00:00,2026-04-14 12:51:03,REJECTED,MEDIUM,Service Not Delivered,Chatbot,6.0,True,False,False,22438.75,Grocery,SUCCESS,True
CBK0001245,TXN00014601,USR50737,MCH1920,Payment made to unknown merchant as per customer statement.,689.0,2026-03-17 00:00:00,2026-03-27 20:30:00,2026-04-20 00:00:00,PENDING_BANK,LOW,Customer Dispute,IVR,10.0,True,True,False,3906.6,Medical / Pharmacy,SUCCESS,False
CBK0000329,TXN00014927,USR30489,MCH4948,Suspicious high-value payment disputed by customer.,23395.64,2026-01-29 17:56:00,2026-03-16 00:00:00,2026-04-08 00:00:00,OPEN,MEDIUM,Suspected Fraud,App,45.0,True,False,True,23395.64,Transportation,SUCCESS,True
CBK0001974,TXN00002369,USR83393,MCH3463,Customer says transaction was not authorized.,1718.0,2026-03-30 17:27:58,2026-04-01 15:27:58,2026-04-20 00:00:00,IN_PROGRESS,LOW,Customer Dispute,Branch,1.0,True,True,False,8585.75,Transportation,FAILED,False
CBK0002363,TXN00002125,USR78593,MCH2757,Payment made to unknown merchant as per customer statement.,2711.0,2026-03-04 00:00:00,2026-03-07 00:00:00,2026-03-22 00:00:00,CLOSED,LOW,Account Takeover,Branch,3.0,True,False,True,24602.92,Hotel / Lodging,SUCCESS,False
CBK0001357,TXN00015990,USR49195,MCH1203,Payment made to unknown merchant as per customer statement.,1640.31,2026-01-08 00:00:00,2026-01-23 03:20:00,2026-02-01 00:00:00,OPEN,CRITICAL,Account Takeover,App,15.0,True,False,False,13304.23,Grocery,SUCCESS,False
CBK0002677,TXN00009096,USR31537,MCH8779,Suspicious high-value payment disputed by cust.,6781.52,2026-02-27 00:00:00,2026-02-28 00:00:00,2026-03-10 08:17:01,PENDING_BANK,MEDIUM,Wrong Amount,Branch,1.0,True,False,True,21803.93,,SUCCESS,False
CBK0000586,TXN00007590,USR26821,MCH8953,Complaint received after multiple failed attempts. call dropped,1023.96,2026-03-11 00:00:00,,2026-04-02 02:24:43,REJECTED,LOW,Customer Dispute,Call Center,,True,True,True,1864.0,Telecom,FAILED,False
CBK0000776,TXN00010920,USR19006,MCH4590,complaint received after multiple failed attempts.,5019.03,2026-03-12 23:55:00,2026-03-13 02:55:07,,PENDING_BANK,MEDIUM,Unauthorized Transaction,IVR,0.0,True,False,False,6879.96,Grocery,PENDING,False
CBK0000873,TXN00002853,USR33226,MCH2822,Complaint received after multiple failed attempts.,1650.21,2026-02-13 11:31:49,2026-02-20 00:00:00,2026-02-26 12:31:49,OPEN,MEDIUM,Service Not Delivered,Email,6.0,True,False,False,4797.91,Hotel / Lodging,SUCCESS,False
CBK0000358,TXN00015992,USR12248,MCH1013,User says UPI PIN was not entered by them. NA,6937.41,2026-02-28 00:00:00,2026-03-10 00:00:00,2026-03-10 00:00:00,REJECTED,HIGH,Account Takeover,Branch,10.0,True,False,False,9843.08,Misc Retail,FAILED,False
CBK0002265,TXN00008431,USR11987,MCH5922,Customer says transaction was not authorized.,1831.96,,2026-02-07 23:51:35,2026-03-09 23:51:00,REJECTED,MEDIUM,Wrong Amount,Chatbot,,True,True,False,4985.07,Book Store,SUCCESS,False
CBK0001115,TXN00018481,USR96362,MCH8953,MERCHANT SERVICE WAS NOT DELIVERED AFTER PAYMENT.,776.76,2026-01-31 00:00:00,2026-02-03 00:00:00,2026-02-05 00:00:00,REJECTED,MEDIUM,Service Not Delivered,IVR,3.0,True,False,True,9927.32,Transportation,SUCCESS,False
CBK0000323,TXN00019162,USR85655,MCH7346,USER SAYS UPI PIN WAS NOT ENTERED BY THEM.,2538.07,2026-03-03 02:18:00,2026-03-03 10:18:01,,PENDING_BANK,LOW,Duplicate Debit,Branch,0.0,True,False,False,11389.64,Apparel,SUCCESS,False
CBK0000234,TXN00001948,USR69297,MCH8977,Suspicious high-value payment disputed by customer.,8296.18,2026-03-29 04:03:44,2026-03-30 00:00:00,2026-04-25 00:00:00,RESOLVED,LOW,Wrong Amount,IVR,0.0,True,True,False,3694.84,Transportation,SUCCESS,False
CBK0001576,TXN00012979,USR85329,MCH1945,Complaint received after multiple failed attempts.,21185.86,2026-01-07 00:00:00,2026-01-07 10:12:22,2026-01-08 00:00:00,CLOSED,LOW,Suspected Fraud,Chatbot,0.0,True,False,False,4218.51,Hotel / Lodging,SUCCESS,False
CBK0002169,TXN00011212,USR87637,MCH5655,User says UPI PIN was not entered by them.,17762.59,2026-01-25 00:00:00,2026-01-28 23:45:00,,REJECTED,MEDIUM,Wrong Amount,Branch,3.0,True,False,False,17762.59,Restaurant,SUCCESS,True
CBK0000803,,USR28353,MCH9017,Complaint received after multiple failed attempts. pls check asap,6400.05,2026-01-28 20:41:02,2026-02-13 00:00:00,2026-02-23 00:00:00,RESOLVED,HIGH,Service Not Delivered,IVR,15.0,False,False,False,,,,False
CBK0001770,TXN00001025,USR97417,MCH7480,Complaint received after multiple failed attempts.,5150.06,2026-02-24 23:35:00,2026-03-07 00:00:00,,CLOSED,MEDIUM,Service Not Delivered,IVR,10.0,True,False,False,23607.22,Restaurant,SUCCESS,False
CBK0000956,TXN00001028,USR76271,MCH9801,User claims account was compromised before transaction.,21115.29,2026-03-30 00:00:00,2026-04-15 11:18:00,2026-04-26 00:00:00,OPEN,MEDIUM,Service Not Delivered,Branch,16.0,True,True,True,21115.29,,SUCCESS,True
CBK0001559,TXN00003513,USR15980,MCH9291,User says UPI PIN was not entered by them.,754.13,2026-03-13 00:00:00,2026-03-13 00:00:00,2026-04-05 00:00:00,RESOLVED,MEDIUM,Service Not Delivered,Chatbot,0.0,True,False,True,24383.82,Grocery,SUCCESS,False
CBK0002745,TXN00003727,USR54113,MCH7888,Payment made to unknown merchant as per customer statement.,1284.94,2026-03-12 20:17:03,2026-03-18 00:00:00,2026-03-29 11:17:03,REJECTED,MEDIUM,Wrong Amount,IVR,5.0,True,False,False,1554.59,Restaurant,SUCCESS,False
CBK0002455,TXN00001275,USR69706,MCH5076,CUSTOMER SAYS AMOUNT WAS DEBITED TWICE.,2210.2,2026-01-20 00:00:00,2026-01-23 00:00:00,2026-02-17 00:00:00,RESOLVED,LOW,Duplicate Debit,IVR,3.0,True,True,False,12017.87,Book Store,SUCCESS,False
CBK0000925,TXN00001097,USR67142,MCH4883,Merchant service was not delivered after payment.,4816.91,2026-02-14 15:47:00,2026-02-18 01:47:00,,RESOLVED,MEDIUM,Service Not Delivered,IVR,3.0,True,False,False,5519.95,Medical / Pharmacy,SUCCESS,False
CBK0002531,TXN00018059,USR46902,MCH1737,Payment made to unknown merchant as per customer statement.,10343.79,2026-03-06 00:00:00,2026-03-12 00:00:00,,REJECTED,MEDIUM,Unauthorized Transaction,Chatbot,6.0,True,True,False,10343.79,,FAILED,True
CBK0001365,TXN00011080,USR44053,MCH1613,User reports money deducted but merchant denies receiving payment. details missing,1709.82,2026-02-10 00:00:00,2026-02-17 00:00:00,2026-02-20 16:56:29,REJECTED,MEDIUM,Service Not Delivered,App,7.0,True,False,False,20480.92,Grocery,SUCCESS,False
CBK0000254,TXN00005010,USR40538,MCH5940,User claims account was compromised before transaction.,1290.35,,2026-03-08 00:00:00,2026-03-28 00:00:00,OPEN,MEDIUM,Account Takeover,App,,True,False,False,10764.0,Medical / Pharmacy,SUCCESS,False
CBK0000919,TXN00004956,USR26890,MCH9891,merchant service was not delivered after payment.,1752.77,2026-03-15 09:36:34,2026-03-18 00:00:00,2026-03-22 19:36:34,REJECTED,MEDIUM,Suspected Fraud,IVR,2.0,True,True,False,18726.59,Telecom,SUCCESS,False
CBK0002474,TXN00014618,USR24726,MCH2638,Suspicious high-value payment disputed by customer.,1047.67,2026-02-18 00:00:00,2026-02-20 05:43:41,2026-03-07 00:00:00,REJECTED,MEDIUM,Unauthorized Transaction,Branch,2.0,True,True,False,9534.88,Hotel / Lodging,SUCCESS,False
CBK0002776,TXN00013127,USR40874,MCH5212,Customer says transaction was not authorized.,1935.98,2026-03-19 00:00:00,2026-03-21 14:17:37,,OPEN,HIGH,Account Takeover,Chatbot,2.0,True,True,False,4296.11,Grocery,SUCCESS,False
CBK0001195,TXN00001271,USR48486,MCH5327,Merchant service was not delivered after payment.,1190.0,2026-01-21 00:00:00,2026-01-23 00:00:00,2026-02-19 00:00:00,PENDING_BANK,HIGH,Service Not Delivered,Call Center,2.0,True,False,False,17377.6,Restaurant,SUCCESS,False
CBK0002506,TXN00002955,USR68934,MCH7020,Suspicious high-value payment disputed by customer.,4857.63,2026-03-28 00:00:00,2026-04-28 00:00:00,,RESOLVED,LOW,Unauthorized Transaction,IVR,31.0,True,False,True,23025.65,Apparel,SUCCESS,False
CBK0000832,TXN00014106,USR26145,MCH1012,Complaint received after multiple failed attempts.,1547.17,2026-01-21 23:25:00,2026-01-31 23:25:00,2026-02-27 00:00:00,OPEN,LOW,Unauthorized Transaction,Call Center,10.0,True,False,False,7425.0,Medical / Pharmacy,FAILED,False
CBK0000564,TXN00005945,USR21384,MCH1809,User reports money deducted but merchant denies receiving payment.,848.15,2026-02-03 00:00:00,2026-02-04 00:00:00,2026-02-04 00:00:00,IN_PROGRESS,HIGH,Service Not Delivered,Email,1.0,True,False,True,24140.59,Misc Retail,SUCCESS,False
CBK0000744,TXN00001703,USR53423,MCH6565,User says UPI PIN was not entered by them.,2240.0,2026-01-05 14:34:29,,2026-01-19 00:00:00,RESOLVED,MEDIUM,Duplicate Debit,Email,,True,True,True,7802.29,Transportation,FAILED,False
CBK0001649,TXN00018989,USR90653,MCH2436,Merchant service was not delivered after payment.,2703.0,2026-03-30 02:11:00,2026-04-02 00:00:00,,PENDING_BANK,HIGH,Duplicate Debit,Chatbot,2.0,True,False,True,10754.19,Medical / Pharmacy,FAILED,False
CBK0000455,TXN00012649,USR42432,MCH9748,Merchant service was not delivered after payment.,2202.7,,2026-02-25 00:00:00,2026-03-11 21:41:19,IN_PROGRESS,HIGH,Account Takeover,Chatbot,,True,False,False,17337.94,Restaurant,SUCCESS,False
CBK0000302,TXN00016585,USR38429,MCH2943,complaint received after multiple failed attempts.,9364.68,2026-03-17 00:00:00,,2026-03-18 00:00:00,PENDING_BANK,MEDIUM,Duplicate Debit,Call Center,,True,False,True,9364.68,Department Store,FAILED,True
CBK0002738,TXN00000947,USR89588,MCH2960,Customer says amount was debited twice.,2075.0,2026-02-13 08:30:44,2026-02-13 11:30:44,2026-02-18 11:30:44,RESOLVED,MEDIUM,Service Not Delivered,Email,0.0,True,False,True,3430.77,Medical / Pharmacy,PENDING,False
CBK0000153,TXN00000546,USR92746,MCH7824,Suspicious high-value payment disputed by customer.,8960.49,2026-03-01 00:00:00,2026-03-03 19:44:09,2026-03-03 19:44:00,CLOSED,MEDIUM,Service Not Delivered,IVR,2.0,True,True,False,8960.49,Telecom,SUCCESS,True
CBK0000304,TXN00013266,USR84318,MCH5916,Complaint received after multiple failed attempts.,6391.92,2026-02-22 00:00:00,2026-02-28 00:00:00,2026-03-08 00:00:00,PENDING_BANK,HIGH,Service Not Delivered,Email,6.0,True,False,False,23967.86,Restaurant,SUCCESS,False
CBK0000114,TXN00002182,USR85475,MCH8779,user says upi pin was not entered by them.,5323.98,2026-02-08 13:27:52,2026-02-09 13:27:52,2026-02-28 00:00:00,RESOLVED,LOW,Wrong Amount,Email,1.0,True,False,True,5323.98,Restaurant,SUCCESS,True
CBK0001506,TXN00002381,USR81570,MCH3815,Customer says transaction was not authorized.,3182.0,2026-02-04 00:00:00,2026-02-07 00:00:00,,IN_PROGRESS,MEDIUM,Account Takeover,Chatbot,3.0,True,False,False,20562.34,Grocery,SUCCESS,False
CBK0000588,TXN00003990,USR48652,MCH5552,Customer complaint text unclear due to poor call center notes.,702.0,2026-02-13 00:00:00,2026-02-19 00:00:00,2026-02-26 00:00:00,REJECTED,LOW,Service Not Delivered,App,6.0,True,False,False,21768.5,Medical / Pharmacy,SUCCESS,False
CBK0000857,TXN00018599,USR52095,MCH3652,User claims account was compromised before transaction.,576.0,2026-03-19 00:00:00,2026-03-25 04:34:33,,CLOSED,MEDIUM,Customer Dispute,Email,6.0,True,False,True,17481.48,Grocery,PENDING,False
CBK0002327,TXN00011877,USR69584,MCH5183,Customer says transaction was not authorized.,728.14,2026-03-06 00:00:00,2026-03-06 21:56:02,2026-03-22 00:00:00,OPEN,MEDIUM,Unauthorized Transaction,IVR,0.0,True,False,True,20080.07,Misc Retail,SUCCESS,False
CBK0000858,TXN00015040,USR95176,MCH1146,Customer says amount was debited twice.,1568.41,2026-03-29 00:00:00,,,PENDING_BANK,LOW,Wrong Amount,Email,,True,False,False,10377.05,Department Store,SUCCESS,False
CBK0000429,TXN00019661,USR97772,MCH3992,User reports money deducted but merchant denies receiving payment.,24323.41,2026-02-19 22:56:00,2026-02-21 09:56:09,2026-03-06 00:00:00,REJECTED,HIGH,Wrong Amount,App,1.0,True,True,False,24323.41,Hotel / Lodging,PENDING,True
CBK0000817,TXN00002301,USR71836,MCH3815,Payment made to unknown merchant as per customer statement.,769.17,2026-02-05 00:00:00,2026-02-21 00:00:00,2026-03-07 12:29:12,OPEN,LOW,Account Takeover,App,16.0,True,False,False,20066.62,Transportation,SUCCESS,False
CBK0000011,TXN00006805,USR14951,MCH5380,SUSPICIOUS HIGH-VALUE PAYMENT DISPUTED BY CUSTOMER.,1087.14,2026-02-20 00:00:00,2026-02-22 00:00:00,2026-03-01 00:00:00,CLOSED,MEDIUM,Wrong Amount,IVR,2.0,True,False,False,10836.94,,FAILED,False
CBK0000250,TXN00002574,USR73010,MCH1320,suspicious high-value payment disputed by customer.,660.0,2026-02-25 03:11:33,2026-03-02 00:00:00,2026-03-07 09:11:33,OPEN,LOW,Service Not Delivered,IVR,4.0,True,False,True,11916.16,Medical / Pharmacy,SUCCESS,False
CBK0001404,TXN00003881,USR61151,MCH8634,Customer says transaction was not authorized.,12565.66,,2026-03-23 06:15:00,2026-03-30 00:00:00,IN_PROGRESS,MEDIUM,Service Not Delivered,Call Center,,True,False,True,12565.66,Grocery,SUCCESS,True
CBK0000574,TXN00011825,USR78873,MCH9713,Complaint received after multiple failed attempts.,3123.85,2026-01-26 18:02:00,2026-03-12 00:00:00,2026-03-17 00:00:00,IN_PROGRESS,LOW,Duplicate Debit,Email,44.0,True,True,True,20449.69,Book Store,SUCCESS,False
CBK0002429,TXN00015653,USR50125,MCH2266,Suspicious high-value payment disputed by customer.,3491.1,2026-03-31 00:00:00,2026-04-01 00:00:00,2026-04-25 00:00:00,CLOSED,MEDIUM,Duplicate Debit,Chatbot,1.0,True,False,True,19357.02,Restaurant,SUCCESS,False
CBK0001916,TXN00005518,USR18198,MCH5954,Merchant service was not delivered after payment.,4245.22,,2026-03-25 00:00:00,2026-04-04 16:01:06,REJECTED,LOW,Suspected Fraud,Branch,,True,False,True,19196.0,Grocery,SUCCESS,False
CBK0001132,TXN00019555,USR87956,MCH5062,User claims account was compromised before transaction.,15606.92,2026-01-24 13:53:56,2026-01-26 00:00:00,2026-02-02 00:00:00,IN_PROGRESS,LOW,Wrong Amount,IVR,1.0,True,True,False,23290.13,Medical / Pharmacy,PENDING,False
CBK0000528,TXN00003808,USR46923,MCH2685,PAYMENT MADE TO UNKNOWN MERCHANT AS PER CUSTOMER STATEMENT.,476.92,2026-02-19 14:29:00,2026-02-22 00:00:00,,CLOSED,CRITICAL,Duplicate Debit,IVR,2.0,True,False,False,8694.49,Transportation,SUCCESS,False
CBK0002091,TXN00006681,USR26140,MCH5655,Merchant service was not delivered after payment. NA,946.45,2026-01-27 00:00:00,2026-01-28 00:00:00,2026-02-24 00:00:00,REJECTED,MEDIUM,Account Takeover,IVR,1.0,True,False,False,16389.35,Apparel,SUCCESS,False
CBK0001235,TXN00010356,USR82947,MCH6407,Customer says transaction was not authorized.,2359.0,2026-02-23 00:00:00,2026-02-26 00:00:00,2026-03-12 04:52:03,REJECTED,HIGH,Wrong Amount,App,3.0,True,False,False,1817.99,Book Store,PENDING,False
CBK0001096,TXN00019163,USR72047,MCH3308,Complaint received after multiple failed attempts.,1202.2,2026-02-17 00:00:00,2026-03-04 00:00:00,,RESOLVED,HIGH,Wrong Amount,IVR,15.0,True,False,True,13848.36,Apparel,PENDING,False
CBK0001038,TXN00005386,USR82091,MCH1514,PAYMENT MADE TO UNKNOWN MERCHANT AS PER CUSTOMER STATEMENT.,2597.6,2026-01-24 00:00:00,2026-02-04 04:50:27,2026-02-11 00:00:00,IN_PROGRESS,MEDIUM,Customer Dispute,App,11.0,True,True,True,12782.23,Medical / Pharmacy,SUCCESS,False
CBK0000653,TXN00007307,USR58692,MCH2298,User says UPI PIN was not entered by them. call dropped,2349.32,2026-01-15 00:00:00,2026-01-30 00:00:00,2026-02-26 15:09:16,CLOSED,MEDIUM,Service Not Delivered,Call Center,15.0,True,False,False,20826.52,Medical / Pharmacy,FAILED,False
CBK0000456,TXN00009180,USR83586,MCH8928,USER REPORTS MONEY DEDUCTED BUT MERCHANT DENIES RECEIVING PAYMENT.,154.21,2026-01-19 01:14:49,,2026-02-05 00:00:00,IN_PROGRESS,HIGH,Suspected Fraud,Call Center,,True,False,True,154.21,Department Store,SUCCESS,True
CBK0000818,TXN00015972,USR83126,MCH2616,Payment made to unknown merchant as per customer statement.,8836.22,2026-01-19 00:00:00,2026-01-21 23:22:51,2026-02-19 00:00:00,REJECTED,CRITICAL,Service Not Delivered,Chatbot,2.0,True,True,False,140.26,Department Store,PENDING,False
CBK0002103,TXN00005039,USR38720,MCH9523,User reports money deducted but merchant denies receiving payment.,1582.19,2026-01-24 00:00:00,2026-01-24 18:26:47,2026-02-19 00:00:00,RESOLVED,HIGH,Service Not Delivered,IVR,0.0,True,False,True,18194.0,,SUCCESS,False
CBK0001868,TXN00015884,USR34835,MCH3992,Payment made to unknown merchant as per customer statement.,247.02,2026-03-04 00:00:00,2026-03-06 00:00:00,2026-04-02 00:00:00,IN_PROGRESS,HIGH,Customer Dispute,Branch,2.0,True,False,False,4520.27,Transportation,SUCCESS,False
CBK0001455,TXN00007357,USR62254,MCH5655,Customer says amount was debited twice.,161.0,2026-01-10 04:54:03,2026-02-09 00:00:00,,IN_PROGRESS,MEDIUM,Wrong Amount,Branch,29.0,True,True,False,24623.38,Misc Retail,SUCCESS,False
CBK0002565,TXN00003516,USR18591,MCH5076,User claims account was compromised before txn.,585.31,,2026-01-18 00:00:00,2026-02-12 12:15:00,PENDING_BANK,HIGH,Wrong Amount,App,,True,False,False,23450.0,,SUCCESS,False
CBK0002508,TXN00015520,USR78921,MCH1369,Customer says txn was not authorized.,578.15,2026-01-24 00:42:06,2026-02-23 00:00:00,,PENDING_BANK,CRITICAL,Duplicate Debit,Branch,29.0,True,False,False,15231.92,Apparel,SUCCESS,False
CBK0002546,TXN00041980,USR82793,MCH1094,Suspicious high-value payment disputed by customer. call dropped,565.73,2026-03-17 00:00:00,2026-03-19 15:57:00,2026-03-19 00:00:00,OPEN,HIGH,Service Not Delivered,Email,2.0,False,True,False,,,,False
CBK0000212,TXN00010499,USR18345,MCH6823,complaint received after multiple failed attempts.,4579.0,2026-03-13 03:19:00,2026-03-16 20:19:36,2026-03-27 00:00:00,OPEN,LOW,Account Takeover,Branch,3.0,True,False,False,7458.0,Misc Retail,SUCCESS,False
CBK0002200,TXN00017653,USR80376,MCH5600,User reports money deducted but merchant denies receiving payment.,4402.84,2026-01-16 00:00:00,2026-01-23 00:00:00,2026-01-24 19:11:00,IN_PROGRESS,MEDIUM,Account Takeover,App,7.0,True,True,False,14201.58,Grocery,SUCCESS,False
CBK0001408,TXN00007170,USR49478,MCH8391,Merchant service was not delivered after payment.,468.0,2026-03-30 20:56:21,2026-03-31 00:00:00,2026-04-01 00:00:00,OPEN,MEDIUM,Customer Dispute,Chatbot,0.0,True,False,True,6051.7,Restaurant,SUCCESS,False
CBK0000377,TXN00038189,USR50661,MCH5076,Complaint received after multiple failed attempts.,754.07,2026-01-08 00:00:00,,,PENDING_BANK,MEDIUM,Suspected Fraud,IVR,,False,False,False,,,,False
CBK0001891,TXN00001071,USR11526,MCH9122,Complaint received after multiple failed attempts. NA,2117.2,2026-03-13 00:00:00,2026-03-17 00:00:00,2026-03-31 00:00:00,CLOSED,MEDIUM,Service Not Delivered,Branch,4.0,True,False,False,7414.74,,SUCCESS,False
CBK0001866,TXN00008011,USR63376,MCH6063,Suspicious high-value payment disputed by customer.,1770.2,2026-01-16 00:00:00,2026-01-19 00:00:00,2026-02-15 00:00:00,RESOLVED,MEDIUM,Unauthorized Transaction,Call Center,3.0,True,False,False,20986.81,Hotel / Lodging,SUCCESS,False
CBK0000970,TXN00082870,USR36118,MCH1738,Merchant service was not delivered after payment.,543.0,2026-01-29 00:00:00,2026-01-30 00:00:00,2026-01-30 19:36:00,CLOSED,LOW,Wrong Amount,Call Center,1.0,False,True,False,,,,False
CBK0002242,TXN00084424,USR30262,MCH6806,USER REPORTS MONEY DEDUCTED BUT MERCHANT DENIES RECEIVING PAYMENT.,1535.24,2026-03-18 00:38:07,2026-03-18 00:00:00,2026-03-18 00:00:00,IN_PROGRESS,LOW,Service Not Delivered,Call Center,,False,False,True,,,,False
CBK0001560,TXN00001620,USR85566,MCH6810,Suspicious high-value payment disputed by customer.,1347.82,,2026-03-23 00:00:00,,RESOLVED,LOW,Suspected Fraud,Chatbot,,True,False,False,18268.96,Transportation,SUCCESS,False
CBK0000409,TXN00006280,USR91269,MCH4181,USER CLAIMS ACCOUNT WAS COMPROMISED BEFORE TRANSACTION.,1032.66,2026-02-18 22:17:11,2026-02-22 14:17:00,2026-03-21 14:17:11,REJECTED,MEDIUM,Account Takeover,App,3.0,True,True,False,4881.62,Hotel / Lodging,SUCCESS,False
CBK0001847,TXN00012093,USR36399,MCH7286,Merchant service was not delivered after payment.,3867.32,2026-02-21 10:24:33,2026-02-28 00:00:00,2026-03-22 00:00:00,RESOLVED,CRITICAL,Account Takeover,IVR,6.0,True,False,False,3435.12,Misc Retail,FAILED,False
CBK0001673,TXN00017039,USR32436,MCH9055,user reports money deducted but merchant denies receiving payment.,1306.0,2026-01-03 00:00:00,2026-01-06 00:00:00,2026-01-21 15:04:59,RESOLVED,LOW,Service Not Delivered,Chatbot,3.0,True,False,False,24433.23,Hotel / Lodging,SUCCESS,False
CBK0000284,TXN00032709,USR91199,MCH7235,User claims account was compromised before transaction.,4152.0,2026-01-29 00:00:00,,2026-02-13 00:00:00,CLOSED,MEDIUM,Unauthorized Transaction,Email,,False,True,False,,,,False
CBK0001681,TXN00013474,USR44690,MCH1928,Payment made to unknown merchant as per customer statement.,3303.95,2026-03-08 17:42:18,2026-04-07 00:00:00,,OPEN,LOW,Service Not Delivered,IVR,29.0,True,True,False,8353.0,Apparel,SUCCESS,False
CBK0001146,TXN00006160,USR11770,MCH4871,Customer complaint text unclear due to poor call center notes.,384.6,2026-03-07 00:00:00,2026-03-14 00:00:00,2026-04-07 00:00:00,IN_PROGRESS,MEDIUM,Suspected Fraud,Branch,7.0,True,False,True,20903.61,Restaurant,SUCCESS,False
CBK0000431,TXN00011403,USR76792,MCH3707,user reports money deducted but merchant denies receiving payment.,88.39,2026-03-16 00:00:00,2026-03-17 00:00:00,2026-03-22 00:00:00,CLOSED,LOW,Account Takeover,Branch,1.0,True,False,False,22031.12,Transportation,PENDING,False
CBK0000038,TXN00016138,USR75856,MCH5345,Payment made to unknown merchant as per customer statement.,2973.45,2026-02-15 00:00:00,2026-03-18 00:00:00,2026-04-13 00:00:00,PENDING_BANK,LOW,Duplicate Debit,IVR,31.0,True,True,False,16025.88,Restaurant,FAILED,False
CBK0001051,TXN00007915,USR14299,MCH2383,PAYMENT MADE TO UNKNOWN MERCHANT AS PER CUSTOMER STATEMENT.,1789.71,2026-02-10 03:04:00,2026-03-13 00:00:00,2026-03-18 00:00:00,RESOLVED,CRITICAL,Service Not Delivered,Call Center,30.0,True,True,True,68.66,Restaurant,SUCCESS,False
CBK0000442,TXN00007729,USR34645,MCH5076,USER CLAIMS ACCOUNT WAS COMPROMISED BEFORE TRANSACTION.,819.04,2026-01-05 00:00:00,2026-01-09 00:00:00,2026-01-29 00:00:00,CLOSED,LOW,Customer Dispute,Email,4.0,True,True,False,23342.64,Grocery,SUCCESS,False
CBK0002207,TXN00015126,USR62875,MCH2383,Customer complaint text unclear due to poor call center notes.,2119.11,2026-01-06 00:00:00,2026-01-06 00:00:00,2026-01-23 00:00:00,IN_PROGRESS,LOW,Duplicate Debit,Chatbot,0.0,True,False,True,6840.51,Medical / Pharmacy,SUCCESS,False
CBK0000536,TXN00017414,USR39006,MCH5032,Complaint received after multiple failed attempts.,12249.71,2026-01-10 00:00:00,2026-01-08 00:00:00,2026-02-06 04:32:02,CLOSED,HIGH,Service Not Delivered,Email,,True,False,False,5759.06,Transportation,PENDING,False
CBK0000633,TXN00013693,USR72322,MCH8732,Merchant service was not delivered after payment.,1899.73,2026-03-19 17:11:52,2026-03-21 00:00:00,,RESOLVED,HIGH,Service Not Delivered,IVR,1.0,True,False,False,19078.0,Apparel,FAILED,False
CBK0002622,TXN00018833,USR92174,MCH4861,Customer says transaction was not authorized.,451.83,2026-02-05 00:00:00,2026-02-13 13:09:19,2026-02-19 00:00:00,RESOLVED,CRITICAL,Unauthorized Transaction,Chatbot,8.0,True,False,False,6939.5,Grocery,SUCCESS,False
CBK0001117,TXN00012679,USR13963,MCH3522,Complaint received after multiple failed attempts.,1851.93,2026-02-07 00:00:00,2026-02-09 00:00:00,,PENDING_BANK,MEDIUM,Duplicate Debit,App,2.0,True,False,False,18639.0,Transportation,FAILED,False
CBK0000939,TXN00009825,USR24660,MCH9618,Complaint received after multiple failed attempts.,3080.0,2026-03-26 00:00:00,2026-03-29 06:03:00,2026-04-25 00:00:00,RESOLVED,LOW,Customer Dispute,Branch,3.0,True,False,False,12354.74,Grocery,SUCCESS,False
CBK0001090,TXN00016195,USR85787,MCH4442,User says UPI PIN was not entered by them.,471.0,2026-03-11 00:00:00,2026-03-22 01:33:06,2026-04-13 00:00:00,OPEN,LOW,Service Not Delivered,Branch,11.0,True,True,False,24851.61,Apparel,SUCCESS,False
CBK0001682,TXN00010834,USR67399,MCH8675,Customer complaint text unclear due to poor call center notes.,1750.36,2026-03-12 15:00:00,2026-03-23 00:00:00,,IN_PROGRESS,MEDIUM,Duplicate Debit,Chatbot,10.0,True,False,False,6393.15,Apparel,SUCCESS,False
CBK0001294,TXN00019221,USR67336,MCH7286,Customer says txn was not authorized.,596.6,2026-03-10 08:05:58,2026-03-17 00:00:00,2026-04-04 21:05:58,CLOSED,MEDIUM,Customer Dispute,Branch,6.0,True,False,False,5162.0,,SUCCESS,False
CBK0001189,TXN00015243,USR90963,MCH4871,Merchant service was not delivered after payment.,448.21,2026-02-14 13:48:33,2026-02-14 00:00:00,2026-03-05 14:48:33,REJECTED,MEDIUM,Customer Dispute,Chatbot,,True,True,True,11846.03,Medical / Pharmacy,SUCCESS,False
CBK0000070,TXN00019236,USR39755,MCH6038,Payment made to unknown merchant as per customer statement.,3160.25,2026-03-26 13:55:00,2026-04-10 23:55:00,2026-05-08 00:00:00,RESOLVED,HIGH,Service Not Delivered,Email,15.0,True,False,False,12052.45,Restaurant,SUCCESS,False
CBK0000476,TXN00076059,USR36575,MCH1929,Payment made to unknown merchant as per customer statement.,1726.97,2026-03-29 00:00:00,2026-04-01 00:00:00,,IN_PROGRESS,HIGH,Wrong Amount,IVR,3.0,False,True,True,,,,False
CBK0000092,TXN00019596,USR96380,MCH3161,Customer says amount was debited twice.,2991.63,2026-02-23 05:30:01,,,RESOLVED,HIGH,Duplicate Debit,Chatbot,,True,False,True,11842.98,Restaurant,SUCCESS,False
CBK0000095,TXN00006584,USR85655,MCH1599,Merchant service was not delivered after payment.,1087.37,2026-03-03 21:45:00,2026-03-04 00:00:00,2026-03-18 00:00:00,IN_PROGRESS,MEDIUM,Service Not Delivered,Call Center,0.0,True,False,True,2174.63,Medical / Pharmacy,SUCCESS,False
CBK0000861,TXN00016940,USR83977,MCH1995,Payment made to unknown merchant as per customer statement.,7669.97,2026-01-05 00:00:00,2026-01-07 01:02:00,2026-01-24 00:00:00,RESOLVED,MEDIUM,Duplicate Debit,Branch,2.0,True,False,True,12883.29,Hotel / Lodging,SUCCESS,False
CBK0000040,TXN00009861,USR84241,MCH1811,User reports money deducted but merchant denies receiving payment.,883.5,2026-02-05 00:00:00,2026-02-08 00:00:00,2026-02-15 15:27:00,RESOLVED,HIGH,Service Not Delivered,Email,3.0,True,False,True,21227.37,Hotel / Lodging,SUCCESS,False
CBK0001663,TXN00008414,USR40891,MCH1873,user says upi pin was not entered by them.,1523.73,2026-02-23 00:00:00,2026-03-01 13:21:00,,IN_PROGRESS,HIGH,Service Not Delivered,Chatbot,6.0,True,True,True,11310.0,Restaurant,SUCCESS,False
CBK0001483,TXN00004890,USR15275,MCH1320,suspicious high-value payment disputed by customer.,17254.0,2026-01-06 00:00:00,2026-01-02 00:00:00,,CLOSED,LOW,Duplicate Debit,IVR,,True,False,True,17254.0,Telecom,SUCCESS,True
CBK0002538,TXN00018880,USR86824,MCH3870,User reports money deducted but merchant denies receiving payment.,2224.0,2026-01-13 00:00:00,2026-01-29 12:17:00,2026-02-18 00:00:00,REJECTED,LOW,Account Takeover,Branch,16.0,True,False,False,2111.7,Grocery,FAILED,False
CBK0000838,TXN00002790,USR38178,MCH9291,User reports money deducted but merchant denies receiving payment.,870.0,2026-01-30 05:36:28,,2026-02-09 00:00:00,CLOSED,MEDIUM,Wrong Amount,Chatbot,,True,True,True,24871.0,Restaurant,FAILED,False
CBK0000514,TXN00091755,USR83157,MCH3365,COMPLAINT RECEIVED AFTER MULTIPLE FAILED ATTEMPTS.,3762.83,2026-03-24 11:00:58,,2026-04-22 00:00:00,OPEN,CRITICAL,Suspected Fraud,App,,False,False,False,,,,False
CBK0001432,TXN00014015,USR84470,MCH4732,MERCHANT SERVICE WAS NOT DELIVERED AFTER PAYMENT.,1855.84,2026-02-07 00:00:00,2026-02-12 00:00:00,2026-03-10 00:00:00,OPEN,MEDIUM,Duplicate Debit,IVR,5.0,True,True,True,6644.18,Apparel,SUCCESS,False
CBK0000434,TXN00002783,USR21986,MCH9344,Customer says amount was debited twice.,447.3,2026-01-10 02:14:17,2026-01-25 00:00:00,2026-02-19 10:14:17,CLOSED,MEDIUM,Suspected Fraud,IVR,14.0,True,False,False,24530.0,Grocery,SUCCESS,False
CBK0002619,TXN00000071,USR86538,MCH2766,Suspicious high-value payment disputed by customer. urgent,3311.22,2026-01-25 00:00:00,2026-01-27 18:40:21,,PENDING_BANK,MEDIUM,Service Not Delivered,Call Center,2.0,True,False,True,19308.4,,SUCCESS,False
CBK0001446,TXN00017598,USR51720,MCH4274,CUSTOMER SAYS AMOUNT WAS DEBITED TWICE.,819.3,2026-01-22 19:24:28,,2026-02-27 00:00:00,CLOSED,MEDIUM,Customer Dispute,Branch,,True,False,True,2914.98,Grocery,SUCCESS,False
CBK0002673,TXN00017755,USR27181,MCH6810,Customer says amount was debited twice.,3261.84,2026-02-02 22:47:32,2026-02-06 08:47:00,2026-02-14 00:00:00,CLOSED,MEDIUM,Duplicate Debit,Email,3.0,True,False,False,2952.92,Department Store,SUCCESS,False
CBK0000313,TXN00000248,USR50945,MCH5264,customer says amount was debited twice.,1984.03,2026-01-25 01:32:00,2026-01-26 05:32:05,2026-02-01 00:00:00,CLOSED,LOW,Customer Dispute,Chatbot,1.0,True,False,False,24166.7,Hotel / Lodging,SUCCESS,False
CBK0000911,TXN00002114,USR52444,MCH1797,Customer says amount was debited twice.,4126.61,2026-01-26 14:20:00,2026-02-26 00:00:00,,REJECTED,LOW,Account Takeover,Branch,30.0,True,False,False,22350.8,Book Store,SUCCESS,False
CBK0001457,TXN00004271,USR60321,MCH2200,User reports money deducted but merchant denies receiving payment.,2672.78,2026-03-06 15:12:38,2026-03-13 23:12:00,,OPEN,LOW,Service Not Delivered,App,7.0,True,False,True,16222.65,Medical / Pharmacy,SUCCESS,False
CBK0000071,TXN00008538,USR89774,MCH8569,Customer complaint text unclear due to poor call center notes.,2850.0,2026-02-08 00:00:00,2026-02-10 14:50:39,,REJECTED,MEDIUM,Suspected Fraud,Chatbot,2.0,True,True,True,22190.2,Transportation,SUCCESS,False
CBK0001767,TXN00003813,USR78593,MCH3210,PAYMENT MADE TO UNKNOWN MERCHANT AS PER CUSTOMER STATEMENT.,5758.61,2026-01-09 14:05:22,2026-01-11 00:00:00,,RESOLVED,LOW,Unauthorized Transaction,Email,1.0,True,False,False,5670.78,Transportation,SUCCESS,False
CBK0002661,TXN00015325,USR25636,MCH1585,Merchant service was not delivered after payment.,5464.95,,2026-02-20 00:00:00,2026-02-21 00:00:00,REJECTED,MEDIUM,Service Not Delivered,Call Center,,True,True,True,5683.53,Transportation,SUCCESS,False
CBK0002127,TXN00007220,USR63182,MCH9060,Customer complaint text unclear due to poor call center notes.,4676.01,2026-01-05 00:00:00,2026-01-08 00:00:00,2026-01-12 00:00:00,OPEN,MEDIUM,Suspected Fraud,Branch,3.0,True,False,True,22807.24,Grocery,PENDING,False
CBK0002697,TXN00004642,USR90463,MCH5765,Suspicious high-value payment disputed by customer.,1778.23,2026-03-13 01:00:19,2026-03-14 00:00:00,,OPEN,MEDIUM,Unauthorized Transaction,IVR,0.0,True,False,True,7829.86,Hotel / Lodging,SUCCESS,False
CBK0001263,TXN00002462,USR87914,MCH6026,User says UPI PIN was not entered by them.,2723.0,2026-01-03 00:00:00,2026-01-04 13:43:14,2026-01-07 00:00:00,RESOLVED,HIGH,Duplicate Debit,Call Center,1.0,True,False,True,22009.07,Grocery,SUCCESS,False
CBK0002161,TXN00005572,USR72135,MCH4577,Customer says amount was debited twice.,1181.23,2026-01-26 00:00:00,,2026-02-02 04:34:00,REJECTED,LOW,Unauthorized Transaction,Email,,True,False,True,1641.27,Grocery,SUCCESS,False
CBK0001347,TXN00016394,USR93953,MCH3886,User says UPI PIN was not entered by them.,1503.32,2026-03-27 07:12:43,2026-03-30 00:00:00,2026-03-31 04:12:00,PENDING_BANK,LOW,Service Not Delivered,App,2.0,True,True,True,4322.92,Apparel,SUCCESS,False
CBK0002140,TXN00013237,USR59679,MCH1712,User claims account was compromised before transaction.,405.0,2026-01-23 00:00:00,2026-01-24 20:01:00,,OPEN,MEDIUM,Account Takeover,Call Center,1.0,True,False,False,5930.83,Grocery,SUCCESS,False
CBK0000743,TXN00005962,USR43455,MCH1477,Suspicious high-value payment disputed by customer.,354.48,2026-03-16 00:00:00,2026-03-22 00:00:00,,OPEN,MEDIUM,Suspected Fraud,IVR,6.0,True,True,True,23679.35,Grocery,FAILED,False
CBK0001876,,USR39217,MCH8156,User claims account was compromised before transaction.,927.0,2026-03-06 00:00:00,2026-03-21 00:00:00,,RESOLVED,LOW,Duplicate Debit,Chatbot,15.0,False,True,False,,,,False
CBK0001874,TXN00004675,USR30340,MCH7982,Complaint received after multiple failed attempts.,258.2,2026-03-21 00:00:00,2026-04-06 22:58:00,,PENDING_BANK,HIGH,Service Not Delivered,Chatbot,16.0,True,False,True,10200.37,Hotel / Lodging,SUCCESS,False
CBK0001715,TXN00010566,USR83077,MCH9707,Payment made to unknown merchant as per cust statement.,3265.07,2026-02-21 00:00:00,2026-02-24 00:00:00,2026-03-01 19:01:00,REJECTED,MEDIUM,Unauthorized Transaction,IVR,3.0,True,False,False,17630.78,Hotel / Lodging,SUCCESS,False
CBK0000544,TXN00016205,USR41135,MCH4873,suspicious high-value payment disputed by customer.,3052.0,2026-03-21 00:00:00,2026-03-20 00:00:00,2026-04-13 00:00:00,RESOLVED,LOW,Account Takeover,Chatbot,,True,True,False,24880.0,Department Store,SUCCESS,False
CBK0000007,TXN00017412,USR26201,MCH8154,Complaint received after multiple failed attempts.,1505.0,2026-02-16 22:23:08,2026-02-17 00:00:00,2026-02-18 05:23:00,OPEN,LOW,Service Not Delivered,App,0.0,True,False,True,8733.93,Medical / Pharmacy,SUCCESS,False
CBK0002040,TXN00019376,USR95000,MCH8391,MERCHANT SERVICE WAS NOT DELIVERED AFTER PAYMENT.,439.77,,2026-01-09 18:31:00,2026-01-10 00:00:00,IN_PROGRESS,HIGH,Wrong Amount,Branch,,True,False,True,13374.32,Grocery,SUCCESS,False
CBK0002551,TXN00011968,USR52233,MCH3341,User says UPI PIN was not entered by them.,4809.04,2026-02-12 00:00:00,2026-03-14 00:00:00,2026-03-18 00:00:00,IN_PROGRESS,MEDIUM,Unauthorized Transaction,Chatbot,30.0,True,True,True,2509.79,Hotel / Lodging,FAILED,False
CBK0000800,TXN00008407,USR54047,MCH8953,Customer says transaction was not authorized. urgent,2017.17,2026-03-29 00:00:00,2026-03-29 00:00:00,2026-04-22 00:00:00,CLOSED,MEDIUM,Suspected Fraud,IVR,0.0,True,True,True,102.95,Telecom,FAILED,False
CBK0001603,TXN00007165,USR26534,MCH2266,suspicious high-value payment disputed by customer.,676.0,2026-03-03 00:00:00,2026-03-06 00:00:00,2026-03-09 18:27:00,CLOSED,LOW,Duplicate Debit,App,3.0,True,True,True,17780.93,,SUCCESS,False
CBK0002563,TXN00004512,USR79645,MCH1381,Merchant service was not delivered after payment.,1358.0,2026-02-11 00:00:00,2026-02-13 00:00:00,2026-02-25 14:14:00,OPEN,LOW,Duplicate Debit,Email,2.0,True,False,False,11797.0,Restaurant,SUCCESS,False
CBK0001982,TXN00003383,USR14096,MCH7078,Complaint received after multiple failed attempts.,1589.0,2026-03-01 00:00:00,2026-03-07 00:00:00,2026-03-08 10:23:47,RESOLVED,LOW,Unauthorized Transaction,App,6.0,True,True,True,788.42,Hotel / Lodging,FAILED,False
CBK0001850,TXN00000410,USR29306,MCH9778,User claims account was compromised before transaction.,388.0,2026-01-23 00:00:00,2026-01-29 00:00:00,2026-02-02 05:21:02,IN_PROGRESS,HIGH,Unauthorized Transaction,App,6.0,True,False,True,2291.25,Restaurant,SUCCESS,False
CBK0000810,TXN00008813,USR55160,MCH9104,User says UPI PIN was not entered by them.,825.92,2026-03-15 00:00:00,,,IN_PROGRESS,LOW,Customer Dispute,Call Center,,True,True,True,21145.16,Misc Retail,SUCCESS,False
CBK0000188,TXN00001256,USR74352,MCH1724,payment made to unknown merchant as per customer statement.,10763.34,2026-01-20 03:59:31,2026-01-21 00:00:00,2026-02-01 22:59:00,RESOLVED,HIGH,Wrong Amount,Email,0.0,True,True,False,10763.34,Department Store,SUCCESS,True
CBK0000806,TXN00010423,USR91337,MCH8154,User reports money deducted but merchant denies receiving payment.,1285.39,,2026-02-25 04:33:00,2026-03-03 00:00:00,REJECTED,LOW,Service Not Delivered,App,,True,False,True,15029.64,Hotel / Lodging,SUCCESS,False
CBK0001458,TXN00002805,USR85655,MCH1702,User claims account was compromised before transaction. call dropped,1623.96,2026-02-18 00:00:00,2026-03-05 00:00:00,2026-03-28 00:00:00,CLOSED,MEDIUM,Duplicate Debit,Branch,15.0,True,False,False,13041.28,Apparel,FAILED,False
CBK0001348,TXN00006710,USR80160,MCH8221,USER CLAIMS ACCOUNT WAS COMPROMISED BEFORE TRANSACTION.,2194.0,2026-03-28 11:14:00,2026-03-30 00:00:00,2026-04-07 00:00:00,OPEN,HIGH,Service Not Delivered,IVR,1.0,True,False,True,22582.81,Restaurant,SUCCESS,False
CBK0002428,TXN00009714,USR79175,MCH8542,Customer says transaction was not authorized.,807.62,2026-02-15 22:57:47,2026-03-03 00:00:00,2026-04-02 00:00:00,CLOSED,LOW,Duplicate Debit,Branch,15.0,True,False,False,5668.48,Medical / Pharmacy,SUCCESS,False
CBK0002255,TXN00008016,USR72981,MCH7286,Customer says amount was debited twice. NA,1364.41,2026-01-01 23:32:29,2026-01-02 00:00:00,,IN_PROGRESS,LOW,Unauthorized Transaction,Chatbot,0.0,True,True,False,19308.28,Grocery,SUCCESS,False
CBK0001215,TXN00007445,USR46899,MCH9910,User says UPI PIN was not entered by them. pls check asap,3055.0,2026-01-24 18:17:00,2026-01-27 00:00:00,,RESOLVED,MEDIUM,Account Takeover,IVR,2.0,True,False,True,8498.12,Grocery,SUCCESS,False
CBK0002709,TXN00003581,USR40538,MCH8057,Merchant service was not delivered after payment.,3616.02,2026-01-27 00:00:00,2026-02-26 10:26:00,2026-03-08 00:00:00,IN_PROGRESS,MEDIUM,Unauthorized Transaction,IVR,30.0,True,False,True,12084.69,Transportation,SUCCESS,False
CBK0001714,TXN00019200,USR10307,MCH3670,Complaint received after multiple failed attempts.,1186.0,2026-01-23 04:45:00,2026-01-24 13:45:28,2026-02-20 00:00:00,OPEN,MEDIUM,Customer Dispute,Chatbot,1.0,True,False,False,4264.0,Misc Retail,PENDING,False
CBK0000074,TXN00018905,USR67079,MCH5054,Suspicious high-value payment disputed by customer. pls check asap,547.94,2026-02-09 00:00:00,2026-02-10 00:00:00,,IN_PROGRESS,HIGH,Customer Dispute,Branch,1.0,True,False,True,359.38,,SUCCESS,False
CBK0002061,TXN00000123,USR25645,MCH1279,User says UPI PIN was not entered by them.,4808.45,2026-01-26 00:00:00,2026-01-30 00:00:00,,OPEN,HIGH,Account Takeover,Email,4.0,True,False,False,7956.91,Grocery,PENDING,False
CBK0000846,TXN00018851,USR98606,MCH9609,User says UPI PIN was not entered by them.,2087.83,2026-03-18 00:00:00,2026-04-17 14:56:00,,PENDING_BANK,HIGH,Customer Dispute,App,30.0,True,False,True,24387.29,Medical / Pharmacy,SUCCESS,False
CBK0000427,TXN00013526,USR91283,MCH5276,Payment made to unknown merchant as per customer statement.,1210.19,,2026-03-29 00:00:00,,RESOLVED,CRITICAL,Unauthorized Transaction,Chatbot,,True,False,False,21535.45,Apparel,SUCCESS,False
CBK0001036,TXN00015494,USR80517,MCH8983,customer complaint text unclear due to poor call center notes.,1459.8,,2026-01-29 00:00:00,2026-01-31 00:00:00,REJECTED,CRITICAL,Account Takeover,IVR,,True,True,False,10191.82,Transportation,SUCCESS,False
CBK0001174,TXN00005857,USR50126,MCH4181,Customer says amount was debited twice.,244.97,2026-02-17 00:00:00,2026-03-20 00:00:00,2026-04-12 00:00:00,IN_PROGRESS,LOW,Wrong Amount,Chatbot,31.0,True,False,False,3605.47,Restaurant,SUCCESS,False
CBK0000225,TXN00000007,USR30925,MCH5655,User reports money deducted but merchant denies receiving payment.,2231.72,2026-02-07 05:47:09,2026-02-09 00:00:00,2026-02-12 18:47:00,IN_PROGRESS,HIGH,Account Takeover,Email,1.0,True,True,False,1461.51,Medical / Pharmacy,PENDING,False
CBK0000472,TXN00001422,USR49251,MCH7171,User claims account was compromised before transaction.,2080.17,2026-02-20 00:00:00,2026-02-21 00:00:00,2026-02-26 02:45:57,CLOSED,LOW,Suspected Fraud,IVR,1.0,True,False,False,12685.8,Restaurant,SUCCESS,False
CBK0000673,TXN00006799,USR90390,MCH2514,customer complaint text unclear due to poor call center notes.,7272.77,2026-01-04 00:00:00,2026-01-19 00:00:00,2026-02-09 00:00:00,REJECTED,MEDIUM,Suspected Fraud,Email,15.0,True,False,True,2460.13,Department Store,PENDING,False
CBK0001783,TXN00003103,USR31416,MCH8794,SUSPICIOUS HIGH-VALUE PAYMENT DISPUTED BY CUSTOMER.,7765.0,2026-01-24 15:01:00,2026-01-26 00:00:00,2026-02-03 00:00:00,RESOLVED,LOW,Service Not Delivered,IVR,1.0,True,False,True,22864.57,Hotel / Lodging,SUCCESS,False
CBK0000232,TXN00019245,USR86563,MCH2065,User claims account was compromised before transaction.,2823.84,2026-01-01 00:00:00,2026-01-11 00:00:00,,RESOLVED,LOW,Customer Dispute,Email,10.0,True,False,False,24866.41,Grocery,SUCCESS,False
CBK0001610,TXN00008090,USR29627,MCH9644,Merchant service was not delivered after payment.,3349.24,2026-03-28 23:39:25,2026-03-31 00:00:00,,PENDING_BANK,MEDIUM,Wrong Amount,Call Center,2.0,True,False,False,22107.29,,SUCCESS,False
CBK0002361,TXN00010080,USR53138,MCH7137,Customer says transaction was not authorized.,824.94,2026-03-08 00:00:00,2026-03-14 08:24:12,2026-04-11 00:00:00,CLOSED,MEDIUM,Account Takeover,App,6.0,True,True,True,24462.58,Restaurant,SUCCESS,False
CBK0000281,TXN00017953,USR13544,MCH2334,Complaint received after multiple failed attempts.,6427.42,2026-01-04 01:24:00,2026-01-06 19:24:02,,RESOLVED,MEDIUM,Service Not Delivered,App,2.0,True,False,False,1701.2,Transportation,SUCCESS,False
CBK0001871,TXN00009076,USR67496,MCH3100,Customer complaint text unclear due to poor call center notes.,1552.98,2026-03-30 00:00:00,2026-03-31 11:44:40,2026-04-28 00:00:00,OPEN,HIGH,Account Takeover,Branch,1.0,True,False,False,18522.09,Grocery,SUCCESS,False
CBK0000436,TXN00012192,USR93581,MCH4547,Customer says transaction was not authorized. pls check asap,5520.5,2026-02-24 00:00:00,2026-04-11 00:00:00,2026-05-07 00:00:00,PENDING_BANK,MEDIUM,Service Not Delivered,Branch,46.0,True,False,True,5842.55,Hotel / Lodging,SUCCESS,False
CBK0001824,TXN00016562,USR59778,MCH2822,Customer says transaction was not authorized.,709.53,2026-01-10 00:00:00,2026-01-15 13:06:53,,CLOSED,LOW,Account Takeover,Call Center,5.0,True,False,False,19081.73,Hotel / Lodging,SUCCESS,False
CBK0002068,TXN00009416,USR13134,MCH9782,Payment made to unknown merchant as per cust statement.,4883.77,2026-03-07 00:00:00,2026-03-09 13:28:00,2026-03-17 00:00:00,IN_PROGRESS,LOW,Unauthorized Transaction,IVR,2.0,True,False,True,1781.08,Grocery,SUCCESS,False
CBK0000756,TXN00017864,USR17657,MCH1702,Customer says amount was debited twice.,2911.37,2026-03-01 00:00:00,2026-03-05 00:00:00,,PENDING_BANK,HIGH,Service Not Delivered,IVR,4.0,True,False,False,3809.97,Restaurant,SUCCESS,False
CBK0002112,TXN00002782,USR94403,MCH2757,Customer says txn was not authorized.,3648.19,2026-02-14 18:10:29,2026-02-17 00:00:00,2026-03-19 12:10:29,PENDING_BANK,HIGH,Unauthorized Transaction,Call Center,2.0,True,True,True,21093.0,Grocery,SUCCESS,False
CBK0001881,TXN00008840,USR73167,MCH4857,Customer says amount was debited twice.,1257.85,2026-01-13 00:00:00,2026-01-18 00:00:00,,IN_PROGRESS,HIGH,Duplicate Debit,Branch,5.0,True,True,True,1238.47,Telecom,SUCCESS,False
CBK0002343,TXN00015911,USR29306,MCH9294,User claims account was compromised before transaction.,1701.23,2026-02-16 00:00:00,2026-04-02 00:00:00,2026-04-29 00:00:00,REJECTED,HIGH,Duplicate Debit,App,45.0,True,False,False,23326.04,,SUCCESS,False
CBK0002173,TXN00013107,USR82940,MCH2266,Customer says transaction was not authorized. details missing,2242.79,2026-03-28 00:00:00,2026-04-12 00:00:00,2026-04-15 00:00:00,IN_PROGRESS,LOW,Unauthorized Transaction,Email,15.0,True,False,True,9686.57,Medical / Pharmacy,SUCCESS,False
CBK0002433,TXN00013653,USR85471,MCH6459,Customer says amount was debited twice.,555.33,2026-02-02 03:05:01,2026-02-17 22:05:01,,IN_PROGRESS,MEDIUM,Wrong Amount,Chatbot,15.0,True,True,False,45.44,Medical / Pharmacy,SUCCESS,False
CBK0000129,TXN00009368,USR60939,MCH4143,MERCHANT SERVICE WAS NOT DELIVERED AFTER PAYMENT.,2931.23,2026-03-01 00:00:00,2026-03-03 00:00:00,2026-03-11 20:10:00,REJECTED,LOW,Service Not Delivered,Email,2.0,True,False,False,20141.46,Grocery,SUCCESS,False
CBK0000801,TXN00000284,USR94447,MCH5873,Customer says amount was debited twice.,2676.58,2026-03-06 06:58:00,2026-03-21 12:58:56,2026-04-20 00:00:00,RESOLVED,MEDIUM,Unauthorized Transaction,IVR,15.0,True,False,True,2358.61,Grocery,SUCCESS,False
CBK0001337,TXN00011351,USR28182,MCH2065,Customer says transaction was not authorized.,4601.18,2026-01-05 00:00:00,2026-01-08 00:00:00,,PENDING_BANK,MEDIUM,Duplicate Debit,Email,3.0,True,False,False,9825.1,Department Store,SUCCESS,False
CBK0001544,TXN00010606,USR12233,MCH9344,Customer complaint text unclear due to poor call center notes.,13028.67,2026-03-21 23:56:00,,2026-04-16 09:56:11,RESOLVED,HIGH,Service Not Delivered,Chatbot,,True,False,False,5201.65,Department Store,SUCCESS,False
CBK0002110,TXN00019908,USR76321,MCH5838,customer complaint text unclear due to poor call center notes.,14932.0,2026-02-03 00:00:00,2026-02-18 00:00:00,2026-02-22 00:00:00,OPEN,LOW,Account Takeover,Chatbot,15.0,True,False,False,17666.95,Restaurant,SUCCESS,False
CBK0001660,TXN00002347,USR11036,MCH2383,suspicious high-value payment disputed by customer.,1200.09,2026-03-08 00:42:06,2026-03-09 00:00:00,2026-04-01 00:00:00,REJECTED,MEDIUM,Service Not Delivered,IVR,0.0,True,False,True,16969.96,Medical / Pharmacy,SUCCESS,False
CBK0000341,TXN00009379,USR68432,MCH6606,Suspicious high-value payment disputed by customer.,578.72,2026-03-20 14:08:47,2026-03-23 00:00:00,2026-03-31 06:08:47,CLOSED,HIGH,Duplicate Debit,IVR,2.0,True,True,False,21909.09,Transportation,SUCCESS,False
CBK0001304,TXN00017396,USR40538,MCH9984,User reports money deducted but merchant denies receiving payment.,642.07,,2026-03-18 00:00:00,2026-03-18 05:40:59,IN_PROGRESS,HIGH,Suspected Fraud,Call Center,,True,False,True,24545.38,Restaurant,SUCCESS,False
CBK0001062,TXN00012810,USR43890,MCH7683,User reports money deducted but merchant denies receiving payment.,14920.61,2026-01-26 00:00:00,2026-02-10 16:43:00,2026-03-10 00:00:00,OPEN,LOW,Wrong Amount,IVR,15.0,True,False,False,14920.61,Medical / Pharmacy,SUCCESS,True
CBK0002330,TXN00007824,USR15414,MCH7186,Suspicious high-value payment disputed by cust.,1375.65,2026-03-24 00:00:00,2026-03-27 06:06:46,,REJECTED,MEDIUM,Service Not Delivered,Call Center,3.0,True,False,False,18192.21,Transportation,FAILED,False
CBK0001222,TXN00004174,USR60027,MCH2402,Customer complaint text unclear due to poor call center notes.,26842.07,2026-02-22 00:00:00,2026-03-10 00:00:00,2026-03-24 00:40:00,REJECTED,CRITICAL,Unauthorized Transaction,Chatbot,16.0,True,False,True,13301.48,Transportation,SUCCESS,False
CBK0000815,TXN00014312,USR67696,MCH5671,User says UPI PIN was not entered by them.,4063.03,2026-01-16 00:00:00,2026-01-17 00:00:00,2026-02-10 00:00:00,IN_PROGRESS,LOW,Suspected Fraud,Call Center,1.0,True,False,True,9885.0,Restaurant,SUCCESS,False
CBK0001725,TXN00007324,USR35882,MCH8337,Customer says transaction was not authorized.,175.45,2026-02-03 09:39:26,2026-02-06 00:00:00,2026-02-13 00:00:00,CLOSED,HIGH,Customer Dispute,App,2.0,True,False,True,17574.63,Grocery,SUCCESS,False
CBK0000186,TXN00016957,USR98066,MCH1945,user reports money deducted but merchant denies receiving payment.,1444.28,2026-03-17 00:00:00,2026-04-16 00:00:00,2026-05-11 20:04:57,RESOLVED,LOW,Account Takeover,Branch,30.0,True,False,False,4077.1,Restaurant,SUCCESS,False
CBK0000290,TXN00000426,USR31371,MCH4811,Customer complaint text unclear due to poor call center notes.,13742.73,2026-03-10 00:00:00,2026-04-10 00:00:00,2026-04-28 12:40:00,REJECTED,MEDIUM,Customer Dispute,IVR,31.0,True,False,True,13742.73,Hotel / Lodging,SUCCESS,True
CBK0000141,TXN00006360,USR82731,MCH8970,Complaint received after multiple failed attempts. details missing,1731.1,2026-02-25 00:00:00,2026-02-27 00:00:00,2026-03-14 00:00:00,PENDING_BANK,LOW,Duplicate Debit,Chatbot,2.0,True,False,False,16843.51,Misc Retail,SUCCESS,False
CBK0000882,TXN00018975,USR38277,MCH9872,Payment made to unknown merchant as per customer statement.,701.39,2026-01-11 00:00:00,,2026-01-19 00:00:00,CLOSED,HIGH,Customer Dispute,IVR,,True,False,False,8955.62,Book Store,SUCCESS,False
CBK0001227,TXN00007552,USR61339,MCH4281,Payment made to unknown merchant as per customer statement.,12509.66,2026-01-01 00:00:00,2026-01-09 00:00:00,,CLOSED,LOW,Service Not Delivered,Email,8.0,True,False,False,10229.09,Restaurant,SUCCESS,False
CBK0000730,TXN00009351,USR52558,MCH2688,Merchant service was not delivered after payment.,1026.98,2026-03-04 00:00:00,2026-03-06 14:47:30,2026-03-25 00:00:00,OPEN,MEDIUM,Service Not Delivered,App,2.0,True,True,False,2818.45,Medical / Pharmacy,SUCCESS,False
CBK0002607,TXN00010699,USR18453,MCH9441,USER SAYS UPI PIN WAS NOT ENTERED BY THEM.,428.88,2026-03-27 21:25:00,2026-03-30 02:25:11,2026-04-15 00:00:00,IN_PROGRESS,CRITICAL,Account Takeover,IVR,2.0,True,False,False,18187.66,Telecom,SUCCESS,False
CBK0002456,TXN00015278,USR97030,MCH7914,Complaint received after multiple failed attempts. urgent,1070.58,2026-03-29 13:39:54,2026-04-08 19:39:54,2026-04-23 19:39:54,RESOLVED,MEDIUM,Wrong Amount,App,10.0,True,True,True,16267.86,Hotel / Lodging,FAILED,False
CBK0001405,TXN00032094,USR48929,MCH2565,User reports money deducted but merchant denies receiving payment.,1381.95,2026-02-16 00:00:00,2026-02-20 00:00:00,2026-03-22 19:28:00,IN_PROGRESS,MEDIUM,Duplicate Debit,Chatbot,4.0,False,False,False,,,,False
CBK0001843,TXN00015367,USR17315,MCH1269,Suspicious high-value payment disputed by customer.,3023.77,,2026-01-28 00:00:00,2026-02-22 00:00:00,IN_PROGRESS,CRITICAL,Unauthorized Transaction,Chatbot,,True,True,True,21542.81,Restaurant,SUCCESS,False
CBK0000565,TXN00007016,USR34955,MCH4574,Customer complaint text unclear due to poor call center notes.,1144.6,2026-02-05 00:00:00,2026-02-15 00:00:00,2026-03-15 12:45:03,REJECTED,HIGH,Account Takeover,App,10.0,True,False,True,21642.47,Department Store,SUCCESS,False
CBK0001797,TXN00007084,USR14626,MCH7878,Complaint received after multiple failed attempts.,2000.05,2026-02-07 00:00:00,2026-02-10 00:00:00,,RESOLVED,LOW,Customer Dispute,IVR,3.0,True,False,False,12109.77,Department Store,SUCCESS,False
CBK0000441,TXN00002216,USR58639,MCH4339,user claims account was compromised before transaction.,5160.27,,2026-03-12 00:00:00,2026-04-08 00:00:00,REJECTED,LOW,Duplicate Debit,IVR,,True,False,False,7625.73,Hotel / Lodging,FAILED,False
CBK0001791,TXN00002382,USR91799,MCH9069,Complaint received after multiple failed attempts.,44046.77,2026-01-02 22:06:00,2026-01-04 02:06:30,2026-01-31 00:00:00,CLOSED,LOW,Wrong Amount,App,1.0,True,False,False,21440.48,Grocery,SUCCESS,False
CBK0000240,TXN00014390,USR75856,MCH4429,Customer says transaction was not authorized.,793.04,2026-01-12 00:00:00,2026-01-15 10:39:00,2026-01-29 00:00:00,OPEN,LOW,Wrong Amount,Chatbot,3.0,True,True,False,7608.72,,FAILED,False
CBK0000051,TXN00015825,USR97494,MCH6181,payment made to unknown merchant as per customer statement.,272.77,2026-03-19 00:00:00,2026-04-03 00:00:00,2026-04-24 00:00:00,RESOLVED,CRITICAL,Account Takeover,Chatbot,15.0,True,True,False,2100.75,Hotel / Lodging,SUCCESS,False
CBK0002095,TXN00004933,USR43455,MCH2566,Suspicious high-value payment disputed by customer.,4720.79,2026-01-26 00:00:00,2026-02-06 00:00:00,2026-03-08 00:00:00,CLOSED,LOW,Service Not Delivered,Chatbot,11.0,True,True,True,24039.15,Restaurant,SUCCESS,False
CBK0001001,TXN00011430,USR72135,MCH4504,Customer says transaction was not authorized.,1138.68,2026-03-23 13:00:00,2026-03-25 00:00:00,2026-03-27 23:00:00,RESOLVED,MEDIUM,Wrong Amount,Email,1.0,True,False,False,11887.57,Hotel / Lodging,SUCCESS,False
CBK0000199,TXN00014454,USR65385,MCH9061,User says UPI PIN was not entered by them. call dropped,752.03,2026-01-01 00:00:00,,,CLOSED,LOW,Unauthorized Transaction,App,,True,False,False,24282.69,Grocery,SUCCESS,False
CBK0002434,TXN00017925,USR13134,MCH5284,User claims account was compromised before transaction.,1402.12,2026-01-07 02:25:00,,2026-01-27 00:00:00,IN_PROGRESS,MEDIUM,Customer Dispute,Email,,True,False,False,9199.0,Grocery,FAILED,False
CBK0000200,TXN00015054,USR51506,MCH5954,User reports money deducted but merchant denies receiving payment.,6049.12,2026-03-20 00:00:00,2026-05-04 00:00:00,2026-05-09 20:49:00,IN_PROGRESS,MEDIUM,Unauthorized Transaction,IVR,45.0,True,True,True,22258.83,Grocery,SUCCESS,False
CBK0000674,TXN00095066,USR27533,MCH5993,customer says amount was debited twice.,731.0,2026-03-01 00:00:00,,2026-03-10 00:00:00,RESOLVED,MEDIUM,Unauthorized Transaction,App,,False,True,False,,,,False
CBK0001886,TXN00004693,USR44959,MCH7728,User says UPI PIN was not entered by them.,3249.99,2026-01-27 00:00:00,2026-01-29 00:00:00,,OPEN,LOW,Wrong Amount,App,2.0,True,False,True,8608.85,Transportation,SUCCESS,False
CBK0000793,TXN00006175,USR62254,MCH4226,Suspicious high-value payment disputed by cust.,709.86,2026-02-27 00:00:00,2026-02-28 09:53:08,,PENDING_BANK,LOW,Service Not Delivered,IVR,1.0,True,True,False,12803.35,Medical / Pharmacy,SUCCESS,False
CBK0001639,TXN00005636,USR63938,MCH1320,user claims account was compromised before transaction.,1118.0,2026-02-02 00:00:00,2026-02-03 00:00:00,2026-02-12 11:56:31,CLOSED,MEDIUM,Wrong Amount,Email,1.0,True,True,True,1434.49,Telecom,PENDING,False
CBK0000875,TXN00007782,USR71887,MCH4181,User claims account was compromised before transaction.,647.02,,2026-01-16 00:00:00,2026-01-27 00:00:00,IN_PROGRESS,LOW,Suspected Fraud,IVR,,True,False,False,780.31,Medical / Pharmacy,SUCCESS,False
CBK0001931,TXN00002531,USR10307,MCH4473,Customer complaint text unclear due to poor call center notes.,1017.5,2026-02-16 00:00:00,,,OPEN,MEDIUM,Duplicate Debit,IVR,,True,False,False,16923.76,Restaurant,SUCCESS,False
CBK0001735,TXN00017962,USR81878,MCH2822,Payment made to unknown merchant as per customer statement.,2741.61,2026-01-13 03:38:00,2026-02-27 00:00:00,2026-03-16 23:38:14,PENDING_BANK,LOW,Wrong Amount,App,44.0,True,False,False,237.26,Misc Retail,SUCCESS,False
CBK0000478,TXN00014062,USR69966,MCH2822,User claims account was compromised before transaction.,1078.9,2026-02-25 19:59:11,2026-02-26 00:00:00,2026-03-25 15:59:00,IN_PROGRESS,LOW,Account Takeover,Branch,0.0,True,True,False,24149.1,Department Store,SUCCESS,False
CBK0001505,TXN00001496,USR40061,MCH3765,User says UPI PIN was not entered by them.,5669.05,2026-03-04 00:00:00,2026-03-08 11:54:46,2026-03-13 11:54:46,REJECTED,LOW,Customer Dispute,IVR,4.0,True,True,True,16708.64,Grocery,SUCCESS,False
CBK0002469,TXN00002314,USR99748,MCH7621,User reports money deducted but merchant denies receiving payment.,725.65,2026-02-22 00:00:00,2026-02-23 18:44:31,2026-03-24 00:00:00,IN_PROGRESS,HIGH,Wrong Amount,IVR,1.0,True,False,True,17559.45,Transportation,SUCCESS,False
CBK0002480,TXN00007980,USR87914,MCH7383,customer says transaction was not authorized.,1231.74,2026-02-02 00:00:00,2026-02-06 15:03:23,,PENDING_BANK,MEDIUM,Account Takeover,IVR,4.0,True,False,True,17732.0,Misc Retail,PENDING,False
CBK0002264,TXN00001289,USR79175,MCH4181,User claims account was compromised before transaction. call dropped,201.03,2026-02-26 00:00:00,2026-03-28 17:35:00,2026-04-26 00:00:00,PENDING_BANK,CRITICAL,Service Not Delivered,Branch,30.0,True,False,False,839.75,,SUCCESS,False
CBK0000032,TXN00001691,USR43171,MCH8182,User claims account was compromised before transaction.,875.81,2026-01-08 00:00:00,2026-01-09 00:00:00,2026-01-26 09:44:49,IN_PROGRESS,MEDIUM,Duplicate Debit,App,1.0,True,True,False,4379.22,Hotel / Lodging,FAILED,False
CBK0000967,TXN00016890,USR11933,MCH4841,Suspicious high-value payment disputed by customer.,2406.47,2026-03-28 00:00:00,2026-03-29 00:00:00,2026-04-04 00:00:00,IN_PROGRESS,LOW,Duplicate Debit,Chatbot,1.0,True,True,True,5759.97,Medical / Pharmacy,SUCCESS,False
CBK0002345,TXN00010920,USR70736,MCH8559,User claims account was compromised before transaction.,822.8,2026-03-11 00:00:00,2026-03-13 00:00:00,2026-03-24 03:54:00,CLOSED,LOW,Customer Dispute,Call Center,2.0,True,False,True,6879.96,Grocery,PENDING,False
CBK0001835,TXN00066186,USR21162,MCH2549,Customer says transaction was not authorized.,5546.22,2026-02-25 20:33:49,2026-02-28 00:00:00,2026-03-17 20:33:49,CLOSED,HIGH,Account Takeover,Chatbot,2.0,False,False,False,,,,False
CBK0000622,TXN00007356,USR81916,MCH6117,Payment made to unknown merchant as per customer statement.,4608.17,2026-02-25 00:00:00,2026-03-12 00:00:00,2026-03-19 13:11:32,PENDING_BANK,LOW,Duplicate Debit,Chatbot,15.0,True,False,False,19014.01,Restaurant,SUCCESS,False
CBK0000580,TXN00008617,USR62748,MCH9878,Merchant service was not delivered after payment.,4101.67,,2026-04-03 00:00:00,,CLOSED,CRITICAL,Duplicate Debit,IVR,,True,False,False,23958.61,Grocery,SUCCESS,False
CBK0000997,TXN00004554,USR64865,MCH4157,Customer says amount was debited twice.,2266.29,2026-02-19 00:00:00,2026-03-01 20:11:18,2026-03-21 00:00:00,OPEN,MEDIUM,Duplicate Debit,Email,10.0,True,False,True,22155.42,,SUCCESS,False
CBK0002559,TXN00014011,USR19313,MCH4037,User says UPI PIN was not entered by them.,1125.73,2026-01-04 10:10:00,,,PENDING_BANK,LOW,Wrong Amount,Branch,,True,False,True,20779.0,Hotel / Lodging,SUCCESS,False
CBK0001205,TXN00000084,USR11916,MCH6850,Complaint received after multiple failed attempts.,958.61,,2026-02-08 00:00:00,,REJECTED,LOW,Unauthorized Transaction,Chatbot,,True,True,False,1598.32,Restaurant,SUCCESS,False
CBK0001045,TXN00010810,USR65507,MCH7833,Customer says amount was debited twice.,541.11,2026-03-07 00:00:00,2026-03-08 00:00:00,2026-04-03 00:00:00,OPEN,MEDIUM,Service Not Delivered,IVR,1.0,True,False,True,14902.21,Medical / Pharmacy,SUCCESS,False
CBK0000357,TXN00002320,USR38540,MCH5330,User claims account was compromised before transaction.,911.59,2026-01-02 00:00:00,2026-01-12 00:00:00,2026-01-16 00:00:00,PENDING_BANK,MEDIUM,Service Not Delivered,Email,10.0,True,False,False,10281.42,Grocery,SUCCESS,False
CBK0002031,TXN00001568,USR46045,MCH7468,Complaint received after multiple failed attempts.,13654.34,2026-01-01 00:00:00,2026-01-03 00:00:00,2026-01-20 00:00:00,RESOLVED,MEDIUM,Duplicate Debit,Chatbot,2.0,True,True,False,2397.43,Apparel,SUCCESS,False
CBK0002393,TXN00003575,USR73909,MCH7833,Customer says txn was not authorized.,1311.04,2026-02-01 00:00:00,,,PENDING_BANK,LOW,Account Takeover,App,,True,True,True,22239.09,Restaurant,FAILED,False
CBK0002464,TXN00000389,USR51316,MCH2059,User reports money deducted but merchant denies receiving payment.,2566.03,2026-02-08 06:31:54,2026-02-06 06:31:54,2026-02-19 06:31:00,RESOLVED,HIGH,Service Not Delivered,Call Center,,True,True,False,18768.0,Grocery,FAILED,False
CBK0002639,TXN00016579,USR53527,MCH8073,User reports money deducted but merchant denies receiving payment.,1345.55,2026-03-02 00:00:00,2026-03-05 00:00:00,2026-04-04 08:22:00,CLOSED,MEDIUM,Service Not Delivered,App,3.0,True,False,True,1213.29,Hotel / Lodging,SUCCESS,False
CBK0000663,TXN00002699,USR94333,MCH8975,Complaint received after multiple failed attempts.,422.45,,2026-03-11 00:00:00,,CLOSED,HIGH,Account Takeover,Email,,True,True,True,19352.04,,SUCCESS,False
CBK0001571,TXN00006558,USR78593,MCH4215,Suspicious high-value payment disputed by customer.,673.61,2026-03-26 00:00:00,2026-04-26 00:00:00,2026-05-07 03:33:21,RESOLVED,MEDIUM,Customer Dispute,Chatbot,31.0,True,False,False,1332.87,Hotel / Lodging,SUCCESS,False
CBK0000984,TXN00019434,USR68023,MCH4473,Customer says amount was debited twice.,7211.97,2026-01-11 23:06:15,2026-01-15 00:00:00,2026-01-20 16:06:15,OPEN,MEDIUM,Service Not Delivered,Email,3.0,True,False,False,11107.0,Department Store,SUCCESS,False
CBK0001547,TXN00019722,USR58117,MCH9568,User claims account was compromised before transaction.,11641.0,2026-02-07 20:23:00,2026-02-17 00:00:00,,IN_PROGRESS,HIGH,Wrong Amount,IVR,9.0,True,False,False,6956.17,Misc Retail,SUCCESS,False
CBK0001848,TXN00016662,USR91934,MCH8779,Customer says amount was debited twice.,4341.13,2026-01-13 00:00:00,2026-01-13 00:00:00,2026-01-27 00:00:00,IN_PROGRESS,LOW,Suspected Fraud,Call Center,0.0,True,True,True,3649.69,Telecom,SUCCESS,False
CBK0001004,TXN00001391,USR43520,MCH6140,Customer complaint text unclear due to poor call center notes.,1852.28,2026-01-19 06:14:05,2026-01-22 04:14:00,,OPEN,LOW,Suspected Fraud,Branch,2.0,True,True,False,5908.9,Restaurant,SUCCESS,False
CBK0002185,TXN00001072,USR78593,MCH4473,customer says transaction was not authorized.,893.6,2026-01-23 00:00:00,,2026-02-11 00:00:00,OPEN,MEDIUM,Unauthorized Transaction,Chatbot,,True,False,False,5848.0,Grocery,SUCCESS,False
CBK0000418,TXN00003628,USR35882,MCH4473,User says UPI PIN was not entered by them.,2430.89,,2026-04-04 06:41:27,2026-04-06 06:41:00,PENDING_BANK,MEDIUM,Service Not Delivered,Chatbot,,True,False,False,21768.02,Misc Retail,PENDING,False
CBK0002417,TXN00005056,USR27928,MCH8953,User claims account was compromised before transaction.,6278.49,2026-01-29 00:00:00,2026-01-31 00:00:00,,IN_PROGRESS,CRITICAL,Service Not Delivered,Call Center,2.0,True,False,True,16461.1,Grocery,SUCCESS,False
CBK0000356,TXN00001423,USR36629,MCH4418,Payment made to unknown merchant as per customer statement.,6009.85,2026-03-22 00:00:00,2026-04-02 00:00:00,2026-04-11 13:31:00,OPEN,MEDIUM,Unauthorized Transaction,IVR,11.0,True,False,False,1048.91,Hotel / Lodging,SUCCESS,False
CBK0001169,TXN00012596,USR40747,MCH2822,Customer says amount was debited twice.,1692.85,,2026-03-14 00:00:00,2026-03-23 00:00:00,PENDING_BANK,LOW,Suspected Fraud,Email,,True,False,False,796.12,Restaurant,FAILED,False
CBK0001000,,USR21798,MCH5980,USER REPORTS MONEY DEDUCTED BUT MERCHANT DENIES RECEIVING PAYMENT.,725.0,2026-03-09 00:00:00,2026-03-24 00:00:00,2026-03-28 17:53:00,IN_PROGRESS,CRITICAL,Customer Dispute,Chatbot,15.0,False,False,True,,,,False
CBK0000146,TXN00008795,USR87406,MCH4568,Payment made to unknown merchant as per customer statement.,1052.0,2026-02-22 00:00:00,,,OPEN,MEDIUM,Account Takeover,Call Center,,True,True,False,10937.67,Telecom,SUCCESS,False
CBK0001807,TXN00002417,USR50995,MCH1244,User says UPI PIN was not entered by them.,3188.13,2026-03-20 13:07:59,,2026-04-08 00:00:00,REJECTED,MEDIUM,Service Not Delivered,App,,True,False,False,9611.33,Medical / Pharmacy,PENDING,False
CBK0000239,TXN00005752,USR34028,MCH3100,Customer says transaction was not authorized.,1800.88,2026-01-06 00:00:00,2026-01-11 00:00:00,2026-01-12 00:00:00,REJECTED,LOW,Account Takeover,Branch,5.0,True,False,False,19965.91,Misc Retail,SUCCESS,False
CBK0002079,TXN00014711,USR67922,MCH2492,Payment made to unknown merchant as per customer statement.,1709.84,2026-01-22 00:35:57,2026-01-25 00:00:00,,PENDING_BANK,LOW,Customer Dispute,Chatbot,2.0,True,False,True,10222.36,Medical / Pharmacy,SUCCESS,False
CBK0001376,TXN00009369,USR24660,MCH4473,Customer complaint text unclear due to poor call center notes.,2070.15,2026-02-16 00:00:00,2026-02-19 00:00:00,2026-03-06 00:00:00,RESOLVED,LOW,Account Takeover,Branch,3.0,True,False,False,19785.9,Hotel / Lodging,SUCCESS,False
CBK0001260,TXN00011332,USR93701,MCH3846,Merchant service was not delivered after payment.,529.68,2026-02-19 00:00:00,2026-02-27 00:00:00,2026-02-28 00:00:00,RESOLVED,MEDIUM,Service Not Delivered,Call Center,8.0,True,False,True,3515.72,,SUCCESS,False
CBK0001533,TXN00007635,USR56755,MCH7066,customer complaint text unclear due to poor call center notes.,1325.25,2026-02-13 03:52:00,2026-02-14 00:00:00,2026-03-06 05:52:00,REJECTED,HIGH,Account Takeover,App,0.0,True,False,False,16687.11,Department Store,SUCCESS,False
CBK0002418,TXN00011396,USR35122,MCH4181,User reports money deducted but merchant denies receiving payment.,205.54,2026-02-22 00:00:00,2026-03-04 15:55:09,2026-03-22 00:00:00,OPEN,HIGH,Service Not Delivered,Chatbot,10.0,True,False,False,6354.56,Medical / Pharmacy,SUCCESS,False
CBK0000326,TXN00017327,USR84200,MCH2753,Customer says transaction was not authorized.,1722.43,2026-02-01 22:35:22,2026-02-02 00:00:00,2026-02-10 07:35:22,OPEN,LOW,Customer Dispute,Call Center,0.0,True,False,True,13752.53,,SUCCESS,False
CBK0001403,TXN00012661,USR30500,MCH6979,Payment made to unknown merchant as per customer statement.,4457.64,2026-03-08 00:00:00,2026-03-14 00:00:00,2026-03-30 00:00:00,RESOLVED,MEDIUM,Unauthorized Transaction,IVR,6.0,True,False,True,6663.0,Grocery,SUCCESS,False
CBK0001811,TXN00007437,USR22170,MCH2381,Payment made to unknown merchant as per customer statement.,751.0,2026-02-14 00:00:00,2026-02-20 07:41:16,2026-03-02 00:00:00,PENDING_BANK,MEDIUM,Account Takeover,Chatbot,6.0,True,True,False,5275.56,Medical / Pharmacy,SUCCESS,False
CBK0001512,TXN00019027,USR98733,MCH1775,Customer says amount was debited twice.,800.24,2026-02-16 08:24:00,2026-02-17 00:00:00,,REJECTED,MEDIUM,Duplicate Debit,Email,0.0,True,True,True,5125.24,Hotel / Lodging,SUCCESS,False
CBK0001567,TXN00010292,USR40745,MCH3673,User claims account was compromised before transaction.,982.39,2026-01-19 08:28:00,,2026-02-19 00:00:00,PENDING_BANK,MEDIUM,Customer Dispute,Email,,True,False,False,190.43,Hotel / Lodging,SUCCESS,False
CBK0000695,TXN00012216,USR72760,MCH7773,Complaint received after multiple failed attempts.,972.52,2026-03-13 00:00:00,2026-03-15 00:00:00,,IN_PROGRESS,LOW,Suspected Fraud,Chatbot,2.0,True,False,True,11077.33,Grocery,FAILED,False
CBK0000215,TXN00001291,USR52378,MCH9991,user claims account was compromised before transaction.,1404.87,2026-01-29 00:00:00,2026-01-31 00:00:00,2026-02-13 00:00:00,PENDING_BANK,HIGH,Service Not Delivered,Branch,2.0,True,False,False,9929.11,,PENDING,False
CBK0000811,TXN00015831,USR22432,MCH2078,customer complaint text unclear due to poor call center notes.,3377.0,2026-02-15 00:00:00,2026-02-16 00:00:00,,CLOSED,HIGH,Suspected Fraud,Email,1.0,True,False,True,18271.75,Medical / Pharmacy,SUCCESS,False
CBK0002795,TXN00013236,USR87506,MCH5811,Customer says transaction was not authorized.,6523.57,2026-01-12 00:00:00,2026-01-14 07:15:20,2026-01-29 00:00:00,IN_PROGRESS,LOW,Service Not Delivered,Chatbot,2.0,True,True,False,23313.07,Grocery,SUCCESS,False
CBK0001849,TXN00051763,USR23350,MCH2303,payment made to unknown merchant as per customer statement.,830.25,2026-01-23 00:00:00,,,OPEN,LOW,Wrong Amount,Email,,False,False,False,,,,False
CBK0000655,TXN00002874,USR22639,MCH4186,Customer says amount was debited twice.,634.21,2026-01-12 15:25:38,2026-01-14 00:00:00,,REJECTED,LOW,Wrong Amount,Chatbot,1.0,True,True,False,10492.0,Department Store,SUCCESS,False
CBK0001377,TXN00016673,USR91623,MCH6411,Customer says amount was debited twice.,1675.84,2026-01-01 10:17:00,2026-01-05 00:00:00,,REJECTED,LOW,Service Not Delivered,Chatbot,3.0,True,True,False,24978.75,Medical / Pharmacy,SUCCESS,False
CBK0002655,TXN00002868,USR13587,MCH8080,User claims account was compromised before txn.,860.7,2026-02-20 23:55:00,2026-03-03 00:00:00,2026-03-13 00:55:24,PENDING_BANK,HIGH,Service Not Delivered,IVR,10.0,True,True,True,18972.0,Apparel,SUCCESS,False
CBK0001596,TXN00002674,USR97070,MCH2065,Merchant service was not delivered after payment.,1722.0,,2026-01-17 00:00:00,2026-01-25 00:00:00,CLOSED,MEDIUM,Suspected Fraud,Call Center,,True,False,False,4988.39,Transportation,SUCCESS,False
CBK0001012,TXN00084920,USR51185,MCH2543,User reports money deducted but merchant denies receiving payment.,,2026-03-23 00:00:00,2026-03-26 20:35:00,2026-04-19 20:35:21,IN_PROGRESS,MEDIUM,Customer Dispute,Email,3.0,False,False,False,,,,True
CBK0002409,TXN00004555,USR24591,MCH7745,Customer says amount was debited twice.,889.98,2026-02-09 00:00:00,2026-02-15 00:12:00,2026-02-21 00:00:00,IN_PROGRESS,HIGH,Service Not Delivered,Chatbot,6.0,True,True,False,11468.38,Grocery,SUCCESS,False
CBK0000067,TXN00003314,USR37105,MCH6003,Suspicious high-value payment disputed by cust.,1814.0,2026-01-15 00:00:00,2026-01-20 00:00:00,2026-02-10 21:13:32,IN_PROGRESS,LOW,Customer Dispute,Branch,5.0,True,False,False,219.01,Transportation,SUCCESS,False
CBK0001637,TXN00014399,USR56117,MCH2434,User reports money deducted but merchant denies receiving payment. urgent,748.53,2026-02-15 14:45:18,2026-02-21 00:00:00,2026-03-05 00:45:18,PENDING_BANK,HIGH,Service Not Delivered,IVR,5.0,True,True,False,19337.07,Book Store,SUCCESS,False
CBK0002638,TXN00016536,USR21162,MCH8425,Customer says amount was debited twice.,406.58,2026-03-06 13:39:44,2026-03-06 00:00:00,2026-04-01 00:00:00,PENDING_BANK,CRITICAL,Wrong Amount,Email,,True,False,True,16542.8,Grocery,SUCCESS,False
CBK0001996,TXN00019262,USR61461,MCH1598,User says UPI PIN was not entered by them.,385.0,2026-01-04 00:00:00,,2026-01-25 00:00:00,OPEN,LOW,Account Takeover,Chatbot,,True,False,False,24924.7,,FAILED,False
CBK0001667,TXN00003837,USR73010,MCH2586,User reports money deducted but merchant denies receiving payment.,723.24,2026-01-04 00:00:00,2026-01-12 03:14:58,,OPEN,HIGH,Service Not Delivered,Call Center,8.0,True,False,False,23314.55,Medical / Pharmacy,SUCCESS,False
CBK0000592,TXN00018501,USR90616,MCH7951,customer complaint text unclear due to poor call center notes.,1061.55,2026-02-23 20:45:37,2026-03-06 07:45:00,2026-03-27 00:00:00,OPEN,LOW,Duplicate Debit,Call Center,10.0,True,False,True,17032.62,Misc Retail,SUCCESS,False
CBK0001425,TXN00007508,USR88956,MCH6166,complaint received after multiple failed attempts.,696.41,2026-01-21 00:00:00,2026-01-22 20:15:00,2026-02-12 00:00:00,PENDING_BANK,LOW,Suspected Fraud,Chatbot,1.0,True,True,False,8180.28,Hotel / Lodging,SUCCESS,False
CBK0000741,TXN00015495,USR41660,MCH6753,complaint received after multiple failed attempts.,448.1,,2026-04-08 09:57:07,2026-04-09 09:57:07,OPEN,MEDIUM,Wrong Amount,Email,,True,True,False,9757.06,Transportation,SUCCESS,False
CBK0000933,TXN00010810,USR57890,MCH9602,User says UPI PIN was not entered by them.,836.2,2026-03-15 16:04:00,2026-03-16 20:04:58,2026-04-01 00:00:00,CLOSED,MEDIUM,Account Takeover,IVR,1.0,True,False,False,14902.21,Medical / Pharmacy,SUCCESS,False
CBK0000109,TXN00003546,USR15596,MCH1434,User claims account was compromised before transaction.,3229.57,2026-03-01 00:00:00,2026-03-03 00:00:00,2026-03-26 00:00:00,CLOSED,MEDIUM,Duplicate Debit,Call Center,2.0,True,False,True,3881.58,Medical / Pharmacy,SUCCESS,False
CBK0002562,TXN00001105,USR90598,MCH5860,Payment made to unknown merchant as per customer statement. call dropped,310.15,2026-01-13 00:00:00,2026-01-23 00:00:00,2026-02-10 22:59:43,OPEN,LOW,Unauthorized Transaction,IVR,10.0,True,False,False,24872.75,Restaurant,SUCCESS,False
CBK0000689,TXN00017204,USR95707,MCH3736,Merchant service was not delivered after payment.,9543.47,2026-01-16 00:00:00,2026-01-18 00:00:00,2026-01-22 10:09:56,RESOLVED,MEDIUM,Account Takeover,App,2.0,True,False,True,9543.47,Medical / Pharmacy,SUCCESS,True
CBK0002398,TXN00004386,USR59393,MCH4310,User says UPI PIN was not entered by them.,2691.36,2026-02-02 00:00:00,2026-02-04 09:35:06,2026-02-14 00:00:00,IN_PROGRESS,MEDIUM,Service Not Delivered,IVR,2.0,True,False,False,13951.26,Misc Retail,SUCCESS,False
CBK0001700,TXN00016401,USR72166,MCH6133,Merchant service was not delivered after payment.,5981.0,2026-01-01 00:00:00,2026-01-02 00:00:00,2026-01-06 00:00:00,CLOSED,HIGH,Wrong Amount,IVR,1.0,True,False,False,14552.61,Grocery,SUCCESS,False
CBK0002146,TXN00004284,USR94012,MCH8613,User claims account was compromised before transaction.,3737.05,2026-01-17 00:00:00,2026-01-23 13:44:23,2026-02-14 00:00:00,REJECTED,MEDIUM,Duplicate Debit,Branch,6.0,True,False,True,1473.55,Grocery,SUCCESS,False
CBK0001671,TXN00001758,USR86472,MCH7728,User claims account was compromised before transaction.,1416.0,2026-02-19 00:00:00,2026-02-22 04:14:22,,OPEN,LOW,Service Not Delivered,Chatbot,3.0,True,True,True,12201.47,Restaurant,SUCCESS,False
CBK0000331,TXN00016055,USR61715,MCH2991,Payment made to unknown merchant as per customer statement.,509.0,,2026-01-17 00:00:00,2026-02-06 14:40:17,CLOSED,HIGH,Suspected Fraud,Call Center,,True,False,False,21027.28,Apparel,SUCCESS,False
CBK0002794,TXN00018116,USR71316,MCH6194,Suspicious high-value payment disputed by customer.,1239.17,,2026-02-05 00:00:00,2026-02-07 22:14:43,PENDING_BANK,LOW,Duplicate Debit,IVR,,True,True,False,2393.39,Book Store,SUCCESS,False
CBK0000828,TXN00007187,USR27947,MCH4473,Merchant service was not delivered after payment.,361.6,2026-03-07 00:00:00,,,RESOLVED,MEDIUM,Wrong Amount,Email,,True,True,False,14818.28,Restaurant,SUCCESS,False
CBK0000321,TXN00011096,USR32450,MCH5659,merchant service was not delivered after payment.,825.0,2026-02-21 13:51:00,2026-02-25 03:51:21,2026-03-20 00:00:00,REJECTED,MEDIUM,Customer Dispute,IVR,3.0,True,True,False,7869.79,Hotel / Lodging,SUCCESS,False
CBK0002789,TXN00000255,USR59679,MCH6985,User says UPI PIN was not entered by them.,2178.8,2026-01-06 00:00:00,2026-01-16 00:00:00,2026-01-27 15:04:00,IN_PROGRESS,MEDIUM,Duplicate Debit,Chatbot,10.0,True,False,True,4245.62,Grocery,SUCCESS,False
CBK0000975,TXN00019717,USR22234,MCH4473,Payment made to unknown merchant as per customer statement.,1122.85,2026-02-18 00:00:00,2026-02-20 19:33:19,2026-03-06 00:00:00,RESOLVED,LOW,Customer Dispute,IVR,2.0,True,False,False,617.0,Department Store,PENDING,False
CBK0000044,TXN00004903,USR49770,MCH4578,Merchant service was not delivered after payment.,639.26,2026-02-26 00:00:00,2026-02-23 08:37:00,,PENDING_BANK,MEDIUM,Service Not Delivered,Chatbot,,True,False,True,3089.95,Restaurant,SUCCESS,False
CBK0002329,TXN00005401,USR58914,MCH9277,SUSPICIOUS HIGH-VALUE PAYMENT DISPUTED BY CUSTOMER.,14197.19,2026-02-01 11:50:12,2026-02-05 08:50:12,2026-03-07 08:50:12,PENDING_BANK,LOW,Service Not Delivered,Chatbot,3.0,True,True,True,6107.44,Restaurant,SUCCESS,False
CBK0001844,TXN00005723,USR27285,MCH8154,Merchant service was not delivered after payment.,4655.0,2026-02-06 09:43:00,2026-02-08 00:00:00,2026-02-15 00:00:00,RESOLVED,LOW,Wrong Amount,Email,1.0,True,False,True,19891.5,Book Store,SUCCESS,False
CBK0000465,TXN00003105,USR50434,MCH1786,User reports money deducted but merchant denies receiving payment.,775.96,2026-03-13 00:00:00,,2026-04-18 00:00:00,IN_PROGRESS,MEDIUM,Wrong Amount,Call Center,,True,True,True,6475.2,Restaurant,SUCCESS,False
CBK0002289,TXN00009795,USR13941,MCH2131,User claims account was compromised before transaction.,4846.0,2026-03-20 09:34:19,2026-03-21 00:00:00,2026-04-11 00:00:00,PENDING_BANK,MEDIUM,Service Not Delivered,IVR,0.0,True,False,True,12855.63,,FAILED,False
CBK0000918,,USR24555,MCH7951,complaint received after multiple failed attempts.,1207.12,2026-01-04 12:35:38,2026-01-15 08:35:00,,IN_PROGRESS,HIGH,Duplicate Debit,IVR,10.0,False,True,True,,,,False
CBK0002229,TXN00017286,USR53259,MCH9564,User says UPI PIN was not entered by them. urgent,497.0,2026-01-27 00:00:00,2026-01-30 00:00:00,,REJECTED,MEDIUM,Suspected Fraud,Email,3.0,True,True,False,12552.44,Hotel / Lodging,PENDING,False
CBK0000350,TXN00005138,USR67243,MCH3024,Payment made to unknown merchant as per customer statement.,1449.14,2026-03-28 00:00:00,2026-04-03 00:00:00,2026-04-28 00:00:00,OPEN,MEDIUM,Duplicate Debit,Branch,6.0,True,False,True,2002.08,Restaurant,PENDING,False
CBK0000276,TXN00000311,USR38155,MCH3734,Customer says transaction was not authorized.,2784.85,2026-01-30 00:00:00,2026-02-04 00:00:00,2026-02-20 00:00:00,REJECTED,HIGH,Duplicate Debit,Email,5.0,True,False,False,10979.9,,SUCCESS,False
